10-08-2026 21:26:24 RAM 2630/7620MB (lfb 140x4MB) SWAP 599/5858MB (cached 0MB) CPU [27%@1510,36%@1510,57%@1510,13%@1510,14%@729,14%@729] GR3D_FREQ 0% cpu@52.343C soc2@51C soc0@49.375C gpu@51.687C tj@52.343C soc1@51.156C VDD_IN 5912mW/5912mW VDD_CPU_GPU_CV 1267mW/1267mW VDD_SOC 1547mW/1547mW
10-08-2026 21:26:25 RAM 2702/7620MB (lfb 140x4MB) SWAP 599/5858MB (cached 0MB) CPU [4%@1510,1%@1510,91%@1510,0%@1510,0%@729,1%@729] GR3D_FREQ 0% cpu@52.281C soc2@50.968C soc0@49.406C gpu@51.75C tj@52.281C soc1@51.218C VDD_IN 5832mW/5872mW VDD_CPU_GPU_CV 1188mW/1228mW VDD_SOC 1547mW/1547mW
10-08-2026 21:26:26 RAM 2726/7620MB (lfb 140x4MB) SWAP 599/5858MB (cached 0MB) CPU [1%@1510,1%@1510,97%@1510,0%@1510,0%@729,1%@729] GR3D_FREQ 0% cpu@52.437C soc2@51C soc0@49.281C gpu@51.75C tj@52.437C soc1@50.875C VDD_IN 5832mW/5859mW VDD_CPU_GPU_CV 1188mW/1214mW VDD_SOC 1545mW/1546mW
10-08-2026 21:26:27 RAM 2751/7620MB (lfb 140x4MB) SWAP 599/5858MB (cached 0MB) CPU [4%@1510,0%@1510,94%@1510,2%@1510,1%@729,1%@729] GR3D_FREQ 0% cpu@52.562C soc2@51C soc0@49.218C gpu@51.625C tj@52.562C soc1@51.062C VDD_IN 5832mW/5852mW VDD_CPU_GPU_CV 1228mW/1218mW VDD_SOC 1545mW/1546mW
10-08-2026 21:26:28 RAM 2769/7620MB (lfb 140x4MB) SWAP 596/5858MB (cached 0MB) CPU [6%@1510,4%@1510,16%@1510,60%@1510,0%@729,1%@729] GR3D_FREQ 0% cpu@52.531C soc2@50.937C soc0@49.25C gpu@51.531C tj@52.531C soc1@51.031C VDD_IN 5753mW/5832mW VDD_CPU_GPU_CV 1109mW/1196mW VDD_SOC 1547mW/1546mW
10-08-2026 21:26:29 RAM 2804/7620MB (lfb 140x4MB) SWAP 594/5858MB (cached 0MB) CPU [5%@1510,92%@1510,1%@1510,0%@1510,0%@729,1%@729] GR3D_FREQ 0% cpu@52.375C soc2@50.937C soc0@49.281C gpu@51.562C tj@52.375C soc1@50.968C VDD_IN 5832mW/5832mW VDD_CPU_GPU_CV 1148mW/1188mW VDD_SOC 1545mW/1546mW
10-08-2026 21:26:30 RAM 2826/7620MB (lfb 140x4MB) SWAP 594/5858MB (cached 0MB) CPU [2%@1510,97%@1510,0%@1510,0%@1510,1%@729,1%@729] GR3D_FREQ 0% cpu@52.468C soc2@51.031C soc0@49.312C gpu@51.562C tj@52.468C soc1@51.156C VDD_IN 5832mW/5832mW VDD_CPU_GPU_CV 1228mW/1194mW VDD_SOC 1545mW/1546mW
10-08-2026 21:26:31 RAM 2844/7620MB (lfb 140x4MB) SWAP 594/5858MB (cached 0MB) CPU [3%@1510,90%@1510,0%@1510,0%@1510,0%@729,1%@729] GR3D_FREQ 0% cpu@52.468C soc2@50.968C soc0@49.218C gpu@51.531C tj@52.468C soc1@51.031C VDD_IN 5832mW/5832mW VDD_CPU_GPU_CV 1148mW/1188mW VDD_SOC 1545mW/1546mW
10-08-2026 21:26:32 RAM 2889/7620MB (lfb 140x4MB) SWAP 594/5858MB (cached 0MB) CPU [4%@1510,90%@1510,0%@1510,0%@1510,3%@729,1%@729] GR3D_FREQ 0% cpu@52.875C soc2@50.968C soc0@49.25C gpu@51.75C tj@52.875C soc1@51C VDD_IN 5872mW/5837mW VDD_CPU_GPU_CV 1228mW/1192mW VDD_SOC 1545mW/1546mW
10-08-2026 21:26:33 RAM 2901/7620MB (lfb 140x4MB) SWAP 594/5858MB (cached 0MB) CPU [2%@1510,96%@1510,1%@1510,0%@1510,0%@729,1%@729] GR3D_FREQ 16% cpu@52.718C soc2@50.937C soc0@49.218C gpu@51.718C tj@52.5C soc1@50.968C VDD_IN 5872mW/5840mW VDD_CPU_GPU_CV 1188mW/1192mW VDD_SOC 1545mW/1546mW
10-08-2026 21:26:34 RAM 3011/7620MB (lfb 135x4MB) SWAP 594/5858MB (cached 0MB) CPU [8%@1510,30%@1510,22%@1510,8%@1510,2%@960,2%@960] GR3D_FREQ 0% cpu@52.25C soc2@50.812C soc0@49.218C gpu@51.687C tj@52.25C soc1@51.062C VDD_IN 5692mW/5827mW VDD_CPU_GPU_CV 1033mW/1178mW VDD_SOC 1550mW/1546mW
10-08-2026 21:26:35 RAM 3028/7620MB (lfb 135x4MB) SWAP 594/5858MB (cached 0MB) CPU [62%@1510,62%@1510,60%@1510,63%@1510,65%@729,70%@729] GR3D_FREQ 0% cpu@52.437C soc2@51.062C soc0@49.343C gpu@51.562C tj@52.781C soc1@50.875C VDD_IN 6904mW/5916mW VDD_CPU_GPU_CV 2020mW/1248mW VDD_SOC 1624mW/1553mW
10-08-2026 21:26:36 RAM 3059/7620MB (lfb 134x4MB) SWAP 594/5858MB (cached 0MB) CPU [33%@1510,37%@1510,43%@1510,27%@1510,40%@883,28%@883] GR3D_FREQ 35% cpu@52.656C soc2@51C soc0@49.187C gpu@51.562C tj@52.656C soc1@50.875C VDD_IN 6309mW/5947mW VDD_CPU_GPU_CV 1545mW/1271mW VDD_SOC 1584mW/1555mW
10-08-2026 21:26:37 RAM 3049/7620MB (lfb 138x4MB) SWAP 594/5858MB (cached 0MB) CPU [40%@729,39%@729,38%@729,40%@729,41%@1510,77%@1510] GR3D_FREQ 0% cpu@52.781C soc2@50.875C soc0@49.218C gpu@51.656C tj@52.781C soc1@51C VDD_IN 6388mW/5978mW VDD_CPU_GPU_CV 1465mW/1285mW VDD_SOC 1663mW/1563mW
10-08-2026 21:26:38 RAM 4034/7620MB (lfb 51x4MB) SWAP 592/5858MB (cached 0MB) CPU [17%@1510,6%@1510,13%@1510,33%@1510,6%@729,50%@729] GR3D_FREQ 0% cpu@52.406C soc2@50.906C soc0@49.312C gpu@51.718C tj@52.406C soc1@51.093C VDD_IN 6309mW/6000mW VDD_CPU_GPU_CV 1228mW/1281mW VDD_SOC 1706mW/1572mW
10-08-2026 21:26:39 RAM 4427/7620MB (lfb 3x2MB) SWAP 592/5858MB (cached 0MB) CPU [17%@1510,8%@1510,6%@1510,93%@1510,10%@729,19%@729] GR3D_FREQ 0% cpu@52.406C soc2@50.812C soc0@49.343C gpu@51.843C tj@52.406C soc1@50.843C VDD_IN 6150mW/6010mW VDD_CPU_GPU_CV 1386mW/1287mW VDD_SOC 1584mW/1573mW
10-08-2026 21:26:40 RAM 4511/7620MB (lfb 84x1MB) SWAP 592/5858MB (cached 0MB) CPU [9%@1510,10%@1510,7%@1510,100%@1510,5%@729,5%@729] GR3D_FREQ 0% cpu@52.468C soc2@50.968C soc0@49.156C gpu@51.812C tj@52.468C soc1@50.843C VDD_IN 5912mW/6004mW VDD_CPU_GPU_CV 1267mW/1286mW VDD_SOC 1545mW/1571mW
10-08-2026 21:26:41 RAM 4511/7620MB (lfb 84x1MB) SWAP 592/5858MB (cached 0MB) CPU [10%@1510,9%@1510,8%@1510,100%@1510,3%@729,7%@729] GR3D_FREQ 0% cpu@52.218C soc2@50.937C soc0@49.187C gpu@51.875C tj@52.218C soc1@50.937C VDD_IN 5832mW/5994mW VDD_CPU_GPU_CV 1228mW/1283mW VDD_SOC 1545mW/1570mW
10-08-2026 21:26:42 RAM 4511/7620MB (lfb 84x1MB) SWAP 592/5858MB (cached 0MB) CPU [9%@1510,6%@1510,5%@1510,100%@1510,9%@729,10%@729] GR3D_FREQ 0% cpu@52.437C soc2@50.75C soc0@49.218C gpu@51.843C tj@52.437C soc1@50.968C VDD_IN 5832mW/5986mW VDD_CPU_GPU_CV 1228mW/1280mW VDD_SOC 1545mW/1569mW
10-08-2026 21:26:43 RAM 4512/7620MB (lfb 84x1MB) SWAP 592/5858MB (cached 0MB) CPU [8%@1510,6%@1510,5%@1510,100%@1510,11%@729,9%@729] GR3D_FREQ 39% cpu@52.218C soc2@50.75C soc0@49.25C gpu@51.812C tj@52.218C soc1@51.062C VDD_IN 5832mW/5978mW VDD_CPU_GPU_CV 1228mW/1277mW VDD_SOC 1545mW/1567mW
10-08-2026 21:26:44 RAM 4422/7620MB (lfb 59x1MB) SWAP 592/5858MB (cached 0MB) CPU [10%@1510,10%@1510,9%@1510,99%@1510,4%@729,17%@729] GR3D_FREQ 39% cpu@52.281C soc2@50.843C soc0@49.312C gpu@51.562C tj@52.281C soc1@50.812C VDD_IN 5952mW/5977mW VDD_CPU_GPU_CV 1346mW/1281mW VDD_SOC 1545mW/1566mW
10-08-2026 21:26:45 RAM 4555/7620MB (lfb 49x1MB) SWAP 592/5858MB (cached 0MB) CPU [11%@1510,6%@1510,9%@1510,100%@1510,6%@729,8%@729] GR3D_FREQ 34% cpu@52.375C soc2@50.843C soc0@49.156C gpu@51.625C tj@52.375C soc1@50.75C VDD_IN 5991mW/5977mW VDD_CPU_GPU_CV 1346mW/1284mW VDD_SOC 1545mW/1565mW
10-08-2026 21:26:46 RAM 4735/7620MB (lfb 49x1MB) SWAP 592/5858MB (cached 0MB) CPU [8%@1510,8%@1510,7%@1510,99%@1510,2%@729,4%@729] GR3D_FREQ 4% cpu@52.125C soc2@50.875C soc0@49.187C gpu@51.593C tj@52.125C soc1@50.937C VDD_IN 5952mW/5976mW VDD_CPU_GPU_CV 1307mW/1285mW VDD_SOC 1545mW/1564mW
10-08-2026 21:26:47 RAM 4808/7620MB (lfb 41x1MB) SWAP 592/5858MB (cached 0MB) CPU [8%@1510,7%@1510,7%@1510,100%@1510,10%@729,10%@729] GR3D_FREQ 9% cpu@52.468C soc2@50.843C soc0@49.218C gpu@51.562C tj@52.468C soc1@50.937C VDD_IN 5991mW/5977mW VDD_CPU_GPU_CV 1307mW/1286mW VDD_SOC 1545mW/1564mW
10-08-2026 21:26:48 RAM 4905/7620MB (lfb 56x1MB) SWAP 592/5858MB (cached 0MB) CPU [7%@1510,8%@1510,6%@1510,98%@1510,14%@729,9%@729] GR3D_FREQ 0% cpu@52.25C soc2@50.75C soc0@49.218C gpu@51.593C tj@52.25C soc1@51.031C VDD_IN 5991mW/5978mW VDD_CPU_GPU_CV 1346mW/1288mW VDD_SOC 1545mW/1563mW
10-08-2026 21:26:49 RAM 5013/7620MB (lfb 61x1MB) SWAP 592/5858MB (cached 0MB) CPU [8%@729,9%@729,8%@729,94%@729,16%@1510,5%@1510] GR3D_FREQ 0% cpu@52.437C soc2@50.843C soc0@49.218C gpu@51.562C tj@52.437C soc1@50.75C VDD_IN 5991mW/5978mW VDD_CPU_GPU_CV 1346mW/1290mW VDD_SOC 1545mW/1562mW
10-08-2026 21:26:50 RAM 5117/7620MB (lfb 73x1MB) SWAP 592/5858MB (cached 0MB) CPU [11%@729,5%@729,10%@729,8%@729,99%@1510,7%@1510] GR3D_FREQ 0% cpu@52.468C soc2@50.906C soc0@49.062C gpu@51.437C tj@52.468C soc1@50.875C VDD_IN 5991mW/5979mW VDD_CPU_GPU_CV 1346mW/1292mW VDD_SOC 1545mW/1562mW
10-08-2026 21:26:51 RAM 3744/7620MB (lfb 56x4MB) SWAP 592/5858MB (cached 0MB) CPU [29%@729,27%@729,25%@729,24%@729,29%@1510,77%@1510] GR3D_FREQ 22% cpu@52.343C soc2@50.812C soc0@49.093C gpu@51.5C tj@52.343C soc1@50.968C VDD_IN 6547mW/5999mW VDD_CPU_GPU_CV 1346mW/1294mW VDD_SOC 1743mW/1568mW
10-08-2026 21:26:52 RAM 4131/7620MB (lfb 58x4MB) SWAP 592/5858MB (cached 0MB) CPU [19%@1497,24%@1497,31%@1497,24%@1497,29%@960,65%@960] GR3D_FREQ 28% cpu@52.625C soc2@51.031C soc0@49.281C gpu@51.593C tj@52.625C soc1@51.156C VDD_IN 6864mW/6029mW VDD_CPU_GPU_CV 1743mW/1310mW VDD_SOC 1703mW/1573mW
10-08-2026 21:26:53 RAM 4145/7620MB (lfb 58x4MB) SWAP 592/5858MB (cached 0MB) CPU [41%@1036,47%@1036,36%@1036,52%@1036,40%@1267,49%@1267] GR3D_FREQ 31% cpu@52.593C soc2@50.937C soc0@49.25C gpu@51.656C tj@52.593C soc1@50.812C VDD_IN 6467mW/6043mW VDD_CPU_GPU_CV 1505mW/1316mW VDD_SOC 1663mW/1576mW
10-08-2026 21:26:54 RAM 4155/7620MB (lfb 58x4MB) SWAP 592/5858MB (cached 0MB) CPU [40%@1510,46%@1510,32%@1510,39%@1510,29%@1497,58%@1497] GR3D_FREQ 22% cpu@52.843C soc2@50.937C soc0@49.187C gpu@51.687C tj@52.843C soc1@50.843C VDD_IN 6547mW/6060mW VDD_CPU_GPU_CV 1584mW/1325mW VDD_SOC 1663mW/1579mW
10-08-2026 21:26:55 RAM 4269/7620MB (lfb 54x4MB) SWAP 592/5858MB (cached 0MB) CPU [65%@1510,69%@1510,60%@1510,66%@1510,71%@1036,71%@1036] GR3D_FREQ 9% cpu@53.343C soc2@51.218C soc0@49.312C gpu@51.875C tj@53.156C soc1@51C VDD_IN 8253mW/6128mW VDD_CPU_GPU_CV 2891mW/1374mW VDD_SOC 1785mW/1585mW
10-08-2026 21:26:56 RAM 4319/7620MB (lfb 43x4MB) SWAP 592/5858MB (cached 0MB) CPU [52%@1510,61%@1510,69%@1510,64%@1510,59%@1510,58%@1510] GR3D_FREQ 0% cpu@53.093C soc2@51.218C soc0@49.406C gpu@51.781C tj@53.093C soc1@51.187C VDD_IN 7896mW/6182mW VDD_CPU_GPU_CV 2610mW/1411mW VDD_SOC 1745mW/1590mW
10-08-2026 21:26:57 RAM 4768/7620MB (lfb 9x4MB) SWAP 592/5858MB (cached 0MB) CPU [69%@1510,64%@1510,54%@1510,51%@1510,71%@1510,66%@1510] GR3D_FREQ 50% cpu@53.531C soc2@51.625C soc0@49.625C gpu@51.937C tj@53.531C soc1@51.343C VDD_IN 9483mW/6279mW VDD_CPU_GPU_CV 3559mW/1474mW VDD_SOC 1980mW/1601mW
10-08-2026 21:26:58 RAM 4887/7620MB (lfb 7x4MB) SWAP 592/5858MB (cached 0MB) CPU [63%@1510,74%@1510,80%@1510,84%@1510,86%@1510,83%@1510] GR3D_FREQ 44% cpu@53.687C soc2@51.687C soc0@49.593C gpu@52.156C tj@53.687C soc1@51.25C VDD_IN 9904mW/6382mW VDD_CPU_GPU_CV 3869mW/1543mW VDD_SOC 2060mW/1614mW
10-08-2026 21:26:59 RAM 5001/7620MB (lfb 7x4MB) SWAP 592/5858MB (cached 0MB) CPU [43%@1510,68%@1510,59%@1510,62%@1510,68%@1510,64%@1510] GR3D_FREQ 51% cpu@53.593C soc2@51.75C soc0@49.718C gpu@52.406C tj@53.593C soc1@51.406C VDD_IN 9285mW/6463mW VDD_CPU_GPU_CV 3361mW/1593mW VDD_SOC 1980mW/1625mW
10-08-2026 21:27:00 RAM 5084/7620MB (lfb 87x1MB) SWAP 591/5858MB (cached 0MB) CPU [89%@1510,82%@1510,84%@1510,87%@1510,83%@1510,81%@1510] GR3D_FREQ 44% cpu@53.906C soc2@51.968C soc0@49.843C gpu@52.5C tj@53.906C soc1@51.625C VDD_IN 10260mW/6566mW VDD_CPU_GPU_CV 4106mW/1661mW VDD_SOC 2060mW/1636mW
10-08-2026 21:27:01 RAM 5145/7620MB (lfb 51x1MB) SWAP 591/5858MB (cached 0MB) CPU [49%@1510,41%@1510,42%@1510,49%@1510,78%@1510,47%@1510] GR3D_FREQ 82% cpu@53.562C soc2@51.75C soc0@49.812C gpu@52.187C tj@53.375C soc1@51.437C VDD_IN 7856mW/6600mW VDD_CPU_GPU_CV 2373mW/1680mW VDD_SOC 1822mW/1641mW
10-08-2026 21:27:02 RAM 5252/7620MB (lfb 29x1MB) SWAP 591/5858MB (cached 0MB) CPU [72%@1510,75%@1510,66%@1510,70%@1510,72%@1510,76%@1510] GR3D_FREQ 58% cpu@54.156C soc2@52.062C soc0@49.843C gpu@52.5C tj@54.156C soc1@51.593C VDD_IN 9785mW/6681mW VDD_CPU_GPU_CV 3751mW/1733mW VDD_SOC 2060mW/1652mW
10-08-2026 21:27:03 RAM 5314/7620MB (lfb 27x1MB) SWAP 591/5858MB (cached 0MB) CPU [89%@1510,75%@1510,84%@1510,76%@1510,82%@1510,72%@1510] GR3D_FREQ 64% cpu@54.031C soc2@52.406C soc0@50C gpu@52.687C tj@54.031C soc1@51.625C VDD_IN 9999mW/6764mW VDD_CPU_GPU_CV 3909mW/1787mW VDD_SOC 2060mW/1662mW
10-08-2026 21:27:04 RAM 5441/7620MB (lfb 51x512kB) SWAP 591/5858MB (cached 0MB) CPU [57%@1510,61%@1510,39%@1510,56%@1510,61%@960,66%@960] GR3D_FREQ 50% cpu@53.656C soc2@52.093C soc0@50.218C gpu@52.5C tj@53.437C soc1@51.687C VDD_IN 9230mW/6824mW VDD_CPU_GPU_CV 3322mW/1825mW VDD_SOC 2020mW/1671mW
10-08-2026 21:27:05 RAM 5508/7620MB (lfb 21x512kB) SWAP 591/5858MB (cached 0MB) CPU [17%@1510,29%@1510,17%@1510,78%@1510,19%@729,17%@729] GR3D_FREQ 57% cpu@53.375C soc2@51.875C soc0@50.281C gpu@52.656C tj@53.375C soc1@51.625C VDD_IN 8174mW/6856mW VDD_CPU_GPU_CV 2491mW/1841mW VDD_SOC 1941mW/1677mW
10-08-2026 21:27:06 RAM 5509/7620MB (lfb 21x512kB) SWAP 591/5858MB (cached 0MB) CPU [14%@960,25%@960,35%@960,59%@960,25%@729,29%@729] GR3D_FREQ 50% cpu@53.406C soc2@51.843C soc0@50.156C gpu@52.5C tj@53.406C soc1@51.656C VDD_IN 7301mW/6867mW VDD_CPU_GPU_CV 1861mW/1841mW VDD_SOC 1861mW/1682mW
10-08-2026 21:27:07 RAM 5273/7620MB (lfb 1x2MB) SWAP 591/5858MB (cached 0MB) CPU [19%@1510,16%@1510,15%@1510,11%@1510,59%@1497,43%@1497] GR3D_FREQ 68% cpu@53.093C soc2@51.562C soc0@49.968C gpu@52.5C tj@53.093C soc1@51.656C VDD_IN 6864mW/6867mW VDD_CPU_GPU_CV 1663mW/1837mW VDD_SOC 1743mW/1683mW
10-08-2026 21:27:08 RAM 5342/7620MB (lfb 76x1MB) SWAP 591/5858MB (cached 0MB) CPU [13%@1510,4%@1510,12%@1510,19%@1510,16%@1497,68%@1497] GR3D_FREQ 42% cpu@53.031C soc2@51.562C soc0@50.125C gpu@52.218C tj@53.031C soc1@51.656C VDD_IN 6705mW/6863mW VDD_CPU_GPU_CV 1545mW/1831mW VDD_SOC 1743mW/1684mW
10-08-2026 21:27:09 RAM 5345/7620MB (lfb 76x1MB) SWAP 591/5858MB (cached 0MB) CPU [11%@729,3%@729,7%@729,8%@729,41%@1497,43%@1497] GR3D_FREQ 49% cpu@53.031C soc2@51.562C soc0@50.125C gpu@52.187C tj@53.031C soc1@51.437C VDD_IN 6705mW/6860mW VDD_CPU_GPU_CV 1545mW/1824mW VDD_SOC 1743mW/1686mW
10-08-2026 21:27:10 RAM 5345/7620MB (lfb 76x1MB) SWAP 591/5858MB (cached 0MB) CPU [15%@729,7%@729,8%@729,5%@1510,0%@1510,79%@1510] GR3D_FREQ 39% cpu@53.125C soc2@51.562C soc0@49.875C gpu@52.218C tj@53.125C soc1@51.562C VDD_IN 6745mW/6857mW VDD_CPU_GPU_CV 1545mW/1819mW VDD_SOC 1743mW/1687mW
10-08-2026 21:27:11 RAM 5345/7620MB (lfb 76x1MB) SWAP 591/5858MB (cached 0MB) CPU [13%@1510,5%@1510,11%@1510,6%@1510,1%@1510,81%@1510] GR3D_FREQ 36% cpu@53.375C soc2@51.531C soc0@49.937C gpu@52.437C tj@53.375C soc1@51.593C VDD_IN 6745mW/6855mW VDD_CPU_GPU_CV 1545mW/1813mW VDD_SOC 1745mW/1688mW
10-08-2026 21:27:12 RAM 5345/7620MB (lfb 76x1MB) SWAP 591/5858MB (cached 0MB) CPU [5%@729,5%@729,4%@729,10%@1510,7%@1510,77%@1510] GR3D_FREQ 33% cpu@53.125C soc2@51.625C soc0@49.968C gpu@52.437C tj@53.125C soc1@51.625C VDD_IN 6785mW/6853mW VDD_CPU_GPU_CV 1545mW/1807mW VDD_SOC 1745mW/1689mW
10-08-2026 21:27:13 RAM 5345/7620MB (lfb 76x1MB) SWAP 591/5858MB (cached 0MB) CPU [9%@729,3%@729,10%@729,7%@729,2%@1510,80%@1510] GR3D_FREQ 41% cpu@53C soc2@51.5C soc0@49.937C gpu@52.468C tj@53C soc1@51.531C VDD_IN 6785mW/6852mW VDD_CPU_GPU_CV 1584mW/1803mW VDD_SOC 1743mW/1690mW
10-08-2026 21:27:14 RAM 5338/7620MB (lfb 6x2MB) SWAP 591/5858MB (cached 0MB) CPU [19%@1510,9%@1510,16%@1510,18%@1510,11%@1510,67%@1510] GR3D_FREQ 33% cpu@53.593C soc2@51.687C soc0@49.812C gpu@52.187C tj@53.593C soc1@51.468C VDD_IN 6745mW/6850mW VDD_CPU_GPU_CV 1624mW/1799mW VDD_SOC 1706mW/1691mW
10-08-2026 21:27:15 RAM 5413/7620MB (lfb 3x2MB) SWAP 591/5858MB (cached 0MB) CPU [32%@729,43%@729,45%@729,41%@729,44%@960,34%@960] GR3D_FREQ 35% cpu@53C soc2@51.406C soc0@49.937C gpu@52.093C tj@53C soc1@51.562C VDD_IN 6428mW/6842mW VDD_CPU_GPU_CV 1505mW/1794mW VDD_SOC 1663mW/1690mW
10-08-2026 21:27:16 RAM 5424/7620MB (lfb 77x1MB) SWAP 591/5858MB (cached 0MB) CPU [61%@1420,41%@1420,44%@1420,29%@1420,26%@729,48%@729] GR3D_FREQ 39% cpu@53.156C soc2@51.593C soc0@49.906C gpu@52.093C tj@53.156C soc1@51.625C VDD_IN 6467mW/6835mW VDD_CPU_GPU_CV 1505mW/1788mW VDD_SOC 1663mW/1690mW
10-08-2026 21:27:17 RAM 5485/7620MB (lfb 80x1MB) SWAP 591/5858MB (cached 0MB) CPU [56%@1510,57%@1510,55%@1510,54%@1510,56%@1510,64%@1510] GR3D_FREQ 0% cpu@53.968C soc2@51.781C soc0@50.031C gpu@52.5C tj@53.968C soc1@51.5C VDD_IN 8134mW/6859mW VDD_CPU_GPU_CV 2773mW/1807mW VDD_SOC 1785mW/1691mW
10-08-2026 21:27:18 RAM 5584/7620MB (lfb 3x4MB) SWAP 591/5858MB (cached 0MB) CPU [64%@1510,68%@1510,69%@1510,64%@1510,68%@1036,72%@1036] GR3D_FREQ 42% cpu@53.656C soc2@51.906C soc0@50C gpu@52.406C tj@53.656C soc1@51.656C VDD_IN 8332mW/6886mW VDD_CPU_GPU_CV 2926mW/1827mW VDD_SOC 1825mW/1694mW
10-08-2026 21:27:19 RAM 5690/7620MB (lfb 1x4MB) SWAP 591/5858MB (cached 0MB) CPU [61%@1510,62%@1510,56%@1510,68%@1510,72%@1510,60%@1510] GR3D_FREQ 42% cpu@54.031C soc2@52.187C soc0@50.25C gpu@52.531C tj@54.031C soc1@51.781C VDD_IN 9523mW/6933mW VDD_CPU_GPU_CV 3559mW/1858mW VDD_SOC 2020mW/1700mW
10-08-2026 21:27:20 RAM 5803/7620MB (lfb 84x1MB) SWAP 591/5858MB (cached 0MB) CPU [68%@883,70%@883,68%@883,71%@883,73%@1344,88%@1344] GR3D_FREQ 42% cpu@53.906C soc2@52.281C soc0@50.343C gpu@53.062C tj@53.906C soc1@51.75C VDD_IN 9864mW/6984mW VDD_CPU_GPU_CV 3751mW/1891mW VDD_SOC 2060mW/1706mW
10-08-2026 21:27:21 RAM 5893/7620MB (lfb 84x1MB) SWAP 591/5858MB (cached 0MB) CPU [65%@1510,52%@1510,56%@1510,65%@1510,68%@1510,68%@1510] GR3D_FREQ 53% cpu@54.187C soc2@52.25C soc0@50.375C gpu@53.093C tj@54.187C soc1@51.875C VDD_IN 9562mW/7029mW VDD_CPU_GPU_CV 3520mW/1919mW VDD_SOC 2020mW/1711mW
10-08-2026 21:27:22 RAM 6010/7620MB (lfb 41x1MB) SWAP 591/5858MB (cached 0MB) CPU [34%@1497,36%@1497,71%@1497,50%@1497,38%@1036,40%@1036] GR3D_FREQ 29% cpu@53.5C soc2@52.187C soc0@50.406C gpu@52.625C tj@53.5C soc1@51.968C VDD_IN 8610mW/7055mW VDD_CPU_GPU_CV 2808mW/1934mW VDD_SOC 1980mW/1716mW
10-08-2026 21:27:23 RAM 6053/7620MB (lfb 2x1MB) SWAP 591/5858MB (cached 0MB) CPU [18%@1510,10%@1510,67%@1510,18%@1510,47%@729,28%@729] GR3D_FREQ 48% cpu@53.406C soc2@52.187C soc0@50.437C gpu@52.593C tj@53.406C soc1@52C VDD_IN 7499mW/7063mW VDD_CPU_GPU_CV 2020mW/1936mW VDD_SOC 1861mW/1718mW
10-08-2026 21:27:24 RAM 5645/7620MB (lfb 12x2MB) SWAP 591/5858MB (cached 0MB) CPU [12%@1510,20%@1510,17%@1510,36%@1510,13%@1510,54%@1510] GR3D_FREQ 43% cpu@53.437C soc2@51.937C soc0@50.437C gpu@52.562C tj@53.437C soc1@51.843C VDD_IN 6864mW/7060mW VDD_CPU_GPU_CV 1545mW/1929mW VDD_SOC 1785mW/1719mW
10-08-2026 21:27:25 RAM 5644/7620MB (lfb 12x2MB) SWAP 591/5858MB (cached 0MB) CPU [18%@1510,5%@1510,5%@1510,4%@1510,20%@1497,66%@1497] GR3D_FREQ 38% cpu@53.281C soc2@51.843C soc0@50.156C gpu@52.375C tj@53.281C soc1@51.906C VDD_IN 6705mW/7054mW VDD_CPU_GPU_CV 1505mW/1922mW VDD_SOC 1703mW/1719mW
10-08-2026 21:27:26 RAM 5645/7620MB (lfb 12x2MB) SWAP 591/5858MB (cached 0MB) CPU [11%@1510,5%@1510,4%@1510,7%@1510,26%@1510,62%@1510] GR3D_FREQ 32% cpu@53.5C soc2@51.687C soc0@50.218C gpu@52.343C tj@53.25C soc1@51.937C VDD_IN 6705mW/7048mW VDD_CPU_GPU_CV 1545mW/1916mW VDD_SOC 1706mW/1719mW
10-08-2026 21:27:27 RAM 5645/7620MB (lfb 12x2MB) SWAP 591/5858MB (cached 0MB) CPU [14%@1510,7%@1510,7%@1510,7%@1510,5%@1510,81%@1510] GR3D_FREQ 39% cpu@53.218C soc2@51.781C soc0@50.312C gpu@52.281C tj@53.375C soc1@51.968C VDD_IN 6705mW/7043mW VDD_CPU_GPU_CV 1545mW/1911mW VDD_SOC 1743mW/1719mW
10-08-2026 21:27:28 RAM 5645/7620MB (lfb 12x2MB) SWAP 591/5858MB (cached 0MB) CPU [29%@1510,17%@1510,7%@1510,9%@1510,3%@729,50%@729] GR3D_FREQ 33% cpu@53.187C soc2@51.812C soc0@50.312C gpu@52.531C tj@53.187C soc1@51.625C VDD_IN 6705mW/7038mW VDD_CPU_GPU_CV 1545mW/1905mW VDD_SOC 1743mW/1720mW
10-08-2026 21:27:29 RAM 5645/7620MB (lfb 12x2MB) SWAP 591/5858MB (cached 0MB) CPU [26%@729,7%@729,6%@729,7%@729,6%@1510,63%@1510] GR3D_FREQ 37% cpu@53.406C soc2@51.781C soc0@50.093C gpu@52.437C tj@53.406C soc1@51.75C VDD_IN 6705mW/7033mW VDD_CPU_GPU_CV 1545mW/1899mW VDD_SOC 1745mW/1720mW
10-08-2026 21:27:30 RAM 5589/7620MB (lfb 17x2MB) SWAP 591/5858MB (cached 0MB) CPU [19%@1497,6%@1497,16%@1497,8%@1497,9%@729,65%@729] GR3D_FREQ 0% cpu@53.062C soc2@51.75C soc0@50.156C gpu@52.375C tj@53.062C soc1@51.781C VDD_IN 6467mW/7024mW VDD_CPU_GPU_CV 1426mW/1892mW VDD_SOC 1703mW/1720mW
10-08-2026 21:27:31 RAM 5699/7620MB (lfb 2x1MB) SWAP 591/5858MB (cached 0MB) CPU [35%@1113,46%@1113,43%@1113,55%@1113,49%@729,39%@729] GR3D_FREQ 29% cpu@53.375C soc2@51.687C soc0@50.156C gpu@52.25C tj@53.375C soc1@51.937C VDD_IN 6547mW/7017mW VDD_CPU_GPU_CV 1584mW/1888mW VDD_SOC 1663mW/1719mW
10-08-2026 21:27:32 RAM 5676/7620MB (lfb 3x1MB) SWAP 591/5858MB (cached 0MB) CPU [40%@960,50%@960,48%@960,29%@960,48%@729,43%@729] GR3D_FREQ 29% cpu@53.406C soc2@51.875C soc0@50.031C gpu@52.187C tj@53.406C soc1@51.718C VDD_IN 6467mW/7009mW VDD_CPU_GPU_CV 1545mW/1883mW VDD_SOC 1663mW/1718mW
10-08-2026 21:27:33 RAM 5533/7620MB (lfb 15x2MB) SWAP 591/5858MB (cached 0MB) CPU [54%@1510,62%@1510,80%@1510,80%@1510,81%@1113,78%@1113] GR3D_FREQ 10% cpu@54.343C soc2@52.187C soc0@49.968C gpu@52.468C tj@54.343C soc1@51.812C VDD_IN 8491mW/7030mW VDD_CPU_GPU_CV 3010mW/1899mW VDD_SOC 1825mW/1720mW
10-08-2026 21:27:34 RAM 5629/7620MB (lfb 9x2MB) SWAP 591/5858MB (cached 0MB) CPU [60%@1510,65%@1510,67%@1510,71%@1510,74%@1497,77%@1497] GR3D_FREQ 54% cpu@54C soc2@52.218C soc0@50.343C gpu@52.531C tj@54C soc1@52.125C VDD_IN 8967mW/7058mW VDD_CPU_GPU_CV 3243mW/1918mW VDD_SOC 1901mW/1722mW
10-08-2026 21:27:35 RAM 5735/7620MB (lfb 9x2MB) SWAP 591/5858MB (cached 0MB) CPU [83%@1510,71%@1510,84%@1510,83%@1510,91%@1267,77%@1267] GR3D_FREQ 45% cpu@54.187C soc2@52.468C soc0@50.218C gpu@52.781C tj@54.187C soc1@52C VDD_IN 9920mW/7097mW VDD_CPU_GPU_CV 3876mW/1945mW VDD_SOC 2060mW/1727mW
10-08-2026 21:27:36 RAM 5833/7620MB (lfb 9x2MB) SWAP 591/5858MB (cached 0MB) CPU [30%@883,42%@883,23%@883,56%@883,27%@1510,32%@1510] GR3D_FREQ 0% cpu@53.812C soc2@52.093C soc0@50.437C gpu@52.75C tj@53.812C soc1@52.062C VDD_IN 8055mW/7111mW VDD_CPU_GPU_CV 2491mW/1953mW VDD_SOC 1901mW/1729mW
10-08-2026 21:27:37 RAM 5912/7620MB (lfb 9x2MB) SWAP 591/5858MB (cached 0MB) CPU [20%@1510,18%@1510,23%@1510,41%@1510,69%@729,16%@729] GR3D_FREQ 35% cpu@53.468C soc2@52.187C soc0@50.625C gpu@52.843C tj@53.593C soc1@52.031C VDD_IN 7816mW/7120mW VDD_CPU_GPU_CV 2214mW/1956mW VDD_SOC 1901mW/1732mW
10-08-2026 21:27:38 RAM 6046/7620MB (lfb 60x512kB) SWAP 591/5858MB (cached 0MB) CPU [32%@1510,21%@1510,17%@1510,21%@1510,62%@1113,30%@1113] GR3D_FREQ 65% cpu@53.437C soc2@52.156C soc0@50.5C gpu@52.656C tj@53.656C soc1@51.937C VDD_IN 7737mW/7128mW VDD_CPU_GPU_CV 2175mW/1959mW VDD_SOC 1901mW/1734mW
10-08-2026 21:27:39 RAM 5957/7620MB (lfb 4x2MB) SWAP 591/5858MB (cached 0MB) CPU [12%@1344,35%@1344,13%@1344,31%@1344,15%@729,36%@729] GR3D_FREQ 60% cpu@53.281C soc2@51.968C soc0@50.281C gpu@52.593C tj@53.281C soc1@51.968C VDD_IN 6745mW/7123mW VDD_CPU_GPU_CV 1465mW/1953mW VDD_SOC 1785mW/1735mW
10-08-2026 21:27:40 RAM 5957/7620MB (lfb 4x2MB) SWAP 591/5858MB (cached 0MB) CPU [8%@1510,4%@1510,81%@1510,4%@1510,5%@729,4%@729] GR3D_FREQ 29% cpu@53.625C soc2@51.843C soc0@50.312C gpu@52.5C tj@53.625C soc1@51.937C VDD_IN 6666mW/7117mW VDD_CPU_GPU_CV 1505mW/1947mW VDD_SOC 1743mW/1735mW
10-08-2026 21:27:41 RAM 5957/7620MB (lfb 4x2MB) SWAP 591/5858MB (cached 0MB) CPU [10%@729,10%@729,14%@729,10%@1510,1%@1510,73%@1510] GR3D_FREQ 43% cpu@53.406C soc2@51.875C soc0@50.406C gpu@52.687C tj@53.406C soc1@52.031C VDD_IN 6666mW/7112mW VDD_CPU_GPU_CV 1545mW/1942mW VDD_SOC 1743mW/1735mW
10-08-2026 21:27:42 RAM 5957/7620MB (lfb 4x2MB) SWAP 591/5858MB (cached 0MB) CPU [11%@1510,27%@1510,14%@1510,7%@1510,0%@729,54%@729] GR3D_FREQ 38% cpu@53.468C soc2@51.906C soc0@50.406C gpu@52.687C tj@53.468C soc1@52.125C VDD_IN 6626mW/7105mW VDD_CPU_GPU_CV 1505mW/1936mW VDD_SOC 1743mW/1735mW
10-08-2026 21:27:43 RAM 6088/7620MB (lfb 1x2MB) SWAP 591/5858MB (cached 0MB) CPU [35%@806,61%@806,37%@806,31%@806,30%@729,27%@729] GR3D_FREQ 1% cpu@53.656C soc2@51.937C soc0@50.218C gpu@52.687C tj@53.656C soc1@51.937C VDD_IN 6705mW/7100mW VDD_CPU_GPU_CV 1703mW/1933mW VDD_SOC 1663mW/1734mW
10-08-2026 21:27:44 RAM 5979/7620MB (lfb 1x2MB) SWAP 591/5858MB (cached 0MB) CPU [41%@960,39%@960,46%@960,39%@960,38%@1510,44%@1510] GR3D_FREQ 0% cpu@53.593C soc2@51.812C soc0@50.218C gpu@52.437C tj@53.593C soc1@51.937C VDD_IN 6428mW/7092mW VDD_CPU_GPU_CV 1505mW/1928mW VDD_SOC 1663mW/1733mW
10-08-2026 21:27:45 RAM 6014/7620MB (lfb 13x512kB) SWAP 591/5858MB (cached 0MB) CPU [45%@1497,37%@1497,39%@1497,41%@1497,31%@1510,64%@1510] GR3D_FREQ 47% cpu@53.906C soc2@51.843C soc0@50.343C gpu@52.687C tj@53.906C soc1@51.781C VDD_IN 6864mW/7089mW VDD_CPU_GPU_CV 1743mW/1926mW VDD_SOC 1703mW/1733mW
10-08-2026 21:27:46 RAM 6006/7620MB (lfb 1x1MB) SWAP 591/5858MB (cached 0MB) CPU [70%@1510,68%@1510,71%@1510,65%@1510,69%@1190,75%@1190] GR3D_FREQ 0% cpu@54.343C soc2@52.25C soc0@50.187C gpu@52.812C tj@54.343C soc1@52C VDD_IN 8412mW/7105mW VDD_CPU_GPU_CV 2966mW/1938mW VDD_SOC 1825mW/1734mW
10-08-2026 21:27:47 RAM 6052/7620MB (lfb 4x1MB) SWAP 591/5858MB (cached 0MB) CPU [68%@1190,52%@1190,54%@1190,70%@1190,76%@1510,66%@1510] GR3D_FREQ 69% cpu@54C soc2@52.218C soc0@50.5C gpu@52.812C tj@54C soc1@52.062C VDD_IN 9007mW/7128mW VDD_CPU_GPU_CV 3203mW/1953mW VDD_SOC 1941mW/1736mW
10-08-2026 21:27:48 RAM 6152/7620MB (lfb 5x1MB) SWAP 591/5858MB (cached 0MB) CPU [76%@1510,75%@1510,71%@1510,76%@1510,86%@1510,74%@1510] GR3D_FREQ 61% cpu@54.468C soc2@52.5C soc0@50.656C gpu@53.156C tj@54.468C soc1@52.125C VDD_IN 10118mW/7163mW VDD_CPU_GPU_CV 3948mW/1977mW VDD_SOC 2060mW/1740mW
10-08-2026 21:27:49 RAM 6220/7620MB (lfb 5x64kB) SWAP 591/5858MB (cached 0MB) CPU [69%@1267,63%@1267,52%@1267,76%@1267,72%@1510,67%@1510] GR3D_FREQ 49% cpu@54.187C soc2@52.718C soc0@50.562C gpu@53.156C tj@54.187C soc1@52.125C VDD_IN 9285mW/7188mW VDD_CPU_GPU_CV 3401mW/1993mW VDD_SOC 1980mW/1743mW
10-08-2026 21:27:50 RAM 6225/7620MB (lfb 5x64kB) SWAP 591/5858MB (cached 0MB) CPU [62%@1510,62%@1510,71%@1510,62%@1510,80%@1510,67%@1510] GR3D_FREQ 42% cpu@54.75C soc2@52.656C soc0@50.656C gpu@53.281C tj@54.75C soc1@52.156C VDD_IN 9824mW/7218mW VDD_CPU_GPU_CV 3751mW/2013mW VDD_SOC 2060mW/1747mW
10-08-2026 21:27:51 RAM 6235/7620MB (lfb 5x64kB) SWAP 591/5858MB (cached 0MB) CPU [78%@1510,77%@1510,75%@1510,72%@1510,79%@1510,77%@1510] GR3D_FREQ 0% cpu@54.531C soc2@52.718C soc0@50.718C gpu@53.062C tj@54.531C soc1@52.375C VDD_IN 9562mW/7245mW VDD_CPU_GPU_CV 3638mW/2032mW VDD_SOC 1941mW/1749mW
10-08-2026 21:27:53 RAM 6240/7620MB (lfb 2013x32kB) SWAP 591/5858MB (cached 0MB) CPU [63%@1510,61%@1510,62%@1510,62%@1510,57%@1510,68%@1510] GR3D_FREQ 49% cpu@54.437C soc2@52.718C soc0@50.906C gpu@53.156C tj@54.437C soc1@52.218C VDD_IN 9404mW/7269mW VDD_CPU_GPU_CV 3480mW/2048mW VDD_SOC 1941mW/1751mW
10-08-2026 21:27:54 RAM 6244/7620MB (lfb 1x128kB) SWAP 591/5858MB (cached 0MB) CPU [81%@1510,76%@1510,78%@1510,77%@1510,77%@1497,70%@1497] GR3D_FREQ 42% cpu@54.968C soc2@53.156C soc0@50.781C gpu@53.5C tj@54.968C soc1@52.343C VDD_IN 10118mW/7301mW VDD_CPU_GPU_CV 4027mW/2070mW VDD_SOC 2020mW/1754mW
10-08-2026 21:27:55 RAM 6259/7620MB (lfb 2128x32kB) SWAP 591/5858MB (cached 0MB) CPU [50%@1344,54%@1344,74%@1344,57%@1344,51%@1510,68%@1510] GR3D_FREQ 44% cpu@54.406C soc2@52.687C soc0@50.875C gpu@53.437C tj@54.406C soc1@52.562C VDD_IN 9151mW/7321mW VDD_CPU_GPU_CV 3361mW/2084mW VDD_SOC 1941mW/1756mW
10-08-2026 21:27:56 RAM 6198/7620MB (lfb 1x1MB) SWAP 591/5858MB (cached 0MB) CPU [74%@1510,72%@1510,58%@1510,50%@1510,56%@1267,61%@1267] GR3D_FREQ 61% cpu@54.625C soc2@52.843C soc0@50.968C gpu@53.187C tj@54.625C soc1@52.656C VDD_IN 9443mW/7344mW VDD_CPU_GPU_CV 3520mW/2100mW VDD_SOC 1980mW/1758mW
10-08-2026 21:27:57 RAM 6209/7620MB (lfb 1x2MB) SWAP 591/5858MB (cached 0MB) CPU [43%@729,46%@729,48%@729,48%@729,46%@806,47%@806] GR3D_FREQ 1% cpu@53.968C soc2@52.375C soc0@50.75C gpu@53.031C tj@53.968C soc1@52.312C VDD_IN 6785mW/7338mW VDD_CPU_GPU_CV 1779mW/2097mW VDD_SOC 1624mW/1757mW
10-08-2026 21:27:58 RAM 6261/7620MB (lfb 34x512kB) SWAP 591/5858MB (cached 0MB) CPU [39%@1510,41%@1510,8%@1510,9%@1510,61%@729,18%@729] GR3D_FREQ 48% cpu@54.093C soc2@52.625C soc0@50.781C gpu@53.062C tj@54.093C soc1@52.375C VDD_IN 7459mW/7339mW VDD_CPU_GPU_CV 2017mW/2096mW VDD_SOC 1782mW/1757mW
10-08-2026 21:27:59 RAM 6205/7620MB (lfb 1x2MB) SWAP 591/5858MB (cached 0MB) CPU [17%@1510,7%@1510,48%@1510,14%@1510,45%@729,40%@729] GR3D_FREQ 42% cpu@53.687C soc2@52.468C soc0@50.812C gpu@53.343C tj@53.687C soc1@52.406C VDD_IN 7301mW/7339mW VDD_CPU_GPU_CV 1819mW/2093mW VDD_SOC 1782mW/1757mW
10-08-2026 21:28:00 RAM 6206/7620MB (lfb 1x2MB) SWAP 591/5858MB (cached 0MB) CPU [12%@1510,3%@1510,39%@1510,48%@1510,7%@729,3%@729] GR3D_FREQ 39% cpu@53.687C soc2@52.281C soc0@50.812C gpu@52.781C tj@53.687C soc1@52.468C VDD_IN 6745mW/7333mW VDD_CPU_GPU_CV 1584mW/2087mW VDD_SOC 1706mW/1757mW
10-08-2026 21:28:01 RAM 6207/7620MB (lfb 1x2MB) SWAP 591/5858MB (cached 0MB) CPU [45%@1497,0%@1497,38%@1497,9%@1497,3%@729,8%@729] GR3D_FREQ 65% cpu@53.843C soc2@52.375C soc0@50.656C gpu@52.812C tj@53.843C soc1@52.375C VDD_IN 6705mW/7326mW VDD_CPU_GPU_CV 1545mW/2082mW VDD_SOC 1663mW/1756mW
10-08-2026 21:28:02 RAM 6207/7620MB (lfb 1x2MB) SWAP 591/5858MB (cached 0MB) CPU [20%@1510,58%@1510,7%@1510,19%@1510,2%@729,2%@729] GR3D_FREQ 68% cpu@53.75C soc2@52.375C soc0@50.593C gpu@52.75C tj@53.75C soc1@52.218C VDD_IN 6705mW/7320mW VDD_CPU_GPU_CV 1545mW/2076mW VDD_SOC 1663mW/1755mW
10-08-2026 21:28:03 RAM 6207/7620MB (lfb 1x2MB) SWAP 591/5858MB (cached 0MB) CPU [48%@1510,35%@1510,4%@1510,14%@1510,1%@729,0%@729] GR3D_FREQ 68% cpu@54.031C soc2@52.187C soc0@50.656C gpu@52.906C tj@54.031C soc1@52.25C VDD_IN 6666mW/7313mW VDD_CPU_GPU_CV 1545mW/2071mW VDD_SOC 1663mW/1754mW
10-08-2026 21:28:04 RAM 6207/7620MB (lfb 1x2MB) SWAP 591/5858MB (cached 0MB) CPU [21%@1510,39%@1510,34%@1510,8%@1510,2%@729,6%@729] GR3D_FREQ 40% cpu@53.468C soc2@52.218C soc0@50.687C gpu@52.875C tj@53.468C soc1@52.312C VDD_IN 6705mW/7307mW VDD_CPU_GPU_CV 1584mW/2066mW VDD_SOC 1663mW/1753mW
10-08-2026 21:28:05 RAM 6207/7620MB (lfb 1x2MB) SWAP 591/5858MB (cached 0MB) CPU [11%@1510,71%@1510,9%@1510,8%@1510,2%@729,7%@729] GR3D_FREQ 46% cpu@53.718C soc2@52.187C soc0@50.75C gpu@52.875C tj@53.718C soc1@52.406C VDD_IN 6705mW/7301mW VDD_CPU_GPU_CV 1584mW/2061mW VDD_SOC 1663mW/1752mW
10-08-2026 21:28:06 RAM 6208/7620MB (lfb 1x2MB) SWAP 591/5858MB (cached 0MB) CPU [17%@1510,72%@1510,4%@1510,8%@1510,1%@729,8%@729] GR3D_FREQ 41% cpu@53.906C soc2@52.343C soc0@50.531C gpu@52.968C tj@53.906C soc1@52.187C VDD_IN 6705mW/7295mW VDD_CPU_GPU_CV 1584mW/2057mW VDD_SOC 1663mW/1751mW
10-08-2026 21:28:07 RAM 6208/7620MB (lfb 1x2MB) SWAP 591/5858MB (cached 0MB) CPU [11%@1510,80%@1510,1%@1510,6%@1510,6%@729,5%@729] GR3D_FREQ 41% cpu@53.812C soc2@52.25C soc0@50.562C gpu@52.812C tj@53.812C soc1@52.218C VDD_IN 6745mW/7290mW VDD_CPU_GPU_CV 1584mW/2052mW VDD_SOC 1703mW/1751mW
10-08-2026 21:28:08 RAM 6208/7620MB (lfb 1x2MB) SWAP 591/5858MB (cached 0MB) CPU [6%@1497,43%@1497,41%@1510,5%@1510,5%@729,8%@729] GR3D_FREQ 65% cpu@53.968C soc2@52.156C soc0@50.531C gpu@52.781C tj@53.968C soc1@52.218C VDD_IN 6745mW/7285mW VDD_CPU_GPU_CV 1584mW/2048mW VDD_SOC 1666mW/1750mW
10-08-2026 21:28:09 RAM 5921/7620MB (lfb 23x2MB) SWAP 592/5858MB (cached 0MB) CPU [50%@1510,53%@1510,24%@1510,20%@1510,22%@960,26%@960] GR3D_FREQ 30% cpu@53.781C soc2@52.218C soc0@50.625C gpu@52.718C tj@53.781C soc1@52.343C VDD_IN 6944mW/7282mW VDD_CPU_GPU_CV 1861mW/2046mW VDD_SOC 1624mW/1749mW
10-08-2026 21:28:10 RAM 5942/7620MB (lfb 28x2MB) SWAP 592/5858MB (cached 0MB) CPU [33%@883,39%@883,48%@883,56%@883,56%@729,54%@729] GR3D_FREQ 0% cpu@53.812C soc2@52.281C soc0@50.5C gpu@52.843C tj@53.812C soc1@52.218C VDD_IN 6745mW/7277mW VDD_CPU_GPU_CV 1782mW/2043mW VDD_SOC 1624mW/1748mW
10-08-2026 21:28:11 RAM 6061/7620MB (lfb 38x1MB) SWAP 592/5858MB (cached 0MB) CPU [57%@1510,53%@1510,60%@1510,60%@1510,56%@1510,53%@1510] GR3D_FREQ 0% cpu@54.468C soc2@52.375C soc0@50.593C gpu@52.781C tj@54.468C soc1@52.312C VDD_IN 7856mW/7282mW VDD_CPU_GPU_CV 2575mW/2048mW VDD_SOC 1706mW/1747mW
10-08-2026 21:28:12 RAM 6099/7620MB (lfb 38x1MB) SWAP 592/5858MB (cached 0MB) CPU [71%@1497,62%@1497,77%@1497,66%@1497,79%@1497,68%@1497] GR3D_FREQ 0% cpu@54.5C soc2@52.531C soc0@50.687C gpu@52.906C tj@54.5C soc1@52.562C VDD_IN 8332mW/7292mW VDD_CPU_GPU_CV 2966mW/2057mW VDD_SOC 1745mW/1747mW
10-08-2026 21:28:13 RAM 6225/7620MB (lfb 38x1MB) SWAP 592/5858MB (cached 0MB) CPU [70%@1510,65%@1510,82%@1510,70%@1510,78%@1510,66%@1510] GR3D_FREQ 24% cpu@54.968C soc2@52.687C soc0@50.687C gpu@53.25C tj@54.968C soc1@52.281C VDD_IN 9681mW/7314mW VDD_CPU_GPU_CV 3717mW/2072mW VDD_SOC 1941mW/1749mW
10-08-2026 21:28:14 RAM 6265/7620MB (lfb 38x1MB) SWAP 592/5858MB (cached 0MB) CPU [53%@1510,58%@1510,50%@1510,51%@1510,87%@1510,60%@1510] GR3D_FREQ 13% cpu@54.593C soc2@52.687C soc0@50.812C gpu@53.25C tj@54.593C soc1@52.375C VDD_IN 9047mW/7329mW VDD_CPU_GPU_CV 3282mW/2083mW VDD_SOC 1901mW/1750mW
10-08-2026 21:28:15 RAM 6348/7620MB (lfb 47x512kB) SWAP 594/5858MB (cached 0MB) CPU [70%@1510,66%@1510,79%@1510,72%@1510,79%@1510,71%@1510] GR3D_FREQ 67% cpu@55.343C soc2@52.875C soc0@50.937C gpu@53.375C tj@55C soc1@52.437C VDD_IN 9681mW/7351mW VDD_CPU_GPU_CV 3757mW/2098mW VDD_SOC 1941mW/1752mW
10-08-2026 21:28:16 RAM 6376/7620MB (lfb 1x256kB) SWAP 594/5858MB (cached 0MB) CPU [90%@1510,81%@1510,89%@1510,82%@1510,85%@1510,87%@1510] GR3D_FREQ 11% cpu@55.062C soc2@52.968C soc0@51.093C gpu@53.312C tj@55.062C soc1@52.781C VDD_IN 10039mW/7375mW VDD_CPU_GPU_CV 4027mW/2115mW VDD_SOC 1980mW/1754mW
10-08-2026 21:28:17 RAM 6381/7620MB (lfb 1969x32kB) SWAP 594/5858MB (cached 0MB) CPU [66%@1510,73%@1510,58%@1510,58%@1510,62%@729,64%@729] GR3D_FREQ 57% cpu@54.656C soc2@53.125C soc0@51.093C gpu@53.281C tj@54.656C soc1@52.625C VDD_IN 9666mW/7395mW VDD_CPU_GPU_CV 3711mW/2129mW VDD_SOC 1980mW/1756mW
10-08-2026 21:28:18 RAM 6382/7620MB (lfb 1937x32kB) SWAP 593/5858MB (cached 0MB) CPU [32%@1510,56%@1510,24%@1510,17%@1510,77%@1420,34%@1420] GR3D_FREQ 53% cpu@54.375C soc2@52.906C soc0@51.093C gpu@53.5C tj@54.375C soc1@52.625C VDD_IN 7936mW/7400mW VDD_CPU_GPU_CV 2373mW/2132mW VDD_SOC 1822mW/1757mW
10-08-2026 21:28:19 RAM 6382/7620MB (lfb 1937x32kB) SWAP 593/5858MB (cached 0MB) CPU [15%@1510,34%@1510,35%@1510,11%@1510,54%@1510,39%@1510] GR3D_FREQ 63% cpu@54.031C soc2@52.625C soc0@51.187C gpu@53.468C tj@54.031C soc1@52.625C VDD_IN 8015mW/7405mW VDD_CPU_GPU_CV 2412mW/2134mW VDD_SOC 1861mW/1758mW
10-08-2026 21:28:20 RAM 6382/7620MB (lfb 1930x32kB) SWAP 593/5858MB (cached 0MB) CPU [21%@1510,13%@1510,13%@1510,40%@1510,54%@729,37%@729] GR3D_FREQ 38% cpu@53.875C soc2@52.656C soc0@51.125C gpu@53.406C tj@53.875C soc1@52.5C VDD_IN 7539mW/7406mW VDD_CPU_GPU_CV 2135mW/2134mW VDD_SOC 1782mW/1758mW
10-08-2026 21:28:21 RAM 6203/7620MB (lfb 1x2MB) SWAP 593/5858MB (cached 0MB) CPU [16%@1510,7%@1510,26%@1510,30%@1510,15%@1420,63%@1420] GR3D_FREQ 23% cpu@54.062C soc2@52.562C soc0@50.875C gpu@53.062C tj@54.062C soc1@52.531C VDD_IN 6904mW/7402mW VDD_CPU_GPU_CV 1624mW/2130mW VDD_SOC 1743mW/1758mW
10-08-2026 21:28:22 RAM 6206/7620MB (lfb 1x2MB) SWAP 593/5858MB (cached 0MB) CPU [22%@1510,21%@1510,9%@1510,9%@1510,30%@729,33%@729] GR3D_FREQ 37% cpu@53.906C soc2@52.406C soc0@51.031C gpu@53C tj@53.906C soc1@52.531C VDD_IN 6666mW/7396mW VDD_CPU_GPU_CV 1545mW/2125mW VDD_SOC 1666mW/1757mW
10-08-2026 21:28:23 RAM 6206/7620MB (lfb 1x2MB) SWAP 593/5858MB (cached 0MB) CPU [16%@1510,70%@1510,4%@1510,7%@1510,2%@729,4%@729] GR3D_FREQ 38% cpu@53.906C soc2@52.343C soc0@50.906C gpu@53.187C tj@53.906C soc1@52.625C VDD_IN 6666mW/7389mW VDD_CPU_GPU_CV 1545mW/2120mW VDD_SOC 1663mW/1756mW
10-08-2026 21:28:24 RAM 6206/7620MB (lfb 1x2MB) SWAP 593/5858MB (cached 0MB) CPU [5%@1510,49%@1510,35%@1510,7%@1510,1%@729,5%@729] GR3D_FREQ 70% cpu@54C soc2@52.5C soc0@51C gpu@53.218C tj@54C soc1@52.406C VDD_IN 6666mW/7383mW VDD_CPU_GPU_CV 1545mW/2115mW VDD_SOC 1663mW/1755mW
10-08-2026 21:28:25 RAM 6206/7620MB (lfb 1x2MB) SWAP 593/5858MB (cached 0MB) CPU [6%@1510,80%@1510,5%@1510,2%@1510,4%@729,6%@729] GR3D_FREQ 65% cpu@54.125C soc2@52.437C soc0@50.718C gpu@53.25C tj@54.125C soc1@52.343C VDD_IN 6666mW/7377mW VDD_CPU_GPU_CV 1545mW/2110mW VDD_SOC 1663mW/1755mW
10-08-2026 21:28:26 RAM 6206/7620MB (lfb 1x2MB) SWAP 593/5858MB (cached 0MB) CPU [4%@1510,57%@1510,23%@1510,7%@1510,5%@729,5%@729] GR3D_FREQ 46% cpu@53.687C soc2@52.343C soc0@50.718C gpu@53.218C tj@53.687C soc1@52.343C VDD_IN 6666mW/7372mW VDD_CPU_GPU_CV 1545mW/2106mW VDD_SOC 1663mW/1754mW
10-08-2026 21:28:27 RAM 6206/7620MB (lfb 1x2MB) SWAP 593/5858MB (cached 0MB) CPU [8%@1510,3%@1510,7%@1510,74%@1510,7%@729,6%@729] GR3D_FREQ 44% cpu@53.625C soc2@52.437C soc0@50.75C gpu@52.968C tj@53.625C soc1@52.406C VDD_IN 6705mW/7366mW VDD_CPU_GPU_CV 1545mW/2101mW VDD_SOC 1663mW/1753mW
10-08-2026 21:28:28 RAM 6206/7620MB (lfb 1x2MB) SWAP 593/5858MB (cached 0MB) CPU [11%@1510,25%@1510,23%@1510,9%@1510,1%@1510,41%@1510] GR3D_FREQ 42% cpu@53.687C soc2@52.343C soc0@50.875C gpu@52.937C tj@53.687C soc1@52.25C VDD_IN 6705mW/7361mW VDD_CPU_GPU_CV 1545mW/2097mW VDD_SOC 1663mW/1752mW
10-08-2026 21:28:29 RAM 6206/7620MB (lfb 1x2MB) SWAP 593/5858MB (cached 0MB) CPU [10%@729,7%@729,11%@729,10%@729,11%@1510,72%@1510] GR3D_FREQ 35% cpu@53.781C soc2@52.281C soc0@50.718C gpu@52.937C tj@53.781C soc1@52.281C VDD_IN 6705mW/7356mW VDD_CPU_GPU_CV 1584mW/2093mW VDD_SOC 1663mW/1752mW
10-08-2026 21:28:30 RAM 6206/7620MB (lfb 1x2MB) SWAP 593/5858MB (cached 0MB) CPU [12%@729,11%@729,12%@729,17%@729,5%@1510,66%@1510] GR3D_FREQ 33% cpu@54.031C soc2@52.312C soc0@50.75C gpu@53.218C tj@54.031C soc1@52.343C VDD_IN 6705mW/7350mW VDD_CPU_GPU_CV 1545mW/2088mW VDD_SOC 1706mW/1751mW
10-08-2026 21:28:31 RAM 6143/7620MB (lfb 1x1MB) SWAP 593/5858MB (cached 0MB) CPU [32%@1510,27%@1510,28%@1510,32%@1510,46%@729,42%@729] GR3D_FREQ 0% cpu@53.656C soc2@52.25C soc0@50.75C gpu@52.687C tj@53.656C soc1@52.312C VDD_IN 6586mW/7344mW VDD_CPU_GPU_CV 1624mW/2085mW VDD_SOC 1584mW/1750mW
10-08-2026 21:28:32 RAM 6147/7620MB (lfb 1x1MB) SWAP 593/5858MB (cached 0MB) CPU [25%@960,42%@960,35%@960,43%@960,34%@806,51%@806] GR3D_FREQ 8% cpu@53.75C soc2@52.218C soc0@50.812C gpu@52.687C tj@53.75C soc1@52.218C VDD_IN 6229mW/7336mW VDD_CPU_GPU_CV 1386mW/2079mW VDD_SOC 1584mW/1749mW
10-08-2026 21:28:33 RAM 6111/7620MB (lfb 2x1MB) SWAP 593/5858MB (cached 0MB) CPU [38%@1510,48%@1510,38%@1510,34%@1510,34%@1344,56%@1344] GR3D_FREQ 21% cpu@54.406C soc2@52.25C soc0@50.468C gpu@52.906C tj@54.406C soc1@52.187C VDD_IN 6705mW/7331mW VDD_CPU_GPU_CV 1743mW/2077mW VDD_SOC 1624mW/1748mW
10-08-2026 21:28:34 RAM 6111/7620MB (lfb 2x1MB) SWAP 593/5858MB (cached 0MB) CPU [61%@1267,58%@1267,49%@1510,67%@1510,64%@729,51%@729] GR3D_FREQ 12% cpu@53.968C soc2@52.375C soc0@50.593C gpu@52.906C tj@53.968C soc1@52.218C VDD_IN 7459mW/7332mW VDD_CPU_GPU_CV 2297mW/2078mW VDD_SOC 1663mW/1747mW
10-08-2026 21:28:35 RAM 6111/7620MB (lfb 2x1MB) SWAP 593/5858MB (cached 0MB) CPU [34%@1510,35%@1510,39%@1510,33%@1510,52%@729,36%@729] GR3D_FREQ 0% cpu@53.687C soc2@52.25C soc0@50.531C gpu@52.906C tj@53.687C soc1@52.281C VDD_IN 6348mW/7324mW VDD_CPU_GPU_CV 1465mW/2074mW VDD_SOC 1584mW/1746mW
10-08-2026 21:28:36 RAM 6182/7620MB (lfb 4x1MB) SWAP 593/5858MB (cached 0MB) CPU [45%@1267,15%@1267,22%@1267,22%@1267,47%@729,44%@729] GR3D_FREQ 76% cpu@53.687C soc2@52.218C soc0@50.687C gpu@52.968C tj@53.687C soc1@52.156C VDD_IN 6983mW/7322mW VDD_CPU_GPU_CV 1782mW/2071mW VDD_SOC 1743mW/1746mW
10-08-2026 21:28:37 RAM 6284/7620MB (lfb 4x1MB) SWAP 593/5858MB (cached 0MB) CPU [14%@1510,14%@1510,9%@1510,72%@1510,7%@729,58%@729] GR3D_FREQ 42% cpu@53.625C soc2@52.375C soc0@50.687C gpu@52.781C tj@53.625C soc1@52.187C VDD_IN 7618mW/7324mW VDD_CPU_GPU_CV 2135mW/2072mW VDD_SOC 1822mW/1746mW
10-08-2026 21:28:38 RAM 6223/7620MB (lfb 4x1MB) SWAP 593/5858MB (cached 0MB) CPU [16%@1190,21%@1190,19%@1190,46%@1510,6%@729,55%@729] GR3D_FREQ 40% cpu@53.718C soc2@52.156C soc0@50.562C gpu@52.75C tj@53.718C soc1@52.218C VDD_IN 6666mW/7319mW VDD_CPU_GPU_CV 1505mW/2068mW VDD_SOC 1706mW/1746mW
10-08-2026 21:28:39 RAM 6224/7620MB (lfb 4x1MB) SWAP 593/5858MB (cached 0MB) CPU [34%@1510,6%@1510,36%@1510,20%@1420,1%@729,0%@729] GR3D_FREQ 41% cpu@53.625C soc2@52.156C soc0@50.562C gpu@52.781C tj@53.625C soc1@52.25C VDD_IN 6586mW/7314mW VDD_CPU_GPU_CV 1505mW/2063mW VDD_SOC 1666mW/1746mW
10-08-2026 21:28:40 RAM 6224/7620MB (lfb 4x1MB) SWAP 593/5858MB (cached 0MB) CPU [17%@1510,5%@1510,22%@1510,56%@1510,0%@729,0%@729] GR3D_FREQ 45% cpu@53.437C soc2@52.156C soc0@50.625C gpu@52.906C tj@53.437C soc1@52.281C VDD_IN 6586mW/7308mW VDD_CPU_GPU_CV 1505mW/2059mW VDD_SOC 1666mW/1745mW
10-08-2026 21:28:41 RAM 6224/7620MB (lfb 4x1MB) SWAP 593/5858MB (cached 0MB) CPU [55%@1497,8%@1497,3%@1497,33%@1510,1%@729,5%@729] GR3D_FREQ 61% cpu@53.781C soc2@52.125C soc0@50.718C gpu@52.906C tj@53.781C soc1@52.125C VDD_IN 6626mW/7303mW VDD_CPU_GPU_CV 1505mW/2055mW VDD_SOC 1666mW/1744mW
10-08-2026 21:28:42 RAM 6156/7620MB (lfb 6x1MB) SWAP 593/5858MB (cached 0MB) CPU [52%@1510,40%@1510,40%@1510,46%@1510,32%@729,24%@729] GR3D_FREQ 19% cpu@54.093C soc2@52.218C soc0@50.437C gpu@52.843C tj@54.093C soc1@52.187C VDD_IN 6626mW/7298mW VDD_CPU_GPU_CV 1703mW/2053mW VDD_SOC 1626mW/1744mW
10-08-2026 21:28:43 RAM 6163/7620MB (lfb 6x1MB) SWAP 593/5858MB (cached 0MB) CPU [38%@729,54%@729,37%@729,41%@1510,32%@1113,39%@1113] GR3D_FREQ 1% cpu@53.593C soc2@52.093C soc0@50.531C gpu@52.625C tj@53.593C soc1@52.218C VDD_IN 6348mW/7292mW VDD_CPU_GPU_CV 1465mW/2048mW VDD_SOC 1584mW/1742mW
10-08-2026 21:28:44 RAM 6158/7620MB (lfb 7x1MB) SWAP 593/5858MB (cached 0MB) CPU [56%@1420,53%@1420,61%@1420,69%@1420,63%@1510,71%@1510] GR3D_FREQ 0% cpu@54.437C soc2@52.375C soc0@50.468C gpu@52.781C tj@54.437C soc1@52.125C VDD_IN 8174mW/7298mW VDD_CPU_GPU_CV 2808mW/2054mW VDD_SOC 1785mW/1743mW
10-08-2026 21:28:45 RAM 6159/7620MB (lfb 7x1MB) SWAP 593/5858MB (cached 0MB) CPU [59%@1510,55%@1510,70%@1510,57%@1510,62%@1267,71%@1267] GR3D_FREQ 0% cpu@54.281C soc2@52.468C soc0@50.406C gpu@53.031C tj@54.281C soc1@52.218C VDD_IN 8015mW/7303mW VDD_CPU_GPU_CV 2689mW/2058mW VDD_SOC 1785mW/1743mW
10-08-2026 21:28:46 RAM 6211/7620MB (lfb 10x1MB) SWAP 593/5858MB (cached 0MB) CPU [75%@1510,65%@1510,71%@1510,71%@1510,77%@1510,82%@1510] GR3D_FREQ 54% cpu@54.375C soc2@52.687C soc0@50.687C gpu@52.906C tj@54.375C soc1@52.406C VDD_IN 9523mW/7319mW VDD_CPU_GPU_CV 3638mW/2070mW VDD_SOC 1980mW/1745mW
10-08-2026 21:28:47 RAM 6314/7620MB (lfb 10x1MB) SWAP 593/5858MB (cached 0MB) CPU [80%@1510,80%@1510,85%@1510,76%@1510,85%@1510,87%@1510] GR3D_FREQ 43% cpu@54.843C soc2@52.875C soc0@50.875C gpu@53.156C tj@54.843C soc1@52.5C VDD_IN 10220mW/7339mW VDD_CPU_GPU_CV 4106mW/2084mW VDD_SOC 2020mW/1747mW
10-08-2026 21:28:48 RAM 6170/7620MB (lfb 2x2MB) SWAP 593/5858MB (cached 0MB) CPU [29%@1510,25%@1510,25%@1510,58%@1510,46%@729,37%@729] GR3D_FREQ 74% cpu@53.906C soc2@52.437C soc0@50.687C gpu@52.968C tj@53.906C soc1@52.375C VDD_IN 7697mW/7341mW VDD_CPU_GPU_CV 2254mW/2085mW VDD_SOC 1782mW/1747mW
10-08-2026 21:28:49 RAM 6262/7620MB (lfb 2x2MB) SWAP 593/5858MB (cached 0MB) CPU [19%@1510,8%@1510,40%@1510,36%@1510,5%@729,66%@729] GR3D_FREQ 79% cpu@53.625C soc2@52.562C soc0@50.718C gpu@53.187C tj@53.625C soc1@52.343C VDD_IN 7697mW/7344mW VDD_CPU_GPU_CV 2214mW/2086mW VDD_SOC 1822mW/1747mW
10-08-2026 21:28:50 RAM 6348/7620MB (lfb 2x2MB) SWAP 593/5858MB (cached 0MB) CPU [45%@1510,11%@1510,36%@1510,11%@1510,17%@806,59%@806] GR3D_FREQ 40% cpu@53.687C soc2@52.531C soc0@50.781C gpu@53.187C tj@53.687C soc1@52.406C VDD_IN 7539mW/7345mW VDD_CPU_GPU_CV 2096mW/2086mW VDD_SOC 1782mW/1748mW
10-08-2026 21:28:51 RAM 6317/7620MB (lfb 6x2MB) SWAP 593/5858MB (cached 0MB) CPU [16%@1510,13%@1510,29%@1510,31%@1510,10%@1036,75%@1036] GR3D_FREQ 54% cpu@53.656C soc2@52.218C soc0@50.781C gpu@52.843C tj@53.656C soc1@52.406C VDD_IN 6705mW/7341mW VDD_CPU_GPU_CV 1505mW/2082mW VDD_SOC 1703mW/1747mW
10-08-2026 21:28:52 RAM 6317/7620MB (lfb 6x2MB) SWAP 593/5858MB (cached 0MB) CPU [9%@1510,14%@1510,9%@1510,30%@1510,4%@729,47%@729] GR3D_FREQ 41% cpu@53.593C soc2@52.187C soc0@50.531C gpu@52.843C tj@53.75C soc1@52.218C VDD_IN 6586mW/7336mW VDD_CPU_GPU_CV 1465mW/2078mW VDD_SOC 1663mW/1747mW
10-08-2026 21:28:53 RAM 6317/7620MB (lfb 6x2MB) SWAP 593/5858MB (cached 0MB) CPU [16%@1510,11%@1510,11%@1510,61%@1510,0%@729,0%@729] GR3D_FREQ 27% cpu@53.718C soc2@52.218C soc0@50.562C gpu@52.843C tj@53.718C soc1@52.187C VDD_IN 6586mW/7331mW VDD_CPU_GPU_CV 1505mW/2074mW VDD_SOC 1663mW/1746mW
10-08-2026 21:28:54 RAM 6317/7620MB (lfb 6x2MB) SWAP 593/5858MB (cached 0MB) CPU [6%@1510,5%@1510,71%@1510,16%@1510,2%@729,6%@729] GR3D_FREQ 38% cpu@53.875C soc2@52.125C soc0@50.593C gpu@52.843C tj@53.875C soc1@52.25C VDD_IN 6705mW/7326mW VDD_CPU_GPU_CV 1545mW/2070mW VDD_SOC 1663mW/1746mW
10-08-2026 21:28:55 RAM 6393/7620MB (lfb 11x1MB) SWAP 593/5858MB (cached 0MB) CPU [25%@1510,13%@1510,65%@1510,9%@1510,9%@1510,12%@1510] GR3D_FREQ 7% cpu@53.937C soc2@52.187C soc0@50.593C gpu@52.75C tj@53.937C soc1@52.218C VDD_IN 6705mW/7322mW VDD_CPU_GPU_CV 1703mW/2068mW VDD_SOC 1624mW/1745mW
10-08-2026 21:28:56 RAM 6404/7620MB (lfb 11x1MB) SWAP 593/5858MB (cached 0MB) CPU [40%@1510,40%@1510,27%@1510,53%@1510,41%@729,52%@729] GR3D_FREQ 1% cpu@53.687C soc2@52.125C soc0@50.718C gpu@52.718C tj@53.687C soc1@52.375C VDD_IN 6507mW/7317mW VDD_CPU_GPU_CV 1584mW/2065mW VDD_SOC 1584mW/1744mW
10-08-2026 21:28:57 RAM 6405/7620MB (lfb 11x1MB) SWAP 593/5858MB (cached 0MB) CPU [52%@1267,27%@1267,40%@1267,37%@1267,42%@1036,48%@1036] GR3D_FREQ 41% cpu@53.875C soc2@52.093C soc0@50.406C gpu@53C tj@53.875C soc1@52.156C VDD_IN 6388mW/7311mW VDD_CPU_GPU_CV 1505mW/2061mW VDD_SOC 1624mW/1743mW
10-08-2026 21:28:58 RAM 6441/7620MB (lfb 11x1MB) SWAP 593/5858MB (cached 0MB) CPU [52%@1510,70%@1510,56%@1510,50%@1510,56%@1344,62%@1344] GR3D_FREQ 14% cpu@54.281C soc2@52.312C soc0@50.531C gpu@53.125C tj@54.281C soc1@52.25C VDD_IN 8094mW/7316mW VDD_CPU_GPU_CV 2729mW/2065mW VDD_SOC 1785mW/1743mW
10-08-2026 21:28:59 RAM 6542/7620MB (lfb 11x1MB) SWAP 593/5858MB (cached 0MB) CPU [62%@1344,44%@1344,52%@1344,42%@1344,61%@729,61%@729] GR3D_FREQ 51% cpu@53.718C soc2@52.343C soc0@50.625C gpu@52.843C tj@53.718C soc1@52.343C VDD_IN 7658mW/7318mW VDD_CPU_GPU_CV 2297mW/2067mW VDD_SOC 1822mW/1744mW
10-08-2026 21:29:00 RAM 6603/7620MB (lfb 60x128kB) SWAP 593/5858MB (cached 0MB) CPU [12%@1510,10%@1510,8%@1510,67%@1510,41%@729,30%@729] GR3D_FREQ 30% cpu@53.781C soc2@52.5C soc0@50.812C gpu@52.906C tj@53.781C soc1@52.125C VDD_IN 7737mW/7321mW VDD_CPU_GPU_CV 2175mW/2068mW VDD_SOC 1901mW/1745mW
10-08-2026 21:29:01 RAM 6604/7620MB (lfb 60x128kB) SWAP 593/5858MB (cached 0MB) CPU [30%@1036,42%@1036,19%@1036,19%@1036,23%@1113,56%@1113] GR3D_FREQ 43% cpu@53.562C soc2@52.468C soc0@50.562C gpu@52.906C tj@53.562C soc1@52.218C VDD_IN 7578mW/7323mW VDD_CPU_GPU_CV 2056mW/2068mW VDD_SOC 1861mW/1745mW
10-08-2026 21:29:02 RAM 6571/7620MB (lfb 8x512kB) SWAP 595/5858MB (cached 0MB) CPU [20%@1510,20%@1510,23%@1510,50%@1510,10%@729,34%@729] GR3D_FREQ 40% cpu@53.75C soc2@52.187C soc0@50.531C gpu@52.75C tj@53.75C soc1@52.156C VDD_IN 6864mW/7320mW VDD_CPU_GPU_CV 1624mW/2065mW VDD_SOC 1782mW/1746mW
10-08-2026 21:29:03 RAM 6579/7620MB (lfb 10x512kB) SWAP 595/5858MB (cached 0MB) CPU [6%@1510,58%@1510,21%@1510,10%@1510,4%@729,3%@729] GR3D_FREQ 38% cpu@53.468C soc2@52.187C soc0@50.562C gpu@52.656C tj@53.468C soc1@52.25C VDD_IN 6705mW/7316mW VDD_CPU_GPU_CV 1545mW/2062mW VDD_SOC 1703mW/1745mW
10-08-2026 21:29:04 RAM 6579/7620MB (lfb 10x512kB) SWAP 595/5858MB (cached 0MB) CPU [10%@729,47%@729,12%@729,9%@729,13%@1510,27%@1510] GR3D_FREQ 37% cpu@53.593C soc2@52.125C soc0@50.656C gpu@52.656C tj@53.593C soc1@52.125C VDD_IN 6705mW/7312mW VDD_CPU_GPU_CV 1505mW/2058mW VDD_SOC 1743mW/1745mW
10-08-2026 21:29:05 RAM 6579/7620MB (lfb 10x512kB) SWAP 595/5858MB (cached 0MB) CPU [14%@1510,13%@1510,6%@1510,9%@1510,41%@1497,47%@1497] GR3D_FREQ 60% cpu@53.656C soc2@52.156C soc0@50.406C gpu@52.718C tj@53.656C soc1@52.156C VDD_IN 6705mW/7308mW VDD_CPU_GPU_CV 1545mW/2055mW VDD_SOC 1743mW/1745mW
10-08-2026 21:29:06 RAM 6469/7620MB (lfb 69x256kB) SWAP 597/5858MB (cached 0MB) CPU [25%@729,21%@729,21%@729,18%@729,27%@1510,64%@1510] GR3D_FREQ 28% cpu@53.781C soc2@52.031C soc0@50.437C gpu@52.781C tj@53.781C soc1@52.187C VDD_IN 6864mW/7305mW VDD_CPU_GPU_CV 1782mW/2053mW VDD_SOC 1703mW/1745mW
10-08-2026 21:29:07 RAM 6474/7620MB (lfb 69x256kB) SWAP 597/5858MB (cached 0MB) CPU [36%@729,30%@729,25%@729,51%@729,44%@883,33%@883] GR3D_FREQ 1% cpu@53.468C soc2@52C soc0@50.531C gpu@52.687C tj@53.468C soc1@52.25C VDD_IN 6190mW/7299mW VDD_CPU_GPU_CV 1307mW/2049mW VDD_SOC 1624mW/1744mW
10-08-2026 21:29:08 RAM 6474/7620MB (lfb 69x256kB) SWAP 597/5858MB (cached 0MB) CPU [30%@1267,32%@1267,35%@1267,28%@1267,39%@1113,50%@1113] GR3D_FREQ 0% cpu@53.593C soc2@52C soc0@50.562C gpu@52.468C tj@53.593C soc1@52.062C VDD_IN 6150mW/7292mW VDD_CPU_GPU_CV 1307mW/2044mW VDD_SOC 1624mW/1744mW
10-08-2026 21:29:09 RAM 6294/7620MB (lfb 51x512kB) SWAP 597/5858MB (cached 0MB) CPU [66%@1510,55%@1510,50%@1510,53%@1510,64%@1267,77%@1267] GR3D_FREQ 0% cpu@54.375C soc2@52.281C soc0@50.437C gpu@52.812C tj@54.375C soc1@52.125C VDD_IN 7975mW/7296mW VDD_CPU_GPU_CV 2693mW/2048mW VDD_SOC 1785mW/1744mW
10-08-2026 21:29:10 RAM 6337/7620MB (lfb 60x512kB) SWAP 597/5858MB (cached 0MB) CPU [40%@1420,57%@1420,51%@1420,55%@1420,46%@729,49%@729] GR3D_FREQ 59% cpu@53.593C soc2@52.312C soc0@50.531C gpu@52.812C tj@53.593C soc1@52.187C VDD_IN 6983mW/7294mW VDD_CPU_GPU_CV 1901mW/2047mW VDD_SOC 1706mW/1744mW
10-08-2026 21:29:11 RAM 6453/7620MB (lfb 60x512kB) SWAP 597/5858MB (cached 0MB) CPU [20%@1510,8%@1510,13%@1510,56%@1510,22%@1497,46%@1497] GR3D_FREQ 56% cpu@53.625C soc2@52.281C soc0@50.656C gpu@52.843C tj@53.625C soc1@52.125C VDD_IN 7499mW/7295mW VDD_CPU_GPU_CV 2017mW/2047mW VDD_SOC 1861mW/1744mW
10-08-2026 21:29:12 RAM 6572/7620MB (lfb 60x512kB) SWAP 597/5858MB (cached 0MB) CPU [19%@729,11%@729,14%@729,15%@729,55%@1267,78%@1267] GR3D_FREQ 42% cpu@53.843C soc2@52.312C soc0@50.593C gpu@52.75C tj@53.843C soc1@52.125C VDD_IN 7975mW/7299mW VDD_CPU_GPU_CV 2333mW/2049mW VDD_SOC 1901mW/1745mW
10-08-2026 21:29:13 RAM 6549/7620MB (lfb 1x2MB) SWAP 597/5858MB (cached 0MB) CPU [13%@1510,11%@1510,13%@1510,10%@1510,46%@1190,78%@1190] GR3D_FREQ 66% cpu@53.406C soc2@51.968C soc0@50.5C gpu@52.625C tj@53.406C soc1@52.156C VDD_IN 6705mW/7296mW VDD_CPU_GPU_CV 1465mW/2045mW VDD_SOC 1782mW/1746mW
10-08-2026 21:29:14 RAM 6550/7620MB (lfb 1x2MB) SWAP 597/5858MB (cached 0MB) CPU [8%@1510,2%@1510,72%@1510,6%@1510,5%@729,13%@729] GR3D_FREQ 63% cpu@53.75C soc2@52.031C soc0@50.531C gpu@52.656C tj@53.406C soc1@52.125C VDD_IN 6666mW/7292mW VDD_CPU_GPU_CV 1505mW/2042mW VDD_SOC 1743mW/1746mW
10-08-2026 21:29:15 RAM 6550/7620MB (lfb 1x2MB) SWAP 597/5858MB (cached 0MB) CPU [38%@1510,5%@1510,52%@1510,7%@1510,6%@729,11%@729] GR3D_FREQ 42% cpu@53.406C soc2@52.125C soc0@50.531C gpu@52.625C tj@53.406C soc1@52.156C VDD_IN 6666mW/7288mW VDD_CPU_GPU_CV 1505mW/2039mW VDD_SOC 1743mW/1746mW
10-08-2026 21:29:16 RAM 6551/7620MB (lfb 1x2MB) SWAP 597/5858MB (cached 0MB) CPU [17%@729,9%@729,13%@729,8%@729,3%@1510,68%@1510] GR3D_FREQ 35% cpu@53.531C soc2@52C soc0@50.656C gpu@52.75C tj@53.531C soc1@52.031C VDD_IN 6705mW/7285mW VDD_CPU_GPU_CV 1545mW/2036mW VDD_SOC 1703mW/1745mW
10-08-2026 21:29:17 RAM 6550/7620MB (lfb 1x2MB) SWAP 597/5858MB (cached 0MB) CPU [7%@1510,1%@1510,15%@1510,6%@1510,3%@1510,80%@1510] GR3D_FREQ 39% cpu@53.656C soc2@52.156C soc0@50.406C gpu@52.781C tj@53.656C soc1@52.031C VDD_IN 6705mW/7281mW VDD_CPU_GPU_CV 1545mW/2033mW VDD_SOC 1745mW/1745mW
10-08-2026 21:29:18 RAM 6550/7620MB (lfb 1x2MB) SWAP 597/5858MB (cached 0MB) CPU [16%@729,2%@729,7%@729,6%@729,2%@1510,81%@1510] GR3D_FREQ 34% cpu@53.437C soc2@52.031C soc0@50.375C gpu@52.812C tj@53.437C soc1@52.062C VDD_IN 6705mW/7278mW VDD_CPU_GPU_CV 1545mW/2030mW VDD_SOC 1743mW/1745mW
10-08-2026 21:29:19 RAM 6550/7620MB (lfb 1x2MB) SWAP 597/5858MB (cached 0MB) CPU [9%@729,4%@1510,8%@1510,9%@1510,6%@1510,73%@1510] GR3D_FREQ 39% cpu@53.5C soc2@51.937C soc0@50.531C gpu@52.593C tj@53.5C soc1@52.156C VDD_IN 6745mW/7275mW VDD_CPU_GPU_CV 1545mW/2028mW VDD_SOC 1743mW/1745mW
10-08-2026 21:29:20 RAM 6551/7620MB (lfb 1x2MB) SWAP 597/5858MB (cached 0MB) CPU [13%@1510,5%@1510,7%@1510,8%@1510,0%@1510,81%@1510] GR3D_FREQ 33% cpu@53.5C soc2@52C soc0@50.531C gpu@52.562C tj@53.5C soc1@52.031C VDD_IN 6705mW/7272mW VDD_CPU_GPU_CV 1545mW/2025mW VDD_SOC 1743mW/1745mW
10-08-2026 21:29:21 RAM 6542/7620MB (lfb 2x1MB) SWAP 597/5858MB (cached 0MB) CPU [18%@1510,9%@1510,10%@1510,5%@1510,4%@729,66%@729] GR3D_FREQ 0% cpu@53.718C soc2@52C soc0@50.281C gpu@52.531C tj@53.718C soc1@52.031C VDD_IN 6467mW/7267mW VDD_CPU_GPU_CV 1426mW/2021mW VDD_SOC 1703mW/1745mW
10-08-2026 21:29:22 RAM 6427/7620MB (lfb 6x1MB) SWAP 597/5858MB (cached 0MB) CPU [46%@1510,35%@1510,40%@1510,37%@1510,56%@960,51%@960] GR3D_FREQ 31% cpu@53.375C soc2@52C soc0@50.343C gpu@52.781C tj@53.375C soc1@52.093C VDD_IN 6428mW/7263mW VDD_CPU_GPU_CV 1465mW/2018mW VDD_SOC 1663mW/1745mW
10-08-2026 21:29:23 RAM 6427/7620MB (lfb 6x1MB) SWAP 597/5858MB (cached 0MB) CPU [43%@1510,39%@1510,49%@1510,30%@1510,38%@729,47%@729] GR3D_FREQ 7% cpu@53.687C soc2@51.906C soc0@50.406C gpu@52.781C tj@53.687C soc1@52.156C VDD_IN 6547mW/7259mW VDD_CPU_GPU_CV 1584mW/2016mW VDD_SOC 1666mW/1744mW
10-08-2026 21:29:24 RAM 6389/7620MB (lfb 12x1MB) SWAP 597/5858MB (cached 0MB) CPU [37%@1510,28%@1510,28%@1510,43%@1510,67%@1510,46%@1510] GR3D_FREQ 5% cpu@54.062C soc2@52.187C soc0@50.187C gpu@52.906C tj@54.25C soc1@51.937C VDD_IN 7340mW/7259mW VDD_CPU_GPU_CV 2139mW/2017mW VDD_SOC 1745mW/1744mW
10-08-2026 21:29:25 RAM 6395/7620MB (lfb 12x1MB) SWAP 597/5858MB (cached 0MB) CPU [60%@1510,70%@1510,68%@1510,58%@1510,78%@806,72%@806] GR3D_FREQ 7% cpu@54.25C soc2@52.312C soc0@50.25C gpu@52.656C tj@54.25C soc1@52C VDD_IN 8293mW/7265mW VDD_CPU_GPU_CV 2891mW/2021mW VDD_SOC 1785mW/1744mW
10-08-2026 21:29:26 RAM 6509/7620MB (lfb 12x1MB) SWAP 597/5858MB (cached 0MB) CPU [57%@1344,63%@1344,65%@1344,56%@1344,71%@1510,75%@1510] GR3D_FREQ 21% cpu@54.468C soc2@52.437C soc0@50.531C gpu@52.843C tj@54.25C soc1@52.218C VDD_IN 9324mW/7276mW VDD_CPU_GPU_CV 3401mW/2029mW VDD_SOC 1980mW/1746mW
10-08-2026 21:29:27 RAM 6619/7620MB (lfb 12x1MB) SWAP 597/5858MB (cached 0MB) CPU [86%@1510,76%@1510,83%@1510,78%@1510,80%@1510,84%@1510] GR3D_FREQ 44% cpu@54.562C soc2@52.593C soc0@50.687C gpu@53.281C tj@54.718C soc1@52.343C VDD_IN 9959mW/7291mW VDD_CPU_GPU_CV 3909mW/2039mW VDD_SOC 2060mW/1747mW
10-08-2026 21:29:28 RAM 6699/7620MB (lfb 12x1MB) SWAP 597/5858MB (cached 0MB) CPU [52%@1510,67%@1510,62%@1510,60%@1510,55%@1344,61%@1344] GR3D_FREQ 70% cpu@54.343C soc2@52.656C soc0@50.593C gpu@53.312C tj@54.343C soc1@52.156C VDD_IN 9349mW/7302mW VDD_CPU_GPU_CV 3401mW/2047mW VDD_SOC 2020mW/1749mW
10-08-2026 21:29:29 RAM 6775/7620MB (lfb 12x1MB) SWAP 597/5858MB (cached 0MB) CPU [67%@1510,71%@1510,78%@1510,77%@1510,71%@1510,68%@1510] GR3D_FREQ 27% cpu@54.875C soc2@52.718C soc0@50.562C gpu@53.437C tj@54.875C soc1@52.187C VDD_IN 9920mW/7316mW VDD_CPU_GPU_CV 3830mW/2056mW VDD_SOC 2020mW/1750mW
10-08-2026 21:29:30 RAM 6864/7620MB (lfb 11x64kB) SWAP 597/5858MB (cached 0MB) CPU [76%@1497,81%@1497,84%@1497,73%@1497,88%@1510,83%@1510] GR3D_FREQ 73% cpu@54.468C soc2@53.031C soc0@50.781C gpu@53.156C tj@54.468C soc1@52.375C VDD_IN 9602mW/7328mW VDD_CPU_GPU_CV 3717mW/2065mW VDD_SOC 1941mW/1751mW
10-08-2026 21:29:31 RAM 6863/7620MB (lfb 2x128kB) SWAP 597/5858MB (cached 0MB) CPU [57%@1510,54%@1510,55%@1510,72%@1510,76%@1510,68%@1510] GR3D_FREQ 70% cpu@54.687C soc2@52.906C soc0@50.843C gpu@53.25C tj@54.687C soc1@52.625C VDD_IN 9626mW/7341mW VDD_CPU_GPU_CV 3672mW/2074mW VDD_SOC 1980mW/1753mW
10-08-2026 21:29:32 RAM 6600/7620MB (lfb 1x1MB) SWAP 597/5858MB (cached 0MB) CPU [80%@1510,69%@1510,81%@1510,89%@1510,79%@1420,82%@1420] GR3D_FREQ 50% cpu@54.687C soc2@53.093C soc0@50.875C gpu@53.312C tj@54.687C soc1@52.468C VDD_IN 9840mW/7354mW VDD_CPU_GPU_CV 3830mW/2083mW VDD_SOC 1980mW/1754mW
10-08-2026 21:29:33 RAM 6695/7620MB (lfb 3x1MB) SWAP 597/5858MB (cached 0MB) CPU [58%@1510,77%@1510,62%@1510,64%@1510,69%@1510,68%@1510] GR3D_FREQ 30% cpu@54.937C soc2@53.062C soc0@50.968C gpu@53.156C tj@54.937C soc1@52.437C VDD_IN 9507mW/7365mW VDD_CPU_GPU_CV 3559mW/2091mW VDD_SOC 1980mW/1755mW
10-08-2026 21:29:34 RAM 6496/7620MB (lfb 7x2MB) SWAP 597/5858MB (cached 0MB) CPU [70%@1510,74%@1510,63%@1510,72%@1510,82%@1267,69%@1267] GR3D_FREQ 45% cpu@54.781C soc2@53.031C soc0@51.062C gpu@53.187C tj@54.781C soc1@52.593C VDD_IN 9785mW/7378mW VDD_CPU_GPU_CV 3790mW/2100mW VDD_SOC 1980mW/1756mW
10-08-2026 21:29:35 RAM 6568/7620MB (lfb 7x2MB) SWAP 597/5858MB (cached 0MB) CPU [55%@1510,62%@1510,49%@1510,62%@1510,64%@1510,59%@1510] GR3D_FREQ 50% cpu@54.656C soc2@52.875C soc0@51.093C gpu@53.25C tj@54.656C soc1@52.687C VDD_IN 9086mW/7387mW VDD_CPU_GPU_CV 3282mW/2106mW VDD_SOC 1901mW/1757mW
10-08-2026 21:29:36 RAM 6692/7620MB (lfb 1x512kB) SWAP 597/5858MB (cached 0MB) CPU [41%@1510,46%@1510,51%@1510,82%@1510,62%@960,56%@960] GR3D_FREQ 49% cpu@54.25C soc2@52.937C soc0@51.125C gpu@53.375C tj@54.25C soc1@52.593C VDD_IN 8928mW/7395mW VDD_CPU_GPU_CV 3124mW/2111mW VDD_SOC 1941mW/1758mW
10-08-2026 21:29:37 RAM 6724/7620MB (lfb 1x512kB) SWAP 597/5858MB (cached 0MB) CPU [17%@1510,7%@1510,22%@1510,56%@1510,39%@729,40%@729] GR3D_FREQ 70% cpu@53.968C soc2@52.718C soc0@50.906C gpu@53.187C tj@53.968C soc1@52.531C VDD_IN 7301mW/7395mW VDD_CPU_GPU_CV 1938mW/2111mW VDD_SOC 1782mW/1758mW
10-08-2026 21:29:38 RAM 6726/7620MB (lfb 21x2MB) SWAP 597/5858MB (cached 0MB) CPU [15%@1510,10%@1510,47%@1510,41%@1510,10%@729,37%@729] GR3D_FREQ 73% cpu@54.218C soc2@52.562C soc0@50.906C gpu@53.125C tj@54.218C soc1@52.437C VDD_IN 6705mW/7391mW VDD_CPU_GPU_CV 1584mW/2108mW VDD_SOC 1703mW/1758mW
10-08-2026 21:29:39 RAM 6745/7620MB (lfb 18x2MB) SWAP 597/5858MB (cached 0MB) CPU [15%@1510,5%@1510,10%@1510,23%@1510,14%@1510,76%@1510] GR3D_FREQ 35% cpu@53.843C soc2@52.312C soc0@50.937C gpu@52.906C tj@53.843C soc1@52.625C VDD_IN 6745mW/7388mW VDD_CPU_GPU_CV 1545mW/2105mW VDD_SOC 1703mW/1757mW
10-08-2026 21:29:40 RAM 6745/7620MB (lfb 18x2MB) SWAP 597/5858MB (cached 0MB) CPU [14%@1510,9%@1510,5%@1510,5%@1510,14%@1510,81%@1510] GR3D_FREQ 27% cpu@54.031C soc2@52.281C soc0@50.937C gpu@52.875C tj@54.031C soc1@52.25C VDD_IN 6705mW/7384mW VDD_CPU_GPU_CV 1584mW/2102mW VDD_SOC 1663mW/1757mW
10-08-2026 21:29:41 RAM 6746/7620MB (lfb 18x2MB) SWAP 597/5858MB (cached 0MB) CPU [12%@1510,5%@1510,11%@1510,9%@1510,7%@1510,82%@1510] GR3D_FREQ 40% cpu@54.031C soc2@52.437C soc0@50.75C gpu@52.937C tj@54.031C soc1@52.437C VDD_IN 6745mW/7381mW VDD_CPU_GPU_CV 1584mW/2100mW VDD_SOC 1663mW/1756mW
10-08-2026 21:29:42 RAM 6746/7620MB (lfb 18x2MB) SWAP 597/5858MB (cached 0MB) CPU [10%@729,5%@729,16%@1510,11%@1510,0%@1510,82%@1510] GR3D_FREQ 34% cpu@53.812C soc2@52.25C soc0@50.718C gpu@52.937C tj@53.812C soc1@52.375C VDD_IN 6705mW/7378mW VDD_CPU_GPU_CV 1584mW/2097mW VDD_SOC 1706mW/1756mW
10-08-2026 21:29:43 RAM 6747/7620MB (lfb 17x2MB) SWAP 597/5858MB (cached 0MB) CPU [8%@729,9%@729,11%@729,6%@729,3%@1510,81%@1510] GR3D_FREQ 34% cpu@53.812C soc2@52.218C soc0@50.843C gpu@52.968C tj@53.812C soc1@52.468C VDD_IN 6745mW/7374mW VDD_CPU_GPU_CV 1584mW/2094mW VDD_SOC 1666mW/1756mW
10-08-2026 21:29:44 RAM 6747/7620MB (lfb 17x2MB) SWAP 597/5858MB (cached 0MB) CPU [18%@1510,7%@1510,9%@1510,5%@1510,16%@1510,65%@1510] GR3D_FREQ 31% cpu@53.906C soc2@52.25C soc0@50.781C gpu@53.062C tj@53.906C soc1@52.25C VDD_IN 6745mW/7371mW VDD_CPU_GPU_CV 1584mW/2092mW VDD_SOC 1663mW/1755mW
10-08-2026 21:29:45 RAM 6747/7620MB (lfb 17x2MB) SWAP 597/5858MB (cached 0MB) CPU [21%@729,4%@729,4%@729,10%@729,2%@1497,80%@1497] GR3D_FREQ 41% cpu@53.718C soc2@52.281C soc0@50.687C gpu@52.875C tj@53.718C soc1@52.312C VDD_IN 6705mW/7368mW VDD_CPU_GPU_CV 1584mW/2089mW VDD_SOC 1706mW/1755mW
10-08-2026 21:29:46 RAM 6747/7620MB (lfb 17x2MB) SWAP 597/5858MB (cached 0MB) CPU [22%@1510,5%@1510,7%@1510,8%@1510,7%@1510,79%@1510] GR3D_FREQ 63% cpu@53.906C soc2@52.187C soc0@50.75C gpu@52.812C tj@53.718C soc1@52.312C VDD_IN 6785mW/7365mW VDD_CPU_GPU_CV 1584mW/2087mW VDD_SOC 1703mW/1755mW
10-08-2026 21:29:47 RAM 6747/7620MB (lfb 17x2MB) SWAP 597/5858MB (cached 0MB) CPU [16%@729,12%@729,8%@729,7%@729,5%@1510,82%@1510] GR3D_FREQ 64% cpu@53.75C soc2@52.156C soc0@50.687C gpu@52.781C tj@53.75C soc1@52.343C VDD_IN 6745mW/7362mW VDD_CPU_GPU_CV 1584mW/2084mW VDD_SOC 1703mW/1755mW
10-08-2026 21:29:48 RAM 6747/7620MB (lfb 17x2MB) SWAP 597/5858MB (cached 0MB) CPU [13%@1510,15%@1510,6%@1510,12%@1510,9%@1510,76%@1510] GR3D_FREQ 38% cpu@53.781C soc2@52.25C soc0@50.781C gpu@52.75C tj@53.781C soc1@52.218C VDD_IN 6785mW/7359mW VDD_CPU_GPU_CV 1584mW/2082mW VDD_SOC 1703mW/1754mW
10-08-2026 21:29:49 RAM 6896/7620MB (lfb 1x1MB) SWAP 597/5858MB (cached 0MB) CPU [21%@960,38%@960,26%@960,20%@960,20%@1190,65%@1190] GR3D_FREQ 10% cpu@54.062C soc2@52.343C soc0@50.593C gpu@53C tj@54.062C soc1@52.218C VDD_IN 6944mW/7357mW VDD_CPU_GPU_CV 1861mW/2081mW VDD_SOC 1663mW/1754mW
10-08-2026 21:29:50 RAM 6903/7620MB (lfb 1x2MB) SWAP 597/5858MB (cached 0MB) CPU [44%@1510,26%@1510,42%@1510,40%@1510,45%@729,31%@729] GR3D_FREQ 0% cpu@53.593C soc2@52.093C soc0@50.531C gpu@53.031C tj@53.593C soc1@52.25C VDD_IN 6467mW/7353mW VDD_CPU_GPU_CV 1584mW/2078mW VDD_SOC 1584mW/1753mW
10-08-2026 21:29:51 RAM 6905/7620MB (lfb 1x2MB) SWAP 597/5858MB (cached 0MB) CPU [18%@1510,24%@1510,49%@1510,46%@1510,50%@729,39%@729] GR3D_FREQ 0% cpu@53.656C soc2@52.187C soc0@50.625C gpu@52.968C tj@53.656C soc1@52.281C VDD_IN 6229mW/7347mW VDD_CPU_GPU_CV 1426mW/2075mW VDD_SOC 1584mW/1752mW
10-08-2026 21:29:52 RAM 6906/7620MB (lfb 1x2MB) SWAP 597/5858MB (cached 0MB) CPU [39%@1510,44%@1510,36%@1510,45%@1510,47%@960,41%@960] GR3D_FREQ 0% cpu@53.812C soc2@52.187C soc0@50.687C gpu@52.687C tj@53.812C soc1@52.156C VDD_IN 6507mW/7343mW VDD_CPU_GPU_CV 1624mW/2073mW VDD_SOC 1584mW/1751mW
10-08-2026 21:29:53 RAM 6938/7620MB (lfb 3x64kB) SWAP 597/5858MB (cached 0MB) CPU [26%@1510,25%@1510,26%@1510,48%@1510,50%@1420,27%@1420] GR3D_FREQ 48% cpu@53.781C soc2@52.218C soc0@50.593C gpu@53C tj@53.781C soc1@52.187C VDD_IN 7102mW/7342mW VDD_CPU_GPU_CV 1822mW/2072mW VDD_SOC 1743mW/1751mW
10-08-2026 21:29:54 RAM 6939/7620MB (lfb 2x64kB) SWAP 597/5858MB (cached 0MB) CPU [24%@1510,39%@1510,30%@1510,8%@1510,33%@1344,50%@1344] GR3D_FREQ 63% cpu@53.625C soc2@52.25C soc0@50.687C gpu@53.093C tj@53.625C soc1@52.25C VDD_IN 7499mW/7343mW VDD_CPU_GPU_CV 2060mW/2072mW VDD_SOC 1822mW/1752mW
10-08-2026 21:29:55 RAM 6925/7620MB (lfb 15x256kB) SWAP 597/5858MB (cached 0MB) CPU [11%@729,14%@729,12%@729,7%@729,11%@1497,77%@1497] GR3D_FREQ 45% cpu@53.687C soc2@52.156C soc0@50.656C gpu@52.968C tj@53.687C soc1@52.125C VDD_IN 6705mW/7340mW VDD_CPU_GPU_CV 1584mW/2070mW VDD_SOC 1663mW/1751mW
10-08-2026 21:29:56 RAM 6864/7620MB (lfb 4x512kB) SWAP 597/5858MB (cached 0MB) CPU [18%@1510,14%@1510,18%@1510,14%@1510,11%@1497,65%@1497] GR3D_FREQ 53% cpu@53.718C soc2@52.156C soc0@50.468C gpu@53.062C tj@53.718C soc1@52.25C VDD_IN 6705mW/7337mW VDD_CPU_GPU_CV 1584mW/2067mW VDD_SOC 1703mW/1751mW
10-08-2026 21:29:57 RAM 6538/7620MB (lfb 1x2MB) SWAP 597/5858MB (cached 0MB) CPU [40%@1510,71%@1510,23%@1510,30%@1510,32%@1036,41%@1036] GR3D_FREQ 35% cpu@53.843C soc2@52.156C soc0@50.437C gpu@52.687C tj@53.843C soc1@52.281C VDD_IN 6586mW/7333mW VDD_CPU_GPU_CV 1505mW/2065mW VDD_SOC 1703mW/1751mW
10-08-2026 21:29:58 RAM 6577/7620MB (lfb 5x1MB) SWAP 597/5858MB (cached 0MB) CPU [52%@1510,34%@1510,46%@1510,42%@1510,46%@1510,51%@1510] GR3D_FREQ 0% cpu@54.343C soc2@52.187C soc0@50.437C gpu@52.656C tj@54.343C soc1@52.031C VDD_IN 6824mW/7331mW VDD_CPU_GPU_CV 1782mW/2063mW VDD_SOC 1703mW/1751mW
10-08-2026 21:29:59 RAM 6579/7620MB (lfb 5x1MB) SWAP 597/5858MB (cached 0MB) CPU [70%@1510,75%@1510,72%@1510,61%@1510,78%@1510,74%@1510] GR3D_FREQ 16% cpu@54.656C soc2@52.5C soc0@50.437C gpu@52.906C tj@54.468C soc1@52.156C VDD_IN 8570mW/7337mW VDD_CPU_GPU_CV 3085mW/2068mW VDD_SOC 1825mW/1751mW
10-08-2026 21:30:00 RAM 6638/7620MB (lfb 5x1MB) SWAP 597/5858MB (cached 0MB) CPU [79%@1510,65%@1510,70%@1510,67%@1510,75%@1510,67%@1510] GR3D_FREQ 61% cpu@54.875C soc2@52.562C soc0@50.625C gpu@53.187C tj@54.875C soc1@52.312C VDD_IN 8848mW/7344mW VDD_CPU_GPU_CV 3243mW/2073mW VDD_SOC 1861mW/1751mW
10-08-2026 21:30:01 RAM 6569/7620MB (lfb 2x2MB) SWAP 597/5858MB (cached 0MB) CPU [81%@1510,86%@1510,84%@1510,83%@1510,85%@1344,82%@1344] GR3D_FREQ 83% cpu@54.5C soc2@52.812C soc0@50.781C gpu@53.531C tj@54.5C soc1@52.531C VDD_IN 9800mW/7355mW VDD_CPU_GPU_CV 3836mW/2082mW VDD_SOC 1980mW/1752mW
10-08-2026 21:30:02 RAM 6701/7620MB (lfb 2x2MB) SWAP 597/5858MB (cached 0MB) CPU [21%@1510,23%@1510,62%@1510,49%@1510,25%@729,10%@729] GR3D_FREQ 48% cpu@53.875C soc2@52.593C soc0@50.875C gpu@53.5C tj@53.875C soc1@52.281C VDD_IN 8412mW/7360mW VDD_CPU_GPU_CV 2689mW/2084mW VDD_SOC 1901mW/1753mW
10-08-2026 21:30:03 RAM 6778/7620MB (lfb 2x2MB) SWAP 597/5858MB (cached 0MB) CPU [20%@1510,18%@1510,68%@1510,19%@1510,16%@1510,47%@1510] GR3D_FREQ 49% cpu@53.968C soc2@52.468C soc0@50.718C gpu@53.093C tj@53.968C soc1@52.25C VDD_IN 7697mW/7361mW VDD_CPU_GPU_CV 2214mW/2085mW VDD_SOC 1822mW/1753mW
10-08-2026 21:30:04 RAM 6870/7620MB (lfb 2x2MB) SWAP 597/5858MB (cached 0MB) CPU [41%@1510,27%@1510,6%@1510,10%@1510,75%@729,20%@729] GR3D_FREQ 50% cpu@53.75C soc2@52.406C soc0@50.781C gpu@53C tj@53.75C soc1@52.281C VDD_IN 7896mW/7364mW VDD_CPU_GPU_CV 2333mW/2086mW VDD_SOC 1861mW/1754mW
10-08-2026 21:30:05 RAM 6842/7620MB (lfb 3x2MB) SWAP 597/5858MB (cached 0MB) CPU [60%@1510,18%@1510,18%@1510,23%@1510,15%@729,34%@729] GR3D_FREQ 47% cpu@53.593C soc2@52.281C soc0@50.75C gpu@52.875C tj@53.593C soc1@52.375C VDD_IN 6626mW/7361mW VDD_CPU_GPU_CV 1465mW/2083mW VDD_SOC 1703mW/1754mW
10-08-2026 21:30:06 RAM 6843/7620MB (lfb 3x2MB) SWAP 597/5858MB (cached 0MB) CPU [21%@1510,66%@1510,15%@1510,9%@1510,6%@729,5%@729] GR3D_FREQ 30% cpu@53.656C soc2@52.25C soc0@50.75C gpu@52.812C tj@53.843C soc1@52.437C VDD_IN 6626mW/7357mW VDD_CPU_GPU_CV 1505mW/2081mW VDD_SOC 1663mW/1753mW
10-08-2026 21:30:07 RAM 6843/7620MB (lfb 3x2MB) SWAP 597/5858MB (cached 0MB) CPU [21%@1510,45%@1510,27%@1510,11%@1510,7%@729,8%@729] GR3D_FREQ 41% cpu@53.625C soc2@52.187C soc0@50.562C gpu@52.875C tj@53.625C soc1@52.156C VDD_IN 6626mW/7354mW VDD_CPU_GPU_CV 1545mW/2078mW VDD_SOC 1663mW/1753mW
10-08-2026 21:30:08 RAM 6843/7620MB (lfb 3x2MB) SWAP 597/5858MB (cached 0MB) CPU [11%@1510,10%@1510,34%@1510,55%@1510,7%@729,6%@729] GR3D_FREQ 34% cpu@53.781C soc2@52.187C soc0@50.5C gpu@52.687C tj@53.781C soc1@52.125C VDD_IN 6666mW/7351mW VDD_CPU_GPU_CV 1545mW/2076mW VDD_SOC 1663mW/1753mW
10-08-2026 21:30:09 RAM 6822/7620MB (lfb 4x2MB) SWAP 597/5858MB (cached 0MB) CPU [16%@1510,4%@1510,2%@1510,74%@1510,7%@1344,7%@1344] GR3D_FREQ 30% cpu@53.531C soc2@52.031C soc0@50.5C gpu@52.656C tj@53.531C soc1@52.156C VDD_IN 6626mW/7348mW VDD_CPU_GPU_CV 1545mW/2074mW VDD_SOC 1663mW/1752mW
10-08-2026 21:30:10 RAM 6864/7620MB (lfb 17x1MB) SWAP 597/5858MB (cached 0MB) CPU [42%@1510,41%@1510,41%@1510,49%@1510,26%@729,50%@729] GR3D_FREQ 30% cpu@53.718C soc2@52.093C soc0@50.562C gpu@52.593C tj@53.718C soc1@52.375C VDD_IN 6626mW/7344mW VDD_CPU_GPU_CV 1663mW/2072mW VDD_SOC 1624mW/1752mW
10-08-2026 21:30:11 RAM 6865/7620MB (lfb 17x1MB) SWAP 597/5858MB (cached 0MB) CPU [38%@1420,31%@1420,49%@1420,43%@1420,46%@1510,43%@1510] GR3D_FREQ 36% cpu@53.843C soc2@52.125C soc0@50.5C gpu@52.593C tj@53.843C soc1@52.093C VDD_IN 6547mW/7341mW VDD_CPU_GPU_CV 1584mW/2070mW VDD_SOC 1624mW/1751mW
10-08-2026 21:30:12 RAM 6895/7620MB (lfb 17x1MB) SWAP 597/5858MB (cached 0MB) CPU [58%@1510,62%@1510,58%@1510,63%@1510,66%@1190,77%@1190] GR3D_FREQ 0% cpu@54.468C soc2@52.468C soc0@50.468C gpu@52.75C tj@54.406C soc1@52.125C VDD_IN 8174mW/7345mW VDD_CPU_GPU_CV 2808mW/2073mW VDD_SOC 1785mW/1751mW
10-08-2026 21:30:13 RAM 6926/7620MB (lfb 17x1MB) SWAP 597/5858MB (cached 0MB) CPU [51%@1344,73%@1344,58%@1344,82%@1344,64%@1510,78%@1510] GR3D_FREQ 6% cpu@54.468C soc2@52.468C soc0@50.437C gpu@53.031C tj@54.468C soc1@52.25C VDD_IN 8253mW/7349mW VDD_CPU_GPU_CV 2891mW/2076mW VDD_SOC 1785mW/1751mW
10-08-2026 21:30:14 RAM 7043/7620MB (lfb 1x256kB) SWAP 597/5858MB (cached 0MB) CPU [75%@1510,69%@1510,76%@1510,74%@1510,75%@1510,65%@1510] GR3D_FREQ 41% cpu@54.375C soc2@52.906C soc0@50.781C gpu@53.156C tj@54.375C soc1@52.343C VDD_IN 9602mW/7358mW VDD_CPU_GPU_CV 3599mW/2083mW VDD_SOC 2020mW/1752mW
10-08-2026 21:30:15 RAM 7036/7620MB (lfb 7x128kB) SWAP 597/5858MB (cached 0MB) CPU [59%@1510,49%@1510,37%@1510,61%@1510,46%@729,36%@729] GR3D_FREQ 56% cpu@54C soc2@52.687C soc0@50.937C gpu@53.093C tj@54.125C soc1@52.312C VDD_IN 8769mW/7365mW VDD_CPU_GPU_CV 2966mW/2087mW VDD_SOC 1941mW/1753mW
10-08-2026 21:30:16 RAM 7045/7620MB (lfb 5x128kB) SWAP 597/5858MB (cached 0MB) CPU [19%@1510,37%@1510,56%@1510,25%@1510,27%@729,26%@729] GR3D_FREQ 56% cpu@53.968C soc2@52.718C soc0@50.875C gpu@53.062C tj@53.968C soc1@52.281C VDD_IN 8213mW/7368mW VDD_CPU_GPU_CV 2531mW/2089mW VDD_SOC 1901mW/1754mW
10-08-2026 21:30:17 RAM 6746/7620MB (lfb 2x2MB) SWAP 597/5858MB (cached 0MB) CPU [23%@883,76%@883,29%@883,33%@883,10%@1036,7%@1036] GR3D_FREQ 50% cpu@54.093C soc2@52.281C soc0@50.781C gpu@53.125C tj@54.093C soc1@52.437C VDD_IN 7380mW/7368mW VDD_CPU_GPU_CV 2056mW/2089mW VDD_SOC 1743mW/1754mW
10-08-2026 21:30:18 RAM 6555/7620MB (lfb 2x2MB) SWAP 597/5858MB (cached 0MB) CPU [12%@1510,19%@1510,16%@1510,37%@1510,9%@1510,31%@1510] GR3D_FREQ 58% cpu@53.718C soc2@52.218C soc0@50.718C gpu@53.062C tj@53.718C soc1@52.437C VDD_IN 6705mW/7365mW VDD_CPU_GPU_CV 1545mW/2086mW VDD_SOC 1666mW/1753mW
10-08-2026 21:30:19 RAM 6555/7620MB (lfb 2x2MB) SWAP 597/5858MB (cached 0MB) CPU [7%@1510,6%@1510,6%@1510,13%@1510,15%@1497,68%@1497] GR3D_FREQ 45% cpu@53.781C soc2@52.25C soc0@50.562C gpu@52.937C tj@53.781C soc1@52.187C VDD_IN 6666mW/7362mW VDD_CPU_GPU_CV 1545mW/2084mW VDD_SOC 1663mW/1753mW
10-08-2026 21:30:20 RAM 6556/7620MB (lfb 2x2MB) SWAP 597/5858MB (cached 0MB) CPU [8%@729,6%@729,4%@1510,13%@1510,1%@1510,80%@1510] GR3D_FREQ 37% cpu@53.843C soc2@52.093C soc0@50.625C gpu@52.75C tj@53.843C soc1@52.218C VDD_IN 6666mW/7359mW VDD_CPU_GPU_CV 1545mW/2082mW VDD_SOC 1663mW/1753mW
10-08-2026 21:30:21 RAM 6556/7620MB (lfb 2x2MB) SWAP 597/5858MB (cached 0MB) CPU [12%@1510,6%@1510,9%@1510,8%@1510,13%@1510,68%@1510] GR3D_FREQ 38% cpu@53.562C soc2@52.125C soc0@50.625C gpu@52.75C tj@53.562C soc1@52.25C VDD_IN 6705mW/7357mW VDD_CPU_GPU_CV 1545mW/2079mW VDD_SOC 1703mW/1753mW
10-08-2026 21:30:22 RAM 6556/7620MB (lfb 2x2MB) SWAP 597/5858MB (cached 0MB) CPU [17%@1510,4%@1510,3%@1510,6%@1510,2%@1510,80%@1510] GR3D_FREQ 33% cpu@53.687C soc2@52.187C soc0@50.75C gpu@52.781C tj@53.687C soc1@52.312C VDD_IN 6745mW/7354mW VDD_CPU_GPU_CV 1545mW/2077mW VDD_SOC 1743mW/1752mW
10-08-2026 21:30:23 RAM 6524/7620MB (lfb 4x2MB) SWAP 597/5858MB (cached 0MB) CPU [9%@806,5%@806,8%@729,7%@729,13%@1344,71%@1344] GR3D_FREQ 0% cpu@53.75C soc2@52.156C soc0@50.5C gpu@52.875C tj@53.75C soc1@52.125C VDD_IN 6666mW/7351mW VDD_CPU_GPU_CV 1505mW/2075mW VDD_SOC 1703mW/1752mW
10-08-2026 21:30:24 RAM 6629/7620MB (lfb 14x1MB) SWAP 597/5858MB (cached 0MB) CPU [30%@1510,33%@1510,30%@1510,44%@1510,57%@729,40%@729] GR3D_FREQ 0% cpu@53.625C soc2@52.093C soc0@50.468C gpu@52.968C tj@53.625C soc1@52.187C VDD_IN 6507mW/7348mW VDD_CPU_GPU_CV 1545mW/2073mW VDD_SOC 1663mW/1752mW
10-08-2026 21:30:25 RAM 6630/7620MB (lfb 14x1MB) SWAP 597/5858MB (cached 0MB) CPU [34%@1510,32%@1510,44%@1510,59%@1510,36%@883,22%@883] GR3D_FREQ 39% cpu@53.656C soc2@52.093C soc0@50.562C gpu@52.656C tj@53.656C soc1@52.25C VDD_IN 6507mW/7344mW VDD_CPU_GPU_CV 1584mW/2071mW VDD_SOC 1663mW/1752mW
10-08-2026 21:30:27 RAM 6642/7620MB (lfb 6x1MB) SWAP 597/5858MB (cached 0MB) CPU [50%@1510,40%@1510,43%@1510,53%@1510,50%@1510,53%@1510] GR3D_FREQ 32% cpu@54.437C soc2@52.312C soc0@50.562C gpu@52.968C tj@54.437C soc1@52.062C VDD_IN 7658mW/7346mW VDD_CPU_GPU_CV 2416mW/2072mW VDD_SOC 1745mW/1752mW
10-08-2026 21:30:28 RAM 6316/7620MB (lfb 11x2MB) SWAP 597/5858MB (cached 0MB) CPU [59%@1510,69%@1510,72%@1510,61%@1510,78%@1510,84%@1510] GR3D_FREQ 15% cpu@54.718C soc2@52.468C soc0@50.468C gpu@53.125C tj@54.718C soc1@52.187C VDD_IN 8610mW/7351mW VDD_CPU_GPU_CV 3124mW/2076mW VDD_SOC 1825mW/1752mW
10-08-2026 21:30:29 RAM 6352/7620MB (lfb 11x2MB) SWAP 597/5858MB (cached 0MB) CPU [38%@1510,45%@1510,52%@1510,71%@1510,37%@1344,40%@1344] GR3D_FREQ 27% cpu@53.75C soc2@52.187C soc0@50.593C gpu@53.093C tj@53.75C soc1@52.281C VDD_IN 7142mW/7350mW VDD_CPU_GPU_CV 1898mW/2076mW VDD_SOC 1743mW/1752mW
10-08-2026 21:30:30 RAM 6416/7620MB (lfb 11x2MB) SWAP 597/5858MB (cached 0MB) CPU [77%@1510,80%@1510,84%@1510,77%@1510,82%@1036,85%@1036] GR3D_FREQ 56% cpu@54.468C soc2@52.718C soc0@50.718C gpu@53.093C tj@54.468C soc1@52.437C VDD_IN 9721mW/7360mW VDD_CPU_GPU_CV 3717mW/2082mW VDD_SOC 2020mW/1753mW
10-08-2026 21:30:31 RAM 6520/7620MB (lfb 7x2MB) SWAP 597/5858MB (cached 0MB) CPU [56%@1510,57%@1510,70%@1510,60%@1510,66%@1267,58%@1267] GR3D_FREQ 0% cpu@54.718C soc2@52.812C soc0@50.781C gpu@53.093C tj@54.718C soc1@52.281C VDD_IN 9404mW/7368mW VDD_CPU_GPU_CV 3441mW/2088mW VDD_SOC 2020mW/1754mW
10-08-2026 21:30:32 RAM 6616/7620MB (lfb 7x2MB) SWAP 597/5858MB (cached 0MB) CPU [75%@1510,56%@1510,63%@1510,76%@1510,71%@1510,69%@1510] GR3D_FREQ 51% cpu@54.75C soc2@52.843C soc0@50.843C gpu@53.437C tj@54.75C soc1@52.375C VDD_IN 9721mW/7377mW VDD_CPU_GPU_CV 3757mW/2095mW VDD_SOC 1980mW/1755mW
10-08-2026 21:30:33 RAM 6719/7620MB (lfb 5x2MB) SWAP 597/5858MB (cached 0MB) CPU [82%@1510,75%@1510,79%@1510,79%@1510,85%@1510,72%@1510] GR3D_FREQ 78% cpu@54.656C soc2@53.156C soc0@50.906C gpu@53.656C tj@54.656C soc1@52.562C VDD_IN 9840mW/7387mW VDD_CPU_GPU_CV 3836mW/2102mW VDD_SOC 1980mW/1756mW
10-08-2026 21:30:34 RAM 6817/7620MB (lfb 5x2MB) SWAP 597/5858MB (cached 0MB) CPU [57%@1510,65%@1510,56%@1510,61%@1510,81%@1420,57%@1420] GR3D_FREQ 31% cpu@54.562C soc2@52.781C soc0@51.031C gpu@53.281C tj@54.562C soc1@52.5C VDD_IN 9388mW/7395mW VDD_CPU_GPU_CV 3480mW/2107mW VDD_SOC 1941mW/1757mW
10-08-2026 21:30:35 RAM 6925/7620MB (lfb 7x512kB) SWAP 597/5858MB (cached 0MB) CPU [53%@1510,66%@1510,69%@1510,61%@1510,64%@729,64%@729] GR3D_FREQ 61% cpu@54.5C soc2@53C soc0@50.968C gpu@53.312C tj@54.5C soc1@52.593C VDD_IN 9007mW/7402mW VDD_CPU_GPU_CV 3164mW/2111mW VDD_SOC 1941mW/1757mW
10-08-2026 21:30:36 RAM 6989/7620MB (lfb 2x256kB) SWAP 597/5858MB (cached 0MB) CPU [25%@1344,65%@1344,14%@1344,18%@1344,19%@806,43%@806] GR3D_FREQ 58% cpu@54.187C soc2@52.718C soc0@51.031C gpu@53.187C tj@54C soc1@52.531C VDD_IN 7856mW/7404mW VDD_CPU_GPU_CV 2333mW/2112mW VDD_SOC 1822mW/1758mW
10-08-2026 21:30:37 RAM 6989/7620MB (lfb 2x256kB) SWAP 597/5858MB (cached 0MB) CPU [17%@1510,23%@1510,21%@1510,38%@1510,22%@1510,58%@1510] GR3D_FREQ 53% cpu@53.906C soc2@52.593C soc0@51.093C gpu@53.218C tj@53.906C soc1@52.625C VDD_IN 7697mW/7405mW VDD_CPU_GPU_CV 2214mW/2113mW VDD_SOC 1822mW/1758mW
10-08-2026 21:30:38 RAM 6944/7620MB (lfb 7x2MB) SWAP 597/5858MB (cached 0MB) CPU [31%@1510,57%@1510,8%@1510,7%@1510,8%@729,11%@729] GR3D_FREQ 30% cpu@53.906C soc2@52.468C soc0@50.937C gpu@52.937C tj@53.906C soc1@52.593C VDD_IN 6824mW/7402mW VDD_CPU_GPU_CV 1624mW/2111mW VDD_SOC 1703mW/1758mW
10-08-2026 21:30:39 RAM 6945/7620MB (lfb 7x2MB) SWAP 597/5858MB (cached 0MB) CPU [4%@1510,81%@1510,6%@1510,3%@1510,6%@729,6%@729] GR3D_FREQ 40% cpu@53.906C soc2@52.437C soc0@50.843C gpu@52.875C tj@53.906C soc1@52.375C VDD_IN 6666mW/7400mW VDD_CPU_GPU_CV 1545mW/2108mW VDD_SOC 1663mW/1757mW
10-08-2026 21:30:40 RAM 6945/7620MB (lfb 7x2MB) SWAP 597/5858MB (cached 0MB) CPU [30%@1510,14%@1510,31%@1510,24%@1510,0%@729,6%@729] GR3D_FREQ 39% cpu@54.093C soc2@52.437C soc0@50.718C gpu@52.812C tj@54.093C soc1@52.343C VDD_IN 6666mW/7397mW VDD_CPU_GPU_CV 1545mW/2106mW VDD_SOC 1666mW/1757mW
10-08-2026 21:30:41 RAM 6945/7620MB (lfb 7x2MB) SWAP 597/5858MB (cached 0MB) CPU [34%@1510,39%@1510,20%@1510,8%@1510,2%@729,5%@729] GR3D_FREQ 32% cpu@53.75C soc2@52.343C soc0@50.687C gpu@52.843C tj@53.75C soc1@52.437C VDD_IN 6666mW/7394mW VDD_CPU_GPU_CV 1545mW/2104mW VDD_SOC 1663mW/1756mW
10-08-2026 21:30:42 RAM 6945/7620MB (lfb 7x2MB) SWAP 597/5858MB (cached 0MB) CPU [28%@1510,61%@1510,3%@1510,9%@1510,3%@729,6%@729] GR3D_FREQ 69% cpu@53.718C soc2@52.312C soc0@50.781C gpu@52.906C tj@53.718C soc1@52.437C VDD_IN 6666mW/7391mW VDD_CPU_GPU_CV 1545mW/2102mW VDD_SOC 1663mW/1756mW
10-08-2026 21:30:43 RAM 6950/7620MB (lfb 27x256kB) SWAP 597/5858MB (cached 0MB) CPU [50%@1190,39%@1190,43%@1510,32%@1510,29%@729,50%@729] GR3D_FREQ 41% cpu@53.906C soc2@52.218C soc0@50.75C gpu@53C tj@53.906C soc1@52.25C VDD_IN 6785mW/7389mW VDD_CPU_GPU_CV 1782mW/2101mW VDD_SOC 1624mW/1756mW
10-08-2026 21:30:44 RAM 6954/7620MB (lfb 5x512kB) SWAP 597/5858MB (cached 0MB) CPU [60%@729,50%@729,20%@729,42%@1510,38%@729,50%@729] GR3D_FREQ 31% cpu@53.781C soc2@52.375C soc0@50.562C gpu@52.937C tj@53.781C soc1@52.312C VDD_IN 6467mW/7385mW VDD_CPU_GPU_CV 1584mW/2099mW VDD_SOC 1584mW/1755mW
10-08-2026 21:30:45 RAM 6734/7620MB (lfb 14x512kB) SWAP 597/5858MB (cached 0MB) CPU [46%@1510,47%@1510,48%@1510,50%@1510,32%@1510,48%@1510] GR3D_FREQ 9% cpu@54.718C soc2@52.468C soc0@50.625C gpu@52.968C tj@54.718C soc1@52.312C VDD_IN 7182mW/7384mW VDD_CPU_GPU_CV 2099mW/2099mW VDD_SOC 1666mW/1755mW
10-08-2026 21:30:46 RAM 6742/7620MB (lfb 14x512kB) SWAP 597/5858MB (cached 0MB) CPU [50%@806,41%@806,46%@806,49%@806,55%@729,46%@729] GR3D_FREQ 10% cpu@53.75C soc2@52.312C soc0@50.687C gpu@53.031C tj@53.75C soc1@52.437C VDD_IN 6626mW/7381mW VDD_CPU_GPU_CV 1703mW/2097mW VDD_SOC 1584mW/1754mW
10-08-2026 21:30:47 RAM 6594/7620MB (lfb 1x2MB) SWAP 597/5858MB (cached 0MB) CPU [45%@729,33%@729,32%@729,27%@729,41%@1344,38%@1344] GR3D_FREQ 57% cpu@53.843C soc2@52.343C soc0@50.687C gpu@52.843C tj@53.843C soc1@52.25C VDD_IN 6864mW/7379mW VDD_CPU_GPU_CV 1743mW/2096mW VDD_SOC 1706mW/1754mW
10-08-2026 21:30:48 RAM 6697/7620MB (lfb 4x1MB) SWAP 597/5858MB (cached 0MB) CPU [24%@729,20%@729,14%@1510,27%@1510,42%@1510,60%@1510] GR3D_FREQ 32% cpu@53.937C soc2@52.437C soc0@50.75C gpu@53.093C tj@53.937C soc1@52.218C VDD_IN 7777mW/7381mW VDD_CPU_GPU_CV 2254mW/2096mW VDD_SOC 1822mW/1754mW
10-08-2026 21:30:49 RAM 6740/7620MB (lfb 4x1MB) SWAP 597/5858MB (cached 0MB) CPU [21%@1113,64%@1113,4%@1113,12%@1113,8%@729,51%@729] GR3D_FREQ 36% cpu@53.656C soc2@52.343C soc0@50.718C gpu@53.062C tj@53.656C soc1@52.312C VDD_IN 7102mW/7380mW VDD_CPU_GPU_CV 1861mW/2096mW VDD_SOC 1745mW/1754mW
10-08-2026 21:30:50 RAM 6740/7620MB (lfb 4x1MB) SWAP 597/5858MB (cached 0MB) CPU [17%@1510,9%@1510,5%@1510,75%@1510,3%@729,7%@729] GR3D_FREQ 66% cpu@53.687C soc2@52.187C soc0@50.718C gpu@52.781C tj@53.687C soc1@52.468C VDD_IN 6586mW/7377mW VDD_CPU_GPU_CV 1505mW/2093mW VDD_SOC 1663mW/1754mW
10-08-2026 21:30:51 RAM 6644/7620MB (lfb 1x2MB) SWAP 597/5858MB (cached 0MB) CPU [57%@1510,26%@1510,23%@1510,19%@1510,23%@1190,22%@1190] GR3D_FREQ 30% cpu@54.156C soc2@52.25C soc0@50.625C gpu@52.812C tj@54.156C soc1@52.187C VDD_IN 6864mW/7375mW VDD_CPU_GPU_CV 1822mW/2092mW VDD_SOC 1626mW/1753mW
10-08-2026 21:30:52 RAM 6649/7620MB (lfb 2x2MB) SWAP 597/5858MB (cached 0MB) CPU [18%@1113,49%@1113,31%@1113,43%@1113,47%@1113,37%@1113] GR3D_FREQ 9% cpu@53.593C soc2@52.187C soc0@50.625C gpu@52.718C tj@53.593C soc1@52.187C VDD_IN 6309mW/7371mW VDD_CPU_GPU_CV 1465mW/2090mW VDD_SOC 1584mW/1753mW
10-08-2026 21:30:53 RAM 6622/7620MB (lfb 1x2MB) SWAP 597/5858MB (cached 0MB) CPU [48%@1510,36%@1510,53%@1510,61%@1510,51%@960,60%@960] GR3D_FREQ 12% cpu@54.218C soc2@52.25C soc0@50.5C gpu@52.781C tj@54.218C soc1@52.218C VDD_IN 7221mW/7370mW VDD_CPU_GPU_CV 2139mW/2090mW VDD_SOC 1663mW/1752mW
10-08-2026 21:30:54 RAM 6623/7620MB (lfb 1x2MB) SWAP 597/5858MB (cached 0MB) CPU [66%@1510,66%@1510,59%@1510,67%@1510,82%@1510,84%@1510] GR3D_FREQ 10% cpu@54.562C soc2@52.5C soc0@50.656C gpu@53.093C tj@54.75C soc1@52.343C VDD_IN 8451mW/7374mW VDD_CPU_GPU_CV 3045mW/2094mW VDD_SOC 1745mW/1752mW
10-08-2026 21:30:55 RAM 6674/7620MB (lfb 15x1MB) SWAP 597/5858MB (cached 0MB) CPU [68%@1510,74%@1510,73%@1510,74%@1510,63%@1510,78%@1510] GR3D_FREQ 34% cpu@54.906C soc2@52.687C soc0@50.718C gpu@53.312C tj@54.781C soc1@52.375C VDD_IN 9404mW/7382mW VDD_CPU_GPU_CV 3599mW/2099mW VDD_SOC 1901mW/1753mW
10-08-2026 21:30:56 RAM 6681/7620MB (lfb 1x2MB) SWAP 597/5858MB (cached 0MB) CPU [83%@1510,82%@1510,83%@1510,86%@1510,84%@1510,82%@1510] GR3D_FREQ 38% cpu@54.875C soc2@52.875C soc0@50.812C gpu@53.437C tj@54.875C soc1@52.531C VDD_IN 10078mW/7392mW VDD_CPU_GPU_CV 4067mW/2106mW VDD_SOC 1980mW/1754mW
10-08-2026 21:30:57 RAM 6495/7620MB (lfb 7x2MB) SWAP 597/5858MB (cached 0MB) CPU [67%@1510,68%@1510,73%@1510,68%@1510,66%@1510,75%@1510] GR3D_FREQ 53% cpu@54.937C soc2@52.906C soc0@50.843C gpu@53.156C tj@54.937C soc1@52.375C VDD_IN 9824mW/7401mW VDD_CPU_GPU_CV 3790mW/2113mW VDD_SOC 1980mW/1754mW
10-08-2026 21:30:58 RAM 6564/7620MB (lfb 8x2MB) SWAP 597/5858MB (cached 0MB) CPU [61%@1510,56%@1510,94%@1510,56%@1510,46%@1510,52%@1510] GR3D_FREQ 53% cpu@54.625C soc2@52.875C soc0@50.937C gpu@53.312C tj@54.625C soc1@52.562C VDD_IN 8531mW/7405mW VDD_CPU_GPU_CV 2926mW/2116mW VDD_SOC 1822mW/1755mW
10-08-2026 21:30:59 RAM 6662/7620MB (lfb 8x2MB) SWAP 597/5858MB (cached 0MB) CPU [56%@1510,69%@1510,68%@1510,62%@1510,62%@1420,78%@1420] GR3D_FREQ 7% cpu@54.656C soc2@52.906C soc0@51.187C gpu@53.25C tj@54.656C soc1@52.406C VDD_IN 9404mW/7412mW VDD_CPU_GPU_CV 3480mW/2121mW VDD_SOC 1941mW/1755mW
10-08-2026 21:31:00 RAM 6777/7620MB (lfb 8x2MB) SWAP 597/5858MB (cached 0MB) CPU [70%@1510,51%@1510,53%@1510,54%@1510,63%@1344,75%@1344] GR3D_FREQ 48% cpu@54.593C soc2@53.062C soc0@51.031C gpu@53.281C tj@54.593C soc1@52.531C VDD_IN 9324mW/7419mW VDD_CPU_GPU_CV 3441mW/2125mW VDD_SOC 1941mW/1756mW
10-08-2026 21:31:01 RAM 6858/7620MB (lfb 8x2MB) SWAP 597/5858MB (cached 0MB) CPU [65%@729,17%@729,18%@729,43%@729,52%@729,32%@729] GR3D_FREQ 28% cpu@53.937C soc2@52.718C soc0@51.093C gpu@53.156C tj@53.937C soc1@52.468C VDD_IN 7816mW/7421mW VDD_CPU_GPU_CV 2333mW/2126mW VDD_SOC 1822mW/1756mW
10-08-2026 21:31:02 RAM 6943/7620MB (lfb 2x1MB) SWAP 597/5858MB (cached 0MB) CPU [23%@1510,10%@1510,23%@1510,60%@1510,50%@1510,19%@1510] GR3D_FREQ 48% cpu@54.031C soc2@52.687C soc0@51.125C gpu@53.437C tj@54.031C soc1@52.656C VDD_IN 7737mW/7422mW VDD_CPU_GPU_CV 2254mW/2127mW VDD_SOC 1822mW/1756mW
10-08-2026 21:31:03 RAM 7011/7620MB (lfb 4x128kB) SWAP 597/5858MB (cached 0MB) CPU [28%@1510,11%@1510,61%@1510,13%@1510,27%@729,38%@729] GR3D_FREQ 48% cpu@53.968C soc2@52.656C soc0@51.218C gpu@53.437C tj@53.968C soc1@52.406C VDD_IN 7658mW/7423mW VDD_CPU_GPU_CV 2175mW/2127mW VDD_SOC 1822mW/1757mW
10-08-2026 21:31:04 RAM 6983/7620MB (lfb 32x2MB) SWAP 597/5858MB (cached 0MB) CPU [14%@1510,62%@1510,23%@1510,12%@1510,6%@729,17%@729] GR3D_FREQ 68% cpu@54.187C soc2@52.5C soc0@50.843C gpu@53.25C tj@54.187C soc1@52.406C VDD_IN 6864mW/7421mW VDD_CPU_GPU_CV 1624mW/2125mW VDD_SOC 1703mW/1756mW
10-08-2026 21:31:05 RAM 6983/7620MB (lfb 32x2MB) SWAP 597/5858MB (cached 0MB) CPU [23%@1510,63%@1510,8%@1510,3%@1510,7%@1510,1%@1510] GR3D_FREQ 57% cpu@53.906C soc2@52.375C soc0@50.875C gpu@52.906C tj@53.906C soc1@52.531C VDD_IN 6666mW/7418mW VDD_CPU_GPU_CV 1545mW/2123mW VDD_SOC 1663mW/1756mW
10-08-2026 21:31:06 RAM 6983/7620MB (lfb 32x2MB) SWAP 597/5858MB (cached 0MB) CPU [13%@729,2%@729,6%@729,4%@729,2%@1497,78%@1497] GR3D_FREQ 45% cpu@53.687C soc2@52.312C soc0@50.875C gpu@52.937C tj@53.687C soc1@52.406C VDD_IN 6626mW/7415mW VDD_CPU_GPU_CV 1545mW/2121mW VDD_SOC 1663mW/1756mW
10-08-2026 21:31:07 RAM 6983/7620MB (lfb 32x2MB) SWAP 597/5858MB (cached 0MB) CPU [9%@1510,5%@1510,6%@1510,7%@1510,18%@1497,66%@1497] GR3D_FREQ 41% cpu@53.75C soc2@52.25C soc0@50.906C gpu@52.937C tj@53.75C soc1@52.343C VDD_IN 6666mW/7412mW VDD_CPU_GPU_CV 1545mW/2119mW VDD_SOC 1663mW/1755mW
10-08-2026 21:31:08 RAM 6983/7620MB (lfb 32x2MB) SWAP 597/5858MB (cached 0MB) CPU [5%@1510,10%@1510,46%@1510,4%@1510,6%@729,36%@729] GR3D_FREQ 36% cpu@53.687C soc2@52.343C soc0@50.718C gpu@52.937C tj@53.687C soc1@52.218C VDD_IN 6666mW/7410mW VDD_CPU_GPU_CV 1545mW/2117mW VDD_SOC 1663mW/1755mW
10-08-2026 21:31:09 RAM 7084/7620MB (lfb 5x2MB) SWAP 597/5858MB (cached 0MB) CPU [30%@1510,37%@1510,49%@1510,31%@1510,37%@729,20%@729] GR3D_FREQ 0% cpu@54.031C soc2@52.218C soc0@50.625C gpu@53.156C tj@54.031C soc1@52.375C VDD_IN 6507mW/7407mW VDD_CPU_GPU_CV 1545mW/2115mW VDD_SOC 1624mW/1755mW
10-08-2026 21:31:10 RAM 7086/7620MB (lfb 5x2MB) SWAP 597/5858MB (cached 0MB) CPU [34%@1113,28%@1113,43%@1113,39%@1113,37%@729,49%@729] GR3D_FREQ 24% cpu@53.781C soc2@52.25C soc0@50.687C gpu@53.187C tj@53.781C soc1@52.406C VDD_IN 6309mW/7403mW VDD_CPU_GPU_CV 1465mW/2113mW VDD_SOC 1584mW/1754mW
10-08-2026 21:31:11 RAM 7115/7620MB (lfb 1x2MB) SWAP 597/5858MB (cached 0MB) CPU [54%@1510,42%@1510,57%@1510,46%@1510,52%@1510,72%@1510] GR3D_FREQ 28% cpu@54.375C soc2@52.437C soc0@50.687C gpu@53.218C tj@54.375C soc1@52.281C VDD_IN 7658mW/7404mW VDD_CPU_GPU_CV 2491mW/2114mW VDD_SOC 1706mW/1754mW
10-08-2026 21:31:12 RAM 7095/7620MB (lfb 1x2MB) SWAP 597/5858MB (cached 0MB) CPU [69%@1267,72%@1267,60%@1267,70%@1267,66%@1510,69%@1510] GR3D_FREQ 18% cpu@54.687C soc2@52.656C soc0@50.593C gpu@53C tj@54.687C soc1@52.312C VDD_IN 8253mW/7407mW VDD_CPU_GPU_CV 2926mW/2117mW VDD_SOC 1745mW/1754mW
10-08-2026 21:31:13 RAM 6914/7620MB (lfb 9x512kB) SWAP 597/5858MB (cached 0MB) CPU [71%@1510,72%@1510,73%@1510,74%@1510,77%@1510,78%@1510] GR3D_FREQ 60% cpu@54.75C soc2@52.781C soc0@50.812C gpu@53.156C tj@54.75C soc1@52.468C VDD_IN 9364mW/7413mW VDD_CPU_GPU_CV 3599mW/2122mW VDD_SOC 1901mW/1754mW
10-08-2026 21:31:14 RAM 6852/7620MB (lfb 1x1MB) SWAP 597/5858MB (cached 0MB) CPU [83%@1510,84%@1510,79%@1510,88%@1510,82%@1510,89%@1510] GR3D_FREQ 52% cpu@55.031C soc2@52.937C soc0@51.031C gpu@53.656C tj@55.031C soc1@52.593C VDD_IN 10118mW/7423mW VDD_CPU_GPU_CV 4067mW/2129mW VDD_SOC 1980mW/1755mW
10-08-2026 21:31:15 RAM 6929/7620MB (lfb 1x1MB) SWAP 597/5858MB (cached 0MB) CPU [86%@1510,87%@1510,83%@1510,87%@1510,86%@1344,76%@1344] GR3D_FREQ 29% cpu@55.156C soc2@53.25C soc0@50.968C gpu@53.281C tj@55.156C soc1@52.531C VDD_IN 10220mW/7432mW VDD_CPU_GPU_CV 4146mW/2136mW VDD_SOC 2020mW/1756mW
10-08-2026 21:31:16 RAM 6955/7620MB (lfb 1x1MB) SWAP 597/5858MB (cached 0MB) CPU [76%@1510,78%@1510,73%@1510,85%@1510,78%@729,89%@729] GR3D_FREQ 48% cpu@55.031C soc2@53.218C soc0@51.031C gpu@53.468C tj@55.031C soc1@52.625C VDD_IN 9840mW/7441mW VDD_CPU_GPU_CV 3830mW/2141mW VDD_SOC 1980mW/1757mW
10-08-2026 21:31:17 RAM 7054/7620MB (lfb 1x1MB) SWAP 597/5858MB (cached 0MB) CPU [61%@1510,67%@1510,51%@1510,63%@1510,68%@1510,63%@1510] GR3D_FREQ 42% cpu@54.843C soc2@53.125C soc0@51.218C gpu@53.343C tj@54.843C soc1@52.812C VDD_IN 9324mW/7447mW VDD_CPU_GPU_CV 3441mW/2146mW VDD_SOC 1941mW/1758mW
10-08-2026 21:31:18 RAM 7147/7620MB (lfb 1x1MB) SWAP 597/5858MB (cached 0MB) CPU [37%@729,41%@729,32%@729,53%@729,74%@1510,39%@1510] GR3D_FREQ 46% cpu@54.343C soc2@52.906C soc0@51.343C gpu@53.281C tj@54.343C soc1@52.625C VDD_IN 8332mW/7450mW VDD_CPU_GPU_CV 2689mW/2148mW VDD_SOC 1861mW/1758mW
10-08-2026 21:31:19 RAM 7170/7620MB (lfb 1953x32kB) SWAP 597/5858MB (cached 0MB) CPU [19%@1510,9%@1510,31%@1510,26%@1510,72%@1420,22%@1420] GR3D_FREQ 55% cpu@54.375C soc2@52.906C soc0@51.093C gpu@53.218C tj@54.375C soc1@52.625C VDD_IN 7697mW/7451mW VDD_CPU_GPU_CV 2175mW/2148mW VDD_SOC 1822mW/1758mW
10-08-2026 21:31:20 RAM 7166/7620MB (lfb 161x64kB) SWAP 597/5858MB (cached 0MB) CPU [20%@1510,20%@1510,39%@1510,17%@1510,47%@729,52%@729] GR3D_FREQ 73% cpu@53.968C soc2@52.687C soc0@51.125C gpu@53.343C tj@53.968C soc1@52.656C VDD_IN 7618mW/7452mW VDD_CPU_GPU_CV 2135mW/2148mW VDD_SOC 1822mW/1758mW
10-08-2026 21:31:21 RAM 6871/7620MB (lfb 2x2MB) SWAP 598/5858MB (cached 0MB) CPU [26%@1510,55%@1510,35%@1510,33%@1510,21%@729,8%@729] GR3D_FREQ 69% cpu@54.062C soc2@52.718C soc0@51.218C gpu@53.281C tj@54.062C soc1@52.718C VDD_IN 7420mW/7452mW VDD_CPU_GPU_CV 2017mW/2147mW VDD_SOC 1782mW/1758mW
10-08-2026 21:31:22 RAM 6877/7620MB (lfb 2x2MB) SWAP 598/5858MB (cached 0MB) CPU [8%@1510,21%@1510,37%@1510,37%@1510,7%@729,8%@729] GR3D_FREQ 38% cpu@53.875C soc2@52.656C soc0@51.156C gpu@53.25C tj@54.062C soc1@52.75C VDD_IN 6785mW/7449mW VDD_CPU_GPU_CV 1584mW/2145mW VDD_SOC 1703mW/1758mW
10-08-2026 21:31:23 RAM 6877/7620MB (lfb 2x2MB) SWAP 598/5858MB (cached 0MB) CPU [26%@1510,52%@1510,5%@1510,10%@1510,1%@729,5%@729] GR3D_FREQ 38% cpu@53.906C soc2@52.656C soc0@50.937C gpu@53.187C tj@53.906C soc1@52.531C VDD_IN 6705mW/7447mW VDD_CPU_GPU_CV 1545mW/2143mW VDD_SOC 1663mW/1758mW
10-08-2026 21:31:24 RAM 6877/7620MB (lfb 2x2MB) SWAP 598/5858MB (cached 0MB) CPU [21%@1510,16%@1510,4%@1510,8%@1510,22%@1510,42%@1510] GR3D_FREQ 35% cpu@54.187C soc2@52.531C soc0@50.875C gpu@52.968C tj@54.187C soc1@52.531C VDD_IN 6666mW/7444mW VDD_CPU_GPU_CV 1545mW/2141mW VDD_SOC 1666mW/1758mW
10-08-2026 21:31:25 RAM 6877/7620MB (lfb 2x2MB) SWAP 598/5858MB (cached 0MB) CPU [13%@729,11%@729,7%@729,7%@729,48%@1510,37%@1510] GR3D_FREQ 38% cpu@53.906C soc2@52.5C soc0@50.906C gpu@52.968C tj@53.906C soc1@52.593C VDD_IN 6666mW/7442mW VDD_CPU_GPU_CV 1545mW/2139mW VDD_SOC 1666mW/1757mW
10-08-2026 21:31:26 RAM 6580/7620MB (lfb 43x1MB) SWAP 598/5858MB (cached 0MB) CPU [27%@1510,47%@1510,28%@1510,29%@1510,38%@1510,55%@1510] GR3D_FREQ 5% cpu@54.687C soc2@52.593C soc0@50.875C gpu@52.968C tj@54.687C soc1@52.718C VDD_IN 7459mW/7442mW VDD_CPU_GPU_CV 2258mW/2140mW VDD_SOC 1666mW/1757mW
10-08-2026 21:31:27 RAM 6582/7620MB (lfb 49x1MB) SWAP 598/5858MB (cached 0MB) CPU [27%@1510,41%@1510,29%@1510,56%@1510,54%@1510,60%@1510] GR3D_FREQ 0% cpu@54.156C soc2@52.5C soc0@50.75C gpu@53.187C tj@54.156C soc1@52.5C VDD_IN 6666mW/7439mW VDD_CPU_GPU_CV 1743mW/2138mW VDD_SOC 1624mW/1757mW
10-08-2026 21:31:28 RAM 6604/7620MB (lfb 49x1MB) SWAP 598/5858MB (cached 0MB) CPU [48%@1510,55%@1510,68%@1510,51%@1510,59%@1267,56%@1267] GR3D_FREQ 12% cpu@54.656C soc2@52.593C soc0@50.843C gpu@53.156C tj@54.656C soc1@52.531C VDD_IN 7816mW/7440mW VDD_CPU_GPU_CV 2535mW/2140mW VDD_SOC 1706mW/1756mW
10-08-2026 21:31:29 RAM 6607/7620MB (lfb 49x1MB) SWAP 598/5858MB (cached 0MB) CPU [62%@1510,73%@1510,73%@1510,66%@1510,78%@1497,75%@1497] GR3D_FREQ 7% cpu@54.75C soc2@52.718C soc0@50.937C gpu@53.375C tj@54.75C soc1@52.625C VDD_IN 8412mW/7444mW VDD_CPU_GPU_CV 3050mW/2143mW VDD_SOC 1745mW/1756mW
10-08-2026 21:31:30 RAM 6721/7620MB (lfb 46x1MB) SWAP 598/5858MB (cached 0MB) CPU [62%@1113,44%@1113,56%@1510,57%@1510,63%@1510,64%@1510] GR3D_FREQ 70% cpu@54.718C soc2@52.937C soc0@51.125C gpu@53.312C tj@54.718C soc1@52.562C VDD_IN 9126mW/7449mW VDD_CPU_GPU_CV 3282mW/2146mW VDD_SOC 1901mW/1757mW
10-08-2026 21:31:31 RAM 6826/7620MB (lfb 46x1MB) SWAP 598/5858MB (cached 0MB) CPU [28%@1510,43%@1510,33%@1510,17%@1510,8%@1510,79%@1510] GR3D_FREQ 33% cpu@54.343C soc2@52.781C soc0@51.031C gpu@53.25C tj@54.343C soc1@52.593C VDD_IN 8055mW/7451mW VDD_CPU_GPU_CV 2452mW/2147mW VDD_SOC 1861mW/1757mW
10-08-2026 21:31:32 RAM 6889/7620MB (lfb 46x1MB) SWAP 598/5858MB (cached 0MB) CPU [18%@1510,30%@1510,47%@1510,22%@1510,5%@1497,71%@1497] GR3D_FREQ 40% cpu@54.062C soc2@52.625C soc0@51.093C gpu@53.375C tj@54.062C soc1@52.593C VDD_IN 7618mW/7452mW VDD_CPU_GPU_CV 2096mW/2147mW VDD_SOC 1822mW/1757mW
10-08-2026 21:31:33 RAM 6761/7620MB (lfb 2x2MB) SWAP 598/5858MB (cached 0MB) CPU [11%@729,15%@1510,24%@1510,15%@1510,9%@1497,74%@1497] GR3D_FREQ 35% cpu@53.968C soc2@52.562C soc0@51.093C gpu@53.25C tj@53.968C soc1@52.656C VDD_IN 6745mW/7449mW VDD_CPU_GPU_CV 1545mW/2145mW VDD_SOC 1706mW/1757mW
10-08-2026 21:31:34 RAM 6760/7620MB (lfb 2x2MB) SWAP 598/5858MB (cached 0MB) CPU [7%@1510,6%@1510,7%@1510,5%@1510,1%@1510,80%@1510] GR3D_FREQ 37% cpu@54.062C soc2@52.468C soc0@50.781C gpu@53.062C tj@54.062C soc1@52.437C VDD_IN 6666mW/7447mW VDD_CPU_GPU_CV 1545mW/2143mW VDD_SOC 1666mW/1757mW
10-08-2026 21:31:35 RAM 6761/7620MB (lfb 2x2MB) SWAP 598/5858MB (cached 0MB) CPU [6%@1510,5%@1510,9%@1510,7%@1510,25%@1497,59%@1497] GR3D_FREQ 63% cpu@53.875C soc2@52.468C soc0@50.843C gpu@53.031C tj@53.875C soc1@52.5C VDD_IN 6626mW/7444mW VDD_CPU_GPU_CV 1545mW/2141mW VDD_SOC 1666mW/1757mW
10-08-2026 21:31:36 RAM 6761/7620MB (lfb 2x2MB) SWAP 598/5858MB (cached 0MB) CPU [16%@729,8%@729,5%@729,7%@729,1%@1497,80%@1497] GR3D_FREQ 55% cpu@54.125C soc2@52.437C soc0@50.906C gpu@52.968C tj@54.125C soc1@52.5C VDD_IN 6626mW/7441mW VDD_CPU_GPU_CV 1545mW/2140mW VDD_SOC 1663mW/1756mW
10-08-2026 21:31:37 RAM 6731/7620MB (lfb 51x1MB) SWAP 598/5858MB (cached 0MB) CPU [13%@1497,11%@1497,8%@1497,7%@1497,1%@1267,72%@1267] GR3D_FREQ 0% cpu@53.781C soc2@52.437C soc0@50.843C gpu@53.187C tj@53.781C soc1@52.593C VDD_IN 6428mW/7438mW VDD_CPU_GPU_CV 1426mW/2137mW VDD_SOC 1626mW/1756mW
10-08-2026 21:31:38 RAM 6623/7620MB (lfb 3x2MB) SWAP 598/5858MB (cached 0MB) CPU [34%@1190,52%@1190,35%@1190,38%@1190,38%@960,43%@960] GR3D_FREQ 6% cpu@53.937C soc2@52.375C soc0@50.875C gpu@53.218C tj@53.937C soc1@52.343C VDD_IN 6428mW/7435mW VDD_CPU_GPU_CV 1545mW/2135mW VDD_SOC 1584mW/1755mW
10-08-2026 21:31:39 RAM 6185/7620MB (lfb 14x2MB) SWAP 598/5858MB (cached 0MB) CPU [41%@1510,26%@1510,40%@1510,49%@1510,28%@729,47%@729] GR3D_FREQ 35% cpu@53.906C soc2@52.437C soc0@50.687C gpu@53.187C tj@53.906C soc1@52.375C VDD_IN 6229mW/7431mW VDD_CPU_GPU_CV 1426mW/2133mW VDD_SOC 1584mW/1755mW
10-08-2026 21:31:40 RAM 6237/7620MB (lfb 10x2MB) SWAP 598/5858MB (cached 0MB) CPU [46%@1344,47%@1344,52%@1344,58%@1344,53%@1190,53%@1190] GR3D_FREQ 0% cpu@54.312C soc2@52.5C soc0@50.75C gpu@53C tj@54.312C soc1@52.437C VDD_IN 7459mW/7431mW VDD_CPU_GPU_CV 2297mW/2134mW VDD_SOC 1666mW/1754mW
10-08-2026 21:31:41 RAM 6341/7620MB (lfb 10x2MB) SWAP 598/5858MB (cached 0MB) CPU [64%@1510,51%@1510,56%@1510,66%@1510,70%@1420,71%@1420] GR3D_FREQ 58% cpu@54.406C soc2@52.812C soc0@50.843C gpu@53.375C tj@54.406C soc1@52.375C VDD_IN 8491mW/7435mW VDD_CPU_GPU_CV 3005mW/2136mW VDD_SOC 1822mW/1755mW
10-08-2026 21:31:42 RAM 6469/7620MB (lfb 10x2MB) SWAP 598/5858MB (cached 0MB) CPU [47%@1510,44%@1510,82%@1510,50%@1510,54%@1267,65%@1267] GR3D_FREQ 55% cpu@54.562C soc2@52.937C soc0@50.875C gpu@53.593C tj@54.562C soc1@52.562C VDD_IN 9285mW/7440mW VDD_CPU_GPU_CV 3401mW/2140mW VDD_SOC 1941mW/1755mW
10-08-2026 21:31:43 RAM 6574/7620MB (lfb 6x2MB) SWAP 598/5858MB (cached 0MB) CPU [67%@1510,77%@1510,76%@1510,70%@1510,69%@1510,65%@1510] GR3D_FREQ 61% cpu@54.781C soc2@53.031C soc0@51.031C gpu@53.625C tj@54.781C soc1@52.625C VDD_IN 9443mW/7447mW VDD_CPU_GPU_CV 3559mW/2145mW VDD_SOC 1941mW/1756mW
10-08-2026 21:31:44 RAM 6667/7620MB (lfb 6x2MB) SWAP 598/5858MB (cached 0MB) CPU [51%@1510,78%@1510,60%@1510,64%@1510,62%@1190,58%@1190] GR3D_FREQ 75% cpu@54.625C soc2@53C soc0@51.187C gpu@53.781C tj@54.625C soc1@52.656C VDD_IN 9547mW/7453mW VDD_CPU_GPU_CV 3553mW/2149mW VDD_SOC 1980mW/1757mW
10-08-2026 21:31:45 RAM 6734/7620MB (lfb 6x2MB) SWAP 598/5858MB (cached 0MB) CPU [68%@1510,74%@1510,58%@1510,58%@1510,64%@1420,71%@1420] GR3D_FREQ 23% cpu@55C soc2@53C soc0@51.125C gpu@53.343C tj@55C soc1@52.781C VDD_IN 8888mW/7458mW VDD_CPU_GPU_CV 3282mW/2153mW VDD_SOC 1861mW/1757mW
10-08-2026 21:31:46 RAM 6821/7620MB (lfb 6x2MB) SWAP 598/5858MB (cached 0MB) CPU [61%@1267,61%@1267,57%@1510,68%@1510,58%@1497,46%@1497] GR3D_FREQ 61% cpu@54.843C soc2@53.156C soc0@51.312C gpu@53.5C tj@54.843C soc1@52.625C VDD_IN 9086mW/7463mW VDD_CPU_GPU_CV 3282mW/2156mW VDD_SOC 1901mW/1757mW
10-08-2026 21:31:47 RAM 6940/7620MB (lfb 4x2MB) SWAP 598/5858MB (cached 0MB) CPU [67%@1113,58%@1113,50%@1113,59%@1113,56%@1510,76%@1510] GR3D_FREQ 50% cpu@54.625C soc2@53.218C soc0@51.187C gpu@53.562C tj@54.625C soc1@52.687C VDD_IN 9428mW/7469mW VDD_CPU_GPU_CV 3520mW/2161mW VDD_SOC 1980mW/1758mW
10-08-2026 21:31:48 RAM 6963/7620MB (lfb 4x2MB) SWAP 598/5858MB (cached 0MB) CPU [42%@1510,55%@1510,49%@1510,46%@1510,57%@729,35%@729] GR3D_FREQ 0% cpu@54.875C soc2@52.843C soc0@51.062C gpu@53.281C tj@54.875C soc1@52.656C VDD_IN 7023mW/7468mW VDD_CPU_GPU_CV 1977mW/2160mW VDD_SOC 1663mW/1758mW
10-08-2026 21:31:49 RAM 7074/7620MB (lfb 2x256kB) SWAP 598/5858MB (cached 0MB) CPU [59%@1510,52%@1510,59%@1510,52%@1510,76%@883,53%@883] GR3D_FREQ 50% cpu@54.718C soc2@53.156C soc0@51.343C gpu@53.343C tj@54.718C soc1@52.812C VDD_IN 8967mW/7472mW VDD_CPU_GPU_CV 3164mW/2163mW VDD_SOC 1901mW/1758mW
10-08-2026 21:31:50 RAM 7133/7620MB (lfb 6x128kB) SWAP 598/5858MB (cached 0MB) CPU [72%@1497,70%@1497,73%@1497,65%@1497,74%@1510,72%@1510] GR3D_FREQ 33% cpu@55.406C soc2@53.187C soc0@51.281C gpu@53.406C tj@55.406C soc1@52.75C VDD_IN 9983mW/7480mW VDD_CPU_GPU_CV 3909mW/2168mW VDD_SOC 2020mW/1759mW
10-08-2026 21:31:51 RAM 7140/7620MB (lfb 6x128kB) SWAP 598/5858MB (cached 0MB) CPU [45%@1036,46%@1036,44%@1510,42%@1510,39%@729,44%@729] GR3D_FREQ 76% cpu@54.281C soc2@52.875C soc0@51.25C gpu@53.156C tj@54.281C soc1@52.843C VDD_IN 7023mW/7479mW VDD_CPU_GPU_CV 1938mW/2168mW VDD_SOC 1663mW/1759mW
10-08-2026 21:31:52 RAM 7146/7620MB (lfb 6x128kB) SWAP 597/5858MB (cached 0MB) CPU [60%@1510,52%@1510,48%@1510,51%@1510,67%@883,42%@883] GR3D_FREQ 61% cpu@54.687C soc2@53.156C soc0@51.406C gpu@53.406C tj@54.687C soc1@52.687C VDD_IN 8888mW/7483mW VDD_CPU_GPU_CV 3085mW/2171mW VDD_SOC 1901mW/1759mW
10-08-2026 21:31:53 RAM 7146/7620MB (lfb 6x128kB) SWAP 597/5858MB (cached 0MB) CPU [64%@1510,41%@1510,60%@1510,32%@1510,58%@1497,55%@1497] GR3D_FREQ 1% cpu@54.812C soc2@53.031C soc0@51.218C gpu@53.468C tj@54.812C soc1@52.812C VDD_IN 8055mW/7485mW VDD_CPU_GPU_CV 2570mW/2172mW VDD_SOC 1782mW/1759mW
10-08-2026 21:31:54 RAM 7150/7620MB (lfb 6x128kB) SWAP 597/5858MB (cached 0MB) CPU [16%@883,48%@806,29%@806,34%@806,44%@1267,21%@1267] GR3D_FREQ 40% cpu@54.093C soc2@52.968C soc0@51.218C gpu@53.375C tj@54.093C soc1@52.75C VDD_IN 7182mW/7484mW VDD_CPU_GPU_CV 1822mW/2171mW VDD_SOC 1743mW/1759mW
10-08-2026 21:31:55 RAM 7093/7620MB (lfb 5x2MB) SWAP 597/5858MB (cached 0MB) CPU [12%@729,16%@729,12%@1510,33%@1510,36%@1497,60%@1497] GR3D_FREQ 42% cpu@54.156C soc2@52.687C soc0@51.281C gpu@53.156C tj@54.156C soc1@52.781C VDD_IN 6983mW/7482mW VDD_CPU_GPU_CV 1700mW/2169mW VDD_SOC 1743mW/1759mW
10-08-2026 21:31:56 RAM 7103/7620MB (lfb 5x2MB) SWAP 597/5858MB (cached 0MB) CPU [35%@1510,25%@1510,19%@1510,20%@1510,12%@729,30%@729] GR3D_FREQ 39% cpu@53.937C soc2@52.718C soc0@51.25C gpu@53.187C tj@54.156C soc1@52.812C VDD_IN 6785mW/7480mW VDD_CPU_GPU_CV 1584mW/2168mW VDD_SOC 1703mW/1759mW
10-08-2026 21:31:57 RAM 7103/7620MB (lfb 5x2MB) SWAP 597/5858MB (cached 0MB) CPU [51%@729,7%@1510,24%@1510,15%@1510,16%@1510,5%@1510] GR3D_FREQ 38% cpu@53.937C soc2@52.656C soc0@51.093C gpu@53.343C tj@53.937C soc1@52.562C VDD_IN 6705mW/7478mW VDD_CPU_GPU_CV 1545mW/2166mW VDD_SOC 1663mW/1759mW
10-08-2026 21:31:58 RAM 7103/7620MB (lfb 5x2MB) SWAP 597/5858MB (cached 0MB) CPU [9%@1510,8%@1510,8%@1510,18%@1510,34%@1510,49%@1510] GR3D_FREQ 30% cpu@54C soc2@52.562C soc0@51.093C gpu@53.218C tj@54C soc1@52.625C VDD_IN 6705mW/7475mW VDD_CPU_GPU_CV 1584mW/2164mW VDD_SOC 1703mW/1758mW
10-08-2026 21:31:59 RAM 7103/7620MB (lfb 5x2MB) SWAP 597/5858MB (cached 0MB) CPU [13%@1510,4%@1510,15%@1510,5%@729,0%@1420,81%@1420] GR3D_FREQ 47% cpu@53.968C soc2@52.562C soc0@51.156C gpu@53.25C tj@53.968C soc1@52.75C VDD_IN 6705mW/7473mW VDD_CPU_GPU_CV 1584mW/2162mW VDD_SOC 1666mW/1758mW
10-08-2026 21:32:00 RAM 7103/7620MB (lfb 5x2MB) SWAP 597/5858MB (cached 0MB) CPU [12%@1510,5%@1510,9%@1510,14%@1510,3%@1497,82%@1497] GR3D_FREQ 69% cpu@54.093C soc2@52.468C soc0@51C gpu@53.312C tj@54.093C soc1@52.468C VDD_IN 6745mW/7471mW VDD_CPU_GPU_CV 1584mW/2160mW VDD_SOC 1663mW/1758mW
10-08-2026 21:32:01 RAM 7102/7620MB (lfb 3x2MB) SWAP 597/5858MB (cached 0MB) CPU [13%@1510,6%@1510,12%@1510,19%@1510,9%@729,72%@729] GR3D_FREQ 25% cpu@54.093C soc2@52.562C soc0@50.906C gpu@53.062C tj@54.093C soc1@52.531C VDD_IN 6626mW/7468mW VDD_CPU_GPU_CV 1545mW/2159mW VDD_SOC 1666mW/1758mW
10-08-2026 21:32:02 RAM 7185/7620MB (lfb 1x2MB) SWAP 597/5858MB (cached 0MB) CPU [50%@729,33%@729,48%@729,43%@1510,35%@729,52%@729] GR3D_FREQ 0% cpu@53.937C soc2@52.531C soc0@50.843C gpu@52.968C tj@53.937C soc1@52.625C VDD_IN 6547mW/7466mW VDD_CPU_GPU_CV 1624mW/2157mW VDD_SOC 1624mW/1757mW
10-08-2026 21:32:03 RAM 7188/7620MB (lfb 1x2MB) SWAP 597/5858MB (cached 0MB) CPU [31%@1036,58%@1036,39%@1036,41%@1510,38%@729,47%@729] GR3D_FREQ 0% cpu@53.937C soc2@52.5C soc0@50.875C gpu@52.875C tj@53.937C soc1@52.625C VDD_IN 6309mW/7462mW VDD_CPU_GPU_CV 1426mW/2155mW VDD_SOC 1584mW/1757mW
10-08-2026 21:32:04 RAM 7182/7620MB (lfb 14x256kB) SWAP 597/5858MB (cached 0MB) CPU [65%@1510,61%@1510,62%@1510,52%@1510,69%@806,70%@806] GR3D_FREQ 0% cpu@54.343C soc2@52.656C soc0@50.906C gpu@53.25C tj@54.343C soc1@52.562C VDD_IN 7737mW/7463mW VDD_CPU_GPU_CV 2491mW/2156mW VDD_SOC 1703mW/1757mW
10-08-2026 21:32:05 RAM 7182/7620MB (lfb 14x256kB) SWAP 597/5858MB (cached 0MB) CPU [47%@1510,84%@1510,50%@1510,51%@1510,46%@1510,61%@1510] GR3D_FREQ 0% cpu@55.093C soc2@52.843C soc0@50.843C gpu@53.218C tj@55.093C soc1@52.562C VDD_IN 8134mW/7465mW VDD_CPU_GPU_CV 2808mW/2158mW VDD_SOC 1745mW/1757mW
10-08-2026 21:32:06 RAM 7241/7620MB (lfb 1x256kB) SWAP 597/5858MB (cached 0MB) CPU [78%@1510,89%@1510,75%@1510,73%@1510,83%@1510,90%@1510] GR3D_FREQ 45% cpu@55.125C soc2@53.125C soc0@51.031C gpu@53.25C tj@55.125C soc1@52.656C VDD_IN 9920mW/7472mW VDD_CPU_GPU_CV 3955mW/2163mW VDD_SOC 1980mW/1757mW
10-08-2026 21:32:07 RAM 7156/7620MB (lfb 6x512kB) SWAP 596/5858MB (cached 0MB) CPU [71%@1510,82%@1510,68%@1510,78%@1510,76%@1420,80%@1420] GR3D_FREQ 52% cpu@54.968C soc2@53.125C soc0@51.437C gpu@53.656C tj@54.968C soc1@52.625C VDD_IN 9785mW/7479mW VDD_CPU_GPU_CV 3790mW/2168mW VDD_SOC 1980mW/1758mW
10-08-2026 21:32:08 RAM 7093/7620MB (lfb 3x2MB) SWAP 596/5858MB (cached 0MB) CPU [88%@1510,80%@1510,76%@1510,77%@1510,84%@1510,84%@1510] GR3D_FREQ 15% cpu@55.375C soc2@53.218C soc0@51.156C gpu@53.687C tj@55.375C soc1@52.781C VDD_IN 9761mW/7486mW VDD_CPU_GPU_CV 3876mW/2173mW VDD_SOC 1941mW/1758mW
10-08-2026 21:32:09 RAM 7186/7620MB (lfb 21x512kB) SWAP 596/5858MB (cached 0MB) CPU [75%@1510,75%@1510,73%@1510,85%@1510,81%@1036,81%@1036] GR3D_FREQ 8% cpu@54.906C soc2@53.281C soc0@51.218C gpu@53.718C tj@54.906C soc1@52.906C VDD_IN 9404mW/7491mW VDD_CPU_GPU_CV 3559mW/2177mW VDD_SOC 1941mW/1759mW
10-08-2026 21:32:10 RAM 7227/7620MB (lfb 1x512kB) SWAP 596/5858MB (cached 0MB) CPU [80%@1510,82%@1510,78%@1510,80%@1510,85%@1510,88%@1510] GR3D_FREQ 48% cpu@55.281C soc2@53.343C soc0@51.406C gpu@53.843C tj@55.281C soc1@52.937C VDD_IN 9999mW/7498mW VDD_CPU_GPU_CV 3955mW/2182mW VDD_SOC 1980mW/1760mW
10-08-2026 21:32:11 RAM 7226/7620MB (lfb 48x64kB) SWAP 597/5858MB (cached 0MB) CPU [61%@1510,62%@1510,61%@1510,59%@1510,76%@1510,57%@1510] GR3D_FREQ 56% cpu@54.687C soc2@53.406C soc0@51.531C gpu@53.656C tj@54.687C soc1@52.812C VDD_IN 8888mW/7502mW VDD_CPU_GPU_CV 3124mW/2185mW VDD_SOC 1901mW/1760mW
10-08-2026 21:32:12 RAM 7226/7620MB (lfb 48x64kB) SWAP 597/5858MB (cached 0MB) CPU [38%@1510,28%@1510,10%@1510,27%@1510,38%@729,40%@729] GR3D_FREQ 73% cpu@54.625C soc2@53.156C soc0@51.312C gpu@53.437C tj@54.625C soc1@52.875C VDD_IN 7697mW/7503mW VDD_CPU_GPU_CV 2214mW/2185mW VDD_SOC 1822mW/1760mW
10-08-2026 21:32:13 RAM 7226/7620MB (lfb 48x64kB) SWAP 597/5858MB (cached 0MB) CPU [25%@1510,27%@1510,30%@1510,35%@1510,24%@729,58%@729] GR3D_FREQ 60% cpu@54.312C soc2@53.031C soc0@51.437C gpu@53.531C tj@54.312C soc1@52.875C VDD_IN 8015mW/7505mW VDD_CPU_GPU_CV 2412mW/2185mW VDD_SOC 1861mW/1760mW
10-08-2026 21:32:14 RAM 7226/7620MB (lfb 48x64kB) SWAP 597/5858MB (cached 0MB) CPU [17%@729,15%@729,18%@729,30%@729,67%@1510,46%@1510] GR3D_FREQ 55% cpu@54.375C soc2@53.031C soc0@51.437C gpu@53.781C tj@54.375C soc1@52.906C VDD_IN 7936mW/7506mW VDD_CPU_GPU_CV 2373mW/2186mW VDD_SOC 1861mW/1761mW
10-08-2026 21:32:15 RAM 7142/7620MB (lfb 7x256kB) SWAP 597/5858MB (cached 0MB) CPU [24%@1036,26%@1036,14%@1036,24%@1510,46%@960,55%@960] GR3D_FREQ 62% cpu@54.312C soc2@52.937C soc0@51.375C gpu@53.687C tj@54.312C soc1@52.781C VDD_IN 7261mW/7505mW VDD_CPU_GPU_CV 1861mW/2185mW VDD_SOC 1782mW/1761mW
10-08-2026 21:32:16 RAM 6877/7620MB (lfb 1x2MB) SWAP 597/5858MB (cached 0MB) CPU [37%@1510,9%@1510,22%@1510,42%@1510,23%@729,9%@729] GR3D_FREQ 60% cpu@54.25C soc2@52.906C soc0@51.187C gpu@53.656C tj@54.25C soc1@52.75C VDD_IN 6785mW/7503mW VDD_CPU_GPU_CV 1584mW/2183mW VDD_SOC 1703mW/1761mW
10-08-2026 21:32:17 RAM 6877/7620MB (lfb 1x2MB) SWAP 597/5858MB (cached 0MB) CPU [27%@1510,26%@1510,39%@1510,6%@1510,6%@729,2%@729] GR3D_FREQ 39% cpu@54.562C soc2@52.843C soc0@51.156C gpu@53.625C tj@54.562C soc1@52.718C VDD_IN 6666mW/7501mW VDD_CPU_GPU_CV 1545mW/2181mW VDD_SOC 1663mW/1760mW
10-08-2026 21:32:18 RAM 6878/7620MB (lfb 1x2MB) SWAP 597/5858MB (cached 0MB) CPU [17%@1510,50%@1510,4%@1510,35%@1510,7%@729,0%@729] GR3D_FREQ 39% cpu@54.062C soc2@52.781C soc0@51.187C gpu@53.343C tj@54.062C soc1@52.781C VDD_IN 6666mW/7498mW VDD_CPU_GPU_CV 1545mW/2180mW VDD_SOC 1663mW/1760mW
10-08-2026 21:32:19 RAM 6878/7620MB (lfb 1x2MB) SWAP 597/5858MB (cached 0MB) CPU [24%@1510,18%@1510,4%@1510,52%@1510,5%@729,1%@729] GR3D_FREQ 31% cpu@54.156C soc2@52.687C soc0@51.187C gpu@53.25C tj@54.156C soc1@52.906C VDD_IN 6666mW/7496mW VDD_CPU_GPU_CV 1545mW/2178mW VDD_SOC 1663mW/1760mW
10-08-2026 21:32:20 RAM 6878/7620MB (lfb 1x2MB) SWAP 597/5858MB (cached 0MB) CPU [38%@729,48%@729,4%@1510,5%@1510,7%@1510,5%@1510] GR3D_FREQ 31% cpu@54.062C soc2@52.687C soc0@51.156C gpu@53.25C tj@54.062C soc1@52.656C VDD_IN 6666mW/7494mW VDD_CPU_GPU_CV 1545mW/2176mW VDD_SOC 1663mW/1760mW
10-08-2026 21:32:21 RAM 6878/7620MB (lfb 1x2MB) SWAP 597/5858MB (cached 0MB) CPU [8%@1510,14%@1510,2%@1510,3%@1510,3%@1510,79%@1510] GR3D_FREQ 34% cpu@54.156C soc2@52.656C soc0@51C gpu@53.25C tj@54.156C soc1@52.625C VDD_IN 6745mW/7491mW VDD_CPU_GPU_CV 1545mW/2174mW VDD_SOC 1663mW/1759mW
10-08-2026 21:32:22 RAM 6878/7620MB (lfb 1x2MB) SWAP 597/5858MB (cached 0MB) CPU [14%@1510,24%@1510,3%@1510,8%@1510,1%@729,57%@729] GR3D_FREQ 41% cpu@54.375C soc2@52.531C soc0@51.031C gpu@53.062C tj@54.375C soc1@52.656C VDD_IN 6705mW/7489mW VDD_CPU_GPU_CV 1584mW/2173mW VDD_SOC 1663mW/1759mW
10-08-2026 21:32:23 RAM 6878/7620MB (lfb 1x2MB) SWAP 597/5858MB (cached 0MB) CPU [25%@1510,65%@1510,5%@1510,8%@1510,2%@729,1%@729] GR3D_FREQ 39% cpu@54C soc2@52.656C soc0@51.125C gpu@53.156C tj@54C soc1@52.687C VDD_IN 6705mW/7487mW VDD_CPU_GPU_CV 1545mW/2171mW VDD_SOC 1666mW/1759mW
10-08-2026 21:32:24 RAM 6910/7620MB (lfb 5x1MB) SWAP 597/5858MB (cached 0MB) CPU [24%@1510,41%@1510,21%@1510,12%@1510,1%@960,11%@960] GR3D_FREQ 0% cpu@54C soc2@52.531C soc0@51C gpu@53.125C tj@54C soc1@52.5C VDD_IN 6348mW/7484mW VDD_CPU_GPU_CV 1386mW/2169mW VDD_SOC 1626mW/1758mW
10-08-2026 21:32:25 RAM 6800/7620MB (lfb 9x1MB) SWAP 597/5858MB (cached 0MB) CPU [40%@806,38%@806,30%@806,31%@806,48%@729,51%@729] GR3D_FREQ 39% cpu@54.281C soc2@52.5C soc0@50.937C gpu@53.156C tj@54.281C soc1@52.656C VDD_IN 6309mW/7481mW VDD_CPU_GPU_CV 1465mW/2167mW VDD_SOC 1584mW/1758mW
10-08-2026 21:32:26 RAM 6808/7620MB (lfb 9x1MB) SWAP 597/5858MB (cached 0MB) CPU [30%@1510,36%@1510,35%@1510,40%@1510,40%@729,45%@729] GR3D_FREQ 0% cpu@54.093C soc2@52.593C soc0@50.843C gpu@52.906C tj@54.093C soc1@52.625C VDD_IN 6269mW/7477mW VDD_CPU_GPU_CV 1465mW/2165mW VDD_SOC 1584mW/1757mW
10-08-2026 21:32:27 RAM 6826/7620MB (lfb 6x1MB) SWAP 597/5858MB (cached 0MB) CPU [65%@1510,66%@1510,63%@1510,63%@1510,67%@1510,59%@1510] GR3D_FREQ 0% cpu@54.75C soc2@52.687C soc0@50.875C gpu@53.156C tj@54.75C soc1@52.625C VDD_IN 7936mW/7479mW VDD_CPU_GPU_CV 2689mW/2166mW VDD_SOC 1703mW/1757mW
10-08-2026 21:32:28 RAM 6832/7620MB (lfb 6x1MB) SWAP 597/5858MB (cached 0MB) CPU [60%@1510,61%@1510,65%@1510,65%@1510,64%@1510,54%@1510] GR3D_FREQ 0% cpu@54.843C soc2@52.875C soc0@50.906C gpu@53.156C tj@54.843C soc1@52.75C VDD_IN 8094mW/7480mW VDD_CPU_GPU_CV 2808mW/2168mW VDD_SOC 1706mW/1757mW
10-08-2026 21:32:29 RAM 6890/7620MB (lfb 7x1MB) SWAP 597/5858MB (cached 0MB) CPU [83%@1510,76%@1510,79%@1510,82%@1510,79%@1510,81%@1510] GR3D_FREQ 0% cpu@55.156C soc2@53.093C soc0@51.218C gpu@53.5C tj@55.156C soc1@52.718C VDD_IN 9642mW/7486mW VDD_CPU_GPU_CV 3757mW/2172mW VDD_SOC 1941mW/1758mW
10-08-2026 21:32:30 RAM 6981/7620MB (lfb 7x1MB) SWAP 597/5858MB (cached 0MB) CPU [57%@1510,72%@1510,55%@1510,68%@1510,60%@1420,66%@1420] GR3D_FREQ 77% cpu@55.125C soc2@53.187C soc0@51.187C gpu@53.562C tj@55.125C soc1@52.687C VDD_IN 9443mW/7492mW VDD_CPU_GPU_CV 3520mW/2176mW VDD_SOC 1941mW/1758mW
10-08-2026 21:32:31 RAM 7091/7620MB (lfb 7x1MB) SWAP 597/5858MB (cached 0MB) CPU [83%@1510,85%@1510,78%@1510,69%@1510,88%@1510,75%@1510] GR3D_FREQ 69% cpu@55.125C soc2@53.187C soc0@51.343C gpu@53.5C tj@55.125C soc1@52.937C VDD_IN 10078mW/7499mW VDD_CPU_GPU_CV 3988mW/2181mW VDD_SOC 2020mW/1759mW
10-08-2026 21:32:32 RAM 7175/7620MB (lfb 7x1MB) SWAP 597/5858MB (cached 0MB) CPU [55%@1190,59%@1190,65%@1190,57%@1190,69%@1510,56%@1510] GR3D_FREQ 70% cpu@54.906C soc2@53.187C soc0@51.406C gpu@53.656C tj@54.906C soc1@52.937C VDD_IN 9349mW/7504mW VDD_CPU_GPU_CV 3441mW/2185mW VDD_SOC 1941mW/1759mW
10-08-2026 21:32:33 RAM 7237/7620MB (lfb 1731x32kB) SWAP 597/5858MB (cached 0MB) CPU [52%@1497,52%@1497,44%@1497,56%@1497,81%@1510,65%@1510] GR3D_FREQ 7% cpu@55.031C soc2@53.25C soc0@51.5C gpu@53.531C tj@55.031C soc1@52.875C VDD_IN 9349mW/7509mW VDD_CPU_GPU_CV 3395mW/2188mW VDD_SOC 1980mW/1760mW
10-08-2026 21:32:34 RAM 7237/7620MB (lfb 1731x32kB) SWAP 597/5858MB (cached 0MB) CPU [28%@729,16%@729,12%@1510,45%@1510,21%@1510,67%@1510] GR3D_FREQ 57% cpu@54.687C soc2@53C soc0@51.281C gpu@53.656C tj@54.687C soc1@52.875C VDD_IN 7896mW/7510mW VDD_CPU_GPU_CV 2333mW/2188mW VDD_SOC 1861mW/1760mW
10-08-2026 21:32:35 RAM 7168/7620MB (lfb 125x128kB) SWAP 597/5858MB (cached 0MB) CPU [27%@1510,14%@1510,18%@1510,40%@1510,19%@1190,71%@1190] GR3D_FREQ 39% cpu@54.281C soc2@52.968C soc0@51.375C gpu@53.531C tj@54.281C soc1@52.843C VDD_IN 7420mW/7509mW VDD_CPU_GPU_CV 2017mW/2188mW VDD_SOC 1782mW/1760mW
10-08-2026 21:32:36 RAM 7162/7620MB (lfb 1x2MB) SWAP 597/5858MB (cached 0MB) CPU [16%@1510,29%@1510,19%@1510,19%@1510,42%@1497,50%@1497] GR3D_FREQ 50% cpu@54.312C soc2@52.875C soc0@51.375C gpu@53.375C tj@54.312C soc1@52.906C VDD_IN 7063mW/7508mW VDD_CPU_GPU_CV 1779mW/2187mW VDD_SOC 1743mW/1760mW
10-08-2026 21:32:37 RAM 7170/7620MB (lfb 1x2MB) SWAP 597/5858MB (cached 0MB) CPU [10%@729,8%@729,15%@729,10%@729,35%@1510,55%@1510] GR3D_FREQ 41% cpu@54.375C soc2@52.812C soc0@51.343C gpu@53.218C tj@54.375C soc1@52.781C VDD_IN 6745mW/7506mW VDD_CPU_GPU_CV 1584mW/2185mW VDD_SOC 1666mW/1760mW
10-08-2026 21:32:38 RAM 7170/7620MB (lfb 1x2MB) SWAP 597/5858MB (cached 0MB) CPU [11%@729,9%@729,13%@729,6%@729,13%@1510,68%@1510] GR3D_FREQ 41% cpu@54.125C soc2@52.75C soc0@51.093C gpu@53.187C tj@54.125C soc1@52.75C VDD_IN 6666mW/7504mW VDD_CPU_GPU_CV 1545mW/2183mW VDD_SOC 1663mW/1760mW
10-08-2026 21:32:39 RAM 7170/7620MB (lfb 1x2MB) SWAP 597/5858MB (cached 0MB) CPU [15%@729,7%@729,8%@729,12%@729,4%@1497,79%@1497] GR3D_FREQ 58% cpu@54.281C soc2@52.625C soc0@51.125C gpu@53.343C tj@54.125C soc1@52.718C VDD_IN 6705mW/7502mW VDD_CPU_GPU_CV 1545mW/2182mW VDD_SOC 1663mW/1759mW
10-08-2026 21:32:40 RAM 7170/7620MB (lfb 1x2MB) SWAP 597/5858MB (cached 0MB) CPU [13%@729,8%@729,8%@729,9%@729,9%@1497,78%@1497] GR3D_FREQ 67% cpu@54.125C soc2@52.593C soc0@51.156C gpu@53.343C tj@54.125C soc1@52.718C VDD_IN 6705mW/7500mW VDD_CPU_GPU_CV 1545mW/2180mW VDD_SOC 1663mW/1759mW
10-08-2026 21:32:41 RAM 7170/7620MB (lfb 1x2MB) SWAP 597/5858MB (cached 0MB) CPU [15%@729,7%@729,8%@729,9%@729,13%@1497,71%@1497] GR3D_FREQ 43% cpu@54.093C soc2@52.593C soc0@51.031C gpu@53.343C tj@54.093C soc1@52.625C VDD_IN 6705mW/7498mW VDD_CPU_GPU_CV 1545mW/2178mW VDD_SOC 1663mW/1759mW
10-08-2026 21:32:42 RAM 7170/7620MB (lfb 1x2MB) SWAP 597/5858MB (cached 0MB) CPU [14%@1510,10%@1510,13%@1510,12%@1510,6%@1510,81%@1510] GR3D_FREQ 32% cpu@54.218C soc2@52.625C soc0@51.062C gpu@53.375C tj@54.218C soc1@52.625C VDD_IN 6705mW/7495mW VDD_CPU_GPU_CV 1545mW/2177mW VDD_SOC 1663mW/1759mW
10-08-2026 21:32:43 RAM 7170/7620MB (lfb 1x2MB) SWAP 597/5858MB (cached 0MB) CPU [10%@1510,8%@1510,8%@1510,7%@1510,10%@1510,72%@1510] GR3D_FREQ 39% cpu@53.875C soc2@52.531C soc0@51.031C gpu@53.093C tj@53.875C soc1@52.625C VDD_IN 6666mW/7493mW VDD_CPU_GPU_CV 1545mW/2175mW VDD_SOC 1666mW/1758mW
10-08-2026 21:32:44 RAM 7170/7620MB (lfb 1x2MB) SWAP 597/5858MB (cached 0MB) CPU [13%@1510,9%@1510,9%@1510,9%@1510,8%@1510,80%@1510] GR3D_FREQ 40% cpu@54.031C soc2@52.437C soc0@51.031C gpu@53.093C tj@54.031C soc1@52.625C VDD_IN 6666mW/7491mW VDD_CPU_GPU_CV 1584mW/2173mW VDD_SOC 1703mW/1758mW
10-08-2026 21:32:45 RAM 7117/7620MB (lfb 21x512kB) SWAP 597/5858MB (cached 0MB) CPU [14%@1497,9%@1497,8%@1497,9%@1497,11%@729,65%@729] GR3D_FREQ 0% cpu@54C soc2@52.531C soc0@51.031C gpu@53.125C tj@54C soc1@52.531C VDD_IN 6467mW/7488mW VDD_CPU_GPU_CV 1465mW/2171mW VDD_SOC 1624mW/1758mW
10-08-2026 21:32:46 RAM 7209/7620MB (lfb 559x64kB) SWAP 597/5858MB (cached 0MB) CPU [22%@1510,43%@1510,41%@1510,48%@1510,41%@729,50%@729] GR3D_FREQ 16% cpu@54.187C soc2@52.531C soc0@50.843C gpu@53.281C tj@54.187C soc1@52.5C VDD_IN 6467mW/7486mW VDD_CPU_GPU_CV 1584mW/2170mW VDD_SOC 1584mW/1757mW
10-08-2026 21:32:47 RAM 7211/7620MB (lfb 546x64kB) SWAP 597/5858MB (cached 0MB) CPU [33%@883,44%@1510,51%@1510,36%@1510,47%@1344,52%@1344] GR3D_FREQ 29% cpu@54.343C soc2@52.531C soc0@50.843C gpu@53.25C tj@54.156C soc1@52.531C VDD_IN 6745mW/7484mW VDD_CPU_GPU_CV 1782mW/2169mW VDD_SOC 1626mW/1757mW
10-08-2026 21:32:48 RAM 7195/7620MB (lfb 10x128kB) SWAP 597/5858MB (cached 0MB) CPU [70%@1510,76%@1510,66%@1510,64%@1510,66%@1510,87%@1510] GR3D_FREQ 0% cpu@54.875C soc2@52.812C soc0@50.937C gpu@53.5C tj@54.875C soc1@52.625C VDD_IN 8412mW/7486mW VDD_CPU_GPU_CV 3005mW/2171mW VDD_SOC 1745mW/1757mW
10-08-2026 21:32:49 RAM 7255/7620MB (lfb 17x64kB) SWAP 600/5858MB (cached 0MB) CPU [66%@806,69%@806,69%@806,63%@1510,62%@1510,69%@1510] GR3D_FREQ 57% cpu@54.843C soc2@53.031C soc0@51C gpu@53.375C tj@54.843C soc1@52.593C VDD_IN 8928mW/7490mW VDD_CPU_GPU_CV 3243mW/2174mW VDD_SOC 1861mW/1757mW
10-08-2026 21:32:50 RAM 7229/7620MB (lfb 16x128kB) SWAP 601/5858MB (cached 0MB) CPU [76%@1510,85%@1510,85%@1510,86%@1510,87%@1510,90%@1510] GR3D_FREQ 55% cpu@55.218C soc2@53.25C soc0@51.093C gpu@53.718C tj@55.218C soc1@52.75C VDD_IN 10220mW/7497mW VDD_CPU_GPU_CV 4146mW/2179mW VDD_SOC 2020mW/1758mW
10-08-2026 21:32:51 RAM 7255/7620MB (lfb 1375x32kB) SWAP 601/5858MB (cached 0MB) CPU [81%@1510,49%@1510,53%@1510,43%@1510,44%@806,39%@806] GR3D_FREQ 56% cpu@54.906C soc2@53C soc0@51.125C gpu@53.593C tj@54.625C soc1@52.75C VDD_IN 8015mW/7498mW VDD_CPU_GPU_CV 2531mW/2180mW VDD_SOC 1782mW/1758mW
10-08-2026 21:32:53 RAM 7137/7620MB (lfb 2x2MB) SWAP 601/5858MB (cached 0MB) CPU [84%@1510,80%@1510,81%@1510,88%@1510,94%@1510,86%@1510] GR3D_FREQ 36% cpu@55.156C soc2@53.218C soc0@51.218C gpu@53.875C tj@55.156C soc1@53.062C VDD_IN 9920mW/7505mW VDD_CPU_GPU_CV 3915mW/2184mW VDD_SOC 1941mW/1759mW
10-08-2026 21:32:54 RAM 7080/7620MB (lfb 1x1MB) SWAP 601/5858MB (cached 0MB) CPU [69%@1510,72%@1510,72%@1510,86%@1510,74%@1344,81%@1344] GR3D_FREQ 49% cpu@55.031C soc2@53.593C soc0@51.218C gpu@53.625C tj@55.031C soc1@52.843C VDD_IN 9705mW/7510mW VDD_CPU_GPU_CV 3711mW/2188mW VDD_SOC 1980mW/1759mW
10-08-2026 21:32:55 RAM 7153/7620MB (lfb 3x128kB) SWAP 601/5858MB (cached 0MB) CPU [90%@1510,84%@1510,79%@1510,84%@1510,83%@1510,88%@1510] GR3D_FREQ 21% cpu@55.5C soc2@53.5C soc0@51.343C gpu@53.718C tj@55.5C soc1@53.062C VDD_IN 10181mW/7517mW VDD_CPU_GPU_CV 4067mW/2193mW VDD_SOC 2020mW/1760mW
10-08-2026 21:32:56 RAM 7163/7620MB (lfb 3x128kB) SWAP 601/5858MB (cached 0MB) CPU [61%@1510,72%@1510,63%@1510,67%@1510,64%@960,81%@960] GR3D_FREQ 44% cpu@55C soc2@53.281C soc0@51.406C gpu@53.75C tj@55C soc1@53.062C VDD_IN 9245mW/7522mW VDD_CPU_GPU_CV 3441mW/2196mW VDD_SOC 1941mW/1760mW
10-08-2026 21:32:57 RAM 7184/7620MB (lfb 6x512kB) SWAP 603/5858MB (cached 0MB) CPU [90%@1510,90%@1510,83%@1510,86%@1510,76%@1510,86%@1510] GR3D_FREQ 62% cpu@55.531C soc2@53.5C soc0@51.593C gpu@53.687C tj@55.531C soc1@53.187C VDD_IN 9999mW/7528mW VDD_CPU_GPU_CV 3994mW/2201mW VDD_SOC 1980mW/1761mW
10-08-2026 21:32:58 RAM 7218/7620MB (lfb 1x128kB) SWAP 603/5858MB (cached 0MB) CPU [77%@1510,66%@1510,76%@1510,72%@1510,75%@1510,78%@1510] GR3D_FREQ 42% cpu@55.281C soc2@53.5C soc0@51.531C gpu@53.718C tj@55.281C soc1@53.156C VDD_IN 9666mW/7533mW VDD_CPU_GPU_CV 3711mW/2205mW VDD_SOC 1980mW/1761mW
10-08-2026 21:32:59 RAM 7172/7620MB (lfb 1x256kB) SWAP 603/5858MB (cached 0MB) CPU [86%@1510,81%@1510,86%@1510,85%@1510,81%@1510,84%@1510] GR3D_FREQ 19% cpu@55.343C soc2@53.656C soc0@51.656C gpu@53.875C tj@55.343C soc1@53.031C VDD_IN 10141mW/7540mW VDD_CPU_GPU_CV 4067mW/2210mW VDD_SOC 2020mW/1762mW
10-08-2026 21:33:00 RAM 7220/7620MB (lfb 1849x32kB) SWAP 603/5858MB (cached 0MB) CPU [25%@1113,26%@1113,24%@1113,61%@1113,20%@729,73%@729] GR3D_FREQ 84% cpu@54.75C soc2@53.468C soc0@51.531C gpu@53.687C tj@54.75C soc1@53.062C VDD_IN 7777mW/7541mW VDD_CPU_GPU_CV 2373mW/2210mW VDD_SOC 1782mW/1762mW
10-08-2026 21:33:01 RAM 7220/7620MB (lfb 1849x32kB) SWAP 603/5858MB (cached 0MB) CPU [14%@1510,38%@1510,17%@1510,31%@1510,27%@729,52%@729] GR3D_FREQ 42% cpu@54.468C soc2@53.187C soc0@51.5C gpu@53.718C tj@54.468C soc1@53.093C VDD_IN 7777mW/7541mW VDD_CPU_GPU_CV 2254mW/2210mW VDD_SOC 1822mW/1762mW
10-08-2026 21:33:02 RAM 7221/7620MB (lfb 1842x32kB) SWAP 603/5858MB (cached 0MB) CPU [11%@729,40%@729,44%@729,10%@729,29%@1036,51%@1036] GR3D_FREQ 31% cpu@54.625C soc2@53.156C soc0@51.531C gpu@53.531C tj@54.625C soc1@53.187C VDD_IN 7499mW/7541mW VDD_CPU_GPU_CV 2135mW/2210mW VDD_SOC 1782mW/1762mW
10-08-2026 21:33:03 RAM 7220/7620MB (lfb 1852x32kB) SWAP 603/5858MB (cached 0MB) CPU [57%@1510,9%@1510,27%@1510,9%@1510,44%@729,25%@729] GR3D_FREQ 82% cpu@54.406C soc2@53.156C soc0@51.718C gpu@53.5C tj@54.406C soc1@52.937C VDD_IN 7697mW/7542mW VDD_CPU_GPU_CV 2214mW/2210mW VDD_SOC 1822mW/1762mW
10-08-2026 21:33:04 RAM 7226/7620MB (lfb 406x64kB) SWAP 603/5858MB (cached 0MB) CPU [31%@1510,36%@1510,26%@1510,19%@1510,4%@729,54%@729] GR3D_FREQ 28% cpu@54.812C soc2@53.156C soc0@51.437C gpu@53.406C tj@54.812C soc1@52.937C VDD_IN 7459mW/7541mW VDD_CPU_GPU_CV 2056mW/2209mW VDD_SOC 1782mW/1763mW
10-08-2026 21:33:05 RAM 7112/7620MB (lfb 1x2MB) SWAP 603/5858MB (cached 0MB) CPU [30%@1510,58%@1510,8%@1510,13%@1510,8%@729,22%@729] GR3D_FREQ 38% cpu@54.531C soc2@53C soc0@51.468C gpu@53.437C tj@54.531C soc1@52.937C VDD_IN 7023mW/7540mW VDD_CPU_GPU_CV 1703mW/2208mW VDD_SOC 1743mW/1762mW
10-08-2026 21:33:06 RAM 7112/7620MB (lfb 1x2MB) SWAP 603/5858MB (cached 0MB) CPU [35%@1510,10%@1510,51%@1510,5%@1510,7%@729,9%@729] GR3D_FREQ 37% cpu@54.25C soc2@52.937C soc0@51.437C gpu@53.406C tj@54.25C soc1@53C VDD_IN 6745mW/7538mW VDD_CPU_GPU_CV 1584mW/2207mW VDD_SOC 1663mW/1762mW
10-08-2026 21:33:07 RAM 7112/7620MB (lfb 1x2MB) SWAP 603/5858MB (cached 0MB) CPU [31%@1510,56%@1510,3%@1510,6%@1510,8%@729,6%@729] GR3D_FREQ 38% cpu@54.25C soc2@53C soc0@51.406C gpu@53.593C tj@54.25C soc1@52.843C VDD_IN 6745mW/7536mW VDD_CPU_GPU_CV 1545mW/2205mW VDD_SOC 1663mW/1762mW
10-08-2026 21:33:08 RAM 7113/7620MB (lfb 1x2MB) SWAP 603/5858MB (cached 0MB) CPU [54%@1510,23%@1510,14%@1510,8%@1510,7%@729,9%@729] GR3D_FREQ 42% cpu@54.281C soc2@53C soc0@51.218C gpu@53.531C tj@54.281C soc1@52.812C VDD_IN 6705mW/7534mW VDD_CPU_GPU_CV 1584mW/2203mW VDD_SOC 1663mW/1762mW
10-08-2026 21:33:09 RAM 7115/7620MB (lfb 1x1MB) SWAP 603/5858MB (cached 0MB) CPU [30%@1510,43%@1510,18%@1510,8%@1510,1%@729,14%@729] GR3D_FREQ 39% cpu@54.562C soc2@52.968C soc0@51.156C gpu@53.312C tj@54.562C soc1@52.906C VDD_IN 6745mW/7532mW VDD_CPU_GPU_CV 1584mW/2202mW VDD_SOC 1703mW/1762mW
10-08-2026 21:33:10 RAM 7115/7620MB (lfb 1x1MB) SWAP 603/5858MB (cached 0MB) CPU [24%@1510,38%@1510,23%@1510,10%@1510,8%@729,21%@729] GR3D_FREQ 41% cpu@54.093C soc2@52.781C soc0@51.218C gpu@53.281C tj@54.093C soc1@52.812C VDD_IN 6785mW/7530mW VDD_CPU_GPU_CV 1584mW/2200mW VDD_SOC 1703mW/1761mW
10-08-2026 21:33:11 RAM 7115/7620MB (lfb 1x1MB) SWAP 603/5858MB (cached 0MB) CPU [17%@1510,9%@1510,8%@1510,10%@1510,16%@1510,80%@1510] GR3D_FREQ 64% cpu@54.281C soc2@52.75C soc0@51.218C gpu@53.218C tj@54.281C soc1@53C VDD_IN 6745mW/7528mW VDD_CPU_GPU_CV 1584mW/2199mW VDD_SOC 1703mW/1761mW
10-08-2026 21:33:12 RAM 7115/7620MB (lfb 1x1MB) SWAP 603/5858MB (cached 0MB) CPU [17%@729,7%@729,9%@729,15%@1510,5%@1497,80%@1497] GR3D_FREQ 65% cpu@54.375C soc2@52.812C soc0@51.156C gpu@53.281C tj@54.375C soc1@52.75C VDD_IN 6785mW/7526mW VDD_CPU_GPU_CV 1584mW/2197mW VDD_SOC 1703mW/1761mW
10-08-2026 21:33:13 RAM 7115/7620MB (lfb 1x1MB) SWAP 603/5858MB (cached 0MB) CPU [17%@729,6%@729,8%@729,11%@1510,28%@1497,63%@1497] GR3D_FREQ 47% cpu@54.218C soc2@52.687C soc0@51.156C gpu@53.437C tj@54.093C soc1@52.687C VDD_IN 6785mW/7525mW VDD_CPU_GPU_CV 1584mW/2196mW VDD_SOC 1703mW/1761mW
10-08-2026 21:33:14 RAM 7115/7620MB (lfb 1x1MB) SWAP 603/5858MB (cached 0MB) CPU [9%@1510,10%@1510,41%@1510,13%@1510,13%@729,37%@729] GR3D_FREQ 49% cpu@54.437C soc2@52.687C soc0@51.156C gpu@53.406C tj@54.437C soc1@52.687C VDD_IN 6785mW/7523mW VDD_CPU_GPU_CV 1584mW/2194mW VDD_SOC 1703mW/1761mW
10-08-2026 21:33:15 RAM 7115/7620MB (lfb 1x1MB) SWAP 603/5858MB (cached 0MB) CPU [7%@729,38%@729,25%@729,12%@729,14%@1510,20%@1510] GR3D_FREQ 42% cpu@54.125C soc2@52.687C soc0@51.187C gpu@53.437C tj@54.125C soc1@52.843C VDD_IN 6745mW/7521mW VDD_CPU_GPU_CV 1584mW/2193mW VDD_SOC 1703mW/1761mW
10-08-2026 21:33:16 RAM 7115/7620MB (lfb 1x1MB) SWAP 603/5858MB (cached 0MB) CPU [17%@729,9%@729,5%@729,6%@729,8%@1510,82%@1510] GR3D_FREQ 44% cpu@54.125C soc2@52.593C soc0@51C gpu@53.187C tj@54.125C soc1@52.687C VDD_IN 6785mW/7519mW VDD_CPU_GPU_CV 1584mW/2191mW VDD_SOC 1703mW/1761mW
10-08-2026 21:33:17 RAM 7134/7620MB (lfb 1x1MB) SWAP 603/5858MB (cached 0MB) CPU [12%@729,10%@729,34%@729,9%@729,8%@729,56%@729] GR3D_FREQ 41% cpu@54.156C soc2@52.687C soc0@51.093C gpu@53.156C tj@54.156C soc1@52.75C VDD_IN 6785mW/7517mW VDD_CPU_GPU_CV 1584mW/2190mW VDD_SOC 1703mW/1760mW
10-08-2026 21:33:18 RAM 7160/7620MB (lfb 1x1MB) SWAP 603/5858MB (cached 0MB) CPU [20%@1510,11%@1510,10%@1510,10%@1510,6%@729,75%@729] GR3D_FREQ 0% cpu@53.937C soc2@52.593C soc0@51C gpu@53.156C tj@53.937C soc1@52.625C VDD_IN 6626mW/7515mW VDD_CPU_GPU_CV 1545mW/2188mW VDD_SOC 1663mW/1760mW
10-08-2026 21:33:19 RAM 7221/7620MB (lfb 4x128kB) SWAP 604/5858MB (cached 0MB) CPU [48%@1510,46%@1510,49%@1510,39%@1510,38%@729,49%@729] GR3D_FREQ 12% cpu@54.375C soc2@52.687C soc0@51.031C gpu@53.156C tj@54.375C soc1@52.812C VDD_IN 6745mW/7513mW VDD_CPU_GPU_CV 1740mW/2187mW VDD_SOC 1624mW/1760mW
10-08-2026 21:33:20 RAM 7223/7620MB (lfb 3x128kB) SWAP 604/5858MB (cached 0MB) CPU [42%@1510,35%@1510,56%@1510,39%@1510,41%@1190,48%@1190] GR3D_FREQ 33% cpu@54.25C soc2@52.625C soc0@51C gpu@53.375C tj@54.25C soc1@52.593C VDD_IN 6586mW/7511mW VDD_CPU_GPU_CV 1621mW/2186mW VDD_SOC 1624mW/1760mW
10-08-2026 21:33:21 RAM 7237/7620MB (lfb 447x64kB) SWAP 606/5858MB (cached 0MB) CPU [61%@1510,70%@1510,69%@1510,70%@1510,76%@1344,69%@1344] GR3D_FREQ 9% cpu@55.343C soc2@52.906C soc0@50.937C gpu@53.468C tj@55.343C soc1@52.656C VDD_IN 8372mW/7513mW VDD_CPU_GPU_CV 3005mW/2188mW VDD_SOC 1745mW/1760mW
10-08-2026 21:33:22 RAM 7187/7620MB (lfb 1x256kB) SWAP 607/5858MB (cached 0MB) CPU [68%@1344,55%@1344,60%@1344,79%@1344,68%@1510,79%@1510] GR3D_FREQ 47% cpu@55.031C soc2@53.312C soc0@51.125C gpu@53.781C tj@54.906C soc1@52.718C VDD_IN 9086mW/7517mW VDD_CPU_GPU_CV 3361mW/2191mW VDD_SOC 1861mW/1760mW
10-08-2026 21:33:23 RAM 7269/7620MB (lfb 10x64kB) SWAP 607/5858MB (cached 0MB) CPU [72%@1510,72%@1510,85%@1510,69%@1510,84%@1113,80%@1113] GR3D_FREQ 56% cpu@54.812C soc2@53.156C soc0@51.25C gpu@53.593C tj@54.812C soc1@52.812C VDD_IN 9864mW/7523mW VDD_CPU_GPU_CV 3869mW/2195mW VDD_SOC 1980mW/1760mW
10-08-2026 21:33:24 RAM 7267/7620MB (lfb 1x128kB) SWAP 607/5858MB (cached 0MB) CPU [13%@883,12%@883,67%@883,13%@883,42%@806,40%@806] GR3D_FREQ 55% cpu@54.156C soc2@52.906C soc0@51.406C gpu@53.406C tj@54.156C soc1@52.781C VDD_IN 7539mW/7523mW VDD_CPU_GPU_CV 2175mW/2195mW VDD_SOC 1782mW/1760mW
10-08-2026 21:33:25 RAM 7267/7620MB (lfb 1x128kB) SWAP 607/5858MB (cached 0MB) CPU [9%@1510,53%@1510,8%@1510,37%@1510,32%@729,36%@729] GR3D_FREQ 44% cpu@54.375C soc2@52.906C soc0@51.281C gpu@53.468C tj@54.375C soc1@52.687C VDD_IN 7777mW/7523mW VDD_CPU_GPU_CV 2294mW/2195mW VDD_SOC 1822mW/1760mW
10-08-2026 21:33:26 RAM 7268/7620MB (lfb 1x128kB) SWAP 607/5858MB (cached 0MB) CPU [13%@729,70%@729,8%@729,9%@729,45%@883,25%@883] GR3D_FREQ 22% cpu@54.437C soc2@52.781C soc0@51.25C gpu@53.656C tj@54.437C soc1@52.781C VDD_IN 7459mW/7523mW VDD_CPU_GPU_CV 2056mW/2195mW VDD_SOC 1782mW/1761mW
10-08-2026 21:33:27 RAM 7191/7620MB (lfb 1x2MB) SWAP 607/5858MB (cached 0MB) CPU [14%@729,17%@729,13%@729,7%@729,3%@1420,78%@1420] GR3D_FREQ 31% cpu@53.968C soc2@52.593C soc0@51.062C gpu@53.156C tj@53.968C soc1@52.812C VDD_IN 6547mW/7521mW VDD_CPU_GPU_CV 1426mW/2193mW VDD_SOC 1666mW/1760mW
10-08-2026 21:33:28 RAM 7191/7620MB (lfb 1x2MB) SWAP 607/5858MB (cached 0MB) CPU [11%@1510,8%@1510,11%@1510,6%@1510,1%@1510,81%@1510] GR3D_FREQ 59% cpu@54.093C soc2@52.562C soc0@51.156C gpu@53.156C tj@54.093C soc1@52.593C VDD_IN 6626mW/7519mW VDD_CPU_GPU_CV 1505mW/2191mW VDD_SOC 1663mW/1760mW
10-08-2026 21:33:29 RAM 7191/7620MB (lfb 1x2MB) SWAP 607/5858MB (cached 0MB) CPU [14%@1510,10%@1510,8%@1510,8%@1510,1%@1497,81%@1497] GR3D_FREQ 69% cpu@54.312C soc2@52.593C soc0@50.937C gpu@53.187C tj@54.312C soc1@52.593C VDD_IN 6626mW/7516mW VDD_CPU_GPU_CV 1545mW/2190mW VDD_SOC 1663mW/1760mW
10-08-2026 21:33:30 RAM 7219/7620MB (lfb 786x64kB) SWAP 607/5858MB (cached 0MB) CPU [33%@1510,42%@1510,32%@1510,29%@1510,40%@1036,42%@1036] GR3D_FREQ 1% cpu@54.093C soc2@52.5C soc0@50.937C gpu@53.156C tj@54.093C soc1@52.625C VDD_IN 6467mW/7514mW VDD_CPU_GPU_CV 1545mW/2188mW VDD_SOC 1584mW/1759mW
10-08-2026 21:33:31 RAM 7221/7620MB (lfb 747x64kB) SWAP 607/5858MB (cached 0MB) CPU [36%@729,29%@729,28%@1510,40%@1510,46%@1510,28%@1510] GR3D_FREQ 0% cpu@54.031C soc2@52.468C soc0@50.937C gpu@53.093C tj@54.031C soc1@52.781C VDD_IN 6229mW/7511mW VDD_CPU_GPU_CV 1307mW/2186mW VDD_SOC 1584mW/1759mW
10-08-2026 21:33:32 RAM 7195/7620MB (lfb 48x128kB) SWAP 607/5858MB (cached 0MB) CPU [41%@1510,48%@1510,44%@1510,41%@1510,59%@1510,42%@1510] GR3D_FREQ 3% cpu@54.5C soc2@52.625C soc0@51C gpu@53.031C tj@54.781C soc1@52.718C VDD_IN 7182mW/7510mW VDD_CPU_GPU_CV 2060mW/2186mW VDD_SOC 1666mW/1759mW
10-08-2026 21:33:33 RAM 6812/7620MB (lfb 1x2MB) SWAP 607/5858MB (cached 0MB) CPU [72%@1344,67%@1344,66%@1344,63%@1344,78%@1267,69%@1267] GR3D_FREQ 0% cpu@54.406C soc2@52.812C soc0@50.906C gpu@53.281C tj@54.406C soc1@52.593C VDD_IN 8094mW/7512mW VDD_CPU_GPU_CV 2808mW/2187mW VDD_SOC 1745mW/1759mW
10-08-2026 21:33:34 RAM 6939/7620MB (lfb 1x1MB) SWAP 607/5858MB (cached 0MB) CPU [65%@1510,65%@1510,63%@1510,63%@1510,70%@1497,69%@1497] GR3D_FREQ 38% cpu@54.687C soc2@52.968C soc0@51.187C gpu@53.531C tj@54.687C soc1@52.75C VDD_IN 9245mW/7516mW VDD_CPU_GPU_CV 3401mW/2190mW VDD_SOC 1941mW/1759mW
10-08-2026 21:33:35 RAM 7038/7620MB (lfb 2x256kB) SWAP 607/5858MB (cached 0MB) CPU [76%@1510,76%@1510,70%@1510,77%@1510,72%@1510,81%@1510] GR3D_FREQ 84% cpu@54.937C soc2@53.281C soc0@51.312C gpu@53.625C tj@54.937C soc1@52.625C VDD_IN 9587mW/7520mW VDD_CPU_GPU_CV 3678mW/2193mW VDD_SOC 1941mW/1760mW
10-08-2026 21:33:36 RAM 7091/7620MB (lfb 2x128kB) SWAP 607/5858MB (cached 0MB) CPU [54%@1267,67%@1267,63%@1267,60%@1267,73%@1510,61%@1510] GR3D_FREQ 69% cpu@54.906C soc2@53.25C soc0@51.187C gpu@53.437C tj@55.093C soc1@52.718C VDD_IN 9349mW/7525mW VDD_CPU_GPU_CV 3480mW/2196mW VDD_SOC 1941mW/1760mW
10-08-2026 21:33:37 RAM 7100/7620MB (lfb 2x128kB) SWAP 607/5858MB (cached 0MB) CPU [63%@1510,81%@1510,62%@1510,61%@1510,74%@1510,65%@1510] GR3D_FREQ 30% cpu@55.343C soc2@53.156C soc0@51.25C gpu@53.5C tj@55.343C soc1@52.937C VDD_IN 9562mW/7529mW VDD_CPU_GPU_CV 3638mW/2200mW VDD_SOC 1941mW/1760mW
10-08-2026 21:33:38 RAM 7108/7620MB (lfb 2x128kB) SWAP 607/5858MB (cached 0MB) CPU [72%@1510,69%@1510,64%@1510,71%@1510,79%@1420,62%@1420] GR3D_FREQ 46% cpu@55.062C soc2@53.281C soc0@51.406C gpu@53.656C tj@55.062C soc1@53C VDD_IN 9547mW/7534mW VDD_CPU_GPU_CV 3593mW/2203mW VDD_SOC 1980mW/1761mW
10-08-2026 21:33:39 RAM 7116/7620MB (lfb 2x128kB) SWAP 607/5858MB (cached 0MB) CPU [64%@1510,67%@1510,57%@1510,67%@1510,74%@1510,64%@1510] GR3D_FREQ 50% cpu@54.968C soc2@53.312C soc0@51.562C gpu@53.812C tj@54.968C soc1@53.093C VDD_IN 9705mW/7539mW VDD_CPU_GPU_CV 3672mW/2206mW VDD_SOC 1980mW/1761mW
10-08-2026 21:33:40 RAM 7125/7620MB (lfb 2x128kB) SWAP 607/5858MB (cached 0MB) CPU [67%@1510,64%@1510,63%@1510,56%@1510,68%@729,62%@729] GR3D_FREQ 0% cpu@54.812C soc2@53.218C soc0@51.562C gpu@53.75C tj@54.812C soc1@52.968C VDD_IN 8332mW/7541mW VDD_CPU_GPU_CV 2847mW/2208mW VDD_SOC 1782mW/1762mW
10-08-2026 21:33:41 RAM 7133/7620MB (lfb 2x128kB) SWAP 607/5858MB (cached 0MB) CPU [61%@1497,57%@1497,59%@1497,58%@1497,63%@1420,76%@1420] GR3D_FREQ 47% cpu@55.281C soc2@53.468C soc0@51.468C gpu@53.781C tj@55.281C soc1@52.968C VDD_IN 9111mW/7545mW VDD_CPU_GPU_CV 3322mW/2210mW VDD_SOC 1941mW/1762mW
10-08-2026 21:33:42 RAM 7143/7620MB (lfb 2x128kB) SWAP 607/5858MB (cached 0MB) CPU [68%@1510,77%@1510,58%@1510,67%@1510,77%@1510,75%@1510] GR3D_FREQ 27% cpu@55.593C soc2@53.593C soc0@51.468C gpu@53.906C tj@55.531C soc1@53.125C VDD_IN 9785mW/7550mW VDD_CPU_GPU_CV 3830mW/2214mW VDD_SOC 1980mW/1762mW
10-08-2026 21:33:43 RAM 7148/7620MB (lfb 2x128kB) SWAP 607/5858MB (cached 0MB) CPU [55%@1510,63%@1420,50%@1420,57%@1420,67%@1420,50%@1420] GR3D_FREQ 57% cpu@55.312C soc2@53.437C soc0@51.437C gpu@53.625C tj@55.312C soc1@53.062C VDD_IN 7697mW/7550mW VDD_CPU_GPU_CV 2412mW/2215mW VDD_SOC 1743mW/1762mW
10-08-2026 21:33:44 RAM 7148/7620MB (lfb 2x128kB) SWAP 607/5858MB (cached 0MB) CPU [39%@1510,30%@1510,25%@1510,28%@1510,16%@1510,47%@1510] GR3D_FREQ 83% cpu@54.375C soc2@53.125C soc0@51.531C gpu@53.593C tj@54.375C soc1@53.093C VDD_IN 7777mW/7551mW VDD_CPU_GPU_CV 2254mW/2215mW VDD_SOC 1822mW/1763mW
10-08-2026 21:33:45 RAM 7148/7620MB (lfb 2x128kB) SWAP 607/5858MB (cached 0MB) CPU [27%@1036,29%@1036,14%@1036,34%@1036,12%@729,59%@729] GR3D_FREQ 52% cpu@54.375C soc2@53.093C soc0@51.656C gpu@53.687C tj@54.375C soc1@53.156C VDD_IN 7340mW/7550mW VDD_CPU_GPU_CV 1977mW/2214mW VDD_SOC 1782mW/1763mW
10-08-2026 21:33:46 RAM 7097/7620MB (lfb 22x2MB) SWAP 607/5858MB (cached 0MB) CPU [10%@1344,16%@1344,35%@1510,15%@1510,39%@729,29%@729] GR3D_FREQ 43% cpu@54.375C soc2@52.968C soc0@51.312C gpu@53.593C tj@54.375C soc1@52.843C VDD_IN 6904mW/7549mW VDD_CPU_GPU_CV 1584mW/2213mW VDD_SOC 1743mW/1763mW
10-08-2026 21:33:47 RAM 7097/7620MB (lfb 22x2MB) SWAP 607/5858MB (cached 0MB) CPU [26%@1510,6%@1510,30%@1510,37%@1510,7%@729,7%@729] GR3D_FREQ 39% cpu@54.375C soc2@53.031C soc0@51.343C gpu@53.562C tj@54.156C soc1@52.875C VDD_IN 6666mW/7547mW VDD_CPU_GPU_CV 1545mW/2211mW VDD_SOC 1663mW/1762mW
10-08-2026 21:33:48 RAM 7097/7620MB (lfb 22x2MB) SWAP 607/5858MB (cached 0MB) CPU [22%@1510,56%@1510,8%@1510,14%@1510,5%@1510,8%@1510] GR3D_FREQ 39% cpu@54.593C soc2@52.812C soc0@51.343C gpu@53.531C tj@54.593C soc1@52.906C VDD_IN 6705mW/7545mW VDD_CPU_GPU_CV 1545mW/2210mW VDD_SOC 1663mW/1762mW
10-08-2026 21:33:49 RAM 7097/7620MB (lfb 22x2MB) SWAP 607/5858MB (cached 0MB) CPU [8%@729,9%@729,9%@729,9%@729,1%@1510,79%@1510] GR3D_FREQ 41% cpu@54.375C soc2@52.812C soc0@51.375C gpu@53.375C tj@54.375C soc1@53C VDD_IN 6705mW/7543mW VDD_CPU_GPU_CV 1542mW/2208mW VDD_SOC 1663mW/1762mW
10-08-2026 21:33:50 RAM 7098/7620MB (lfb 22x2MB) SWAP 607/5858MB (cached 0MB) CPU [10%@729,7%@729,8%@729,12%@729,0%@1497,79%@1497] GR3D_FREQ 53% cpu@54.375C soc2@52.812C soc0@51.375C gpu@53.375C tj@54.375C soc1@52.75C VDD_IN 6705mW/7541mW VDD_CPU_GPU_CV 1542mW/2207mW VDD_SOC 1663mW/1762mW
10-08-2026 21:33:51 RAM 7098/7620MB (lfb 22x2MB) SWAP 607/5858MB (cached 0MB) CPU [11%@1510,9%@1510,8%@1510,10%@1510,1%@1497,80%@1497] GR3D_FREQ 65% cpu@54.5C soc2@52.843C soc0@51.187C gpu@53.312C tj@54.5C soc1@52.843C VDD_IN 6705mW/7539mW VDD_CPU_GPU_CV 1584mW/2205mW VDD_SOC 1663mW/1761mW
10-08-2026 21:33:52 RAM 7098/7620MB (lfb 22x2MB) SWAP 607/5858MB (cached 0MB) CPU [10%@1510,6%@1510,9%@1510,13%@1510,5%@1497,75%@1497] GR3D_FREQ 62% cpu@54.156C soc2@52.687C soc0@51.187C gpu@53.5C tj@54.156C soc1@52.843C VDD_IN 6705mW/7537mW VDD_CPU_GPU_CV 1584mW/2204mW VDD_SOC 1663mW/1761mW
10-08-2026 21:33:53 RAM 7098/7620MB (lfb 22x2MB) SWAP 607/5858MB (cached 0MB) CPU [11%@1510,6%@1510,16%@1510,50%@1510,1%@729,23%@729] GR3D_FREQ 41% cpu@54.062C soc2@52.687C soc0@51.156C gpu@53.531C tj@54.062C soc1@52.906C VDD_IN 6705mW/7535mW VDD_CPU_GPU_CV 1545mW/2202mW VDD_SOC 1663mW/1761mW
10-08-2026 21:33:54 RAM 7098/7620MB (lfb 22x2MB) SWAP 607/5858MB (cached 0MB) CPU [18%@1510,42%@1510,9%@1510,35%@1510,4%@729,4%@729] GR3D_FREQ 47% cpu@54.062C soc2@52.781C soc0@51.281C gpu@53.531C tj@54.062C soc1@53.031C VDD_IN 6705mW/7533mW VDD_CPU_GPU_CV 1545mW/2201mW VDD_SOC 1703mW/1761mW
10-08-2026 21:33:55 RAM 7103/7620MB (lfb 1x256kB) SWAP 608/5858MB (cached 0MB) CPU [27%@1420,29%@1420,50%@1420,30%@1420,20%@960,12%@960] GR3D_FREQ 1% cpu@54.375C soc2@52.812C soc0@51.093C gpu@53.468C tj@54.375C soc1@52.718C VDD_IN 6785mW/7532mW VDD_CPU_GPU_CV 1743mW/2200mW VDD_SOC 1624mW/1761mW
10-08-2026 21:33:56 RAM 7107/7620MB (lfb 1x256kB) SWAP 608/5858MB (cached 0MB) CPU [51%@1510,37%@1510,42%@1510,39%@1510,42%@729,50%@729] GR3D_FREQ 0% cpu@54.281C soc2@52.75C soc0@51.031C gpu@53.187C tj@54.281C soc1@52.75C VDD_IN 6428mW/7529mW VDD_CPU_GPU_CV 1545mW/2198mW VDD_SOC 1584mW/1760mW
10-08-2026 21:33:57 RAM 7108/7620MB (lfb 1x256kB) SWAP 608/5858MB (cached 0MB) CPU [38%@1510,41%@1510,34%@1510,61%@1510,38%@1113,44%@1113] GR3D_FREQ 0% cpu@54.187C soc2@52.656C soc0@51.156C gpu@53.187C tj@54.187C soc1@52.812C VDD_IN 6547mW/7527mW VDD_CPU_GPU_CV 1621mW/2197mW VDD_SOC 1584mW/1760mW
10-08-2026 21:33:58 RAM 7128/7620MB (lfb 72x128kB) SWAP 608/5858MB (cached 0MB) CPU [60%@1510,68%@1510,61%@1510,65%@1510,64%@1510,71%@1510] GR3D_FREQ 0% cpu@55.093C soc2@53C soc0@51.187C gpu@53.593C tj@55.093C soc1@52.687C VDD_IN 8332mW/7529mW VDD_CPU_GPU_CV 2966mW/2199mW VDD_SOC 1743mW/1760mW
10-08-2026 21:33:59 RAM 7199/7620MB (lfb 1x2MB) SWAP 609/5858MB (cached 0MB) CPU [61%@1510,65%@1510,57%@1510,68%@1510,69%@1190,56%@1190] GR3D_FREQ 74% cpu@54.906C soc2@53.031C soc0@51.093C gpu@53.875C tj@54.906C soc1@52.812C VDD_IN 8967mW/7532mW VDD_CPU_GPU_CV 3243mW/2201mW VDD_SOC 1901mW/1760mW
10-08-2026 21:34:00 RAM 7237/7620MB (lfb 1559x32kB) SWAP 609/5858MB (cached 0MB) CPU [43%@1510,43%@1510,50%@1510,88%@1510,45%@1510,51%@1510] GR3D_FREQ 45% cpu@55.468C soc2@53.156C soc0@51.187C gpu@53.406C tj@55.468C soc1@52.843C VDD_IN 8848mW/7535mW VDD_CPU_GPU_CV 3164mW/2203mW VDD_SOC 1861mW/1760mW
10-08-2026 21:34:01 RAM 6976/7620MB (lfb 2x1MB) SWAP 609/5858MB (cached 0MB) CPU [74%@1510,72%@1510,77%@1510,81%@1510,78%@1510,79%@1510] GR3D_FREQ 61% cpu@54.875C soc2@53.375C soc0@51.375C gpu@53.656C tj@54.875C soc1@53.093C VDD_IN 9547mW/7539mW VDD_CPU_GPU_CV 3632mW/2206mW VDD_SOC 1941mW/1761mW
10-08-2026 21:34:02 RAM 7078/7620MB (lfb 10x1MB) SWAP 609/5858MB (cached 0MB) CPU [55%@1510,76%@1510,63%@1510,56%@1510,76%@1510,80%@1510] GR3D_FREQ 7% cpu@55.156C soc2@53.312C soc0@51.562C gpu@53.718C tj@55.156C soc1@52.875C VDD_IN 9349mW/7543mW VDD_CPU_GPU_CV 3480mW/2209mW VDD_SOC 1941mW/1761mW
10-08-2026 21:34:03 RAM 7177/7620MB (lfb 3x512kB) SWAP 609/5858MB (cached 0MB) CPU [76%@1510,78%@1510,76%@1510,70%@1510,78%@1510,75%@1510] GR3D_FREQ 54% cpu@55.343C soc2@53.531C soc0@51.5C gpu@53.656C tj@55.343C soc1@52.906C VDD_IN 9745mW/7548mW VDD_CPU_GPU_CV 3751mW/2213mW VDD_SOC 1980mW/1762mW
10-08-2026 21:34:04 RAM 7223/7620MB (lfb 1854x32kB) SWAP 609/5858MB (cached 0MB) CPU [60%@1267,71%@1190,46%@1190,61%@1190,73%@1510,73%@1510] GR3D_FREQ 52% cpu@55C soc2@53.593C soc0@51.531C gpu@53.718C tj@55C soc1@53.093C VDD_IN 9468mW/7552mW VDD_CPU_GPU_CV 3553mW/2216mW VDD_SOC 1980mW/1762mW
10-08-2026 21:34:05 RAM 7222/7620MB (lfb 20x64kB) SWAP 610/5858MB (cached 0MB) CPU [41%@1420,48%@1420,42%@1420,61%@1420,41%@729,53%@729] GR3D_FREQ 38% cpu@54.531C soc2@53.187C soc0@51.593C gpu@53.625C tj@54.531C soc1@53.093C VDD_IN 8412mW/7554mW VDD_CPU_GPU_CV 2689mW/2217mW VDD_SOC 1901mW/1762mW
10-08-2026 21:34:06 RAM 7028/7620MB (lfb 8x256kB) SWAP 613/5858MB (cached 0MB) CPU [13%@1113,24%@1113,55%@1113,37%@1113,16%@729,37%@729] GR3D_FREQ 39% cpu@54.562C soc2@53.218C soc0@51.437C gpu@53.656C tj@54.562C soc1@52.937C VDD_IN 7618mW/7554mW VDD_CPU_GPU_CV 2175mW/2216mW VDD_SOC 1822mW/1762mW
10-08-2026 21:34:07 RAM 6933/7620MB (lfb 1x2MB) SWAP 613/5858MB (cached 0MB) CPU [34%@1036,29%@1036,23%@1036,20%@1036,29%@729,23%@729] GR3D_FREQ 76% cpu@54.25C soc2@53.156C soc0@51.437C gpu@53.687C tj@54.25C soc1@52.937C VDD_IN 7142mW/7554mW VDD_CPU_GPU_CV 1779mW/2216mW VDD_SOC 1782mW/1762mW
10-08-2026 21:34:08 RAM 6938/7620MB (lfb 2x2MB) SWAP 613/5858MB (cached 0MB) CPU [14%@729,19%@729,10%@729,13%@729,11%@1497,61%@1497] GR3D_FREQ 64% cpu@54.343C soc2@52.781C soc0@51.312C gpu@53.5C tj@54.343C soc1@52.968C VDD_IN 6745mW/7552mW VDD_CPU_GPU_CV 1584mW/2214mW VDD_SOC 1663mW/1762mW
10-08-2026 21:34:09 RAM 6938/7620MB (lfb 2x2MB) SWAP 613/5858MB (cached 0MB) CPU [15%@729,8%@729,10%@729,9%@729,6%@1497,80%@1497] GR3D_FREQ 62% cpu@54.343C soc2@52.812C soc0@51.343C gpu@53.312C tj@54.343C soc1@52.968C VDD_IN 6666mW/7550mW VDD_CPU_GPU_CV 1545mW/2213mW VDD_SOC 1663mW/1762mW
10-08-2026 21:34:10 RAM 6938/7620MB (lfb 2x2MB) SWAP 613/5858MB (cached 0MB) CPU [12%@1510,8%@1510,12%@1510,9%@1510,13%@1510,74%@1510] GR3D_FREQ 45% cpu@54.312C soc2@52.781C soc0@51.375C gpu@53.312C tj@54.312C soc1@52.843C VDD_IN 6666mW/7548mW VDD_CPU_GPU_CV 1545mW/2211mW VDD_SOC 1663mW/1762mW
10-08-2026 21:34:11 RAM 6938/7620MB (lfb 2x2MB) SWAP 613/5858MB (cached 0MB) CPU [7%@1510,26%@1510,29%@1510,7%@1510,12%@729,21%@729] GR3D_FREQ 47% cpu@54.343C soc2@52.718C soc0@51.187C gpu@53.281C tj@54.343C soc1@52.812C VDD_IN 6666mW/7546mW VDD_CPU_GPU_CV 1545mW/2210mW VDD_SOC 1663mW/1762mW
10-08-2026 21:34:12 RAM 6939/7620MB (lfb 2x2MB) SWAP 613/5858MB (cached 0MB) CPU [12%@1510,1%@1510,80%@1510,4%@1510,2%@729,6%@729] GR3D_FREQ 32% cpu@53.968C soc2@52.718C soc0@51.187C gpu@53.281C tj@53.968C soc1@52.75C VDD_IN 6666mW/7544mW VDD_CPU_GPU_CV 1545mW/2208mW VDD_SOC 1663mW/1761mW
10-08-2026 21:34:13 RAM 6939/7620MB (lfb 2x2MB) SWAP 613/5858MB (cached 0MB) CPU [10%@1510,3%@1510,44%@1510,42%@1510,2%@729,5%@729] GR3D_FREQ 32% cpu@54.031C soc2@52.781C soc0@51.187C gpu@53.343C tj@54.031C soc1@52.781C VDD_IN 6666mW/7542mW VDD_CPU_GPU_CV 1584mW/2207mW VDD_SOC 1663mW/1761mW
10-08-2026 21:34:14 RAM 6939/7620MB (lfb 2x2MB) SWAP 613/5858MB (cached 0MB) CPU [31%@1510,32%@1510,30%@1510,14%@1510,1%@729,1%@729] GR3D_FREQ 42% cpu@54.156C soc2@52.781C soc0@51.312C gpu@53.5C tj@54.156C soc1@52.625C VDD_IN 6705mW/7540mW VDD_CPU_GPU_CV 1545mW/2206mW VDD_SOC 1663mW/1761mW
10-08-2026 21:34:15 RAM 6939/7620MB (lfb 2x2MB) SWAP 613/5858MB (cached 0MB) CPU [31%@1497,32%@1497,9%@1497,31%@1497,4%@729,1%@729] GR3D_FREQ 53% cpu@54.062C soc2@52.75C soc0@51.093C gpu@53.437C tj@54.343C soc1@52.625C VDD_IN 6705mW/7539mW VDD_CPU_GPU_CV 1545mW/2204mW VDD_SOC 1663mW/1761mW
10-08-2026 21:34:16 RAM 7096/7620MB (lfb 137x128kB) SWAP 613/5858MB (cached 0MB) CPU [49%@1510,24%@1510,16%@1510,35%@1510,14%@729,21%@729] GR3D_FREQ 0% cpu@54.312C soc2@52.718C soc0@51.093C gpu@53.437C tj@54.312C soc1@52.687C VDD_IN 6785mW/7537mW VDD_CPU_GPU_CV 1740mW/2203mW VDD_SOC 1624mW/1760mW
10-08-2026 21:34:17 RAM 7102/7620MB (lfb 123x128kB) SWAP 613/5858MB (cached 0MB) CPU [34%@883,50%@883,30%@883,45%@883,36%@729,33%@729] GR3D_FREQ 31% cpu@54.156C soc2@52.625C soc0@51.062C gpu@53.156C tj@54.156C soc1@52.781C VDD_IN 6348mW/7535mW VDD_CPU_GPU_CV 1465mW/2202mW VDD_SOC 1584mW/1760mW
10-08-2026 21:34:18 RAM 7138/7620MB (lfb 38x128kB) SWAP 613/5858MB (cached 0MB) CPU [38%@1510,57%@1510,54%@1510,51%@1510,44%@1510,54%@1510] GR3D_FREQ 24% cpu@54.718C soc2@52.781C soc0@51.156C gpu@53.187C tj@54.718C soc1@52.625C VDD_IN 7340mW/7534mW VDD_CPU_GPU_CV 2218mW/2202mW VDD_SOC 1666mW/1760mW
10-08-2026 21:34:19 RAM 7149/7620MB (lfb 25x128kB) SWAP 613/5858MB (cached 0MB) CPU [63%@1510,72%@1510,61%@1510,59%@1510,77%@1510,72%@1510] GR3D_FREQ 0% cpu@55.156C soc2@53C soc0@51.031C gpu@53.25C tj@55.156C soc1@52.718C VDD_IN 8372mW/7536mW VDD_CPU_GPU_CV 3005mW/2203mW VDD_SOC 1745mW/1760mW
10-08-2026 21:34:20 RAM 7185/7620MB (lfb 1x2MB) SWAP 613/5858MB (cached 0MB) CPU [76%@1510,64%@1510,80%@1510,69%@1510,88%@1510,71%@1510] GR3D_FREQ 34% cpu@55.375C soc2@53.187C soc0@51.218C gpu@53.625C tj@55.093C soc1@52.687C VDD_IN 9126mW/7539mW VDD_CPU_GPU_CV 3480mW/2206mW VDD_SOC 1822mW/1760mW
10-08-2026 21:34:21 RAM 7213/7620MB (lfb 17x128kB) SWAP 615/5858MB (cached 0MB) CPU [84%@1510,83%@1510,74%@1510,76%@1510,74%@1113,87%@1113] GR3D_FREQ 45% cpu@55.093C soc2@53.406C soc0@51.218C gpu@53.812C tj@55.093C soc1@52.875C VDD_IN 9681mW/7544mW VDD_CPU_GPU_CV 3717mW/2209mW VDD_SOC 1941mW/1760mW
10-08-2026 21:34:22 RAM 7235/7620MB (lfb 1x128kB) SWAP 624/5858MB (cached 0MB) CPU [72%@1510,70%@1510,66%@1510,61%@1510,76%@1510,72%@1510] GR3D_FREQ 52% cpu@55.562C soc2@53.343C soc0@51.343C gpu@53.656C tj@55.562C soc1@53.031C VDD_IN 9904mW/7549mW VDD_CPU_GPU_CV 3869mW/2213mW VDD_SOC 1980mW/1761mW
10-08-2026 21:34:23 RAM 7206/7620MB (lfb 29x128kB) SWAP 643/5858MB (cached 0MB) CPU [72%@1510,83%@1510,81%@1510,75%@1510,75%@1344,78%@1344] GR3D_FREQ 72% cpu@55C soc2@53.562C soc0@51.5C gpu@53.687C tj@55C soc1@53.125C VDD_IN 9721mW/7553mW VDD_CPU_GPU_CV 3751mW/2216mW VDD_SOC 1980mW/1761mW
10-08-2026 21:34:24 RAM 7229/7620MB (lfb 5x128kB) SWAP 665/5858MB (cached 0MB) CPU [76%@1510,75%@1510,69%@1510,66%@1510,64%@1497,69%@1497] GR3D_FREQ 68% cpu@55.25C soc2@53.468C soc0@51.5C gpu@54.062C tj@55.312C soc1@53.031C VDD_IN 9681mW/7558mW VDD_CPU_GPU_CV 3717mW/2219mW VDD_SOC 1980mW/1762mW
10-08-2026 21:34:25 RAM 6975/7620MB (lfb 29x256kB) SWAP 666/5858MB (cached 0MB) CPU [80%@1510,81%@1510,86%@1510,85%@1510,88%@1510,84%@1510] GR3D_FREQ 36% cpu@55.562C soc2@53.468C soc0@51.625C gpu@53.781C tj@55.562C soc1@53.062C VDD_IN 9523mW/7562mW VDD_CPU_GPU_CV 3717mW/2222mW VDD_SOC 1901mW/1762mW
10-08-2026 21:34:26 RAM 7077/7620MB (lfb 2x512kB) SWAP 666/5858MB (cached 0MB) CPU [72%@1510,67%@1510,83%@1510,66%@1510,75%@1510,75%@1510] GR3D_FREQ 32% cpu@55.375C soc2@53.687C soc0@51.562C gpu@53.812C tj@55.375C soc1@53.093C VDD_IN 9864mW/7567mW VDD_CPU_GPU_CV 3869mW/2226mW VDD_SOC 1980mW/1763mW
10-08-2026 21:34:27 RAM 7004/7620MB (lfb 8x512kB) SWAP 666/5858MB (cached 0MB) CPU [72%@1510,77%@1510,79%@1510,81%@1510,81%@729,75%@729] GR3D_FREQ 0% cpu@55.093C soc2@53.468C soc0@51.593C gpu@53.906C tj@55.093C soc1@53.187C VDD_IN 9309mW/7570mW VDD_CPU_GPU_CV 3435mW/2228mW VDD_SOC 1941mW/1763mW
10-08-2026 21:34:28 RAM 6875/7620MB (lfb 3x1MB) SWAP 666/5858MB (cached 0MB) CPU [53%@1510,44%@1510,83%@1510,42%@1510,52%@1497,51%@1497] GR3D_FREQ 14% cpu@55.468C soc2@53.437C soc0@51.656C gpu@54C tj@55.468C soc1@53.218C VDD_IN 9007mW/7573mW VDD_CPU_GPU_CV 3282mW/2230mW VDD_SOC 1861mW/1763mW
10-08-2026 21:34:29 RAM 6940/7620MB (lfb 3x1MB) SWAP 666/5858MB (cached 0MB) CPU [89%@1510,86%@1510,85%@1510,83%@1510,90%@1510,89%@1510] GR3D_FREQ 56% cpu@55.562C soc2@53.687C soc0@51.875C gpu@54.093C tj@55.562C soc1@53.156C VDD_IN 10039mW/7578mW VDD_CPU_GPU_CV 3988mW/2234mW VDD_SOC 1980mW/1764mW
10-08-2026 21:34:30 RAM 7071/7620MB (lfb 3x1MB) SWAP 666/5858MB (cached 0MB) CPU [66%@1510,72%@1510,75%@1510,60%@1510,68%@1510,67%@1510] GR3D_FREQ 61% cpu@55.406C soc2@53.656C soc0@51.75C gpu@53.937C tj@55.406C soc1@53.281C VDD_IN 9705mW/7583mW VDD_CPU_GPU_CV 3711mW/2237mW VDD_SOC 1980mW/1764mW
10-08-2026 21:34:31 RAM 7156/7620MB (lfb 1x128kB) SWAP 666/5858MB (cached 0MB) CPU [67%@806,45%@806,52%@806,53%@806,51%@1190,47%@1190] GR3D_FREQ 66% cpu@54.875C soc2@53.593C soc0@51.75C gpu@53.875C tj@54.875C soc1@53.406C VDD_IN 8451mW/7585mW VDD_CPU_GPU_CV 2768mW/2238mW VDD_SOC 1861mW/1764mW
10-08-2026 21:34:32 RAM 7160/7620MB (lfb 1x128kB) SWAP 666/5858MB (cached 0MB) CPU [10%@1510,38%@1510,34%@1510,15%@1510,42%@1510,47%@1510] GR3D_FREQ 65% cpu@54.687C soc2@53.593C soc0@51.75C gpu@54.125C tj@54.875C soc1@53.125C VDD_IN 7975mW/7585mW VDD_CPU_GPU_CV 2373mW/2238mW VDD_SOC 1861mW/1764mW
10-08-2026 21:34:33 RAM 7160/7620MB (lfb 1x128kB) SWAP 666/5858MB (cached 0MB) CPU [28%@1510,30%@1510,35%@1510,16%@1510,68%@1036,17%@1036] GR3D_FREQ 45% cpu@54.687C soc2@53.5C soc0@51.687C gpu@54.031C tj@54.687C soc1@53.125C VDD_IN 7618mW/7585mW VDD_CPU_GPU_CV 2135mW/2238mW VDD_SOC 1822mW/1764mW
10-08-2026 21:34:34 RAM 7160/7620MB (lfb 1x128kB) SWAP 666/5858MB (cached 0MB) CPU [16%@1510,21%@1510,29%@1510,35%@1510,31%@729,47%@729] GR3D_FREQ 48% cpu@54.812C soc2@53.468C soc0@51.781C gpu@54.093C tj@54.812C soc1@53.156C VDD_IN 7816mW/7586mW VDD_CPU_GPU_CV 2294mW/2238mW VDD_SOC 1822mW/1765mW
10-08-2026 21:34:35 RAM 7176/7620MB (lfb 1x128kB) SWAP 666/5858MB (cached 0MB) CPU [22%@1113,47%@1113,42%@1113,32%@1113,20%@729,12%@729] GR3D_FREQ 66% cpu@54.562C soc2@53.375C soc0@51.75C gpu@53.812C tj@54.562C soc1@53.375C VDD_IN 7856mW/7586mW VDD_CPU_GPU_CV 2333mW/2239mW VDD_SOC 1822mW/1765mW
10-08-2026 21:34:36 RAM 7056/7620MB (lfb 3x2MB) SWAP 666/5858MB (cached 0MB) CPU [10%@1510,11%@1510,51%@1510,12%@1510,37%@1344,42%@1344] GR3D_FREQ 41% cpu@54.687C soc2@53.25C soc0@51.562C gpu@53.718C tj@54.687C soc1@53.093C VDD_IN 7301mW/7586mW VDD_CPU_GPU_CV 1819mW/2238mW VDD_SOC 1782mW/1765mW
10-08-2026 21:34:37 RAM 7072/7620MB (lfb 3x2MB) SWAP 666/5858MB (cached 0MB) CPU [12%@729,9%@729,27%@1510,21%@1510,8%@1510,78%@1510] GR3D_FREQ 63% cpu@54.687C soc2@53.187C soc0@51.531C gpu@53.937C tj@54.687C soc1@53.093C VDD_IN 6785mW/7584mW VDD_CPU_GPU_CV 1584mW/2236mW VDD_SOC 1703mW/1765mW
10-08-2026 21:34:38 RAM 7072/7620MB (lfb 3x2MB) SWAP 666/5858MB (cached 0MB) CPU [25%@729,7%@729,7%@729,11%@729,23%@1497,66%@1497] GR3D_FREQ 65% cpu@54.468C soc2@53.062C soc0@51.531C gpu@53.468C tj@54.468C soc1@53.093C VDD_IN 6785mW/7583mW VDD_CPU_GPU_CV 1584mW/2235mW VDD_SOC 1663mW/1764mW
10-08-2026 21:34:39 RAM 7073/7620MB (lfb 3x2MB) SWAP 666/5858MB (cached 0MB) CPU [24%@1510,6%@1510,15%@1510,8%@1510,15%@1497,77%@1497] GR3D_FREQ 42% cpu@54.375C soc2@52.968C soc0@51.593C gpu@53.437C tj@54.375C soc1@53.156C VDD_IN 6705mW/7581mW VDD_CPU_GPU_CV 1584mW/2234mW VDD_SOC 1703mW/1764mW
10-08-2026 21:34:40 RAM 7073/7620MB (lfb 3x2MB) SWAP 666/5858MB (cached 0MB) CPU [24%@1510,6%@1510,13%@1510,9%@1510,8%@1510,81%@1510] GR3D_FREQ 46% cpu@54.656C soc2@52.937C soc0@51.562C gpu@53.593C tj@54.656C soc1@53C VDD_IN 6824mW/7579mW VDD_CPU_GPU_CV 1584mW/2232mW VDD_SOC 1703mW/1764mW
10-08-2026 21:34:41 RAM 7074/7620MB (lfb 3x2MB) SWAP 666/5858MB (cached 0MB) CPU [21%@729,7%@729,8%@729,10%@729,4%@1510,80%@1510] GR3D_FREQ 31% cpu@54.406C soc2@53.093C soc0@51.343C gpu@53.625C tj@54.406C soc1@52.937C VDD_IN 6785mW/7578mW VDD_CPU_GPU_CV 1584mW/2231mW VDD_SOC 1703mW/1764mW
10-08-2026 21:34:42 RAM 7074/7620MB (lfb 3x2MB) SWAP 666/5858MB (cached 0MB) CPU [14%@729,10%@1510,6%@1510,10%@1510,7%@1510,78%@1510] GR3D_FREQ 35% cpu@54.468C soc2@52.906C soc0@51.375C gpu@53.468C tj@54.468C soc1@53.031C VDD_IN 6745mW/7576mW VDD_CPU_GPU_CV 1584mW/2230mW VDD_SOC 1663mW/1764mW
10-08-2026 21:34:43 RAM 7074/7620MB (lfb 3x2MB) SWAP 666/5858MB (cached 0MB) CPU [14%@729,10%@1510,9%@1510,7%@1510,12%@1510,74%@1510] GR3D_FREQ 40% cpu@54.468C soc2@52.906C soc0@51.406C gpu@53.281C tj@54.468C soc1@53.062C VDD_IN 6745mW/7574mW VDD_CPU_GPU_CV 1584mW/2229mW VDD_SOC 1703mW/1764mW
10-08-2026 21:34:44 RAM 7074/7620MB (lfb 3x2MB) SWAP 666/5858MB (cached 0MB) CPU [17%@1510,7%@1510,7%@1510,8%@1510,13%@1510,67%@1510] GR3D_FREQ 40% cpu@54.375C soc2@52.843C soc0@51.312C gpu@53.375C tj@54.531C soc1@52.906C VDD_IN 6745mW/7573mW VDD_CPU_GPU_CV 1584mW/2227mW VDD_SOC 1703mW/1764mW
10-08-2026 21:34:45 RAM 7081/7620MB (lfb 42x256kB) SWAP 666/5858MB (cached 0MB) CPU [50%@1510,37%@1510,37%@1510,46%@1510,42%@883,32%@883] GR3D_FREQ 0% cpu@54.562C soc2@52.968C soc0@51.25C gpu@53.343C tj@54.562C soc1@52.968C VDD_IN 6547mW/7571mW VDD_CPU_GPU_CV 1621mW/2226mW VDD_SOC 1624mW/1763mW
10-08-2026 21:34:46 RAM 7082/7620MB (lfb 40x256kB) SWAP 666/5858MB (cached 0MB) CPU [45%@1510,40%@1510,41%@1510,46%@1510,43%@729,49%@729] GR3D_FREQ 30% cpu@54.718C soc2@52.812C soc0@51.218C gpu@53.5C tj@54.718C soc1@52.968C VDD_IN 6467mW/7568mW VDD_CPU_GPU_CV 1542mW/2225mW VDD_SOC 1584mW/1763mW
10-08-2026 21:34:47 RAM 7111/7620MB (lfb 3x256kB) SWAP 666/5858MB (cached 0MB) CPU [63%@1510,59%@1510,72%@1510,51%@1510,91%@1510,60%@1510] GR3D_FREQ 30% cpu@55.406C soc2@53.156C soc0@51.375C gpu@53.406C tj@55.406C soc1@52.843C VDD_IN 8332mW/7570mW VDD_CPU_GPU_CV 2966mW/2226mW VDD_SOC 1745mW/1763mW
10-08-2026 21:34:48 RAM 7134/7620MB (lfb 240x128kB) SWAP 666/5858MB (cached 0MB) CPU [59%@1497,69%@1497,63%@1497,56%@1497,87%@1510,76%@1510] GR3D_FREQ 86% cpu@54.906C soc2@53.187C soc0@51.343C gpu@53.5C tj@54.906C soc1@53.062C VDD_IN 8293mW/7571mW VDD_CPU_GPU_CV 2926mW/2228mW VDD_SOC 1743mW/1763mW
10-08-2026 21:34:49 RAM 7198/7620MB (lfb 1x256kB) SWAP 666/5858MB (cached 0MB) CPU [79%@1510,85%@1510,79%@1510,78%@1510,89%@1497,79%@1497] GR3D_FREQ 30% cpu@55.687C soc2@53.5C soc0@51.5C gpu@53.937C tj@55.5C soc1@53.187C VDD_IN 9761mW/7576mW VDD_CPU_GPU_CV 3836mW/2231mW VDD_SOC 1941mW/1763mW
10-08-2026 21:34:50 RAM 7200/7620MB (lfb 8x128kB) SWAP 670/5858MB (cached 0MB) CPU [68%@1510,81%@1510,63%@1510,54%@1510,73%@1510,74%@1510] GR3D_FREQ 47% cpu@55.406C soc2@53.562C soc0@51.718C gpu@53.781C tj@55.406C soc1@53.093C VDD_IN 9547mW/7580mW VDD_CPU_GPU_CV 3593mW/2233mW VDD_SOC 1980mW/1764mW
10-08-2026 21:34:51 RAM 7229/7620MB (lfb 33x64kB) SWAP 671/5858MB (cached 0MB) CPU [67%@1510,61%@1510,61%@1510,78%@1510,81%@1510,67%@1510] GR3D_FREQ 45% cpu@55.343C soc2@53.437C soc0@51.718C gpu@54.125C tj@55.187C soc1@53.218C VDD_IN 9587mW/7584mW VDD_CPU_GPU_CV 3632mW/2236mW VDD_SOC 1980mW/1764mW
10-08-2026 21:34:52 RAM 7230/7620MB (lfb 33x64kB) SWAP 671/5858MB (cached 0MB) CPU [37%@1510,53%@1510,28%@1510,23%@1510,58%@1510,52%@1510] GR3D_FREQ 80% cpu@54.875C soc2@53.625C soc0@51.843C gpu@53.687C tj@54.875C soc1@53.125C VDD_IN 8213mW/7585mW VDD_CPU_GPU_CV 2570mW/2237mW VDD_SOC 1861mW/1764mW
10-08-2026 21:34:53 RAM 7224/7620MB (lfb 17x128kB) SWAP 675/5858MB (cached 0MB) CPU [22%@729,24%@729,16%@729,21%@729,44%@960,63%@960] GR3D_FREQ 99% cpu@54.75C soc2@53.343C soc0@51.625C gpu@53.687C tj@55C soc1@53.093C VDD_IN 7777mW/7585mW VDD_CPU_GPU_CV 2294mW/2237mW VDD_SOC 1822mW/1764mW
10-08-2026 21:34:54 RAM 7235/7620MB (lfb 1819x32kB) SWAP 675/5858MB (cached 0MB) CPU [20%@1510,29%@1510,17%@1510,9%@1510,25%@1510,84%@1510] GR3D_FREQ 56% cpu@54.843C soc2@53.312C soc0@51.718C gpu@53.906C tj@54.843C soc1@53.156C VDD_IN 8055mW/7586mW VDD_CPU_GPU_CV 2452mW/2237mW VDD_SOC 1861mW/1765mW
10-08-2026 21:34:55 RAM 7102/7620MB (lfb 6x2MB) SWAP 675/5858MB (cached 0MB) CPU [13%@1510,11%@1510,9%@1510,7%@1510,27%@1510,61%@1510] GR3D_FREQ 32% cpu@54.437C soc2@53.062C soc0@51.468C gpu@53.718C tj@54.437C soc1@53.125C VDD_IN 6745mW/7585mW VDD_CPU_GPU_CV 1584mW/2236mW VDD_SOC 1703mW/1764mW
10-08-2026 21:34:56 RAM 7102/7620MB (lfb 6x2MB) SWAP 675/5858MB (cached 0MB) CPU [10%@1510,8%@1510,3%@1510,7%@1510,6%@1510,76%@1510] GR3D_FREQ 34% cpu@54.5C soc2@52.968C soc0@51.656C gpu@53.656C tj@54.5C soc1@52.937C VDD_IN 6666mW/7583mW VDD_CPU_GPU_CV 1545mW/2235mW VDD_SOC 1663mW/1764mW
10-08-2026 21:34:57 RAM 7102/7620MB (lfb 6x2MB) SWAP 675/5858MB (cached 0MB) CPU [6%@1510,11%@1510,5%@1510,6%@1510,4%@1510,78%@1510] GR3D_FREQ 40% cpu@54.5C soc2@53.031C soc0@51.437C gpu@53.437C tj@54.5C soc1@53C VDD_IN 6705mW/7581mW VDD_CPU_GPU_CV 1542mW/2233mW VDD_SOC 1663mW/1764mW
10-08-2026 21:34:58 RAM 7102/7620MB (lfb 6x2MB) SWAP 675/5858MB (cached 0MB) CPU [5%@729,8%@729,4%@729,6%@729,6%@1510,81%@1510] GR3D_FREQ 40% cpu@54.656C soc2@52.843C soc0@51.343C gpu@53.437C tj@54.656C soc1@53C VDD_IN 6705mW/7579mW VDD_CPU_GPU_CV 1545mW/2232mW VDD_SOC 1663mW/1764mW
10-08-2026 21:34:59 RAM 7102/7620MB (lfb 6x2MB) SWAP 675/5858MB (cached 0MB) CPU [15%@1510,23%@1510,6%@1510,4%@1510,3%@729,59%@729] GR3D_FREQ 37% cpu@54.375C soc2@52.906C soc0@51.375C gpu@53.625C tj@54.375C soc1@53.093C VDD_IN 6666mW/7578mW VDD_CPU_GPU_CV 1545mW/2231mW VDD_SOC 1663mW/1764mW
10-08-2026 21:35:00 RAM 7102/7620MB (lfb 6x2MB) SWAP 675/5858MB (cached 0MB) CPU [11%@1497,70%@1497,5%@1497,8%@1497,7%@729,9%@729] GR3D_FREQ 55% cpu@54.375C soc2@52.937C soc0@51.531C gpu@53.656C tj@54.375C soc1@53.093C VDD_IN 6666mW/7576mW VDD_CPU_GPU_CV 1545mW/2229mW VDD_SOC 1663mW/1763mW
10-08-2026 21:35:01 RAM 7145/7620MB (lfb 1x512kB) SWAP 675/5858MB (cached 0MB) CPU [29%@1510,20%@1510,34%@1510,50%@1510,16%@806,19%@806] GR3D_FREQ 29% cpu@54.656C soc2@52.968C soc0@51.187C gpu@53.593C tj@54.656C soc1@52.843C VDD_IN 6864mW/7574mW VDD_CPU_GPU_CV 1822mW/2229mW VDD_SOC 1663mW/1763mW
10-08-2026 21:35:02 RAM 7146/7620MB (lfb 1x512kB) SWAP 675/5858MB (cached 0MB) CPU [52%@1344,42%@1344,41%@1344,46%@1344,36%@729,49%@729] GR3D_FREQ 35% cpu@54.343C soc2@52.937C soc0@51.156C gpu@53.593C tj@54.343C soc1@52.937C VDD_IN 6626mW/7573mW VDD_CPU_GPU_CV 1661mW/2227mW VDD_SOC 1624mW/1763mW
10-08-2026 21:35:03 RAM 7163/7620MB (lfb 49x256kB) SWAP 675/5858MB (cached 0MB) CPU [43%@1510,66%@1510,47%@1510,42%@1510,53%@1510,57%@1510] GR3D_FREQ 0% cpu@55.125C soc2@52.968C soc0@51.312C gpu@53.375C tj@55.125C soc1@53C VDD_IN 7499mW/7572mW VDD_CPU_GPU_CV 2333mW/2228mW VDD_SOC 1663mW/1763mW
10-08-2026 21:35:04 RAM 7163/7620MB (lfb 48x256kB) SWAP 675/5858MB (cached 0MB) CPU [70%@1510,70%@1510,73%@1510,65%@1344,79%@1497,72%@1497] GR3D_FREQ 0% cpu@55.281C soc2@53.312C soc0@51.218C gpu@53.5C tj@55.281C soc1@52.968C VDD_IN 8491mW/7574mW VDD_CPU_GPU_CV 3085mW/2229mW VDD_SOC 1745mW/1763mW
10-08-2026 21:35:05 RAM 7006/7620MB (lfb 7x512kB) SWAP 675/5858MB (cached 0MB) CPU [74%@1510,78%@1510,64%@1510,73%@1510,75%@1510,69%@1510] GR3D_FREQ 0% cpu@55.25C soc2@53.406C soc0@51.406C gpu@53.593C tj@55.25C soc1@52.968C VDD_IN 9443mW/7578mW VDD_CPU_GPU_CV 3599mW/2232mW VDD_SOC 1941mW/1763mW
10-08-2026 21:35:06 RAM 6755/7620MB (lfb 3x2MB) SWAP 675/5858MB (cached 0MB) CPU [75%@1344,69%@1344,74%@1344,80%@1344,76%@883,81%@883] GR3D_FREQ 83% cpu@55.031C soc2@53.437C soc0@51.531C gpu@53.906C tj@55.031C soc1@53.093C VDD_IN 9324mW/7581mW VDD_CPU_GPU_CV 3480mW/2234mW VDD_SOC 1901mW/1763mW
10-08-2026 21:35:07 RAM 6862/7620MB (lfb 2x2MB) SWAP 675/5858MB (cached 0MB) CPU [62%@1510,59%@1510,82%@1510,62%@1510,57%@729,60%@729] GR3D_FREQ 67% cpu@55.218C soc2@53.5C soc0@51.593C gpu@54.125C tj@55.218C soc1@53.093C VDD_IN 9349mW/7584mW VDD_CPU_GPU_CV 3480mW/2237mW VDD_SOC 1941mW/1764mW
10-08-2026 21:35:08 RAM 6982/7620MB (lfb 10x512kB) SWAP 675/5858MB (cached 0MB) CPU [31%@1510,27%@1510,20%@1510,25%@1510,64%@729,57%@729] GR3D_FREQ 83% cpu@54.875C soc2@53.343C soc0@51.593C gpu@54C tj@54.875C soc1@53.093C VDD_IN 8055mW/7585mW VDD_CPU_GPU_CV 2452mW/2237mW VDD_SOC 1861mW/1764mW
10-08-2026 21:35:09 RAM 7040/7620MB (lfb 65x128kB) SWAP 675/5858MB (cached 0MB) CPU [25%@1420,39%@1420,10%@1420,39%@1420,22%@729,51%@729] GR3D_FREQ 72% cpu@54.531C soc2@53.187C soc0@51.625C gpu@53.656C tj@54.531C soc1@53.156C VDD_IN 7539mW/7585mW VDD_CPU_GPU_CV 2096mW/2237mW VDD_SOC 1822mW/1764mW
10-08-2026 21:35:10 RAM 7075/7620MB (lfb 2x512kB) SWAP 675/5858MB (cached 0MB) CPU [14%@1510,48%@1510,23%@1510,22%@1510,42%@729,23%@729] GR3D_FREQ 3% cpu@54.437C soc2@53.125C soc0@51.656C gpu@53.562C tj@54.437C soc1@53C VDD_IN 7340mW/7585mW VDD_CPU_GPU_CV 1938mW/2236mW VDD_SOC 1782mW/1764mW
10-08-2026 21:35:11 RAM 7048/7620MB (lfb 1x2MB) SWAP 675/5858MB (cached 0MB) CPU [8%@1510,13%@1510,5%@1510,75%@1510,5%@729,2%@729] GR3D_FREQ 45% cpu@54.468C soc2@53C soc0@51.562C gpu@53.5C tj@54.468C soc1@52.937C VDD_IN 6705mW/7583mW VDD_CPU_GPU_CV 1545mW/2235mW VDD_SOC 1703mW/1764mW
10-08-2026 21:35:12 RAM 7048/7620MB (lfb 1x2MB) SWAP 675/5858MB (cached 0MB) CPU [48%@1510,26%@1510,1%@1510,21%@1510,6%@729,1%@729] GR3D_FREQ 38% cpu@54.5C soc2@52.968C soc0@51.406C gpu@53.437C tj@54.375C soc1@52.937C VDD_IN 6666mW/7581mW VDD_CPU_GPU_CV 1545mW/2234mW VDD_SOC 1663mW/1764mW
10-08-2026 21:35:13 RAM 7048/7620MB (lfb 1x2MB) SWAP 675/5858MB (cached 0MB) CPU [30%@1510,32%@1510,6%@1510,6%@1510,19%@1510,19%@1510] GR3D_FREQ 32% cpu@54.687C soc2@52.812C soc0@51.406C gpu@53.5C tj@54.687C soc1@52.968C VDD_IN 6666mW/7580mW VDD_CPU_GPU_CV 1545mW/2232mW VDD_SOC 1663mW/1764mW
10-08-2026 21:35:14 RAM 7048/7620MB (lfb 1x2MB) SWAP 675/5858MB (cached 0MB) CPU [14%@729,8%@729,11%@1510,10%@1510,7%@1510,81%@1510] GR3D_FREQ 37% cpu@54.343C soc2@52.718C soc0@51.343C gpu@53.718C tj@54.343C soc1@53.093C VDD_IN 6666mW/7578mW VDD_CPU_GPU_CV 1545mW/2231mW VDD_SOC 1663mW/1763mW
10-08-2026 21:35:15 RAM 6512/7620MB (lfb 1x2MB) SWAP 675/5858MB (cached 0MB) CPU [21%@1510,27%@1510,38%@1510,36%@1510,28%@729,56%@729] GR3D_FREQ 0% cpu@54.5C soc2@52.906C soc0@51.312C gpu@53.187C tj@54.5C soc1@52.875C VDD_IN 6824mW/7577mW VDD_CPU_GPU_CV 1819mW/2230mW VDD_SOC 1624mW/1763mW
10-08-2026 21:35:16 RAM 6516/7620MB (lfb 1x2MB) SWAP 675/5858MB (cached 0MB) CPU [30%@1190,38%@1190,41%@1190,40%@1190,32%@729,41%@729] GR3D_FREQ 33% cpu@54.406C soc2@52.906C soc0@51.187C gpu@53.343C tj@54.406C soc1@52.75C VDD_IN 6309mW/7574mW VDD_CPU_GPU_CV 1465mW/2229mW VDD_SOC 1584mW/1763mW
10-08-2026 21:35:17 RAM 6557/7620MB (lfb 17x1MB) SWAP 675/5858MB (cached 0MB) CPU [34%@1420,65%@1420,44%@1420,42%@1420,40%@1510,58%@1510] GR3D_FREQ 43% cpu@54.75C soc2@52.875C soc0@51.187C gpu@53.437C tj@54.75C soc1@52.906C VDD_IN 7380mW/7574mW VDD_CPU_GPU_CV 2258mW/2229mW VDD_SOC 1666mW/1763mW
10-08-2026 21:35:18 RAM 6559/7620MB (lfb 1x2MB) SWAP 675/5858MB (cached 0MB) CPU [54%@729,50%@1510,45%@1510,58%@1510,66%@729,66%@729] GR3D_FREQ 11% cpu@54.562C soc2@52.968C soc0@51.25C gpu@53.375C tj@54.562C soc1@52.968C VDD_IN 7340mW/7573mW VDD_CPU_GPU_CV 2294mW/2229mW VDD_SOC 1663mW/1762mW
10-08-2026 21:35:20 RAM 6595/7620MB (lfb 3x2MB) SWAP 675/5858MB (cached 0MB) CPU [27%@1510,42%@1510,39%@1510,28%@1510,29%@806,36%@806] GR3D_FREQ 51% cpu@54.343C soc2@52.968C soc0@51.406C gpu@53.375C tj@54.343C soc1@52.843C VDD_IN 6983mW/7572mW VDD_CPU_GPU_CV 1819mW/2228mW VDD_SOC 1703mW/1762mW
10-08-2026 21:35:21 RAM 6679/7620MB (lfb 3x2MB) SWAP 675/5858MB (cached 0MB) CPU [20%@729,42%@729,16%@729,28%@729,35%@1510,38%@1510] GR3D_FREQ 57% cpu@54.531C soc2@53.031C soc0@51.375C gpu@53.375C tj@54.531C soc1@52.875C VDD_IN 7816mW/7573mW VDD_CPU_GPU_CV 2294mW/2228mW VDD_SOC 1861mW/1762mW
10-08-2026 21:35:22 RAM 6739/7620MB (lfb 3x2MB) SWAP 675/5858MB (cached 0MB) CPU [18%@960,27%@960,23%@1510,40%@1510,29%@729,50%@729] GR3D_FREQ 1% cpu@54.187C soc2@52.75C soc0@51.406C gpu@53.343C tj@54.187C soc1@52.812C VDD_IN 7340mW/7572mW VDD_CPU_GPU_CV 1938mW/2228mW VDD_SOC 1782mW/1763mW
10-08-2026 21:35:23 RAM 6720/7620MB (lfb 2x2MB) SWAP 675/5858MB (cached 0MB) CPU [17%@729,20%@729,9%@729,23%@1510,16%@1497,70%@1497] GR3D_FREQ 36% cpu@54.218C soc2@52.812C soc0@51.312C gpu@53.468C tj@54.218C soc1@53.031C VDD_IN 6547mW/7570mW VDD_CPU_GPU_CV 1426mW/2226mW VDD_SOC 1706mW/1762mW
10-08-2026 21:35:24 RAM 6720/7620MB (lfb 2x2MB) SWAP 675/5858MB (cached 0MB) CPU [6%@729,12%@729,6%@729,6%@729,6%@1510,76%@1510] GR3D_FREQ 38% cpu@54.406C soc2@52.687C soc0@51.125C gpu@53.343C tj@54.406C soc1@52.718C VDD_IN 6626mW/7569mW VDD_CPU_GPU_CV 1545mW/2225mW VDD_SOC 1663mW/1762mW
10-08-2026 21:35:25 RAM 6720/7620MB (lfb 2x2MB) SWAP 675/5858MB (cached 0MB) CPU [10%@1510,12%@1510,5%@1510,9%@1510,16%@1497,65%@1497] GR3D_FREQ 65% cpu@54.312C soc2@52.687C soc0@51.125C gpu@53.312C tj@54.156C soc1@52.718C VDD_IN 6626mW/7567mW VDD_CPU_GPU_CV 1545mW/2224mW VDD_SOC 1663mW/1762mW
10-08-2026 21:35:26 RAM 6614/7620MB (lfb 30x1MB) SWAP 674/5858MB (cached 0MB) CPU [26%@806,24%@806,24%@806,27%@806,22%@1510,63%@1510] GR3D_FREQ 26% cpu@54.687C soc2@52.718C soc0@51.156C gpu@53.093C tj@54.687C soc1@52.812C VDD_IN 6944mW/7566mW VDD_CPU_GPU_CV 1858mW/2223mW VDD_SOC 1663mW/1762mW
10-08-2026 21:35:27 RAM 6616/7620MB (lfb 30x1MB) SWAP 674/5858MB (cached 0MB) CPU [34%@1190,31%@1190,54%@1190,38%@1190,49%@1113,45%@1113] GR3D_FREQ 9% cpu@54.187C soc2@52.718C soc0@51.125C gpu@53.156C tj@54.187C soc1@52.875C VDD_IN 6547mW/7564mW VDD_CPU_GPU_CV 1584mW/2222mW VDD_SOC 1624mW/1762mW
10-08-2026 21:35:28 RAM 6641/7620MB (lfb 30x1MB) SWAP 674/5858MB (cached 0MB) CPU [52%@1510,51%@1510,49%@1510,56%@1510,56%@1510,50%@1510] GR3D_FREQ 7% cpu@54.968C soc2@52.937C soc0@51.031C gpu@53.375C tj@54.968C soc1@52.625C VDD_IN 7658mW/7564mW VDD_CPU_GPU_CV 2456mW/2222mW VDD_SOC 1706mW/1762mW
10-08-2026 21:35:29 RAM 6642/7620MB (lfb 30x1MB) SWAP 674/5858MB (cached 0MB) CPU [70%@1510,59%@1510,69%@1510,76%@1510,72%@1510,72%@1510] GR3D_FREQ 0% cpu@54.906C soc2@53.031C soc0@51.093C gpu@53.531C tj@54.906C soc1@52.937C VDD_IN 8491mW/7566mW VDD_CPU_GPU_CV 3085mW/2224mW VDD_SOC 1745mW/1761mW
10-08-2026 21:35:30 RAM 6723/7620MB (lfb 30x1MB) SWAP 674/5858MB (cached 0MB) CPU [73%@1510,52%@1510,39%@1510,43%@1510,51%@729,48%@729] GR3D_FREQ 0% cpu@54.125C soc2@52.875C soc0@51.093C gpu@53.281C tj@54.125C soc1@52.968C VDD_IN 7023mW/7565mW VDD_CPU_GPU_CV 1898mW/2223mW VDD_SOC 1663mW/1761mW
10-08-2026 21:35:31 RAM 6810/7620MB (lfb 30x1MB) SWAP 674/5858MB (cached 0MB) CPU [77%@1510,74%@1510,72%@1510,77%@1510,86%@1510,85%@1510] GR3D_FREQ 53% cpu@54.781C soc2@53.187C soc0@51.5C gpu@53.625C tj@54.781C soc1@52.781C VDD_IN 9404mW/7568mW VDD_CPU_GPU_CV 3559mW/2226mW VDD_SOC 1941mW/1762mW
10-08-2026 21:35:32 RAM 6923/7620MB (lfb 30x1MB) SWAP 674/5858MB (cached 0MB) CPU [20%@1510,19%@1510,15%@1510,14%@1510,71%@1510,58%@1510] GR3D_FREQ 22% cpu@54.625C soc2@52.937C soc0@51.281C gpu@53.406C tj@54.625C soc1@52.812C VDD_IN 8055mW/7569mW VDD_CPU_GPU_CV 2491mW/2226mW VDD_SOC 1861mW/1762mW
10-08-2026 21:35:33 RAM 7015/7620MB (lfb 30x1MB) SWAP 674/5858MB (cached 0MB) CPU [21%@1510,10%@1510,16%@1510,46%@1510,7%@1510,75%@1510] GR3D_FREQ 58% cpu@54.718C soc2@52.968C soc0@51.375C gpu@53.593C tj@54.718C soc1@52.843C VDD_IN 7856mW/7569mW VDD_CPU_GPU_CV 2294mW/2226mW VDD_SOC 1822mW/1762mW
10-08-2026 21:35:34 RAM 7105/7620MB (lfb 30x1MB) SWAP 674/5858MB (cached 0MB) CPU [27%@960,10%@960,35%@960,35%@960,8%@729,73%@729] GR3D_FREQ 47% cpu@54.156C soc2@52.968C soc0@51.312C gpu@53.687C tj@54.156C soc1@52.968C VDD_IN 7618mW/7570mW VDD_CPU_GPU_CV 2135mW/2226mW VDD_SOC 1822mW/1762mW
10-08-2026 21:35:35 RAM 7077/7620MB (lfb 3x2MB) SWAP 674/5858MB (cached 0MB) CPU [12%@1497,39%@1497,19%@1497,19%@1497,16%@729,10%@729] GR3D_FREQ 35% cpu@54.156C soc2@52.687C soc0@51.281C gpu@53.5C tj@54.156C soc1@52.906C VDD_IN 6547mW/7568mW VDD_CPU_GPU_CV 1426mW/2225mW VDD_SOC 1663mW/1762mW
10-08-2026 21:35:36 RAM 7078/7620MB (lfb 3x2MB) SWAP 674/5858MB (cached 0MB) CPU [18%@1510,71%@1510,12%@1510,9%@1510,6%@729,6%@729] GR3D_FREQ 35% cpu@54.375C soc2@52.718C soc0@51.125C gpu@53.562C tj@54.375C soc1@52.625C VDD_IN 6626mW/7566mW VDD_CPU_GPU_CV 1545mW/2224mW VDD_SOC 1663mW/1762mW
10-08-2026 21:35:37 RAM 7078/7620MB (lfb 3x2MB) SWAP 674/5858MB (cached 0MB) CPU [13%@1510,81%@1510,7%@1510,7%@1510,4%@729,6%@729] GR3D_FREQ 37% cpu@54.25C soc2@52.75C soc0@51.031C gpu@53.468C tj@54.25C soc1@52.656C VDD_IN 6666mW/7564mW VDD_CPU_GPU_CV 1545mW/2222mW VDD_SOC 1663mW/1761mW
10-08-2026 21:35:38 RAM 6952/7620MB (lfb 30x1MB) SWAP 674/5858MB (cached 0MB) CPU [37%@1510,28%@1510,35%@1510,29%@1510,23%@1190,20%@1190] GR3D_FREQ 1% cpu@54.843C soc2@52.718C soc0@51.125C gpu@53.125C tj@54.843C soc1@52.781C VDD_IN 6904mW/7563mW VDD_CPU_GPU_CV 1822mW/2222mW VDD_SOC 1663mW/1761mW
10-08-2026 21:35:39 RAM 6684/7620MB (lfb 3x2MB) SWAP 674/5858MB (cached 0MB) CPU [48%@729,49%@729,33%@729,37%@729,43%@1190,51%@1190] GR3D_FREQ 0% cpu@54.187C soc2@52.687C soc0@51.125C gpu@53.156C tj@54.187C soc1@52.906C VDD_IN 6507mW/7561mW VDD_CPU_GPU_CV 1582mW/2220mW VDD_SOC 1624mW/1761mW
10-08-2026 21:35:40 RAM 6710/7620MB (lfb 44x1MB) SWAP 674/5858MB (cached 0MB) CPU [48%@1510,40%@1510,52%@1510,49%@1510,51%@1510,52%@1510] GR3D_FREQ 0% cpu@54.812C soc2@52.718C soc0@50.906C gpu@53.437C tj@54.812C soc1@52.687C VDD_IN 7380mW/7561mW VDD_CPU_GPU_CV 2218mW/2220mW VDD_SOC 1666mW/1761mW
10-08-2026 21:35:41 RAM 6711/7620MB (lfb 44x1MB) SWAP 674/5858MB (cached 0MB) CPU [65%@1510,74%@1510,67%@1510,64%@1510,85%@1497,78%@1497] GR3D_FREQ 10% cpu@55.343C soc2@52.968C soc0@51.031C gpu@53.656C tj@55.343C soc1@52.812C VDD_IN 8531mW/7563mW VDD_CPU_GPU_CV 3124mW/2222mW VDD_SOC 1785mW/1761mW
10-08-2026 21:35:42 RAM 6775/7620MB (lfb 44x1MB) SWAP 674/5858MB (cached 0MB) CPU [65%@1510,65%@1510,72%@1510,76%@1510,78%@1267,71%@1267] GR3D_FREQ 42% cpu@55.031C soc2@53.156C soc0@51.187C gpu@53.5C tj@55.031C soc1@52.937C VDD_IN 9443mW/7566mW VDD_CPU_GPU_CV 3638mW/2225mW VDD_SOC 1901mW/1761mW
10-08-2026 21:35:43 RAM 6873/7620MB (lfb 44x1MB) SWAP 674/5858MB (cached 0MB) CPU [81%@1510,70%@1510,85%@1510,74%@1510,82%@1190,73%@1190] GR3D_FREQ 59% cpu@55C soc2@53.312C soc0@51.437C gpu@53.656C tj@55C soc1@52.781C VDD_IN 9864mW/7570mW VDD_CPU_GPU_CV 3830mW/2228mW VDD_SOC 1980mW/1762mW
10-08-2026 21:35:44 RAM 6953/7620MB (lfb 44x1MB) SWAP 674/5858MB (cached 0MB) CPU [67%@1510,67%@1510,63%@1510,64%@1510,76%@1510,81%@1510] GR3D_FREQ 44% cpu@55.343C soc2@53.468C soc0@51.25C gpu@53.656C tj@55.343C soc1@52.906C VDD_IN 9562mW/7574mW VDD_CPU_GPU_CV 3678mW/2230mW VDD_SOC 1941mW/1762mW
10-08-2026 21:35:45 RAM 6700/7620MB (lfb 1x2MB) SWAP 674/5858MB (cached 0MB) CPU [74%@1510,74%@1510,79%@1510,78%@1510,81%@1510,77%@1510] GR3D_FREQ 49% cpu@55.062C soc2@53.437C soc0@51.343C gpu@53.718C tj@55.062C soc1@53C VDD_IN 9587mW/7577mW VDD_CPU_GPU_CV 3672mW/2233mW VDD_SOC 1941mW/1762mW
10-08-2026 21:35:46 RAM 6808/7620MB (lfb 1x2MB) SWAP 674/5858MB (cached 0MB) CPU [71%@1510,62%@1510,65%@1510,84%@1510,71%@729,57%@729] GR3D_FREQ 47% cpu@55C soc2@53.5C soc0@51.5C gpu@54.125C tj@55C soc1@53.031C VDD_IN 9785mW/7581mW VDD_CPU_GPU_CV 3790mW/2236mW VDD_SOC 1980mW/1763mW
10-08-2026 21:35:47 RAM 6895/7620MB (lfb 1x2MB) SWAP 674/5858MB (cached 0MB) CPU [45%@1267,53%@1267,60%@1267,54%@1267,58%@729,66%@729] GR3D_FREQ 49% cpu@54.562C soc2@53.312C soc0@51.562C gpu@53.625C tj@54.625C soc1@53.125C VDD_IN 8570mW/7583mW VDD_CPU_GPU_CV 2887mW/2237mW VDD_SOC 1901mW/1763mW
10-08-2026 21:35:48 RAM 6985/7620MB (lfb 1x1MB) SWAP 674/5858MB (cached 0MB) CPU [11%@1510,7%@1510,77%@1510,7%@1510,35%@729,36%@729] GR3D_FREQ 37% cpu@54.468C soc2@53.156C soc0@51.562C gpu@53.5C tj@54.468C soc1@52.968C VDD_IN 7816mW/7583mW VDD_CPU_GPU_CV 2294mW/2237mW VDD_SOC 1822mW/1763mW
10-08-2026 21:35:49 RAM 7080/7620MB (lfb 18x64kB) SWAP 674/5858MB (cached 0MB) CPU [15%@1510,13%@1510,70%@1510,19%@1510,25%@806,45%@806] GR3D_FREQ 73% cpu@54.437C soc2@53.156C soc0@51.406C gpu@53.687C tj@54.437C soc1@52.968C VDD_IN 7618mW/7584mW VDD_CPU_GPU_CV 2135mW/2237mW VDD_SOC 1822mW/1763mW
10-08-2026 21:35:50 RAM 7057/7620MB (lfb 7x512kB) SWAP 674/5858MB (cached 0MB) CPU [16%@1510,7%@1510,20%@1510,75%@1510,6%@729,50%@729] GR3D_FREQ 0% cpu@54.25C soc2@53.031C soc0@51.468C gpu@53.593C tj@54.25C soc1@53C VDD_IN 7301mW/7583mW VDD_CPU_GPU_CV 1977mW/2236mW VDD_SOC 1782mW/1763mW
10-08-2026 21:35:51 RAM 7057/7620MB (lfb 7x512kB) SWAP 674/5858MB (cached 0MB) CPU [13%@1510,3%@1510,8%@1510,78%@1510,1%@729,1%@729] GR3D_FREQ 45% cpu@54.187C soc2@52.843C soc0@51.312C gpu@53.531C tj@54.187C soc1@52.937C VDD_IN 6745mW/7582mW VDD_CPU_GPU_CV 1582mW/2235mW VDD_SOC 1703mW/1763mW
10-08-2026 21:35:52 RAM 7057/7620MB (lfb 7x512kB) SWAP 674/5858MB (cached 0MB) CPU [8%@1510,3%@1510,43%@1510,40%@1510,8%@729,4%@729] GR3D_FREQ 46% cpu@54.125C soc2@52.906C soc0@51.406C gpu@53.531C tj@54.125C soc1@52.812C VDD_IN 6666mW/7580mW VDD_CPU_GPU_CV 1545mW/2234mW VDD_SOC 1663mW/1763mW
10-08-2026 21:35:53 RAM 7057/7620MB (lfb 7x512kB) SWAP 674/5858MB (cached 0MB) CPU [11%@1510,4%@1510,15%@1510,65%@1510,8%@729,8%@729] GR3D_FREQ 39% cpu@54.375C soc2@52.906C soc0@51.125C gpu@53.5C tj@54.375C soc1@52.75C VDD_IN 6666mW/7578mW VDD_CPU_GPU_CV 1545mW/2233mW VDD_SOC 1666mW/1763mW
10-08-2026 21:35:54 RAM 7058/7620MB (lfb 7x512kB) SWAP 674/5858MB (cached 0MB) CPU [19%@1510,22%@1510,7%@1510,46%@1510,5%@729,3%@729] GR3D_FREQ 42% cpu@54.437C soc2@52.906C soc0@51.187C gpu@53.468C tj@54.437C soc1@52.75C VDD_IN 6666mW/7577mW VDD_CPU_GPU_CV 1545mW/2231mW VDD_SOC 1663mW/1762mW
10-08-2026 21:35:55 RAM 7058/7620MB (lfb 7x512kB) SWAP 674/5858MB (cached 0MB) CPU [6%@1510,79%@1510,6%@1510,9%@1510,8%@729,4%@729] GR3D_FREQ 39% cpu@54.281C soc2@52.75C soc0@51.156C gpu@53.25C tj@54.281C soc1@52.843C VDD_IN 6705mW/7575mW VDD_CPU_GPU_CV 1545mW/2230mW VDD_SOC 1663mW/1762mW
10-08-2026 21:35:56 RAM 7058/7620MB (lfb 7x512kB) SWAP 674/5858MB (cached 0MB) CPU [20%@1510,6%@1510,4%@1510,70%@1510,5%@729,3%@729] GR3D_FREQ 42% cpu@54.125C soc2@52.625C soc0@51.187C gpu@53.156C tj@54.125C soc1@52.937C VDD_IN 6666mW/7574mW VDD_CPU_GPU_CV 1584mW/2229mW VDD_SOC 1663mW/1762mW
10-08-2026 21:35:57 RAM 7157/7620MB (lfb 1x1MB) SWAP 674/5858MB (cached 0MB) CPU [30%@1510,23%@1510,34%@1510,55%@1510,20%@960,29%@960] GR3D_FREQ 0% cpu@54.343C soc2@52.687C soc0@51.187C gpu@53.25C tj@54.343C soc1@52.625C VDD_IN 6745mW/7572mW VDD_CPU_GPU_CV 1703mW/2228mW VDD_SOC 1624mW/1762mW
10-08-2026 21:35:58 RAM 7166/7620MB (lfb 1x1MB) SWAP 674/5858MB (cached 0MB) CPU [41%@883,53%@883,32%@883,37%@883,37%@729,53%@729] GR3D_FREQ 32% cpu@54.375C soc2@52.687C soc0@51C gpu@53.375C tj@54.375C soc1@52.687C VDD_IN 6626mW/7570mW VDD_CPU_GPU_CV 1700mW/2227mW VDD_SOC 1584mW/1762mW
10-08-2026 21:35:59 RAM 7171/7620MB (lfb 1x2MB) SWAP 674/5858MB (cached 0MB) CPU [48%@1510,41%@1510,49%@1510,54%@1510,71%@1344,65%@1344] GR3D_FREQ 27% cpu@54.937C soc2@52.875C soc0@51.187C gpu@53.375C tj@54.937C soc1@52.625C VDD_IN 7896mW/7571mW VDD_CPU_GPU_CV 2610mW/2228mW VDD_SOC 1703mW/1761mW
10-08-2026 21:36:00 RAM 7175/7620MB (lfb 1x2MB) SWAP 674/5858MB (cached 0MB) CPU [40%@1510,37%@1510,53%@1510,56%@1510,50%@729,56%@729] GR3D_FREQ 0% cpu@54.562C soc2@52.781C soc0@51C gpu@53.312C tj@54.562C soc1@52.656C VDD_IN 6745mW/7570mW VDD_CPU_GPU_CV 1779mW/2227mW VDD_SOC 1624mW/1761mW
10-08-2026 21:36:01 RAM 7220/7620MB (lfb 3x128kB) SWAP 674/5858MB (cached 0MB) CPU [28%@1510,43%@1510,43%@1510,24%@1510,37%@1510,21%@1510] GR3D_FREQ 64% cpu@54.187C soc2@52.781C soc0@51.187C gpu@53.5C tj@54.187C soc1@52.781C VDD_IN 7459mW/7569mW VDD_CPU_GPU_CV 2096mW/2227mW VDD_SOC 1782mW/1761mW
10-08-2026 21:36:02 RAM 7221/7620MB (lfb 3x128kB) SWAP 674/5858MB (cached 0MB) CPU [21%@1510,49%@1510,12%@1510,9%@1510,27%@729,49%@729] GR3D_FREQ 46% cpu@54.187C soc2@52.875C soc0@51.218C gpu@53.343C tj@54.187C soc1@52.718C VDD_IN 7380mW/7569mW VDD_CPU_GPU_CV 1977mW/2226mW VDD_SOC 1782mW/1761mW
10-08-2026 21:36:03 RAM 7199/7620MB (lfb 1x2MB) SWAP 674/5858MB (cached 0MB) CPU [12%@729,35%@729,22%@1510,10%@1510,33%@883,46%@883] GR3D_FREQ 30% cpu@54.25C soc2@52.593C soc0@51.093C gpu@53.187C tj@54.25C soc1@52.687C VDD_IN 6705mW/7568mW VDD_CPU_GPU_CV 1584mW/2225mW VDD_SOC 1703mW/1761mW
10-08-2026 21:36:04 RAM 7199/7620MB (lfb 1x2MB) SWAP 674/5858MB (cached 0MB) CPU [11%@729,5%@729,6%@729,5%@729,11%@1497,74%@1497] GR3D_FREQ 30% cpu@54C soc2@52.625C soc0@51.031C gpu@53.375C tj@54C soc1@52.656C VDD_IN 6626mW/7566mW VDD_CPU_GPU_CV 1505mW/2224mW VDD_SOC 1663mW/1761mW
10-08-2026 21:36:05 RAM 7199/7620MB (lfb 1x2MB) SWAP 674/5858MB (cached 0MB) CPU [11%@1510,3%@1510,5%@1510,7%@1510,2%@1510,81%@1510] GR3D_FREQ 57% cpu@54.031C soc2@52.531C soc0@51.062C gpu@53.312C tj@54.031C soc1@52.781C VDD_IN 6626mW/7564mW VDD_CPU_GPU_CV 1545mW/2223mW VDD_SOC 1663mW/1761mW
10-08-2026 21:36:06 RAM 7199/7620MB (lfb 1x2MB) SWAP 674/5858MB (cached 0MB) CPU [6%@1510,11%@1510,8%@1510,10%@1510,7%@729,68%@729] GR3D_FREQ 67% cpu@53.937C soc2@52.593C soc0@51.156C gpu@53.062C tj@54C soc1@52.843C VDD_IN 6586mW/7563mW VDD_CPU_GPU_CV 1505mW/2222mW VDD_SOC 1663mW/1761mW
10-08-2026 21:36:07 RAM 7199/7620MB (lfb 1x2MB) SWAP 674/5858MB (cached 0MB) CPU [6%@1510,73%@1510,5%@1510,17%@1510,5%@729,6%@729] GR3D_FREQ 38% cpu@54.093C soc2@52.687C soc0@50.937C gpu@53.125C tj@54.093C soc1@52.531C VDD_IN 6626mW/7561mW VDD_CPU_GPU_CV 1545mW/2220mW VDD_SOC 1663mW/1761mW
10-08-2026 21:36:08 RAM 7190/7620MB (lfb 2x2MB) SWAP 673/5858MB (cached 0MB) CPU [10%@1510,32%@1510,28%@1510,12%@1510,4%@729,4%@729] GR3D_FREQ 0% cpu@53.906C soc2@52.625C soc0@50.906C gpu@53.031C tj@53.906C soc1@52.562C VDD_IN 5851mW/7558mW VDD_CPU_GPU_CV 1073mW/2218mW VDD_SOC 1550mW/1760mW
10-08-2026 21:36:09 RAM 7189/7620MB (lfb 1x2MB) SWAP 673/5858MB (cached 0MB) CPU [0%@1510,1%@1510,1%@1510,99%@1510,0%@729,0%@729] GR3D_FREQ 0% cpu@53.625C soc2@52.343C soc0@50.875C gpu@53C tj@53.625C soc1@52.625C VDD_IN 5713mW/7555mW VDD_CPU_GPU_CV 950mW/2216mW VDD_SOC 1545mW/1760mW
10-08-2026 21:36:10 RAM 5946/7620MB (lfb 93x4MB) SWAP 673/5858MB (cached 0MB) CPU [0%@1510,3%@1510,5%@1510,99%@1510,0%@729,0%@729] GR3D_FREQ 0% cpu@53.718C soc2@52.281C soc0@50.906C gpu@52.937C tj@53.718C soc1@52.562C VDD_IN 5832mW/7552mW VDD_CPU_GPU_CV 1030mW/2214mW VDD_SOC 1545mW/1759mW
10-08-2026 21:36:11 RAM 4079/7620MB (lfb 139x4MB) SWAP 615/5858MB (cached 0MB) CPU [7%@729,2%@729,0%@729,59%@729,0%@1510,21%@1510] GR3D_FREQ 0% cpu@53.781C soc2@52.343C soc0@50.875C gpu@53.187C tj@53.781C soc1@52.437C VDD_IN 5634mW/7549mW VDD_CPU_GPU_CV 990mW/2212mW VDD_SOC 1507mW/1759mW
