10-08-2026 21:15:14 RAM 2781/7620MB (lfb 126x4MB) SWAP 452/5858MB (cached 0MB) CPU [35%@1510,64%@1510,22%@1510,14%@1510,14%@729,14%@729] GR3D_FREQ 0% cpu@52.75C soc2@51.218C soc0@49.687C gpu@51.843C tj@52.75C soc1@51.375C VDD_IN 5912mW/5912mW VDD_CPU_GPU_CV 1267mW/1267mW VDD_SOC 1547mW/1547mW
10-08-2026 21:15:15 RAM 2854/7620MB (lfb 126x4MB) SWAP 452/5858MB (cached 0MB) CPU [4%@1510,91%@1510,1%@1510,1%@1510,0%@729,0%@729] GR3D_FREQ 0% cpu@52.812C soc2@51.218C soc0@49.687C gpu@51.687C tj@52.812C soc1@51.187C VDD_IN 5793mW/5853mW VDD_CPU_GPU_CV 1188mW/1228mW VDD_SOC 1545mW/1546mW
10-08-2026 21:15:16 RAM 2878/7620MB (lfb 126x4MB) SWAP 452/5858MB (cached 0MB) CPU [1%@1510,98%@1510,0%@1510,1%@1510,0%@729,0%@729] GR3D_FREQ 0% cpu@52.937C soc2@51.281C soc0@49.5C gpu@51.75C tj@52.937C soc1@51.187C VDD_IN 5832mW/5846mW VDD_CPU_GPU_CV 1188mW/1214mW VDD_SOC 1545mW/1546mW
10-08-2026 21:15:17 RAM 2904/7620MB (lfb 126x4MB) SWAP 452/5858MB (cached 0MB) CPU [3%@1510,94%@1510,0%@1510,1%@1510,3%@729,0%@729] GR3D_FREQ 0% cpu@52.687C soc2@51.218C soc0@49.531C gpu@51.687C tj@52.687C soc1@51.25C VDD_IN 5832mW/5842mW VDD_CPU_GPU_CV 1228mW/1218mW VDD_SOC 1545mW/1546mW
10-08-2026 21:15:18 RAM 2924/7620MB (lfb 126x4MB) SWAP 452/5858MB (cached 0MB) CPU [6%@1510,74%@1510,4%@1510,2%@1510,2%@729,1%@729] GR3D_FREQ 0% cpu@52.562C soc2@51.125C soc0@49.468C gpu@51.75C tj@52.562C soc1@51.281C VDD_IN 5753mW/5824mW VDD_CPU_GPU_CV 1109mW/1196mW VDD_SOC 1547mW/1546mW
10-08-2026 21:15:19 RAM 2955/7620MB (lfb 126x4MB) SWAP 452/5858MB (cached 0MB) CPU [69%@1510,28%@1510,1%@1510,1%@1510,0%@729,1%@729] GR3D_FREQ 0% cpu@52.5C soc2@51.218C soc0@49.562C gpu@51.843C tj@52.5C soc1@51.281C VDD_IN 5832mW/5826mW VDD_CPU_GPU_CV 1148mW/1188mW VDD_SOC 1545mW/1546mW
10-08-2026 21:15:20 RAM 2977/7620MB (lfb 126x4MB) SWAP 452/5858MB (cached 0MB) CPU [96%@1510,2%@1510,0%@1510,0%@1510,0%@729,1%@729] GR3D_FREQ 18% cpu@52.531C soc2@51.218C soc0@49.468C gpu@51.937C tj@52.531C soc1@51.156C VDD_IN 5832mW/5827mW VDD_CPU_GPU_CV 1188mW/1188mW VDD_SOC 1545mW/1546mW
10-08-2026 21:15:21 RAM 3000/7620MB (lfb 126x4MB) SWAP 452/5858MB (cached 0MB) CPU [83%@1510,1%@1510,12%@1510,0%@1510,1%@729,0%@729] GR3D_FREQ 0% cpu@52.687C soc2@51.125C soc0@49.468C gpu@51.906C tj@52.687C soc1@51.062C VDD_IN 5793mW/5822mW VDD_CPU_GPU_CV 1109mW/1178mW VDD_SOC 1545mW/1546mW
10-08-2026 21:15:22 RAM 3043/7620MB (lfb 126x4MB) SWAP 452/5858MB (cached 0MB) CPU [67%@1510,1%@1510,27%@1510,1%@1510,0%@729,0%@729] GR3D_FREQ 0% cpu@52.531C soc2@51.125C soc0@49.437C gpu@52C tj@52.531C soc1@51.187C VDD_IN 5793mW/5819mW VDD_CPU_GPU_CV 1188mW/1179mW VDD_SOC 1545mW/1545mW
10-08-2026 21:15:23 RAM 3054/7620MB (lfb 126x4MB) SWAP 452/5858MB (cached 0MB) CPU [97%@1510,4%@1510,1%@1510,0%@1510,0%@729,0%@729] GR3D_FREQ 25% cpu@52.312C soc2@51.093C soc0@49.406C gpu@51.937C tj@52.5C soc1@51.25C VDD_IN 5872mW/5824mW VDD_CPU_GPU_CV 1188mW/1180mW VDD_SOC 1545mW/1545mW
10-08-2026 21:15:24 RAM 3165/7620MB (lfb 121x4MB) SWAP 452/5858MB (cached 0MB) CPU [11%@1036,13%@1036,10%@1036,7%@1036,8%@1510,23%@1510] GR3D_FREQ 0% cpu@52.593C soc2@51C soc0@49.5C gpu@51.687C tj@52.593C soc1@51.093C VDD_IN 5762mW/5819mW VDD_CPU_GPU_CV 1111mW/1174mW VDD_SOC 1550mW/1546mW
10-08-2026 21:15:25 RAM 3191/7620MB (lfb 121x4MB) SWAP 451/5858MB (cached 0MB) CPU [61%@729,59%@729,61%@729,59%@729,67%@1344,77%@1344] GR3D_FREQ 26% cpu@52.718C soc2@51.187C soc0@49.406C gpu@51.75C tj@52.718C soc1@51.093C VDD_IN 6785mW/5899mW VDD_CPU_GPU_CV 1941mW/1238mW VDD_SOC 1624mW/1552mW
10-08-2026 21:15:26 RAM 3218/7620MB (lfb 118x4MB) SWAP 451/5858MB (cached 0MB) CPU [47%@1510,22%@1510,20%@1510,25%@1510,25%@960,60%@960] GR3D_FREQ 1% cpu@52.812C soc2@51.156C soc0@49.375C gpu@51.812C tj@52.812C soc1@51.187C VDD_IN 6269mW/5928mW VDD_CPU_GPU_CV 1545mW/1261mW VDD_SOC 1587mW/1555mW
10-08-2026 21:15:27 RAM 3183/7620MB (lfb 118x4MB) SWAP 451/5858MB (cached 0MB) CPU [40%@1510,36%@1510,38%@1510,38%@1510,52%@1510,68%@1510] GR3D_FREQ 0% cpu@52.593C soc2@51.156C soc0@49.437C gpu@52C tj@52.593C soc1@51.218C VDD_IN 6388mW/5961mW VDD_CPU_GPU_CV 1465mW/1276mW VDD_SOC 1663mW/1563mW
10-08-2026 21:15:28 RAM 4103/7620MB (lfb 22x4MB) SWAP 451/5858MB (cached 0MB) CPU [17%@1510,22%@1510,17%@1510,13%@1510,15%@1420,61%@1420] GR3D_FREQ 0% cpu@52.781C soc2@51.156C soc0@49.531C gpu@52.062C tj@52.781C soc1@51.062C VDD_IN 6428mW/5992mW VDD_CPU_GPU_CV 1346mW/1281mW VDD_SOC 1745mW/1575mW
10-08-2026 21:15:29 RAM 4520/7620MB (lfb 148x1MB) SWAP 451/5858MB (cached 0MB) CPU [15%@1510,37%@1510,67%@1510,3%@1510,3%@729,12%@729] GR3D_FREQ 0% cpu@52.468C soc2@51.125C soc0@49.375C gpu@52.093C tj@52.468C soc1@51.125C VDD_IN 6110mW/5999mW VDD_CPU_GPU_CV 1346mW/1285mW VDD_SOC 1624mW/1578mW
10-08-2026 21:15:30 RAM 4639/7620MB (lfb 120x1MB) SWAP 451/5858MB (cached 0MB) CPU [7%@1510,8%@1510,70%@1510,9%@1510,7%@1510,32%@1510] GR3D_FREQ 0% cpu@52.437C soc2@51.062C soc0@49.437C gpu@51.718C tj@52.437C soc1@51.093C VDD_IN 5991mW/5999mW VDD_CPU_GPU_CV 1307mW/1286mW VDD_SOC 1545mW/1576mW
10-08-2026 21:15:31 RAM 4640/7620MB (lfb 120x1MB) SWAP 451/5858MB (cached 0MB) CPU [13%@729,8%@729,6%@729,15%@729,5%@1510,100%@1510] GR3D_FREQ 35% cpu@52.406C soc2@51.031C soc0@49.406C gpu@51.718C tj@52.406C soc1@51.125C VDD_IN 5832mW/5989mW VDD_CPU_GPU_CV 1228mW/1283mW VDD_SOC 1545mW/1574mW
10-08-2026 21:15:32 RAM 4640/7620MB (lfb 120x1MB) SWAP 451/5858MB (cached 0MB) CPU [16%@729,6%@729,8%@729,12%@729,5%@1510,100%@1510] GR3D_FREQ 34% cpu@52.312C soc2@50.875C soc0@49.406C gpu@51.687C tj@52.437C soc1@51.156C VDD_IN 5832mW/5981mW VDD_CPU_GPU_CV 1228mW/1280mW VDD_SOC 1545mW/1573mW
10-08-2026 21:15:33 RAM 4640/7620MB (lfb 120x1MB) SWAP 451/5858MB (cached 0MB) CPU [12%@729,9%@729,13%@729,8%@729,5%@1510,100%@1510] GR3D_FREQ 34% cpu@52.406C soc2@50.843C soc0@49.25C gpu@51.687C tj@52.406C soc1@51.031C VDD_IN 5832mW/5974mW VDD_CPU_GPU_CV 1228mW/1277mW VDD_SOC 1545mW/1571mW
10-08-2026 21:15:34 RAM 4674/7620MB (lfb 86x1MB) SWAP 451/5858MB (cached 0MB) CPU [11%@729,11%@1510,8%@1510,12%@1510,7%@1510,100%@1510] GR3D_FREQ 7% cpu@52.593C soc2@51C soc0@49.25C gpu@51.906C tj@52.593C soc1@51.093C VDD_IN 5872mW/5969mW VDD_CPU_GPU_CV 1267mW/1277mW VDD_SOC 1545mW/1570mW
10-08-2026 21:15:35 RAM 4566/7620MB (lfb 90x1MB) SWAP 451/5858MB (cached 0MB) CPU [12%@1510,10%@1510,9%@1510,17%@1510,7%@1510,100%@1510] GR3D_FREQ 0% cpu@52.437C soc2@50.968C soc0@49.406C gpu@51.531C tj@52.437C soc1@51.218C VDD_IN 6031mW/5972mW VDD_CPU_GPU_CV 1346mW/1280mW VDD_SOC 1545mW/1569mW
10-08-2026 21:15:36 RAM 4635/7620MB (lfb 92x1MB) SWAP 451/5858MB (cached 0MB) CPU [16%@1510,8%@1510,11%@1510,11%@1510,6%@1510,100%@1510] GR3D_FREQ 0% cpu@52.406C soc2@50.937C soc0@49.406C gpu@51.687C tj@52.406C soc1@51.187C VDD_IN 5991mW/5972mW VDD_CPU_GPU_CV 1346mW/1283mW VDD_SOC 1545mW/1568mW
10-08-2026 21:15:37 RAM 4719/7620MB (lfb 118x1MB) SWAP 451/5858MB (cached 0MB) CPU [12%@729,14%@729,11%@729,16%@729,7%@1510,99%@1510] GR3D_FREQ 0% cpu@52.5C soc2@51C soc0@49.343C gpu@51.687C tj@52.5C soc1@50.906C VDD_IN 6031mW/5975mW VDD_CPU_GPU_CV 1386mW/1287mW VDD_SOC 1545mW/1567mW
10-08-2026 21:15:38 RAM 4827/7620MB (lfb 108x1MB) SWAP 451/5858MB (cached 0MB) CPU [11%@1510,16%@1510,8%@1510,18%@1510,4%@1510,100%@1510] GR3D_FREQ 0% cpu@52.718C soc2@50.781C soc0@49.312C gpu@51.718C tj@52.718C soc1@51.062C VDD_IN 6031mW/5977mW VDD_CPU_GPU_CV 1346mW/1289mW VDD_SOC 1547mW/1566mW
10-08-2026 21:15:39 RAM 4962/7620MB (lfb 109x1MB) SWAP 451/5858MB (cached 0MB) CPU [10%@729,16%@729,10%@1510,19%@1510,7%@1510,99%@1510] GR3D_FREQ 27% cpu@52.437C soc2@50.812C soc0@49.312C gpu@51.468C tj@52.437C soc1@51.062C VDD_IN 6031mW/5979mW VDD_CPU_GPU_CV 1386mW/1293mW VDD_SOC 1545mW/1565mW
10-08-2026 21:15:40 RAM 5095/7620MB (lfb 114x1MB) SWAP 451/5858MB (cached 0MB) CPU [12%@1510,12%@1510,17%@1510,14%@1510,6%@1510,100%@1510] GR3D_FREQ 25% cpu@52.437C soc2@50.875C soc0@49.468C gpu@51.531C tj@52.437C soc1@51C VDD_IN 6031mW/5981mW VDD_CPU_GPU_CV 1346mW/1295mW VDD_SOC 1545mW/1565mW
10-08-2026 21:15:41 RAM 4088/7620MB (lfb 45x4MB) SWAP 451/5858MB (cached 0MB) CPU [24%@729,25%@729,32%@729,29%@729,22%@1510,68%@1510] GR3D_FREQ 23% cpu@52.593C soc2@50.968C soc0@49.281C gpu@51.593C tj@52.593C soc1@51.062C VDD_IN 6547mW/6001mW VDD_CPU_GPU_CV 1386mW/1298mW VDD_SOC 1745mW/1571mW
10-08-2026 21:15:42 RAM 4100/7620MB (lfb 74x4MB) SWAP 451/5858MB (cached 0MB) CPU [32%@1510,24%@1510,17%@1510,20%@1510,13%@729,73%@729] GR3D_FREQ 0% cpu@52.781C soc2@51.156C soc0@49.218C gpu@51.812C tj@52.781C soc1@51.031C VDD_IN 6944mW/6034mW VDD_CPU_GPU_CV 1743mW/1314mW VDD_SOC 1745mW/1577mW
10-08-2026 21:15:43 RAM 4150/7620MB (lfb 74x4MB) SWAP 451/5858MB (cached 0MB) CPU [35%@1510,37%@1510,48%@1510,38%@1510,50%@729,35%@729] GR3D_FREQ 0% cpu@52.531C soc2@51.031C soc0@49.343C gpu@51.75C tj@52.531C soc1@51.093C VDD_IN 6467mW/6048mW VDD_CPU_GPU_CV 1545mW/1321mW VDD_SOC 1663mW/1580mW
10-08-2026 21:15:44 RAM 4262/7620MB (lfb 74x4MB) SWAP 451/5858MB (cached 0MB) CPU [48%@1510,59%@1510,47%@1510,47%@1510,52%@1510,59%@1510] GR3D_FREQ 0% cpu@53.25C soc2@51.156C soc0@49.375C gpu@51.625C tj@53.25C soc1@50.968C VDD_IN 7499mW/6095mW VDD_CPU_GPU_CV 2297mW/1353mW VDD_SOC 1745mW/1585mW
10-08-2026 21:15:45 RAM 4284/7620MB (lfb 74x4MB) SWAP 451/5858MB (cached 0MB) CPU [67%@1510,66%@1510,71%@1510,73%@1510,84%@1510,73%@1510] GR3D_FREQ 29% cpu@53.468C soc2@51.312C soc0@49.343C gpu@51.812C tj@53.687C soc1@51.125C VDD_IN 8610mW/6174mW VDD_CPU_GPU_CV 3124mW/1408mW VDD_SOC 1825mW/1593mW
10-08-2026 21:15:46 RAM 4718/7620MB (lfb 38x4MB) SWAP 451/5858MB (cached 0MB) CPU [71%@1510,65%@1510,65%@1510,73%@1510,69%@1510,70%@1510] GR3D_FREQ 57% cpu@53.593C soc2@51.375C soc0@49.5C gpu@51.906C tj@53.593C soc1@51.156C VDD_IN 8650mW/6249mW VDD_CPU_GPU_CV 3085mW/1459mW VDD_SOC 1864mW/1601mW
10-08-2026 21:15:47 RAM 4833/7620MB (lfb 37x4MB) SWAP 451/5858MB (cached 0MB) CPU [76%@1510,79%@1510,67%@1510,65%@1510,84%@1510,85%@1510] GR3D_FREQ 71% cpu@53.593C soc2@51.843C soc0@49.687C gpu@52.312C tj@53.593C soc1@51.375C VDD_IN 9602mW/6347mW VDD_CPU_GPU_CV 3638mW/1523mW VDD_SOC 2020mW/1613mW
10-08-2026 21:15:48 RAM 4955/7620MB (lfb 37x4MB) SWAP 451/5858MB (cached 0MB) CPU [74%@1510,59%@1510,63%@1510,48%@1510,57%@1510,71%@1510] GR3D_FREQ 0% cpu@53.531C soc2@51.718C soc0@49.906C gpu@52.312C tj@53.531C soc1@51.5C VDD_IN 9428mW/6435mW VDD_CPU_GPU_CV 3480mW/1579mW VDD_SOC 2020mW/1625mW
10-08-2026 21:15:49 RAM 5048/7620MB (lfb 23x4MB) SWAP 451/5858MB (cached 0MB) CPU [50%@1510,35%@1510,34%@1510,41%@1510,33%@1510,44%@1510] GR3D_FREQ 46% cpu@53.031C soc2@51.718C soc0@49.75C gpu@52.343C tj@53.031C soc1@51.281C VDD_IN 8213mW/6485mW VDD_CPU_GPU_CV 2531mW/1605mW VDD_SOC 1941mW/1634mW
10-08-2026 21:15:50 RAM 5140/7620MB (lfb 1x2MB) SWAP 451/5858MB (cached 0MB) CPU [16%@1510,23%@1510,33%@1510,37%@1510,44%@1510,43%@1510] GR3D_FREQ 0% cpu@53.312C soc2@51.531C soc0@49.906C gpu@52.093C tj@53.312C soc1@51.406C VDD_IN 7816mW/6521mW VDD_CPU_GPU_CV 2254mW/1623mW VDD_SOC 1861mW/1640mW
10-08-2026 21:15:51 RAM 5221/7620MB (lfb 57x1MB) SWAP 451/5858MB (cached 0MB) CPU [25%@729,9%@1510,12%@1510,31%@1510,51%@1267,58%@1267] GR3D_FREQ 41% cpu@52.781C soc2@51.562C soc0@49.968C gpu@52.125C tj@52.781C soc1@51.5C VDD_IN 7618mW/6550mW VDD_CPU_GPU_CV 2096mW/1635mW VDD_SOC 1901mW/1647mW
10-08-2026 21:15:52 RAM 5499/7620MB (lfb 2x512kB) SWAP 451/5858MB (cached 0MB) CPU [8%@1510,47%@1510,25%@1510,11%@1510,29%@1190,23%@1190] GR3D_FREQ 51% cpu@52.843C soc2@51.375C soc0@49.875C gpu@52.281C tj@52.843C soc1@51.25C VDD_IN 6864mW/6558mW VDD_CPU_GPU_CV 1624mW/1635mW VDD_SOC 1743mW/1649mW
10-08-2026 21:15:53 RAM 5445/7620MB (lfb 20x1MB) SWAP 451/5858MB (cached 0MB) CPU [10%@1510,18%@1510,19%@1510,14%@1510,52%@1497,38%@1497] GR3D_FREQ 61% cpu@52.968C soc2@51.343C soc0@49.718C gpu@52.218C tj@52.968C soc1@51.281C VDD_IN 6666mW/6560mW VDD_CPU_GPU_CV 1545mW/1633mW VDD_SOC 1743mW/1652mW
10-08-2026 21:15:54 RAM 5446/7620MB (lfb 20x1MB) SWAP 451/5858MB (cached 0MB) CPU [11%@1510,27%@1510,8%@1510,20%@1510,12%@729,41%@729] GR3D_FREQ 67% cpu@52.625C soc2@51.281C soc0@49.718C gpu@52.187C tj@52.625C soc1@51.343C VDD_IN 6666mW/6563mW VDD_CPU_GPU_CV 1505mW/1630mW VDD_SOC 1745mW/1654mW
10-08-2026 21:15:55 RAM 5446/7620MB (lfb 20x1MB) SWAP 451/5858MB (cached 0MB) CPU [7%@1510,12%@1510,32%@1510,50%@1510,3%@729,3%@729] GR3D_FREQ 44% cpu@52.625C soc2@51.218C soc0@49.718C gpu@52.218C tj@52.625C soc1@51.406C VDD_IN 6705mW/6566mW VDD_CPU_GPU_CV 1545mW/1628mW VDD_SOC 1743mW/1656mW
10-08-2026 21:15:56 RAM 5446/7620MB (lfb 20x1MB) SWAP 451/5858MB (cached 0MB) CPU [11%@1510,67%@1510,7%@1510,16%@1510,0%@729,5%@729] GR3D_FREQ 40% cpu@52.75C soc2@51.375C soc0@49.781C gpu@52.25C tj@52.75C soc1@51.468C VDD_IN 6745mW/6570mW VDD_CPU_GPU_CV 1545mW/1626mW VDD_SOC 1743mW/1658mW
10-08-2026 21:15:57 RAM 5496/7620MB (lfb 52x1MB) SWAP 451/5858MB (cached 0MB) CPU [32%@1510,56%@1510,42%@1510,28%@1510,20%@729,31%@729] GR3D_FREQ 1% cpu@52.875C soc2@51.375C soc0@49.562C gpu@52.031C tj@52.875C soc1@51.312C VDD_IN 6785mW/6575mW VDD_CPU_GPU_CV 1743mW/1629mW VDD_SOC 1703mW/1659mW
10-08-2026 21:15:58 RAM 5509/7620MB (lfb 52x1MB) SWAP 451/5858MB (cached 0MB) CPU [40%@1190,38%@1510,37%@1510,40%@1510,45%@1036,49%@1036] GR3D_FREQ 0% cpu@53.156C soc2@51.375C soc0@49.656C gpu@51.937C tj@53.156C soc1@51.312C VDD_IN 6586mW/6576mW VDD_CPU_GPU_CV 1584mW/1628mW VDD_SOC 1663mW/1659mW
10-08-2026 21:15:59 RAM 5516/7620MB (lfb 52x1MB) SWAP 451/5858MB (cached 0MB) CPU [33%@1190,37%@1190,28%@1190,27%@1190,29%@729,53%@729] GR3D_FREQ 30% cpu@52.75C soc2@51.218C soc0@49.625C gpu@52.156C tj@52.75C soc1@51.406C VDD_IN 6348mW/6571mW VDD_CPU_GPU_CV 1426mW/1623mW VDD_SOC 1663mW/1659mW
10-08-2026 21:16:00 RAM 5603/7620MB (lfb 1x2MB) SWAP 451/5858MB (cached 0MB) CPU [46%@1420,59%@1420,61%@1420,60%@1420,60%@729,56%@729] GR3D_FREQ 29% cpu@53.062C soc2@51.406C soc0@49.843C gpu@52.312C tj@53.062C soc1@51.375C VDD_IN 7301mW/6586mW VDD_CPU_GPU_CV 2175mW/1635mW VDD_SOC 1703mW/1660mW
10-08-2026 21:16:01 RAM 5603/7620MB (lfb 1x2MB) SWAP 451/5858MB (cached 0MB) CPU [38%@1510,32%@1510,25%@1510,38%@1510,36%@960,50%@960] GR3D_FREQ 28% cpu@52.937C soc2@51.187C soc0@49.656C gpu@51.906C tj@52.937C soc1@51.312C VDD_IN 6348mW/6581mW VDD_CPU_GPU_CV 1465mW/1631mW VDD_SOC 1624mW/1659mW
10-08-2026 21:16:02 RAM 5717/7620MB (lfb 2x4MB) SWAP 451/5858MB (cached 0MB) CPU [36%@1497,22%@1497,33%@1497,28%@1497,43%@729,25%@729] GR3D_FREQ 65% cpu@52.781C soc2@51.5C soc0@49.843C gpu@52.156C tj@52.781C soc1@51.343C VDD_IN 7499mW/6600mW VDD_CPU_GPU_CV 2056mW/1640mW VDD_SOC 1822mW/1663mW
10-08-2026 21:16:03 RAM 5818/7620MB (lfb 2x4MB) SWAP 451/5858MB (cached 0MB) CPU [13%@1510,41%@1510,30%@1510,26%@1510,16%@729,45%@729] GR3D_FREQ 42% cpu@52.812C soc2@51.531C soc0@49.906C gpu@52.468C tj@52.812C soc1@51.5C VDD_IN 7816mW/6624mW VDD_CPU_GPU_CV 2254mW/1652mW VDD_SOC 1901mW/1667mW
10-08-2026 21:16:04 RAM 5851/7620MB (lfb 2x4MB) SWAP 451/5858MB (cached 0MB) CPU [17%@729,16%@729,36%@729,11%@1510,35%@1267,46%@1267] GR3D_FREQ 36% cpu@52.937C soc2@51.312C soc0@49.906C gpu@52.375C tj@52.937C soc1@51.343C VDD_IN 6745mW/6627mW VDD_CPU_GPU_CV 1505mW/1649mW VDD_SOC 1745mW/1669mW
10-08-2026 21:16:05 RAM 5851/7620MB (lfb 2x4MB) SWAP 451/5858MB (cached 0MB) CPU [10%@1510,4%@1510,16%@1510,4%@1510,5%@1510,81%@1510] GR3D_FREQ 29% cpu@53.031C soc2@51.406C soc0@49.75C gpu@52.406C tj@53.031C soc1@51.312C VDD_IN 6705mW/6628mW VDD_CPU_GPU_CV 1505mW/1647mW VDD_SOC 1703mW/1670mW
10-08-2026 21:16:06 RAM 5824/7620MB (lfb 2x1MB) SWAP 451/5858MB (cached 0MB) CPU [22%@1510,40%@1510,40%@1510,32%@1510,24%@1190,46%@1190] GR3D_FREQ 0% cpu@53C soc2@51.312C soc0@49.718C gpu@52C tj@53C soc1@51.5C VDD_IN 6745mW/6630mW VDD_CPU_GPU_CV 1703mW/1648mW VDD_SOC 1663mW/1669mW
10-08-2026 21:16:07 RAM 5834/7620MB (lfb 2x1MB) SWAP 451/5858MB (cached 0MB) CPU [33%@729,34%@1510,32%@1510,33%@1510,63%@806,37%@806] GR3D_FREQ 36% cpu@52.75C soc2@51.25C soc0@49.781C gpu@52.093C tj@52.75C soc1@51.281C VDD_IN 6229mW/6623mW VDD_CPU_GPU_CV 1346mW/1642mW VDD_SOC 1624mW/1669mW
10-08-2026 21:16:08 RAM 5830/7620MB (lfb 6x512kB) SWAP 451/5858MB (cached 0MB) CPU [52%@1510,53%@1510,60%@1510,66%@1510,75%@1510,66%@1510] GR3D_FREQ 6% cpu@53.906C soc2@51.656C soc0@49.625C gpu@52.187C tj@53.906C soc1@51.375C VDD_IN 8213mW/6652mW VDD_CPU_GPU_CV 2852mW/1664mW VDD_SOC 1785mW/1671mW
10-08-2026 21:16:09 RAM 5839/7620MB (lfb 1x1MB) SWAP 451/5858MB (cached 0MB) CPU [75%@1510,73%@1510,62%@1510,73%@1510,73%@1510,82%@1510] GR3D_FREQ 26% cpu@53.875C soc2@51.781C soc0@49.781C gpu@52.093C tj@53.875C soc1@51.5C VDD_IN 8650mW/6688mW VDD_CPU_GPU_CV 3164mW/1691mW VDD_SOC 1825mW/1673mW
10-08-2026 21:16:10 RAM 5908/7620MB (lfb 5x512kB) SWAP 451/5858MB (cached 0MB) CPU [71%@1510,74%@1510,77%@1510,78%@1510,75%@1510,79%@1510] GR3D_FREQ 30% cpu@54.031C soc2@52.031C soc0@50C gpu@52.531C tj@54.031C soc1@51.687C VDD_IN 9681mW/6740mW VDD_CPU_GPU_CV 3717mW/1726mW VDD_SOC 2020mW/1680mW
10-08-2026 21:16:11 RAM 5999/7620MB (lfb 1567x32kB) SWAP 451/5858MB (cached 0MB) CPU [70%@960,69%@960,58%@960,73%@960,74%@1510,80%@1510] GR3D_FREQ 49% cpu@53.843C soc2@52.156C soc0@50.312C gpu@52.593C tj@53.843C soc1@51.593C VDD_IN 9547mW/6788mW VDD_CPU_GPU_CV 3520mW/1757mW VDD_SOC 2020mW/1685mW
10-08-2026 21:16:12 RAM 6002/7620MB (lfb 4x128kB) SWAP 451/5858MB (cached 0MB) CPU [75%@1510,80%@1510,73%@1510,74%@1510,81%@1510,70%@1510] GR3D_FREQ 42% cpu@54.5C soc2@52.437C soc0@50.187C gpu@52.687C tj@54.5C soc1@51.781C VDD_IN 9983mW/6843mW VDD_CPU_GPU_CV 3948mW/1794mW VDD_SOC 2060mW/1692mW
10-08-2026 21:16:13 RAM 5975/7620MB (lfb 18x512kB) SWAP 451/5858MB (cached 0MB) CPU [83%@1510,88%@1510,79%@1510,84%@1510,89%@1344,76%@1344] GR3D_FREQ 46% cpu@53.968C soc2@52.312C soc0@50.281C gpu@52.687C tj@53.968C soc1@51.781C VDD_IN 9943mW/6894mW VDD_CPU_GPU_CV 3869mW/1829mW VDD_SOC 2060mW/1698mW
10-08-2026 21:16:14 RAM 6008/7620MB (lfb 1x256kB) SWAP 451/5858MB (cached 0MB) CPU [75%@1510,83%@1510,71%@1510,78%@1510,83%@1497,78%@1497] GR3D_FREQ 8% cpu@54.406C soc2@52.281C soc0@50.531C gpu@52.843C tj@54.406C soc1@51.812C VDD_IN 10197mW/6948mW VDD_CPU_GPU_CV 4027mW/1865mW VDD_SOC 2060mW/1704mW
10-08-2026 21:16:15 RAM 6029/7620MB (lfb 1732x32kB) SWAP 451/5858MB (cached 0MB) CPU [88%@1510,72%@1510,71%@1510,71%@1510,73%@1344,72%@1344] GR3D_FREQ 77% cpu@54.375C soc2@52.531C soc0@50.343C gpu@52.906C tj@54.375C soc1@51.875C VDD_IN 9523mW/6990mW VDD_CPU_GPU_CV 3599mW/1893mW VDD_SOC 2020mW/1709mW
10-08-2026 21:16:16 RAM 6039/7620MB (lfb 1757x32kB) SWAP 451/5858MB (cached 0MB) CPU [74%@1510,68%@1510,77%@1510,83%@1510,76%@1510,77%@1510] GR3D_FREQ 67% cpu@54.468C soc2@52.656C soc0@50.468C gpu@52.718C tj@54.468C soc1@52.062C VDD_IN 10039mW/7038mW VDD_CPU_GPU_CV 3948mW/1926mW VDD_SOC 2060mW/1715mW
10-08-2026 21:16:17 RAM 6041/7620MB (lfb 1x2MB) SWAP 458/5858MB (cached 0MB) CPU [81%@1510,70%@1510,78%@1510,68%@1510,75%@1190,82%@1190] GR3D_FREQ 50% cpu@54.187C soc2@52.5C soc0@50.687C gpu@52.843C tj@54.187C soc1@52.25C VDD_IN 9587mW/7078mW VDD_CPU_GPU_CV 3632mW/1952mW VDD_SOC 2020mW/1719mW
10-08-2026 21:16:18 RAM 6032/7620MB (lfb 7x128kB) SWAP 458/5858MB (cached 0MB) CPU [38%@1510,38%@1510,39%@1510,71%@1510,35%@1510,44%@1510] GR3D_FREQ 67% cpu@53.906C soc2@52.281C soc0@50.406C gpu@52.812C tj@53.906C soc1@52.031C VDD_IN 7459mW/7084mW VDD_CPU_GPU_CV 2096mW/1955mW VDD_SOC 1822mW/1721mW
10-08-2026 21:16:19 RAM 6056/7620MB (lfb 1786x32kB) SWAP 458/5858MB (cached 0MB) CPU [30%@1510,56%@1510,54%@1510,29%@1510,38%@729,44%@729] GR3D_FREQ 21% cpu@53.687C soc2@52.218C soc0@50.5C gpu@52.906C tj@53.687C soc1@52.093C VDD_IN 8015mW/7098mW VDD_CPU_GPU_CV 2452mW/1962mW VDD_SOC 1901mW/1724mW
10-08-2026 21:16:20 RAM 6054/7620MB (lfb 48x64kB) SWAP 458/5858MB (cached 0MB) CPU [15%@1510,51%@1510,26%@1510,15%@1510,28%@729,41%@729] GR3D_FREQ 55% cpu@53.531C soc2@52.406C soc0@50.593C gpu@52.718C tj@53.531C soc1@52.093C VDD_IN 8055mW/7112mW VDD_CPU_GPU_CV 2373mW/1968mW VDD_SOC 1941mW/1727mW
10-08-2026 21:16:21 RAM 6043/7620MB (lfb 4x128kB) SWAP 458/5858MB (cached 0MB) CPU [23%@1267,32%@1267,64%@1267,22%@1267,9%@729,27%@729] GR3D_FREQ 50% cpu@53.562C soc2@52.218C soc0@50.687C gpu@52.75C tj@53.562C soc1@52.218C VDD_IN 7896mW/7124mW VDD_CPU_GPU_CV 2294mW/1973mW VDD_SOC 1901mW/1729mW
10-08-2026 21:16:22 RAM 5823/7620MB (lfb 4x2MB) SWAP 458/5858MB (cached 0MB) CPU [21%@1510,25%@1510,28%@1510,54%@1510,23%@1420,38%@1420] GR3D_FREQ 11% cpu@53.781C soc2@52.062C soc0@50.406C gpu@52.625C tj@53.781C soc1@51.968C VDD_IN 7063mW/7123mW VDD_CPU_GPU_CV 1740mW/1970mW VDD_SOC 1822mW/1731mW
10-08-2026 21:16:23 RAM 5825/7620MB (lfb 1x4MB) SWAP 458/5858MB (cached 0MB) CPU [14%@1510,23%@1510,22%@1510,23%@1510,36%@1510,40%@1510] GR3D_FREQ 47% cpu@53.468C soc2@51.968C soc0@50.406C gpu@52.75C tj@53.468C soc1@51.968C VDD_IN 6983mW/7121mW VDD_CPU_GPU_CV 1624mW/1965mW VDD_SOC 1782mW/1731mW
10-08-2026 21:16:24 RAM 5825/7620MB (lfb 1x4MB) SWAP 458/5858MB (cached 0MB) CPU [29%@1510,49%@1510,14%@1510,7%@1510,3%@729,8%@729] GR3D_FREQ 40% cpu@53.906C soc2@51.906C soc0@50.5C gpu@52.75C tj@53.906C soc1@52C VDD_IN 6785mW/7116mW VDD_CPU_GPU_CV 1584mW/1959mW VDD_SOC 1743mW/1732mW
10-08-2026 21:16:25 RAM 5825/7620MB (lfb 1x4MB) SWAP 458/5858MB (cached 0MB) CPU [18%@1510,72%@1510,6%@1510,13%@1510,1%@729,6%@729] GR3D_FREQ 38% cpu@53.437C soc2@52.031C soc0@50.406C gpu@52.75C tj@53.437C soc1@52.125C VDD_IN 6785mW/7112mW VDD_CPU_GPU_CV 1584mW/1954mW VDD_SOC 1743mW/1732mW
10-08-2026 21:16:26 RAM 5825/7620MB (lfb 1x4MB) SWAP 458/5858MB (cached 0MB) CPU [20%@1510,56%@1510,12%@1510,18%@1510,0%@729,6%@729] GR3D_FREQ 39% cpu@53.406C soc2@51.968C soc0@50.5C gpu@52.781C tj@53.406C soc1@51.875C VDD_IN 6785mW/7107mW VDD_CPU_GPU_CV 1584mW/1949mW VDD_SOC 1743mW/1732mW
10-08-2026 21:16:27 RAM 5825/7620MB (lfb 1x4MB) SWAP 458/5858MB (cached 0MB) CPU [69%@1510,13%@1510,12%@1510,15%@1510,2%@729,6%@729] GR3D_FREQ 36% cpu@53.625C soc2@52.062C soc0@50.281C gpu@52.75C tj@53.625C soc1@51.906C VDD_IN 6785mW/7103mW VDD_CPU_GPU_CV 1584mW/1944mW VDD_SOC 1743mW/1732mW
10-08-2026 21:16:28 RAM 5825/7620MB (lfb 1x4MB) SWAP 458/5858MB (cached 0MB) CPU [46%@1510,44%@1510,10%@1510,6%@1510,1%@729,6%@729] GR3D_FREQ 34% cpu@53.343C soc2@51.906C soc0@50.375C gpu@52.781C tj@53.343C soc1@51.875C VDD_IN 6785mW/7099mW VDD_CPU_GPU_CV 1584mW/1939mW VDD_SOC 1743mW/1732mW
10-08-2026 21:16:29 RAM 5825/7620MB (lfb 1x4MB) SWAP 458/5858MB (cached 0MB) CPU [11%@1510,76%@1510,15%@1510,7%@1510,0%@729,6%@729] GR3D_FREQ 63% cpu@53.468C soc2@51.968C soc0@50.312C gpu@52.531C tj@53.468C soc1@51.968C VDD_IN 6785mW/7094mW VDD_CPU_GPU_CV 1584mW/1935mW VDD_SOC 1745mW/1732mW
10-08-2026 21:16:30 RAM 5825/7620MB (lfb 1x4MB) SWAP 458/5858MB (cached 0MB) CPU [21%@1510,16%@1510,65%@1510,9%@1510,1%@729,6%@729] GR3D_FREQ 64% cpu@53.406C soc2@51.937C soc0@50.406C gpu@52.562C tj@53.406C soc1@52.062C VDD_IN 6824mW/7091mW VDD_CPU_GPU_CV 1584mW/1930mW VDD_SOC 1743mW/1733mW
10-08-2026 21:16:31 RAM 5917/7620MB (lfb 3x1MB) SWAP 458/5858MB (cached 0MB) CPU [29%@1510,24%@1510,29%@1510,51%@1510,9%@806,21%@806] GR3D_FREQ 1% cpu@53.687C soc2@52.031C soc0@50.156C gpu@52.5C tj@53.687C soc1@51.843C VDD_IN 6983mW/7090mW VDD_CPU_GPU_CV 1822mW/1929mW VDD_SOC 1706mW/1732mW
10-08-2026 21:16:32 RAM 5916/7620MB (lfb 1x2MB) SWAP 458/5858MB (cached 0MB) CPU [23%@729,27%@1510,41%@1510,45%@1510,31%@1036,53%@1036] GR3D_FREQ 0% cpu@53.625C soc2@51.875C soc0@50.156C gpu@52.75C tj@53.625C soc1@51.843C VDD_IN 6388mW/7081mW VDD_CPU_GPU_CV 1465mW/1923mW VDD_SOC 1624mW/1731mW
10-08-2026 21:16:33 RAM 5917/7620MB (lfb 1x2MB) SWAP 458/5858MB (cached 0MB) CPU [30%@729,40%@729,25%@729,42%@729,31%@729,45%@729] GR3D_FREQ 0% cpu@53.25C soc2@51.75C soc0@50.187C gpu@52.687C tj@53.25C soc1@51.906C VDD_IN 6150mW/7069mW VDD_CPU_GPU_CV 1307mW/1915mW VDD_SOC 1624mW/1730mW
10-08-2026 21:16:34 RAM 5945/7620MB (lfb 5x1MB) SWAP 458/5858MB (cached 0MB) CPU [57%@1510,60%@1510,50%@1510,54%@1510,56%@1190,59%@1190] GR3D_FREQ 0% cpu@54.031C soc2@52.031C soc0@50.281C gpu@52.531C tj@54.031C soc1@51.875C VDD_IN 7737mW/7077mW VDD_CPU_GPU_CV 2495mW/1922mW VDD_SOC 1745mW/1730mW
10-08-2026 21:16:35 RAM 5959/7620MB (lfb 6x1MB) SWAP 458/5858MB (cached 0MB) CPU [52%@1036,62%@1036,49%@1036,57%@1036,67%@729,55%@729] GR3D_FREQ 0% cpu@53.687C soc2@52.125C soc0@50.218C gpu@52.593C tj@53.687C soc1@51.968C VDD_IN 7142mW/7078mW VDD_CPU_GPU_CV 2060mW/1924mW VDD_SOC 1706mW/1729mW
10-08-2026 21:16:36 RAM 6073/7620MB (lfb 6x1MB) SWAP 458/5858MB (cached 0MB) CPU [27%@1420,20%@1420,47%@1420,22%@1420,26%@960,36%@960] GR3D_FREQ 58% cpu@53.281C soc2@52.093C soc0@50.437C gpu@53C tj@53.281C soc1@51.875C VDD_IN 7539mW/7084mW VDD_CPU_GPU_CV 2056mW/1926mW VDD_SOC 1861mW/1731mW
10-08-2026 21:16:37 RAM 6175/7620MB (lfb 6x1MB) SWAP 458/5858MB (cached 0MB) CPU [26%@729,9%@729,48%@1510,36%@1510,21%@1510,38%@1510] GR3D_FREQ 72% cpu@53.531C soc2@52.062C soc0@50.562C gpu@53C tj@53.531C soc1@52.031C VDD_IN 7936mW/7094mW VDD_CPU_GPU_CV 2294mW/1930mW VDD_SOC 1901mW/1733mW
10-08-2026 21:16:38 RAM 6163/7620MB (lfb 6x1MB) SWAP 458/5858MB (cached 0MB) CPU [14%@1510,16%@1510,23%@1510,25%@1510,54%@729,32%@729] GR3D_FREQ 40% cpu@53.218C soc2@52C soc0@50.312C gpu@52.468C tj@53.218C soc1@51.875C VDD_IN 6864mW/7091mW VDD_CPU_GPU_CV 1545mW/1925mW VDD_SOC 1782mW/1734mW
10-08-2026 21:16:39 RAM 6164/7620MB (lfb 6x1MB) SWAP 458/5858MB (cached 0MB) CPU [9%@1510,2%@1510,6%@1510,81%@1510,3%@729,5%@729] GR3D_FREQ 39% cpu@53.531C soc2@52C soc0@50.218C gpu@52.406C tj@53.531C soc1@51.906C VDD_IN 6705mW/7087mW VDD_CPU_GPU_CV 1545mW/1921mW VDD_SOC 1743mW/1734mW
10-08-2026 21:16:40 RAM 6165/7620MB (lfb 6x1MB) SWAP 458/5858MB (cached 0MB) CPU [9%@1510,2%@1510,9%@1510,76%@1510,2%@729,1%@729] GR3D_FREQ 29% cpu@53.218C soc2@51.781C soc0@50.281C gpu@52.531C tj@53.218C soc1@51.906C VDD_IN 6705mW/7082mW VDD_CPU_GPU_CV 1505mW/1916mW VDD_SOC 1745mW/1734mW
10-08-2026 21:16:41 RAM 6165/7620MB (lfb 6x1MB) SWAP 458/5858MB (cached 0MB) CPU [7%@1510,5%@1510,75%@1510,11%@1510,0%@729,3%@729] GR3D_FREQ 47% cpu@53.093C soc2@51.843C soc0@50.312C gpu@52.562C tj@53.218C soc1@51.937C VDD_IN 6705mW/7078mW VDD_CPU_GPU_CV 1545mW/1912mW VDD_SOC 1743mW/1734mW
10-08-2026 21:16:42 RAM 6166/7620MB (lfb 6x1MB) SWAP 458/5858MB (cached 0MB) CPU [11%@1510,0%@1510,20%@1510,33%@1510,1%@1510,38%@1510] GR3D_FREQ 34% cpu@53.343C soc2@51.812C soc0@50.437C gpu@52.562C tj@53.343C soc1@51.75C VDD_IN 6745mW/7074mW VDD_CPU_GPU_CV 1545mW/1908mW VDD_SOC 1743mW/1734mW
10-08-2026 21:16:43 RAM 6166/7620MB (lfb 6x1MB) SWAP 458/5858MB (cached 0MB) CPU [13%@1510,13%@1510,11%@1510,2%@1510,38%@729,39%@729] GR3D_FREQ 62% cpu@53.406C soc2@51.875C soc0@50.25C gpu@52.312C tj@53.406C soc1@51.812C VDD_IN 6745mW/7071mW VDD_CPU_GPU_CV 1545mW/1904mW VDD_SOC 1743mW/1734mW
10-08-2026 21:16:44 RAM 6166/7620MB (lfb 6x1MB) SWAP 458/5858MB (cached 0MB) CPU [4%@1510,80%@1510,7%@1510,4%@1510,2%@729,1%@729] GR3D_FREQ 48% cpu@53.593C soc2@51.781C soc0@50.218C gpu@52.375C tj@53.593C soc1@51.843C VDD_IN 6745mW/7067mW VDD_CPU_GPU_CV 1545mW/1900mW VDD_SOC 1743mW/1734mW
10-08-2026 21:16:45 RAM 6166/7620MB (lfb 6x1MB) SWAP 458/5858MB (cached 0MB) CPU [12%@1510,51%@1510,25%@1510,6%@1510,3%@729,3%@729] GR3D_FREQ 39% cpu@53.125C soc2@51.781C soc0@50.187C gpu@52.437C tj@53.125C soc1@51.937C VDD_IN 6745mW/7063mW VDD_CPU_GPU_CV 1545mW/1896mW VDD_SOC 1743mW/1734mW
10-08-2026 21:16:46 RAM 6106/7620MB (lfb 2x2MB) SWAP 458/5858MB (cached 0MB) CPU [6%@1497,9%@1497,78%@1497,7%@1497,3%@806,6%@806] GR3D_FREQ 25% cpu@53.25C soc2@51.843C soc0@50.25C gpu@52.437C tj@53.25C soc1@51.718C VDD_IN 6705mW/7060mW VDD_CPU_GPU_CV 1545mW/1892mW VDD_SOC 1703mW/1734mW
10-08-2026 21:16:47 RAM 6124/7620MB (lfb 26x512kB) SWAP 458/5858MB (cached 0MB) CPU [45%@883,39%@883,38%@883,32%@1510,43%@729,44%@729] GR3D_FREQ 1% cpu@53.593C soc2@51.906C soc0@50.062C gpu@52.5C tj@53.593C soc1@51.75C VDD_IN 6666mW/7055mW VDD_CPU_GPU_CV 1663mW/1890mW VDD_SOC 1663mW/1733mW
10-08-2026 21:16:48 RAM 6123/7620MB (lfb 26x512kB) SWAP 458/5858MB (cached 0MB) CPU [50%@729,40%@729,28%@729,39%@1510,34%@729,43%@729] GR3D_FREQ 0% cpu@53.093C soc2@51.687C soc0@50.156C gpu@52.5C tj@53.093C soc1@51.781C VDD_IN 6229mW/7047mW VDD_CPU_GPU_CV 1346mW/1884mW VDD_SOC 1624mW/1732mW
10-08-2026 21:16:49 RAM 6133/7620MB (lfb 31x512kB) SWAP 458/5858MB (cached 0MB) CPU [66%@1510,76%@1510,67%@1510,65%@1510,66%@1510,72%@1510] GR3D_FREQ 0% cpu@54.281C soc2@52.093C soc0@50.25C gpu@52.468C tj@54.281C soc1@51.906C VDD_IN 8451mW/7061mW VDD_CPU_GPU_CV 3005mW/1896mW VDD_SOC 1825mW/1733mW
10-08-2026 21:16:50 RAM 6176/7620MB (lfb 37x512kB) SWAP 458/5858MB (cached 0MB) CPU [70%@1510,71%@1510,64%@1510,63%@1510,78%@883,74%@883] GR3D_FREQ 63% cpu@53.968C soc2@52.406C soc0@50.343C gpu@52.625C tj@53.968C soc1@51.843C VDD_IN 8412mW/7075mW VDD_CPU_GPU_CV 2966mW/1907mW VDD_SOC 1825mW/1734mW
10-08-2026 21:16:51 RAM 6266/7620MB (lfb 37x512kB) SWAP 458/5858MB (cached 0MB) CPU [77%@1510,84%@1510,76%@1510,81%@1510,75%@1510,88%@1510] GR3D_FREQ 73% cpu@54.687C soc2@52.5C soc0@50.406C gpu@52.781C tj@54.687C soc1@51.968C VDD_IN 9999mW/7105mW VDD_CPU_GPU_CV 3948mW/1928mW VDD_SOC 2060mW/1737mW
10-08-2026 21:16:52 RAM 6311/7620MB (lfb 22x64kB) SWAP 459/5858MB (cached 0MB) CPU [72%@1510,71%@1510,78%@1510,72%@1510,69%@1510,82%@1510] GR3D_FREQ 52% cpu@54.156C soc2@52.5C soc0@50.562C gpu@53.125C tj@54.156C soc1@52.093C VDD_IN 9904mW/7133mW VDD_CPU_GPU_CV 3790mW/1946mW VDD_SOC 2060mW/1741mW
10-08-2026 21:16:53 RAM 6114/7620MB (lfb 24x2MB) SWAP 459/5858MB (cached 0MB) CPU [78%@1510,86%@1510,75%@1510,68%@1510,87%@1510,88%@1510] GR3D_FREQ 33% cpu@54.562C soc2@52.687C soc0@50.593C gpu@53.218C tj@54.562C soc1@52.218C VDD_IN 9999mW/7162mW VDD_CPU_GPU_CV 3955mW/1967mW VDD_SOC 2060mW/1744mW
10-08-2026 21:16:54 RAM 6254/7620MB (lfb 22x512kB) SWAP 459/5858MB (cached 0MB) CPU [77%@1510,77%@1510,56%@1510,66%@1510,69%@1510,67%@1510] GR3D_FREQ 0% cpu@54.343C soc2@52.593C soc0@50.687C gpu@53.187C tj@54.343C soc1@52.187C VDD_IN 9562mW/7186mW VDD_CPU_GPU_CV 3559mW/1982mW VDD_SOC 2020mW/1747mW
10-08-2026 21:16:55 RAM 6161/7620MB (lfb 3x1MB) SWAP 459/5858MB (cached 0MB) CPU [82%@1510,82%@1510,82%@1510,80%@1510,87%@1420,80%@1420] GR3D_FREQ 0% cpu@54.843C soc2@52.656C soc0@50.625C gpu@52.968C tj@54.843C soc1@52.281C VDD_IN 9642mW/7210mW VDD_CPU_GPU_CV 3796mW/2000mW VDD_SOC 1941mW/1748mW
10-08-2026 21:16:56 RAM 6248/7620MB (lfb 7x1MB) SWAP 459/5858MB (cached 0MB) CPU [62%@1510,72%@1510,77%@1510,72%@1510,74%@1510,71%@1510] GR3D_FREQ 55% cpu@54.781C soc2@52.687C soc0@50.718C gpu@53.156C tj@54.781C soc1@52.406C VDD_IN 9626mW/7233mW VDD_CPU_GPU_CV 3638mW/2016mW VDD_SOC 1980mW/1751mW
10-08-2026 21:16:57 RAM 6196/7620MB (lfb 3x1MB) SWAP 459/5858MB (cached 0MB) CPU [86%@1510,85%@1510,87%@1510,82%@1510,85%@1510,82%@1510] GR3D_FREQ 34% cpu@54.875C soc2@52.812C soc0@50.906C gpu@53.468C tj@54.875C soc1@52.562C VDD_IN 10102mW/7261mW VDD_CPU_GPU_CV 4067mW/2036mW VDD_SOC 1980mW/1753mW
10-08-2026 21:16:58 RAM 6261/7620MB (lfb 5x1MB) SWAP 459/5858MB (cached 0MB) CPU [53%@1510,77%@1510,54%@1510,46%@1510,64%@729,54%@729] GR3D_FREQ 74% cpu@54.125C soc2@52.687C soc0@50.937C gpu@53.406C tj@54.125C soc1@52.437C VDD_IN 8729mW/7275mW VDD_CPU_GPU_CV 3005mW/2045mW VDD_SOC 1901mW/1754mW
10-08-2026 21:16:59 RAM 6306/7620MB (lfb 3x1MB) SWAP 459/5858MB (cached 0MB) CPU [14%@1510,19%@1510,53%@1510,22%@1510,28%@729,38%@729] GR3D_FREQ 84% cpu@54C soc2@52.687C soc0@50.843C gpu@53.343C tj@54C soc1@52.343C VDD_IN 7737mW/7279mW VDD_CPU_GPU_CV 2214mW/2047mW VDD_SOC 1822mW/1755mW
10-08-2026 21:17:00 RAM 6307/7620MB (lfb 3x1MB) SWAP 459/5858MB (cached 0MB) CPU [19%@1510,14%@1510,16%@1510,81%@1510,33%@729,30%@729] GR3D_FREQ 55% cpu@53.781C soc2@52.968C soc0@50.843C gpu@53.375C tj@53.781C soc1@52.312C VDD_IN 8015mW/7286mW VDD_CPU_GPU_CV 2412mW/2050mW VDD_SOC 1861mW/1756mW
10-08-2026 21:17:01 RAM 6307/7620MB (lfb 3x1MB) SWAP 459/5858MB (cached 0MB) CPU [22%@1510,29%@1510,13%@1510,68%@1510,25%@729,22%@729] GR3D_FREQ 30% cpu@54.125C soc2@52.562C soc0@50.937C gpu@53.343C tj@53.937C soc1@52.437C VDD_IN 7856mW/7291mW VDD_CPU_GPU_CV 2294mW/2052mW VDD_SOC 1861mW/1757mW
10-08-2026 21:17:02 RAM 5983/7620MB (lfb 4x2MB) SWAP 459/5858MB (cached 0MB) CPU [25%@960,54%@960,17%@960,23%@960,21%@1510,42%@1510] GR3D_FREQ 51% cpu@53.906C soc2@52.343C soc0@50.875C gpu@52.875C tj@53.937C soc1@52.281C VDD_IN 6785mW/7287mW VDD_CPU_GPU_CV 1663mW/2049mW VDD_SOC 1663mW/1756mW
10-08-2026 21:17:03 RAM 5984/7620MB (lfb 4x2MB) SWAP 459/5858MB (cached 0MB) CPU [15%@729,24%@729,5%@729,7%@1510,25%@1510,54%@1510] GR3D_FREQ 38% cpu@54.093C soc2@52.312C soc0@50.687C gpu@53.156C tj@54.093C soc1@52.281C VDD_IN 6785mW/7282mW VDD_CPU_GPU_CV 1545mW/2044mW VDD_SOC 1706mW/1756mW
10-08-2026 21:17:04 RAM 5984/7620MB (lfb 4x2MB) SWAP 459/5858MB (cached 0MB) CPU [8%@729,12%@729,4%@729,5%@729,11%@1510,76%@1510] GR3D_FREQ 66% cpu@53.875C soc2@52.218C soc0@50.687C gpu@53.156C tj@53.875C soc1@52.25C VDD_IN 6705mW/7277mW VDD_CPU_GPU_CV 1545mW/2040mW VDD_SOC 1666mW/1755mW
10-08-2026 21:17:05 RAM 5985/7620MB (lfb 4x2MB) SWAP 459/5858MB (cached 0MB) CPU [6%@729,11%@729,3%@729,4%@729,21%@1497,69%@1497] GR3D_FREQ 62% cpu@53.718C soc2@52.156C soc0@50.781C gpu@53.125C tj@53.718C soc1@52.437C VDD_IN 6705mW/7272mW VDD_CPU_GPU_CV 1545mW/2035mW VDD_SOC 1666mW/1754mW
10-08-2026 21:17:06 RAM 5985/7620MB (lfb 4x2MB) SWAP 459/5858MB (cached 0MB) CPU [6%@1510,11%@1510,1%@1510,5%@1510,33%@1497,55%@1497] GR3D_FREQ 70% cpu@53.718C soc2@52.187C soc0@50.718C gpu@53.156C tj@53.718C soc1@52.218C VDD_IN 6705mW/7267mW VDD_CPU_GPU_CV 1545mW/2031mW VDD_SOC 1663mW/1753mW
10-08-2026 21:17:07 RAM 5985/7620MB (lfb 4x2MB) SWAP 459/5858MB (cached 0MB) CPU [8%@1510,9%@1510,8%@1510,6%@1510,6%@1510,80%@1510] GR3D_FREQ 40% cpu@53.75C soc2@52.281C soc0@50.562C gpu@52.781C tj@53.75C soc1@52.218C VDD_IN 6705mW/7262mW VDD_CPU_GPU_CV 1584mW/2027mW VDD_SOC 1706mW/1753mW
10-08-2026 21:17:08 RAM 5985/7620MB (lfb 4x2MB) SWAP 459/5858MB (cached 0MB) CPU [25%@1510,21%@1510,28%@1510,22%@1510,8%@729,7%@729] GR3D_FREQ 46% cpu@53.906C soc2@52.156C soc0@50.687C gpu@52.875C tj@53.906C soc1@52.187C VDD_IN 6705mW/7257mW VDD_CPU_GPU_CV 1545mW/2023mW VDD_SOC 1663mW/1752mW
10-08-2026 21:17:09 RAM 5985/7620MB (lfb 4x2MB) SWAP 459/5858MB (cached 0MB) CPU [7%@1510,15%@1510,44%@1510,8%@1510,8%@1510,32%@1510] GR3D_FREQ 41% cpu@53.562C soc2@52.156C soc0@50.687C gpu@52.781C tj@53.562C soc1@52.406C VDD_IN 6745mW/7253mW VDD_CPU_GPU_CV 1584mW/2019mW VDD_SOC 1703mW/1752mW
10-08-2026 21:17:10 RAM 6032/7620MB (lfb 8x1MB) SWAP 459/5858MB (cached 0MB) CPU [24%@1510,15%@1510,17%@1510,16%@1510,7%@1510,65%@1510] GR3D_FREQ 32% cpu@53.937C soc2@52.187C soc0@50.687C gpu@52.75C tj@53.937C soc1@52.437C VDD_IN 6745mW/7248mW VDD_CPU_GPU_CV 1624mW/2016mW VDD_SOC 1663mW/1751mW
10-08-2026 21:17:11 RAM 6149/7620MB (lfb 1x2MB) SWAP 459/5858MB (cached 0MB) CPU [50%@1510,33%@1510,52%@1510,35%@1510,47%@729,33%@729] GR3D_FREQ 28% cpu@53.75C soc2@52.218C soc0@50.468C gpu@52.687C tj@53.75C soc1@52.125C VDD_IN 6428mW/7241mW VDD_CPU_GPU_CV 1545mW/2012mW VDD_SOC 1584mW/1749mW
10-08-2026 21:17:12 RAM 6147/7620MB (lfb 1x2MB) SWAP 459/5858MB (cached 0MB) CPU [36%@1510,39%@1497,36%@1497,27%@1497,43%@729,44%@729] GR3D_FREQ 27% cpu@53.5C soc2@52.218C soc0@50.437C gpu@52.593C tj@53.5C soc1@52.156C VDD_IN 6190mW/7233mW VDD_CPU_GPU_CV 1346mW/2006mW VDD_SOC 1624mW/1748mW
10-08-2026 21:17:13 RAM 6199/7620MB (lfb 18x512kB) SWAP 459/5858MB (cached 0MB) CPU [44%@1510,53%@1510,57%@1510,58%@1510,72%@1267,52%@1267] GR3D_FREQ 28% cpu@54.437C soc2@52.375C soc0@50.625C gpu@52.906C tj@54.437C soc1@52.312C VDD_IN 7975mW/7239mW VDD_CPU_GPU_CV 2654mW/2011mW VDD_SOC 1785mW/1749mW
10-08-2026 21:17:14 RAM 6213/7620MB (lfb 22x512kB) SWAP 459/5858MB (cached 0MB) CPU [73%@1510,68%@1510,60%@1510,69%@1510,79%@1510,75%@1510] GR3D_FREQ 0% cpu@54.625C soc2@52.5C soc0@50.593C gpu@52.75C tj@54.625C soc1@52.218C VDD_IN 8491mW/7249mW VDD_CPU_GPU_CV 3005mW/2020mW VDD_SOC 1825mW/1749mW
10-08-2026 21:17:15 RAM 6240/7620MB (lfb 22x512kB) SWAP 459/5858MB (cached 0MB) CPU [40%@1510,38%@1510,45%@1510,45%@1510,54%@1497,82%@1497] GR3D_FREQ 66% cpu@54.343C soc2@52.562C soc0@50.562C gpu@52.781C tj@54.343C soc1@52.312C VDD_IN 7697mW/7253mW VDD_CPU_GPU_CV 2333mW/2022mW VDD_SOC 1782mW/1750mW
10-08-2026 21:17:16 RAM 6335/7620MB (lfb 11x512kB) SWAP 459/5858MB (cached 0MB) CPU [73%@1497,81%@1497,82%@1497,78%@1497,75%@1344,76%@1344] GR3D_FREQ 66% cpu@54.375C soc2@52.687C soc0@50.875C gpu@53.187C tj@54.375C soc1@52.25C VDD_IN 9404mW/7270mW VDD_CPU_GPU_CV 3480mW/2034mW VDD_SOC 1980mW/1751mW
10-08-2026 21:17:17 RAM 6444/7620MB (lfb 11x512kB) SWAP 459/5858MB (cached 0MB) CPU [49%@1510,67%@1510,63%@1510,66%@1510,58%@1267,60%@1267] GR3D_FREQ 43% cpu@54.437C soc2@52.781C soc0@50.843C gpu@53.218C tj@54.312C soc1@52.406C VDD_IN 9428mW/7288mW VDD_CPU_GPU_CV 3520mW/2046mW VDD_SOC 1980mW/1753mW
10-08-2026 21:17:18 RAM 6467/7620MB (lfb 8x512kB) SWAP 459/5858MB (cached 0MB) CPU [63%@1510,73%@1510,74%@1510,75%@1510,78%@1510,79%@1510] GR3D_FREQ 98% cpu@54.843C soc2@52.812C soc0@50.875C gpu@53.25C tj@54.843C soc1@52.625C VDD_IN 9721mW/7307mW VDD_CPU_GPU_CV 3796mW/2060mW VDD_SOC 1941mW/1755mW
10-08-2026 21:17:19 RAM 6494/7620MB (lfb 1x256kB) SWAP 461/5858MB (cached 0MB) CPU [88%@1510,68%@1510,74%@1510,63%@1510,78%@1510,70%@1510] GR3D_FREQ 82% cpu@54.687C soc2@52.968C soc0@51.125C gpu@53.25C tj@54.687C soc1@52.437C VDD_IN 9483mW/7324mW VDD_CPU_GPU_CV 3599mW/2072mW VDD_SOC 1941mW/1756mW
10-08-2026 21:17:20 RAM 6391/7620MB (lfb 20x1MB) SWAP 463/5858MB (cached 0MB) CPU [72%@1510,71%@1510,45%@1510,70%@1510,69%@1510,69%@1510] GR3D_FREQ 43% cpu@55.125C soc2@53.093C soc0@50.968C gpu@53.25C tj@55.125C soc1@52.562C VDD_IN 9626mW/7343mW VDD_CPU_GPU_CV 3672mW/2085mW VDD_SOC 1980mW/1758mW
10-08-2026 21:17:21 RAM 6491/7620MB (lfb 7x1MB) SWAP 463/5858MB (cached 0MB) CPU [67%@806,61%@1510,51%@1510,48%@1510,74%@1113,46%@1113] GR3D_FREQ 34% cpu@54.093C soc2@52.781C soc0@51.156C gpu@53.156C tj@54.093C soc1@52.625C VDD_IN 8451mW/7351mW VDD_CPU_GPU_CV 2768mW/2090mW VDD_SOC 1861mW/1759mW
10-08-2026 21:17:22 RAM 6581/7620MB (lfb 5x512kB) SWAP 464/5858MB (cached 0MB) CPU [26%@1510,24%@1510,36%@1510,20%@1510,54%@729,31%@729] GR3D_FREQ 51% cpu@54.031C soc2@52.937C soc0@51.125C gpu@53.343C tj@54.031C soc1@52.656C VDD_IN 7856mW/7355mW VDD_CPU_GPU_CV 2294mW/2092mW VDD_SOC 1822mW/1759mW
10-08-2026 21:17:23 RAM 6595/7620MB (lfb 2x256kB) SWAP 464/5858MB (cached 0MB) CPU [12%@1510,11%@1510,76%@1510,33%@1510,28%@729,16%@729] GR3D_FREQ 43% cpu@53.937C soc2@52.687C soc0@51.218C gpu@53.375C tj@53.937C soc1@52.625C VDD_IN 7697mW/7358mW VDD_CPU_GPU_CV 2175mW/2092mW VDD_SOC 1822mW/1760mW
10-08-2026 21:17:24 RAM 6367/7620MB (lfb 2x2MB) SWAP 464/5858MB (cached 0MB) CPU [27%@729,15%@729,18%@729,18%@729,18%@1510,59%@1510] GR3D_FREQ 49% cpu@54.093C soc2@52.531C soc0@50.937C gpu@53.218C tj@54.093C soc1@52.5C VDD_IN 7023mW/7355mW VDD_CPU_GPU_CV 1743mW/2090mW VDD_SOC 1743mW/1760mW
10-08-2026 21:17:25 RAM 6361/7620MB (lfb 8x2MB) SWAP 464/5858MB (cached 0MB) CPU [10%@729,6%@729,7%@729,14%@729,7%@1420,81%@1420] GR3D_FREQ 58% cpu@54.343C soc2@52.562C soc0@50.937C gpu@53.187C tj@54.343C soc1@52.5C VDD_IN 6745mW/7351mW VDD_CPU_GPU_CV 1584mW/2086mW VDD_SOC 1666mW/1759mW
10-08-2026 21:17:26 RAM 6361/7620MB (lfb 8x2MB) SWAP 464/5858MB (cached 0MB) CPU [5%@729,6%@729,13%@729,11%@729,4%@1497,78%@1497] GR3D_FREQ 63% cpu@53.875C soc2@52.343C soc0@50.937C gpu@52.968C tj@53.875C soc1@52.562C VDD_IN 6705mW/7346mW VDD_CPU_GPU_CV 1584mW/2082mW VDD_SOC 1663mW/1758mW
10-08-2026 21:17:27 RAM 6362/7620MB (lfb 8x2MB) SWAP 464/5858MB (cached 0MB) CPU [7%@1510,4%@1510,9%@1510,11%@1510,28%@1497,57%@1497] GR3D_FREQ 49% cpu@54C soc2@52.406C soc0@50.937C gpu@53.031C tj@54C soc1@52.593C VDD_IN 6705mW/7341mW VDD_CPU_GPU_CV 1584mW/2078mW VDD_SOC 1666mW/1758mW
10-08-2026 21:17:28 RAM 6362/7620MB (lfb 8x2MB) SWAP 464/5858MB (cached 0MB) CPU [9%@1510,4%@1510,8%@1510,14%@1510,13%@1497,70%@1497] GR3D_FREQ 41% cpu@54.093C soc2@52.375C soc0@50.875C gpu@52.906C tj@54.093C soc1@52.375C VDD_IN 6705mW/7336mW VDD_CPU_GPU_CV 1545mW/2074mW VDD_SOC 1663mW/1757mW
10-08-2026 21:17:29 RAM 6408/7620MB (lfb 1x1MB) SWAP 464/5858MB (cached 0MB) CPU [25%@1510,24%@1510,30%@1510,37%@1510,42%@729,46%@729] GR3D_FREQ 0% cpu@53.906C soc2@52.375C soc0@50.718C gpu@53.218C tj@53.906C soc1@52.437C VDD_IN 6705mW/7332mW VDD_CPU_GPU_CV 1703mW/2072mW VDD_SOC 1624mW/1756mW
10-08-2026 21:17:30 RAM 6409/7620MB (lfb 1x1MB) SWAP 464/5858MB (cached 0MB) CPU [36%@1510,43%@1510,47%@1510,41%@1510,41%@729,41%@729] GR3D_FREQ 0% cpu@53.937C soc2@52.375C soc0@50.875C gpu@52.906C tj@53.937C soc1@52.625C VDD_IN 6428mW/7325mW VDD_CPU_GPU_CV 1545mW/2068mW VDD_SOC 1584mW/1755mW
10-08-2026 21:17:31 RAM 6087/7620MB (lfb 29x2MB) SWAP 464/5858MB (cached 0MB) CPU [53%@1510,57%@1510,55%@1510,59%@1510,58%@1113,54%@1113] GR3D_FREQ 9% cpu@54.687C soc2@52.687C soc0@50.687C gpu@52.968C tj@54.687C soc1@52.343C VDD_IN 7816mW/7329mW VDD_CPU_GPU_CV 2570mW/2071mW VDD_SOC 1706mW/1754mW
10-08-2026 21:17:32 RAM 6130/7620MB (lfb 33x2MB) SWAP 464/5858MB (cached 0MB) CPU [72%@1267,73%@1267,72%@1267,73%@1267,77%@1510,79%@1510] GR3D_FREQ 38% cpu@54.562C soc2@52.781C soc0@50.781C gpu@53.312C tj@54.562C soc1@52.406C VDD_IN 8412mW/7336mW VDD_CPU_GPU_CV 3005mW/2078mW VDD_SOC 1745mW/1754mW
10-08-2026 21:17:33 RAM 6252/7620MB (lfb 29x2MB) SWAP 464/5858MB (cached 0MB) CPU [72%@1510,61%@1510,67%@1510,61%@1510,82%@883,76%@883] GR3D_FREQ 80% cpu@54.781C soc2@52.812C soc0@51.031C gpu@53.468C tj@54.781C soc1@52.625C VDD_IN 9404mW/7351mW VDD_CPU_GPU_CV 3599mW/2089mW VDD_SOC 1901mW/1755mW
10-08-2026 21:17:34 RAM 6318/7620MB (lfb 31x2MB) SWAP 464/5858MB (cached 0MB) CPU [77%@1510,73%@1510,75%@1510,78%@1510,84%@1510,84%@1510] GR3D_FREQ 50% cpu@54.875C soc2@53.187C soc0@51.25C gpu@53.312C tj@54.875C soc1@52.843C VDD_IN 9761mW/7368mW VDD_CPU_GPU_CV 3757mW/2101mW VDD_SOC 1980mW/1757mW
10-08-2026 21:17:35 RAM 6430/7620MB (lfb 22x2MB) SWAP 464/5858MB (cached 0MB) CPU [78%@1510,75%@1510,62%@1510,69%@1510,76%@1510,76%@1510] GR3D_FREQ 53% cpu@55.281C soc2@53.218C soc0@51.093C gpu@53.437C tj@55.281C soc1@52.687C VDD_IN 10022mW/7387mW VDD_CPU_GPU_CV 3988mW/2114mW VDD_SOC 2020mW/1759mW
10-08-2026 21:17:36 RAM 6532/7620MB (lfb 26x1MB) SWAP 464/5858MB (cached 0MB) CPU [78%@1510,85%@1510,82%@1510,70%@1510,84%@806,71%@806] GR3D_FREQ 0% cpu@54.968C soc2@53.125C soc0@51.187C gpu@53.531C tj@54.843C soc1@52.843C VDD_IN 9721mW/7403mW VDD_CPU_GPU_CV 3717mW/2125mW VDD_SOC 1980mW/1760mW
10-08-2026 21:17:38 RAM 6620/7620MB (lfb 56x512kB) SWAP 464/5858MB (cached 0MB) CPU [66%@1510,70%@1510,86%@1510,70%@1510,62%@1510,80%@1510] GR3D_FREQ 21% cpu@55.25C soc2@53.281C soc0@51.281C gpu@53.562C tj@55.25C soc1@52.718C VDD_IN 9800mW/7420mW VDD_CPU_GPU_CV 3836mW/2137mW VDD_SOC 1980mW/1762mW
10-08-2026 21:17:39 RAM 6637/7620MB (lfb 18x512kB) SWAP 464/5858MB (cached 0MB) CPU [85%@1510,75%@1510,80%@1510,87%@1510,87%@1510,83%@1510] GR3D_FREQ 7% cpu@55.343C soc2@53.343C soc0@51.312C gpu@53.656C tj@55.343C soc1@52.812C VDD_IN 10102mW/7438mW VDD_CPU_GPU_CV 4067mW/2151mW VDD_SOC 2020mW/1764mW
10-08-2026 21:17:40 RAM 6679/7620MB (lfb 1x128kB) SWAP 464/5858MB (cached 0MB) CPU [74%@1510,76%@1510,78%@1510,74%@1510,71%@1510,81%@1510] GR3D_FREQ 58% cpu@55.281C soc2@53.343C soc0@51.468C gpu@53.937C tj@55.281C soc1@52.906C VDD_IN 10141mW/7457mW VDD_CPU_GPU_CV 4067mW/2164mW VDD_SOC 2020mW/1765mW
10-08-2026 21:17:41 RAM 6687/7620MB (lfb 1959x32kB) SWAP 465/5858MB (cached 0MB) CPU [64%@1510,81%@1510,69%@1510,75%@1510,77%@1510,85%@1510] GR3D_FREQ 59% cpu@55.218C soc2@53.593C soc0@51.562C gpu@54.062C tj@55.218C soc1@53.062C VDD_IN 9943mW/7474mW VDD_CPU_GPU_CV 3869mW/2175mW VDD_SOC 2020mW/1767mW
10-08-2026 21:17:42 RAM 6694/7620MB (lfb 1983x32kB) SWAP 465/5858MB (cached 0MB) CPU [75%@1510,60%@1510,65%@1510,77%@1510,82%@1510,80%@1510] GR3D_FREQ 80% cpu@55.437C soc2@53.656C soc0@51.687C gpu@54.093C tj@55.437C soc1@52.875C VDD_IN 10141mW/7492mW VDD_CPU_GPU_CV 4027mW/2188mW VDD_SOC 2020mW/1769mW
10-08-2026 21:17:43 RAM 6496/7620MB (lfb 6x1MB) SWAP 465/5858MB (cached 0MB) CPU [86%@1510,78%@1510,86%@1510,84%@1510,87%@1510,85%@1510] GR3D_FREQ 33% cpu@55.75C soc2@53.75C soc0@51.5C gpu@54.031C tj@55.75C soc1@53.093C VDD_IN 10039mW/7509mW VDD_CPU_GPU_CV 3988mW/2200mW VDD_SOC 1980mW/1770mW
10-08-2026 21:17:44 RAM 6601/7620MB (lfb 3x1MB) SWAP 465/5858MB (cached 0MB) CPU [63%@1510,56%@1510,55%@1510,71%@1510,62%@1344,68%@1344] GR3D_FREQ 26% cpu@55.062C soc2@53.531C soc0@51.531C gpu@53.781C tj@55.062C soc1@53.093C VDD_IN 9270mW/7521mW VDD_CPU_GPU_CV 3401mW/2208mW VDD_SOC 1941mW/1771mW
10-08-2026 21:17:45 RAM 6692/7620MB (lfb 3x1MB) SWAP 465/5858MB (cached 0MB) CPU [46%@1510,49%@1510,34%@1510,47%@1510,37%@1510,67%@1510] GR3D_FREQ 53% cpu@54.75C soc2@53.25C soc0@51.656C gpu@53.718C tj@54.75C soc1@53.187C VDD_IN 8332mW/7526mW VDD_CPU_GPU_CV 2689mW/2211mW VDD_SOC 1861mW/1772mW
10-08-2026 21:17:46 RAM 6758/7620MB (lfb 3x64kB) SWAP 465/5858MB (cached 0MB) CPU [11%@729,35%@729,16%@729,8%@729,41%@1510,72%@1510] GR3D_FREQ 72% cpu@54.718C soc2@53.25C soc0@51.656C gpu@53.656C tj@54.718C soc1@53.031C VDD_IN 7975mW/7529mW VDD_CPU_GPU_CV 2373mW/2212mW VDD_SOC 1861mW/1772mW
10-08-2026 21:17:47 RAM 6749/7620MB (lfb 1x2MB) SWAP 465/5858MB (cached 0MB) CPU [24%@806,27%@806,25%@806,14%@806,26%@1497,77%@1497] GR3D_FREQ 60% cpu@54.531C soc2@53.406C soc0@51.625C gpu@53.906C tj@54.531C soc1@53.093C VDD_IN 7737mW/7530mW VDD_CPU_GPU_CV 2214mW/2212mW VDD_SOC 1822mW/1773mW
10-08-2026 21:17:48 RAM 6215/7620MB (lfb 7x2MB) SWAP 465/5858MB (cached 0MB) CPU [12%@1510,36%@1510,8%@1510,16%@1510,25%@1420,71%@1420] GR3D_FREQ 47% cpu@54.687C soc2@53.125C soc0@51.468C gpu@53.843C tj@54.375C soc1@53.031C VDD_IN 7221mW/7528mW VDD_CPU_GPU_CV 1858mW/2210mW VDD_SOC 1782mW/1773mW
10-08-2026 21:17:49 RAM 6220/7620MB (lfb 13x2MB) SWAP 465/5858MB (cached 0MB) CPU [35%@1510,25%@1510,16%@1510,12%@1510,18%@729,49%@729] GR3D_FREQ 34% cpu@54.375C soc2@52.906C soc0@51.406C gpu@53.875C tj@54.375C soc1@53.062C VDD_IN 6864mW/7524mW VDD_CPU_GPU_CV 1624mW/2206mW VDD_SOC 1703mW/1772mW
10-08-2026 21:17:50 RAM 6220/7620MB (lfb 13x2MB) SWAP 465/5858MB (cached 0MB) CPU [52%@1510,28%@1510,11%@1510,21%@1510,1%@729,1%@729] GR3D_FREQ 33% cpu@54.343C soc2@53C soc0@51.5C gpu@53.5C tj@54.343C soc1@52.843C VDD_IN 6705mW/7519mW VDD_CPU_GPU_CV 1545mW/2202mW VDD_SOC 1703mW/1772mW
10-08-2026 21:17:51 RAM 6220/7620MB (lfb 13x2MB) SWAP 465/5858MB (cached 0MB) CPU [32%@1510,55%@1510,3%@1510,12%@1510,4%@729,10%@729] GR3D_FREQ 28% cpu@54.5C soc2@52.875C soc0@51.281C gpu@53.5C tj@54.5C soc1@52.781C VDD_IN 6745mW/7514mW VDD_CPU_GPU_CV 1584mW/2198mW VDD_SOC 1703mW/1772mW
10-08-2026 21:17:52 RAM 6220/7620MB (lfb 13x2MB) SWAP 465/5858MB (cached 0MB) CPU [53%@1510,34%@1510,3%@1510,8%@1510,9%@729,9%@729] GR3D_FREQ 60% cpu@54.187C soc2@52.875C soc0@51.281C gpu@53.468C tj@54.187C soc1@52.812C VDD_IN 6705mW/7509mW VDD_CPU_GPU_CV 1545mW/2194mW VDD_SOC 1703mW/1771mW
10-08-2026 21:17:53 RAM 6220/7620MB (lfb 13x2MB) SWAP 465/5858MB (cached 0MB) CPU [30%@1510,61%@1510,5%@1510,11%@1510,0%@729,6%@729] GR3D_FREQ 65% cpu@54.25C soc2@52.812C soc0@51.343C gpu@53.437C tj@54.25C soc1@52.906C VDD_IN 6745mW/7504mW VDD_CPU_GPU_CV 1584mW/2190mW VDD_SOC 1663mW/1770mW
10-08-2026 21:17:54 RAM 6220/7620MB (lfb 13x2MB) SWAP 465/5858MB (cached 0MB) CPU [20%@1510,58%@1510,4%@1510,16%@1510,0%@729,7%@729] GR3D_FREQ 59% cpu@54.343C soc2@52.812C soc0@51.375C gpu@53.406C tj@54.312C soc1@53C VDD_IN 6705mW/7499mW VDD_CPU_GPU_CV 1584mW/2186mW VDD_SOC 1703mW/1770mW
10-08-2026 21:17:55 RAM 6220/7620MB (lfb 13x2MB) SWAP 465/5858MB (cached 0MB) CPU [30%@1510,64%@1510,2%@1510,6%@1510,0%@729,6%@729] GR3D_FREQ 35% cpu@54.218C soc2@52.75C soc0@51.375C gpu@53.25C tj@54.218C soc1@52.656C VDD_IN 6785mW/7494mW VDD_CPU_GPU_CV 1584mW/2182mW VDD_SOC 1663mW/1769mW
10-08-2026 21:17:56 RAM 6221/7620MB (lfb 13x2MB) SWAP 465/5858MB (cached 0MB) CPU [14%@1510,62%@1510,20%@1510,8%@1510,1%@729,5%@729] GR3D_FREQ 42% cpu@54.156C soc2@52.875C soc0@51.187C gpu@53.156C tj@54.156C soc1@52.718C VDD_IN 6785mW/7490mW VDD_CPU_GPU_CV 1584mW/2179mW VDD_SOC 1703mW/1769mW
10-08-2026 21:17:57 RAM 6221/7620MB (lfb 13x2MB) SWAP 465/5858MB (cached 0MB) CPU [9%@1510,7%@1510,80%@1510,12%@1510,0%@729,5%@729] GR3D_FREQ 36% cpu@54.031C soc2@52.75C soc0@51.187C gpu@53.218C tj@54.031C soc1@52.75C VDD_IN 6785mW/7486mW VDD_CPU_GPU_CV 1584mW/2175mW VDD_SOC 1703mW/1769mW
10-08-2026 21:17:58 RAM 6221/7620MB (lfb 13x2MB) SWAP 465/5858MB (cached 0MB) CPU [11%@1510,9%@1510,74%@1510,8%@1510,2%@729,6%@729] GR3D_FREQ 38% cpu@54C soc2@52.625C soc0@51.187C gpu@53.25C tj@54C soc1@52.781C VDD_IN 6785mW/7482mW VDD_CPU_GPU_CV 1624mW/2172mW VDD_SOC 1703mW/1768mW
10-08-2026 21:17:59 RAM 6221/7620MB (lfb 13x2MB) SWAP 465/5858MB (cached 0MB) CPU [16%@1510,82%@1510,2%@1510,7%@1510,1%@729,6%@729] GR3D_FREQ 63% cpu@54.25C soc2@52.718C soc0@51.187C gpu@53.25C tj@54.25C soc1@52.625C VDD_IN 6824mW/7478mW VDD_CPU_GPU_CV 1624mW/2168mW VDD_SOC 1703mW/1768mW
10-08-2026 21:18:00 RAM 6220/7620MB (lfb 13x2MB) SWAP 465/5858MB (cached 0MB) CPU [13%@1497,80%@1497,10%@1497,7%@1497,3%@729,7%@729] GR3D_FREQ 66% cpu@54C soc2@52.687C soc0@51.25C gpu@53.156C tj@54C soc1@52.656C VDD_IN 6785mW/7473mW VDD_CPU_GPU_CV 1584mW/2165mW VDD_SOC 1703mW/1767mW
10-08-2026 21:18:01 RAM 6334/7620MB (lfb 1x2MB) SWAP 465/5858MB (cached 0MB) CPU [42%@1510,44%@1510,46%@1510,43%@1510,28%@729,40%@729] GR3D_FREQ 35% cpu@54.406C soc2@52.687C soc0@51C gpu@53.281C tj@54.406C soc1@52.718C VDD_IN 6626mW/7468mW VDD_CPU_GPU_CV 1663mW/2162mW VDD_SOC 1624mW/1766mW
10-08-2026 21:18:02 RAM 6338/7620MB (lfb 1x2MB) SWAP 465/5858MB (cached 0MB) CPU [29%@729,40%@1510,29%@1510,54%@1510,52%@1036,47%@1036] GR3D_FREQ 10% cpu@54C soc2@52.593C soc0@51C gpu@53.25C tj@54C soc1@52.656C VDD_IN 6467mW/7462mW VDD_CPU_GPU_CV 1584mW/2158mW VDD_SOC 1584mW/1765mW
10-08-2026 21:18:03 RAM 6397/7620MB (lfb 17x1MB) SWAP 465/5858MB (cached 0MB) CPU [62%@883,64%@883,62%@883,51%@1510,68%@1510,75%@1510] GR3D_FREQ 0% cpu@54.468C soc2@52.875C soc0@51.125C gpu@53.187C tj@54.468C soc1@52.781C VDD_IN 8015mW/7466mW VDD_CPU_GPU_CV 2693mW/2162mW VDD_SOC 1745mW/1765mW
10-08-2026 21:18:04 RAM 6398/7620MB (lfb 17x1MB) SWAP 465/5858MB (cached 0MB) CPU [55%@1510,54%@1510,55%@1510,48%@1510,58%@1510,90%@1510] GR3D_FREQ 7% cpu@55.156C soc2@53.093C soc0@50.968C gpu@53.156C tj@55.156C soc1@52.625C VDD_IN 8451mW/7471mW VDD_CPU_GPU_CV 3005mW/2167mW VDD_SOC 1785mW/1765mW
10-08-2026 21:18:05 RAM 6296/7620MB (lfb 15x2MB) SWAP 465/5858MB (cached 0MB) CPU [83%@1510,80%@1510,81%@1510,83%@1510,87%@1510,70%@1510] GR3D_FREQ 51% cpu@55.375C soc2@53.343C soc0@51.125C gpu@53.5C tj@55.375C soc1@52.75C VDD_IN 9840mW/7485mW VDD_CPU_GPU_CV 3876mW/2177mW VDD_SOC 1980mW/1767mW
10-08-2026 21:18:06 RAM 6368/7620MB (lfb 1x4MB) SWAP 465/5858MB (cached 0MB) CPU [68%@1510,76%@1510,68%@1510,81%@1510,85%@1420,84%@1420] GR3D_FREQ 61% cpu@54.937C soc2@53.156C soc0@51.343C gpu@53.531C tj@54.937C soc1@52.875C VDD_IN 9642mW/7498mW VDD_CPU_GPU_CV 3678mW/2185mW VDD_SOC 1941mW/1768mW
10-08-2026 21:18:07 RAM 6450/7620MB (lfb 1x4MB) SWAP 465/5858MB (cached 0MB) CPU [78%@1497,75%@1497,81%@1497,80%@1497,83%@1510,86%@1510] GR3D_FREQ 81% cpu@55.406C soc2@53.281C soc0@51.468C gpu@53.843C tj@55.406C soc1@52.906C VDD_IN 9761mW/7511mW VDD_CPU_GPU_CV 3836mW/2195mW VDD_SOC 1941mW/1769mW
10-08-2026 21:18:08 RAM 6560/7620MB (lfb 1x4MB) SWAP 465/5858MB (cached 0MB) CPU [69%@1510,52%@1510,60%@1510,76%@1510,69%@1267,73%@1267] GR3D_FREQ 70% cpu@55.25C soc2@53.375C soc0@51.375C gpu@53.718C tj@55.25C soc1@53C VDD_IN 9483mW/7522mW VDD_CPU_GPU_CV 3520mW/2202mW VDD_SOC 1980mW/1770mW
10-08-2026 21:18:09 RAM 6653/7620MB (lfb 1x4MB) SWAP 465/5858MB (cached 0MB) CPU [75%@1510,88%@1510,83%@1510,82%@1510,85%@1497,76%@1497] GR3D_FREQ 46% cpu@55.437C soc2@53.531C soc0@51.437C gpu@53.968C tj@55.437C soc1@53.062C VDD_IN 10220mW/7538mW VDD_CPU_GPU_CV 4106mW/2213mW VDD_SOC 2020mW/1771mW
10-08-2026 21:18:10 RAM 6738/7620MB (lfb 1x4MB) SWAP 465/5858MB (cached 0MB) CPU [58%@1510,65%@1510,70%@1510,72%@1510,80%@960,71%@960] GR3D_FREQ 73% cpu@55.062C soc2@53.5C soc0@51.593C gpu@53.968C tj@55.062C soc1@53.187C VDD_IN 9443mW/7548mW VDD_CPU_GPU_CV 3559mW/2221mW VDD_SOC 1941mW/1772mW
10-08-2026 21:18:11 RAM 6837/7620MB (lfb 41x1MB) SWAP 465/5858MB (cached 0MB) CPU [78%@1510,70%@1510,78%@1510,75%@1510,78%@1510,78%@1510] GR3D_FREQ 48% cpu@55.406C soc2@53.656C soc0@51.562C gpu@54.125C tj@55.406C soc1@53C VDD_IN 9721mW/7561mW VDD_CPU_GPU_CV 3757mW/2230mW VDD_SOC 1980mW/1773mW
10-08-2026 21:18:12 RAM 6889/7620MB (lfb 9x1MB) SWAP 465/5858MB (cached 0MB) CPU [53%@1510,51%@1510,24%@1510,27%@1510,47%@1510,38%@1510] GR3D_FREQ 37% cpu@55.062C soc2@53.281C soc0@51.562C gpu@53.75C tj@55.062C soc1@53.093C VDD_IN 8253mW/7565mW VDD_CPU_GPU_CV 2649mW/2232mW VDD_SOC 1861mW/1774mW
10-08-2026 21:18:13 RAM 6889/7620MB (lfb 9x1MB) SWAP 465/5858MB (cached 0MB) CPU [50%@1510,11%@1510,26%@1510,10%@1510,26%@1497,56%@1497] GR3D_FREQ 42% cpu@54.593C soc2@53.281C soc0@51.5C gpu@53.625C tj@54.593C soc1@53.187C VDD_IN 7618mW/7565mW VDD_CPU_GPU_CV 2135mW/2231mW VDD_SOC 1822mW/1774mW
10-08-2026 21:18:14 RAM 6901/7620MB (lfb 1x1MB) SWAP 467/5858MB (cached 0MB) CPU [44%@729,19%@729,10%@729,10%@729,64%@1113,50%@1113] GR3D_FREQ 91% cpu@54.531C soc2@53.156C soc0@51.656C gpu@53.5C tj@54.531C soc1@53.125C VDD_IN 7816mW/7566mW VDD_CPU_GPU_CV 2333mW/2232mW VDD_SOC 1822mW/1774mW
10-08-2026 21:18:15 RAM 6917/7620MB (lfb 16x128kB) SWAP 467/5858MB (cached 0MB) CPU [22%@1510,19%@1510,14%@1510,6%@1510,43%@1510,81%@1510] GR3D_FREQ 79% cpu@54.718C soc2@53.25C soc0@51.625C gpu@53.875C tj@54.718C soc1@53C VDD_IN 7936mW/7568mW VDD_CPU_GPU_CV 2373mW/2233mW VDD_SOC 1861mW/1775mW
10-08-2026 21:18:16 RAM 6468/7620MB (lfb 1x4MB) SWAP 467/5858MB (cached 0MB) CPU [11%@1510,11%@1510,23%@1510,23%@1510,21%@1497,64%@1497] GR3D_FREQ 45% cpu@54.406C soc2@52.906C soc0@51.343C gpu@53.843C tj@54.406C soc1@53.031C VDD_IN 6864mW/7564mW VDD_CPU_GPU_CV 1584mW/2229mW VDD_SOC 1745mW/1775mW
10-08-2026 21:18:17 RAM 6468/7620MB (lfb 1x4MB) SWAP 467/5858MB (cached 0MB) CPU [6%@1510,4%@1510,9%@1510,9%@1510,1%@1510,80%@1510] GR3D_FREQ 40% cpu@54.406C soc2@52.875C soc0@51.406C gpu@53.718C tj@54.406C soc1@53.062C VDD_IN 6705mW/7560mW VDD_CPU_GPU_CV 1545mW/2225mW VDD_SOC 1666mW/1774mW
10-08-2026 21:18:18 RAM 6468/7620MB (lfb 1x4MB) SWAP 467/5858MB (cached 0MB) CPU [14%@1510,6%@1510,7%@1510,4%@1510,0%@1510,79%@1510] GR3D_FREQ 39% cpu@54.375C soc2@52.812C soc0@51.406C gpu@53.437C tj@54.375C soc1@53.062C VDD_IN 6666mW/7555mW VDD_CPU_GPU_CV 1584mW/2222mW VDD_SOC 1666mW/1774mW
10-08-2026 21:18:19 RAM 6469/7620MB (lfb 1x4MB) SWAP 467/5858MB (cached 0MB) CPU [10%@729,6%@729,8%@729,14%@729,2%@1510,80%@1510] GR3D_FREQ 42% cpu@54.375C soc2@52.875C soc0@51.218C gpu@53.406C tj@54.375C soc1@52.75C VDD_IN 6705mW/7550mW VDD_CPU_GPU_CV 1584mW/2219mW VDD_SOC 1666mW/1773mW
10-08-2026 21:18:20 RAM 6469/7620MB (lfb 1x4MB) SWAP 467/5858MB (cached 0MB) CPU [9%@1510,6%@1510,13%@1510,6%@1510,9%@1510,72%@1510] GR3D_FREQ 43% cpu@54.437C soc2@52.718C soc0@51.312C gpu@53.593C tj@54.437C soc1@52.875C VDD_IN 6745mW/7546mW VDD_CPU_GPU_CV 1584mW/2215mW VDD_SOC 1663mW/1772mW
10-08-2026 21:18:21 RAM 6469/7620MB (lfb 1x4MB) SWAP 467/5858MB (cached 0MB) CPU [13%@729,6%@729,5%@729,7%@729,7%@1420,73%@1420] GR3D_FREQ 40% cpu@54.187C soc2@52.75C soc0@51.25C gpu@53.281C tj@54.187C soc1@52.843C VDD_IN 6745mW/7542mW VDD_CPU_GPU_CV 1584mW/2212mW VDD_SOC 1666mW/1772mW
10-08-2026 21:18:22 RAM 6469/7620MB (lfb 1x4MB) SWAP 467/5858MB (cached 0MB) CPU [6%@1510,4%@1510,8%@1510,11%@1510,4%@1497,78%@1497] GR3D_FREQ 59% cpu@54.218C soc2@52.687C soc0@51.312C gpu@53.156C tj@54.218C soc1@53.031C VDD_IN 6745mW/7537mW VDD_CPU_GPU_CV 1584mW/2208mW VDD_SOC 1663mW/1771mW
10-08-2026 21:18:23 RAM 6469/7620MB (lfb 1x4MB) SWAP 467/5858MB (cached 0MB) CPU [5%@1510,5%@1510,8%@1510,11%@1510,4%@1497,75%@1497] GR3D_FREQ 59% cpu@54.281C soc2@52.687C soc0@51.062C gpu@53.218C tj@54.281C soc1@52.656C VDD_IN 6705mW/7533mW VDD_CPU_GPU_CV 1584mW/2205mW VDD_SOC 1703mW/1771mW
10-08-2026 21:18:24 RAM 6567/7620MB (lfb 15x1MB) SWAP 467/5858MB (cached 0MB) CPU [28%@1267,26%@1267,39%@1267,47%@1267,31%@960,56%@960] GR3D_FREQ 1% cpu@54.281C soc2@52.656C soc0@51.062C gpu@53.312C tj@54.281C soc1@52.75C VDD_IN 6626mW/7528mW VDD_CPU_GPU_CV 1663mW/2202mW VDD_SOC 1624mW/1770mW
10-08-2026 21:18:25 RAM 6569/7620MB (lfb 15x1MB) SWAP 467/5858MB (cached 0MB) CPU [30%@1036,39%@1036,40%@1036,46%@1036,37%@1267,41%@1267] GR3D_FREQ 0% cpu@54.25C soc2@52.687C soc0@51.062C gpu@53.218C tj@54.25C soc1@52.75C VDD_IN 6388mW/7522mW VDD_CPU_GPU_CV 1505mW/2199mW VDD_SOC 1584mW/1769mW
10-08-2026 21:18:26 RAM 6390/7620MB (lfb 6x2MB) SWAP 467/5858MB (cached 0MB) CPU [44%@1510,64%@1510,50%@1510,47%@1510,56%@1510,41%@1510] GR3D_FREQ 0% cpu@55.031C soc2@52.781C soc0@51.062C gpu@53.281C tj@55.031C soc1@52.812C VDD_IN 7420mW/7522mW VDD_CPU_GPU_CV 2297mW/2199mW VDD_SOC 1666mW/1769mW
10-08-2026 21:18:27 RAM 6393/7620MB (lfb 6x2MB) SWAP 467/5858MB (cached 0MB) CPU [71%@1510,63%@1510,69%@1510,76%@1510,76%@1510,71%@1510] GR3D_FREQ 10% cpu@55.312C soc2@53.062C soc0@50.968C gpu@53.281C tj@55.312C soc1@52.718C VDD_IN 8531mW/7527mW VDD_CPU_GPU_CV 3085mW/2204mW VDD_SOC 1745mW/1768mW
10-08-2026 21:18:28 RAM 6499/7620MB (lfb 5x2MB) SWAP 467/5858MB (cached 0MB) CPU [60%@1510,58%@1510,55%@1510,59%@1510,65%@1510,69%@1510] GR3D_FREQ 30% cpu@54.875C soc2@53.156C soc0@51.187C gpu@53.406C tj@54.875C soc1@52.812C VDD_IN 8967mW/7534mW VDD_CPU_GPU_CV 3243mW/2209mW VDD_SOC 1901mW/1769mW
10-08-2026 21:18:29 RAM 6563/7620MB (lfb 4x2MB) SWAP 467/5858MB (cached 0MB) CPU [76%@1267,80%@1267,71%@1267,76%@1267,77%@1510,69%@1510] GR3D_FREQ 68% cpu@55.343C soc2@53.406C soc0@51.312C gpu@53.625C tj@55.343C soc1@52.968C VDD_IN 9523mW/7545mW VDD_CPU_GPU_CV 3638mW/2216mW VDD_SOC 1941mW/1770mW
10-08-2026 21:18:30 RAM 6676/7620MB (lfb 4x2MB) SWAP 467/5858MB (cached 0MB) CPU [69%@1510,62%@1510,53%@1510,64%@1510,63%@1510,61%@1510] GR3D_FREQ 58% cpu@54.812C soc2@53.25C soc0@51.5C gpu@53.718C tj@54.812C soc1@52.875C VDD_IN 9309mW/7554mW VDD_CPU_GPU_CV 3441mW/2223mW VDD_SOC 1941mW/1771mW
10-08-2026 21:18:31 RAM 6734/7620MB (lfb 4x2MB) SWAP 467/5858MB (cached 0MB) CPU [36%@1510,85%@1510,35%@1510,35%@1510,50%@729,40%@729] GR3D_FREQ 0% cpu@54.562C soc2@53.125C soc0@51.281C gpu@53.593C tj@54.562C soc1@52.875C VDD_IN 7499mW/7553mW VDD_CPU_GPU_CV 2096mW/2222mW VDD_SOC 1743mW/1771mW
10-08-2026 21:18:32 RAM 6815/7620MB (lfb 4x2MB) SWAP 467/5858MB (cached 0MB) CPU [75%@1510,78%@1510,78%@1510,78%@1510,81%@1510,82%@1510] GR3D_FREQ 48% cpu@55.218C soc2@53.625C soc0@51.468C gpu@53.687C tj@55.218C soc1@53C VDD_IN 9785mW/7565mW VDD_CPU_GPU_CV 3796mW/2230mW VDD_SOC 1980mW/1772mW
10-08-2026 21:18:33 RAM 6721/7620MB (lfb 5x2MB) SWAP 467/5858MB (cached 0MB) CPU [52%@1510,62%@1510,66%@1510,72%@1510,74%@1497,56%@1497] GR3D_FREQ 50% cpu@55.062C soc2@53.468C soc0@51.531C gpu@53.656C tj@55.062C soc1@53.093C VDD_IN 9245mW/7573mW VDD_CPU_GPU_CV 3401mW/2236mW VDD_SOC 1941mW/1773mW
10-08-2026 21:18:34 RAM 6810/7620MB (lfb 5x2MB) SWAP 467/5858MB (cached 0MB) CPU [86%@1510,77%@1510,78%@1510,80%@1510,87%@1510,72%@1510] GR3D_FREQ 16% cpu@55.468C soc2@53.531C soc0@51.656C gpu@53.937C tj@55.468C soc1@53.093C VDD_IN 10039mW/7585mW VDD_CPU_GPU_CV 3948mW/2244mW VDD_SOC 1980mW/1774mW
10-08-2026 21:18:35 RAM 6925/7620MB (lfb 1x256kB) SWAP 467/5858MB (cached 0MB) CPU [70%@1510,70%@1510,55%@1510,59%@1510,78%@1113,69%@1113] GR3D_FREQ 43% cpu@55.25C soc2@53.781C soc0@51.5C gpu@54C tj@55.25C soc1@53.156C VDD_IN 9468mW/7595mW VDD_CPU_GPU_CV 3599mW/2251mW VDD_SOC 1980mW/1775mW
10-08-2026 21:18:36 RAM 6932/7620MB (lfb 1x256kB) SWAP 467/5858MB (cached 0MB) CPU [50%@1510,49%@1510,70%@1510,61%@1510,62%@1036,60%@1036] GR3D_FREQ 76% cpu@55.156C soc2@53.562C soc0@51.656C gpu@53.843C tj@55.156C soc1@53.093C VDD_IN 9428mW/7604mW VDD_CPU_GPU_CV 3514mW/2257mW VDD_SOC 1980mW/1776mW
10-08-2026 21:18:37 RAM 6932/7620MB (lfb 1x256kB) SWAP 467/5858MB (cached 0MB) CPU [63%@1344,39%@1420,53%@1420,40%@1420,47%@729,54%@729] GR3D_FREQ 11% cpu@54.718C soc2@53.156C soc0@51.562C gpu@53.625C tj@54.718C soc1@53.218C VDD_IN 6904mW/7600mW VDD_CPU_GPU_CV 1858mW/2255mW VDD_SOC 1663mW/1775mW
10-08-2026 21:18:38 RAM 6945/7620MB (lfb 1x256kB) SWAP 467/5858MB (cached 0MB) CPU [38%@729,34%@729,12%@729,29%@729,25%@729,40%@729] GR3D_FREQ 70% cpu@54.593C soc2@53.156C soc0@51.656C gpu@53.656C tj@54.593C soc1@52.968C VDD_IN 7380mW/7599mW VDD_CPU_GPU_CV 2017mW/2254mW VDD_SOC 1782mW/1775mW
10-08-2026 21:18:39 RAM 6269/7620MB (lfb 1x4MB) SWAP 467/5858MB (cached 0MB) CPU [20%@1510,11%@1510,30%@1510,27%@1510,24%@1267,69%@1267] GR3D_FREQ 43% cpu@54.718C soc2@53.156C soc0@51.468C gpu@53.812C tj@54.718C soc1@53.031C VDD_IN 7420mW/7598mW VDD_CPU_GPU_CV 1938mW/2253mW VDD_SOC 1782mW/1775mW
10-08-2026 21:18:40 RAM 6269/7620MB (lfb 1x4MB) SWAP 467/5858MB (cached 0MB) CPU [40%@1510,9%@1510,10%@1510,38%@1510,5%@1510,12%@1510] GR3D_FREQ 39% cpu@54.375C soc2@52.875C soc0@51.375C gpu@53.75C tj@54.375C soc1@52.906C VDD_IN 6745mW/7594mW VDD_CPU_GPU_CV 1545mW/2249mW VDD_SOC 1663mW/1775mW
10-08-2026 21:18:41 RAM 6269/7620MB (lfb 1x4MB) SWAP 467/5858MB (cached 0MB) CPU [15%@1510,20%@1510,23%@1510,6%@1510,15%@729,28%@729] GR3D_FREQ 46% cpu@54.312C soc2@52.906C soc0@51.468C gpu@53.687C tj@54.312C soc1@53C VDD_IN 6666mW/7590mW VDD_CPU_GPU_CV 1545mW/2246mW VDD_SOC 1663mW/1774mW
10-08-2026 21:18:42 RAM 6269/7620MB (lfb 1x4MB) SWAP 467/5858MB (cached 0MB) CPU [10%@1510,76%@1510,4%@1510,8%@1510,6%@729,4%@729] GR3D_FREQ 35% cpu@54.5C soc2@52.875C soc0@51.468C gpu@53.656C tj@54.5C soc1@52.875C VDD_IN 6705mW/7586mW VDD_CPU_GPU_CV 1584mW/2243mW VDD_SOC 1663mW/1774mW
10-08-2026 21:18:43 RAM 6269/7620MB (lfb 1x4MB) SWAP 467/5858MB (cached 0MB) CPU [7%@1420,77%@1420,4%@1420,7%@1420,4%@729,5%@729] GR3D_FREQ 66% cpu@54.375C soc2@52.875C soc0@51.187C gpu@53.281C tj@54.375C soc1@52.906C VDD_IN 6705mW/7581mW VDD_CPU_GPU_CV 1545mW/2239mW VDD_SOC 1663mW/1773mW
10-08-2026 21:18:44 RAM 6269/7620MB (lfb 1x4MB) SWAP 467/5858MB (cached 0MB) CPU [16%@1510,74%@1510,2%@1510,11%@1510,0%@729,1%@729] GR3D_FREQ 45% cpu@54.406C soc2@52.875C soc0@51.218C gpu@53.343C tj@54.406C soc1@52.906C VDD_IN 6705mW/7577mW VDD_CPU_GPU_CV 1545mW/2236mW VDD_SOC 1663mW/1773mW
10-08-2026 21:18:45 RAM 6269/7620MB (lfb 1x4MB) SWAP 467/5858MB (cached 0MB) CPU [28%@1510,47%@1510,1%@1510,21%@1510,3%@729,4%@729] GR3D_FREQ 54% cpu@54.093C soc2@52.718C soc0@51.218C gpu@53.343C tj@54.093C soc1@53C VDD_IN 6705mW/7573mW VDD_CPU_GPU_CV 1584mW/2233mW VDD_SOC 1666mW/1772mW
10-08-2026 21:18:46 RAM 6269/7620MB (lfb 1x4MB) SWAP 467/5858MB (cached 0MB) CPU [11%@1510,9%@1510,43%@1510,11%@1510,6%@729,33%@729] GR3D_FREQ 32% cpu@54.25C soc2@52.687C soc0@51.312C gpu@53.375C tj@54.25C soc1@52.968C VDD_IN 6745mW/7569mW VDD_CPU_GPU_CV 1584mW/2230mW VDD_SOC 1663mW/1772mW
10-08-2026 21:18:47 RAM 6269/7620MB (lfb 1x4MB) SWAP 467/5858MB (cached 0MB) CPU [9%@1510,79%@1510,7%@1510,5%@1510,6%@729,14%@729] GR3D_FREQ 35% cpu@54.406C soc2@52.75C soc0@51.281C gpu@53.312C tj@54.406C soc1@52.687C VDD_IN 6745mW/7565mW VDD_CPU_GPU_CV 1584mW/2227mW VDD_SOC 1663mW/1771mW
10-08-2026 21:18:48 RAM 6269/7620MB (lfb 1x4MB) SWAP 467/5858MB (cached 0MB) CPU [12%@1510,75%@1510,9%@1510,1%@1510,5%@729,13%@729] GR3D_FREQ 36% cpu@54.343C soc2@52.875C soc0@51.093C gpu@53.281C tj@54.343C soc1@52.718C VDD_IN 6745mW/7561mW VDD_CPU_GPU_CV 1584mW/2224mW VDD_SOC 1706mW/1771mW
10-08-2026 21:18:49 RAM 6456/7620MB (lfb 1x2MB) SWAP 467/5858MB (cached 0MB) CPU [38%@1510,56%@1510,25%@1510,36%@1510,33%@806,16%@806] GR3D_FREQ 0% cpu@54.687C soc2@52.687C soc0@51.093C gpu@53.593C tj@54.687C soc1@52.843C VDD_IN 6983mW/7559mW VDD_CPU_GPU_CV 1898mW/2222mW VDD_SOC 1663mW/1770mW
10-08-2026 21:18:50 RAM 6460/7620MB (lfb 2x2MB) SWAP 467/5858MB (cached 0MB) CPU [30%@960,42%@960,42%@960,53%@960,55%@729,37%@729] GR3D_FREQ 0% cpu@54.281C soc2@52.75C soc0@51.156C gpu@53.062C tj@54.281C soc1@52.843C VDD_IN 6467mW/7554mW VDD_CPU_GPU_CV 1545mW/2219mW VDD_SOC 1584mW/1769mW
10-08-2026 21:18:51 RAM 6474/7620MB (lfb 2x2MB) SWAP 467/5858MB (cached 0MB) CPU [59%@1510,46%@1510,47%@1510,41%@1510,60%@806,58%@806] GR3D_FREQ 30% cpu@54.875C soc2@52.781C soc0@51.187C gpu@53.093C tj@54.875C soc1@52.625C VDD_IN 7658mW/7554mW VDD_CPU_GPU_CV 2456mW/2220mW VDD_SOC 1706mW/1769mW
10-08-2026 21:18:52 RAM 6475/7620MB (lfb 2x2MB) SWAP 467/5858MB (cached 0MB) CPU [68%@1510,60%@1510,64%@1510,65%@1510,73%@1510,80%@1510] GR3D_FREQ 35% cpu@55.156C soc2@53.031C soc0@51.031C gpu@53.25C tj@55.156C soc1@52.781C VDD_IN 8531mW/7559mW VDD_CPU_GPU_CV 3085mW/2224mW VDD_SOC 1785mW/1769mW
10-08-2026 21:18:53 RAM 6578/7620MB (lfb 2x2MB) SWAP 467/5858MB (cached 0MB) CPU [79%@1510,79%@1510,75%@1510,71%@1510,73%@1510,84%@1510] GR3D_FREQ 60% cpu@55.156C soc2@53.375C soc0@51.187C gpu@53.562C tj@55.156C soc1@52.75C VDD_IN 9602mW/7568mW VDD_CPU_GPU_CV 3757mW/2231mW VDD_SOC 1901mW/1770mW
10-08-2026 21:18:54 RAM 6651/7620MB (lfb 2x2MB) SWAP 467/5858MB (cached 0MB) CPU [68%@1510,73%@1510,80%@1510,84%@1510,72%@1510,77%@1510] GR3D_FREQ 59% cpu@55.031C soc2@53.343C soc0@51.375C gpu@53.656C tj@55.031C soc1@53C VDD_IN 9602mW/7577mW VDD_CPU_GPU_CV 3678mW/2238mW VDD_SOC 1980mW/1771mW
10-08-2026 21:18:55 RAM 6748/7620MB (lfb 2x2MB) SWAP 467/5858MB (cached 0MB) CPU [81%@1510,71%@1510,69%@1510,82%@1510,75%@1113,67%@1113] GR3D_FREQ 22% cpu@55.375C soc2@53.468C soc0@51.531C gpu@53.656C tj@55.375C soc1@52.937C VDD_IN 10078mW/7589mW VDD_CPU_GPU_CV 3988mW/2246mW VDD_SOC 2020mW/1772mW
10-08-2026 21:18:56 RAM 6827/7620MB (lfb 1x2MB) SWAP 467/5858MB (cached 0MB) CPU [75%@1190,74%@1190,73%@1190,71%@1190,71%@1510,74%@1510] GR3D_FREQ 51% cpu@55.437C soc2@53.5C soc0@51.562C gpu@53.718C tj@55.437C soc1@52.906C VDD_IN 9626mW/7598mW VDD_CPU_GPU_CV 3678mW/2252mW VDD_SOC 1980mW/1773mW
10-08-2026 21:18:57 RAM 6914/7620MB (lfb 2x2MB) SWAP 467/5858MB (cached 0MB) CPU [72%@1510,79%@1510,73%@1510,75%@1510,68%@1497,77%@1497] GR3D_FREQ 61% cpu@55.375C soc2@53.625C soc0@51.625C gpu@53.875C tj@55.375C soc1@53.156C VDD_IN 10022mW/7609mW VDD_CPU_GPU_CV 3948mW/2260mW VDD_SOC 2020mW/1774mW
10-08-2026 21:18:58 RAM 6984/7620MB (lfb 81x1MB) SWAP 467/5858MB (cached 0MB) CPU [78%@1510,82%@1510,84%@1510,83%@1510,83%@1510,83%@1510] GR3D_FREQ 70% cpu@55.375C soc2@53.625C soc0@51.687C gpu@53.843C tj@55.375C soc1@53.093C VDD_IN 10102mW/7620mW VDD_CPU_GPU_CV 4027mW/2268mW VDD_SOC 2020mW/1775mW
10-08-2026 21:18:59 RAM 7079/7620MB (lfb 13x1MB) SWAP 467/5858MB (cached 0MB) CPU [66%@1510,77%@1510,77%@1510,65%@1510,85%@1510,82%@1510] GR3D_FREQ 7% cpu@55.781C soc2@53.656C soc0@51.5C gpu@53.75C tj@55.781C soc1@53.062C VDD_IN 9920mW/7630mW VDD_CPU_GPU_CV 3869mW/2275mW VDD_SOC 1980mW/1776mW
10-08-2026 21:19:00 RAM 6927/7620MB (lfb 1x2MB) SWAP 467/5858MB (cached 0MB) CPU [92%@1510,50%@1510,45%@1510,45%@1510,51%@1510,47%@1510] GR3D_FREQ 88% cpu@55.218C soc2@53.343C soc0@51.625C gpu@53.875C tj@55.218C soc1@53.187C VDD_IN 7936mW/7631mW VDD_CPU_GPU_CV 2491mW/2276mW VDD_SOC 1782mW/1776mW
10-08-2026 21:19:01 RAM 7002/7620MB (lfb 1x512kB) SWAP 467/5858MB (cached 0MB) CPU [73%@1510,78%@1510,74%@1510,74%@1510,76%@1510,80%@1510] GR3D_FREQ 61% cpu@55.718C soc2@53.656C soc0@51.75C gpu@54.062C tj@55.718C soc1@53.406C VDD_IN 9785mW/7641mW VDD_CPU_GPU_CV 3830mW/2283mW VDD_SOC 1980mW/1777mW
10-08-2026 21:19:02 RAM 7031/7620MB (lfb 12x128kB) SWAP 467/5858MB (cached 0MB) CPU [89%@1510,83%@1510,85%@1510,81%@1510,86%@1510,85%@1510] GR3D_FREQ 51% cpu@55.843C soc2@53.75C soc0@51.625C gpu@53.843C tj@55.843C soc1@53.218C VDD_IN 10220mW/7652mW VDD_CPU_GPU_CV 4146mW/2291mW VDD_SOC 2020mW/1778mW
10-08-2026 21:19:03 RAM 7042/7620MB (lfb 12x128kB) SWAP 467/5858MB (cached 0MB) CPU [63%@1510,76%@1510,68%@1510,75%@1510,70%@1190,68%@1190] GR3D_FREQ 49% cpu@55.375C soc2@53.656C soc0@51.687C gpu@53.906C tj@55.375C soc1@53.281C VDD_IN 9443mW/7660mW VDD_CPU_GPU_CV 3599mW/2297mW VDD_SOC 1941mW/1779mW
10-08-2026 21:19:04 RAM 7044/7620MB (lfb 12x128kB) SWAP 467/5858MB (cached 0MB) CPU [33%@1510,31%@1510,51%@1510,46%@1510,49%@729,30%@729] GR3D_FREQ 75% cpu@54.875C soc2@53.593C soc0@51.812C gpu@54.062C tj@54.875C soc1@53.406C VDD_IN 8293mW/7663mW VDD_CPU_GPU_CV 2649mW/2298mW VDD_SOC 1861mW/1779mW
10-08-2026 21:19:05 RAM 7045/7620MB (lfb 12x128kB) SWAP 467/5858MB (cached 0MB) CPU [54%@1510,24%@1510,14%@1510,19%@1510,55%@883,27%@883] GR3D_FREQ 49% cpu@54.781C soc2@53.562C soc0@51.843C gpu@53.937C tj@54.781C soc1@53.156C VDD_IN 7499mW/7662mW VDD_CPU_GPU_CV 2135mW/2297mW VDD_SOC 1782mW/1779mW
10-08-2026 21:19:06 RAM 7045/7620MB (lfb 12x128kB) SWAP 467/5858MB (cached 0MB) CPU [17%@1510,47%@1510,14%@1510,33%@1510,36%@729,27%@729] GR3D_FREQ 57% cpu@54.875C soc2@53.406C soc0@51.687C gpu@53.968C tj@54.875C soc1@53.125C VDD_IN 7856mW/7663mW VDD_CPU_GPU_CV 2294mW/2297mW VDD_SOC 1861mW/1779mW
10-08-2026 21:19:07 RAM 7059/7620MB (lfb 12x128kB) SWAP 467/5858MB (cached 0MB) CPU [15%@960,37%@960,49%@960,10%@960,40%@1036,34%@1036] GR3D_FREQ 58% cpu@54.593C soc2@53.406C soc0@51.718C gpu@53.625C tj@54.593C soc1@53.187C VDD_IN 7539mW/7662mW VDD_CPU_GPU_CV 2135mW/2297mW VDD_SOC 1782mW/1779mW
10-08-2026 21:19:08 RAM 7059/7620MB (lfb 12x128kB) SWAP 467/5858MB (cached 0MB) CPU [28%@1510,10%@1510,14%@1510,10%@1510,62%@1510,64%@1510] GR3D_FREQ 45% cpu@55.093C soc2@53.375C soc0@51.781C gpu@53.781C tj@54.75C soc1@53.218C VDD_IN 7975mW/7664mW VDD_CPU_GPU_CV 2373mW/2297mW VDD_SOC 1861mW/1780mW
10-08-2026 21:19:09 RAM 6385/7620MB (lfb 10x2MB) SWAP 467/5858MB (cached 0MB) CPU [42%@1267,43%@1267,15%@1267,7%@1267,9%@729,54%@729] GR3D_FREQ 34% cpu@54.531C soc2@53.218C soc0@51.781C gpu@53.656C tj@54.625C soc1@53.125C VDD_IN 7221mW/7662mW VDD_CPU_GPU_CV 1740mW/2295mW VDD_SOC 1782mW/1780mW
10-08-2026 21:19:10 RAM 6390/7620MB (lfb 10x2MB) SWAP 467/5858MB (cached 0MB) CPU [8%@1510,17%@1510,22%@1510,6%@1510,27%@1510,48%@1510] GR3D_FREQ 33% cpu@54.562C soc2@53.125C soc0@51.531C gpu@53.781C tj@54.562C soc1@53.031C VDD_IN 6785mW/7658mW VDD_CPU_GPU_CV 1584mW/2292mW VDD_SOC 1703mW/1779mW
10-08-2026 21:19:11 RAM 6390/7620MB (lfb 10x2MB) SWAP 467/5858MB (cached 0MB) CPU [11%@729,13%@729,8%@729,8%@729,10%@1497,77%@1497] GR3D_FREQ 38% cpu@54.75C soc2@52.937C soc0@51.531C gpu@53.812C tj@54.75C soc1@53.062C VDD_IN 6785mW/7654mW VDD_CPU_GPU_CV 1584mW/2289mW VDD_SOC 1663mW/1779mW
10-08-2026 21:19:12 RAM 6390/7620MB (lfb 10x2MB) SWAP 467/5858MB (cached 0MB) CPU [10%@1510,11%@1510,7%@1510,18%@1510,12%@1510,69%@1510] GR3D_FREQ 58% cpu@54.406C soc2@52.968C soc0@51.5C gpu@53.781C tj@54.406C soc1@53.125C VDD_IN 6745mW/7651mW VDD_CPU_GPU_CV 1582mW/2286mW VDD_SOC 1703mW/1779mW
10-08-2026 21:19:13 RAM 6390/7620MB (lfb 10x2MB) SWAP 467/5858MB (cached 0MB) CPU [23%@1510,60%@1510,4%@1510,12%@1510,11%@729,7%@729] GR3D_FREQ 55% cpu@54.531C soc2@53C soc0@51.531C gpu@53.406C tj@54.531C soc1@52.906C VDD_IN 6745mW/7647mW VDD_CPU_GPU_CV 1584mW/2283mW VDD_SOC 1703mW/1778mW
10-08-2026 21:19:14 RAM 6390/7620MB (lfb 10x2MB) SWAP 467/5858MB (cached 0MB) CPU [9%@729,67%@729,5%@729,9%@729,13%@1497,16%@1497] GR3D_FREQ 39% cpu@54.562C soc2@53C soc0@51.343C gpu@53.562C tj@54.562C soc1@52.906C VDD_IN 6745mW/7643mW VDD_CPU_GPU_CV 1584mW/2280mW VDD_SOC 1706mW/1778mW
10-08-2026 21:19:15 RAM 6391/7620MB (lfb 10x2MB) SWAP 467/5858MB (cached 0MB) CPU [14%@1510,11%@1510,8%@1510,9%@1510,5%@1510,77%@1510] GR3D_FREQ 40% cpu@54.375C soc2@52.843C soc0@51.375C gpu@53.468C tj@54.375C soc1@52.937C VDD_IN 6785mW/7639mW VDD_CPU_GPU_CV 1584mW/2277mW VDD_SOC 1703mW/1778mW
10-08-2026 21:19:16 RAM 6391/7620MB (lfb 10x2MB) SWAP 467/5858MB (cached 0MB) CPU [10%@1510,37%@1510,8%@1510,13%@1510,17%@729,31%@729] GR3D_FREQ 44% cpu@54.375C soc2@52.875C soc0@51.468C gpu@53.687C tj@54.375C soc1@52.968C VDD_IN 6745mW/7636mW VDD_CPU_GPU_CV 1584mW/2274mW VDD_SOC 1703mW/1777mW
10-08-2026 21:19:17 RAM 6366/7620MB (lfb 11x2MB) SWAP 467/5858MB (cached 0MB) CPU [42%@1510,37%@1510,19%@1510,13%@1510,7%@729,5%@729] GR3D_FREQ 0% cpu@54.375C soc2@52.843C soc0@51.406C gpu@53.687C tj@54.375C soc1@52.812C VDD_IN 6586mW/7631mW VDD_CPU_GPU_CV 1505mW/2271mW VDD_SOC 1663mW/1777mW
10-08-2026 21:19:18 RAM 6529/7620MB (lfb 1x2MB) SWAP 467/5858MB (cached 0MB) CPU [38%@1190,42%@1190,51%@1190,42%@1190,41%@1036,55%@1036] GR3D_FREQ 0% cpu@54.406C soc2@52.812C soc0@51.218C gpu@53.656C tj@54.718C soc1@52.843C VDD_IN 6626mW/7627mW VDD_CPU_GPU_CV 1663mW/2268mW VDD_SOC 1624mW/1776mW
10-08-2026 21:19:19 RAM 6532/7620MB (lfb 16x1MB) SWAP 467/5858MB (cached 0MB) CPU [27%@1267,51%@1267,43%@1267,44%@1267,35%@729,60%@729] GR3D_FREQ 37% cpu@54.468C soc2@52.75C soc0@51.187C gpu@53.343C tj@54.468C soc1@52.843C VDD_IN 6348mW/7622mW VDD_CPU_GPU_CV 1465mW/2265mW VDD_SOC 1584mW/1775mW
10-08-2026 21:19:20 RAM 6505/7620MB (lfb 4x2MB) SWAP 467/5858MB (cached 0MB) CPU [67%@1510,79%@1510,71%@1510,63%@1510,75%@1510,58%@1510] GR3D_FREQ 30% cpu@55.125C soc2@53.093C soc0@51.25C gpu@53.5C tj@55.125C soc1@53.062C VDD_IN 8332mW/7625mW VDD_CPU_GPU_CV 2926mW/2268mW VDD_SOC 1745mW/1775mW
10-08-2026 21:19:21 RAM 6591/7620MB (lfb 21x1MB) SWAP 467/5858MB (cached 0MB) CPU [71%@1267,65%@1267,74%@1267,60%@1267,74%@1510,78%@1510] GR3D_FREQ 67% cpu@55.062C soc2@53.281C soc0@51.468C gpu@53.656C tj@55.062C soc1@53.093C VDD_IN 8769mW/7630mW VDD_CPU_GPU_CV 3203mW/2272mW VDD_SOC 1822mW/1776mW
10-08-2026 21:19:22 RAM 6671/7620MB (lfb 21x1MB) SWAP 467/5858MB (cached 0MB) CPU [74%@1510,79%@1510,84%@1510,78%@1510,89%@1510,89%@1510] GR3D_FREQ 57% cpu@55.375C soc2@53.625C soc0@51.593C gpu@53.781C tj@55.375C soc1@53.031C VDD_IN 9920mW/7639mW VDD_CPU_GPU_CV 3909mW/2278mW VDD_SOC 1980mW/1776mW
10-08-2026 21:19:23 RAM 6771/7620MB (lfb 1x2MB) SWAP 467/5858MB (cached 0MB) CPU [41%@1420,66%@1420,28%@1420,40%@1420,19%@1420,26%@1420] GR3D_FREQ 0% cpu@54.906C soc2@53.156C soc0@51.531C gpu@53.562C tj@54.906C soc1@53.062C VDD_IN 8174mW/7641mW VDD_CPU_GPU_CV 2610mW/2280mW VDD_SOC 1861mW/1777mW
10-08-2026 21:19:24 RAM 6859/7620MB (lfb 1x2MB) SWAP 467/5858MB (cached 0MB) CPU [13%@1510,71%@1510,13%@1510,11%@1510,16%@729,59%@729] GR3D_FREQ 42% cpu@54.437C soc2@53.187C soc0@51.5C gpu@53.562C tj@54.437C soc1@53C VDD_IN 7618mW/7641mW VDD_CPU_GPU_CV 2175mW/2279mW VDD_SOC 1822mW/1777mW
10-08-2026 21:19:25 RAM 6961/7620MB (lfb 1x2MB) SWAP 467/5858MB (cached 0MB) CPU [46%@883,35%@883,14%@883,11%@883,25%@1510,48%@1510] GR3D_FREQ 39% cpu@54.593C soc2@53.156C soc0@51.656C gpu@53.656C tj@54.593C soc1@52.906C VDD_IN 7816mW/7642mW VDD_CPU_GPU_CV 2294mW/2279mW VDD_SOC 1822mW/1777mW
10-08-2026 21:19:26 RAM 6512/7620MB (lfb 9x2MB) SWAP 467/5858MB (cached 0MB) CPU [28%@1036,41%@1036,38%@1036,9%@1036,33%@729,31%@729] GR3D_FREQ 67% cpu@54.375C soc2@53.031C soc0@51.343C gpu@53.531C tj@54.375C soc1@52.968C VDD_IN 7063mW/7639mW VDD_CPU_GPU_CV 1703mW/2277mW VDD_SOC 1743mW/1777mW
10-08-2026 21:19:27 RAM 6514/7620MB (lfb 15x2MB) SWAP 467/5858MB (cached 0MB) CPU [37%@1510,37%@1510,20%@1510,6%@1510,10%@729,2%@729] GR3D_FREQ 46% cpu@54.25C soc2@52.968C soc0@51.312C gpu@53.531C tj@54.25C soc1@52.906C VDD_IN 6705mW/7636mW VDD_CPU_GPU_CV 1545mW/2274mW VDD_SOC 1663mW/1776mW
10-08-2026 21:19:28 RAM 6516/7620MB (lfb 15x2MB) SWAP 467/5858MB (cached 0MB) CPU [10%@1510,9%@1510,16%@1510,9%@1510,2%@1510,70%@1510] GR3D_FREQ 49% cpu@54.281C soc2@52.812C soc0@51.25C gpu@53.343C tj@54.281C soc1@53.031C VDD_IN 6666mW/7632mW VDD_CPU_GPU_CV 1545mW/2271mW VDD_SOC 1663mW/1776mW
10-08-2026 21:19:29 RAM 6516/7620MB (lfb 15x2MB) SWAP 467/5858MB (cached 0MB) CPU [7%@729,9%@729,4%@729,13%@729,7%@1510,75%@1510] GR3D_FREQ 28% cpu@54.343C soc2@52.812C soc0@51.312C gpu@53.343C tj@54.343C soc1@52.781C VDD_IN 6666mW/7628mW VDD_CPU_GPU_CV 1545mW/2268mW VDD_SOC 1663mW/1776mW
10-08-2026 21:19:30 RAM 6605/7620MB (lfb 1x2MB) SWAP 467/5858MB (cached 0MB) CPU [30%@1267,34%@1267,28%@1267,32%@1510,28%@729,53%@729] GR3D_FREQ 0% cpu@54.5C soc2@52.906C soc0@51.125C gpu@53.187C tj@54.625C soc1@52.781C VDD_IN 6705mW/7624mW VDD_CPU_GPU_CV 1703mW/2266mW VDD_SOC 1624mW/1775mW
10-08-2026 21:19:31 RAM 6610/7620MB (lfb 1x2MB) SWAP 467/5858MB (cached 0MB) CPU [31%@1510,41%@1510,35%@1510,38%@1510,49%@729,45%@729] GR3D_FREQ 0% cpu@54.25C soc2@52.687C soc0@51.156C gpu@53.375C tj@54.125C soc1@52.875C VDD_IN 6348mW/7619mW VDD_CPU_GPU_CV 1505mW/2263mW VDD_SOC 1584mW/1774mW
10-08-2026 21:19:32 RAM 6671/7620MB (lfb 37x1MB) SWAP 467/5858MB (cached 0MB) CPU [57%@1510,54%@1510,61%@1510,50%@1510,58%@1510,73%@1510] GR3D_FREQ 0% cpu@55.031C soc2@52.968C soc0@51.125C gpu@53.468C tj@55.031C soc1@52.906C VDD_IN 8015mW/7621mW VDD_CPU_GPU_CV 2689mW/2265mW VDD_SOC 1706mW/1774mW
10-08-2026 21:19:33 RAM 6677/7620MB (lfb 37x1MB) SWAP 467/5858MB (cached 0MB) CPU [58%@1510,66%@1510,70%@1510,66%@1510,72%@1510,80%@1510] GR3D_FREQ 21% cpu@55.093C soc2@53.031C soc0@51.218C gpu@53.593C tj@55.187C soc1@52.812C VDD_IN 8451mW/7624mW VDD_CPU_GPU_CV 3045mW/2268mW VDD_SOC 1745mW/1774mW
10-08-2026 21:19:34 RAM 6789/7620MB (lfb 35x1MB) SWAP 467/5858MB (cached 0MB) CPU [76%@1510,76%@1510,78%@1510,90%@1510,72%@1510,80%@1510] GR3D_FREQ 47% cpu@55.281C soc2@53.312C soc0@51.312C gpu@53.718C tj@55.281C soc1@53C VDD_IN 9800mW/7632mW VDD_CPU_GPU_CV 3876mW/2274mW VDD_SOC 1941mW/1775mW
10-08-2026 21:19:35 RAM 6886/7620MB (lfb 35x1MB) SWAP 467/5858MB (cached 0MB) CPU [54%@1420,39%@1510,75%@1510,40%@1510,37%@1113,56%@1113] GR3D_FREQ 1% cpu@54.562C soc2@53.187C soc0@51.468C gpu@53.656C tj@54.562C soc1@53.062C VDD_IN 8372mW/7635mW VDD_CPU_GPU_CV 2689mW/2276mW VDD_SOC 1861mW/1775mW
10-08-2026 21:19:36 RAM 6966/7620MB (lfb 35x1MB) SWAP 467/5858MB (cached 0MB) CPU [41%@729,21%@729,25%@729,17%@729,33%@1510,51%@1510] GR3D_FREQ 43% cpu@54.531C soc2@53.031C soc0@51.468C gpu@53.468C tj@54.531C soc1@52.937C VDD_IN 7816mW/7636mW VDD_CPU_GPU_CV 2294mW/2276mW VDD_SOC 1822mW/1775mW
10-08-2026 21:19:37 RAM 7058/7620MB (lfb 35x1MB) SWAP 467/5858MB (cached 0MB) CPU [26%@883,38%@883,14%@883,25%@883,7%@729,72%@729] GR3D_FREQ 0% cpu@54.281C soc2@53.125C soc0@51.406C gpu@53.437C tj@54.281C soc1@52.906C VDD_IN 7539mW/7636mW VDD_CPU_GPU_CV 2096mW/2275mW VDD_SOC 1782mW/1775mW
10-08-2026 21:19:38 RAM 7024/7620MB (lfb 10x2MB) SWAP 467/5858MB (cached 0MB) CPU [26%@883,49%@883,21%@883,18%@883,5%@729,58%@729] GR3D_FREQ 0% cpu@54.125C soc2@52.906C soc0@51.343C gpu@53.625C tj@54.125C soc1@52.906C VDD_IN 7102mW/7634mW VDD_CPU_GPU_CV 1782mW/2273mW VDD_SOC 1743mW/1775mW
10-08-2026 21:19:39 RAM 7022/7620MB (lfb 10x2MB) SWAP 467/5858MB (cached 0MB) CPU [12%@1510,21%@1510,12%@1510,64%@1510,9%@729,8%@729] GR3D_FREQ 65% cpu@54.218C soc2@52.781C soc0@51.375C gpu@53.562C tj@54.218C soc1@52.718C VDD_IN 6666mW/7630mW VDD_CPU_GPU_CV 1545mW/2270mW VDD_SOC 1663mW/1775mW
10-08-2026 21:19:40 RAM 7022/7620MB (lfb 10x2MB) SWAP 466/5858MB (cached 0MB) CPU [7%@1510,5%@1510,11%@1510,37%@1510,28%@729,20%@729] GR3D_FREQ 54% cpu@54.187C soc2@52.812C soc0@51.312C gpu@53.5C tj@54.187C soc1@52.718C VDD_IN 6586mW/7626mW VDD_CPU_GPU_CV 1505mW/2267mW VDD_SOC 1663mW/1774mW
10-08-2026 21:19:41 RAM 7022/7620MB (lfb 10x2MB) SWAP 466/5858MB (cached 0MB) CPU [12%@1510,6%@1510,10%@1510,76%@1510,0%@729,0%@729] GR3D_FREQ 44% cpu@54.156C soc2@52.781C soc0@51.187C gpu@53.312C tj@54.156C soc1@52.75C VDD_IN 6626mW/7622mW VDD_CPU_GPU_CV 1545mW/2265mW VDD_SOC 1663mW/1774mW
10-08-2026 21:19:42 RAM 7089/7620MB (lfb 35x1MB) SWAP 466/5858MB (cached 0MB) CPU [27%@1267,48%@1267,31%@1510,54%@1510,32%@729,22%@729] GR3D_FREQ 10% cpu@54.281C soc2@52.75C soc0@51.187C gpu@53.156C tj@54.375C soc1@52.843C VDD_IN 6666mW/7619mW VDD_CPU_GPU_CV 1700mW/2263mW VDD_SOC 1624mW/1773mW
10-08-2026 21:19:43 RAM 6687/7620MB (lfb 14x2MB) SWAP 466/5858MB (cached 0MB) CPU [34%@960,34%@960,35%@960,54%@960,42%@729,57%@729] GR3D_FREQ 1% cpu@54.187C soc2@52.687C soc0@51.093C gpu@53.375C tj@54.187C soc1@52.656C VDD_IN 6547mW/7615mW VDD_CPU_GPU_CV 1624mW/2260mW VDD_SOC 1584mW/1772mW
10-08-2026 21:19:44 RAM 6782/7620MB (lfb 7x2MB) SWAP 466/5858MB (cached 0MB) CPU [59%@1510,61%@1510,69%@1510,60%@1510,57%@729,71%@729] GR3D_FREQ 0% cpu@54.875C soc2@52.937C soc0@50.968C gpu@53.5C tj@54.875C soc1@52.718C VDD_IN 8055mW/7616mW VDD_CPU_GPU_CV 2733mW/2262mW VDD_SOC 1745mW/1772mW
10-08-2026 21:19:45 RAM 6821/7620MB (lfb 7x2MB) SWAP 466/5858MB (cached 0MB) CPU [80%@1510,63%@1510,60%@1510,65%@1510,78%@1510,89%@1510] GR3D_FREQ 0% cpu@55.281C soc2@53C soc0@51.156C gpu@53.343C tj@55.281C soc1@52.781C VDD_IN 8412mW/7619mW VDD_CPU_GPU_CV 3045mW/2265mW VDD_SOC 1745mW/1772mW
10-08-2026 21:19:46 RAM 6894/7620MB (lfb 7x2MB) SWAP 466/5858MB (cached 0MB) CPU [45%@1510,88%@1510,44%@1510,44%@1510,47%@1510,44%@1510] GR3D_FREQ 66% cpu@55.125C soc2@53.031C soc0@51.25C gpu@53.406C tj@55.125C soc1@52.968C VDD_IN 8769mW/7624mW VDD_CPU_GPU_CV 3085mW/2268mW VDD_SOC 1861mW/1773mW
10-08-2026 21:19:47 RAM 6983/7620MB (lfb 1x1MB) SWAP 466/5858MB (cached 0MB) CPU [71%@1344,70%@1510,76%@1510,81%@1510,76%@729,63%@729] GR3D_FREQ 30% cpu@54.593C soc2@53.187C soc0@51.468C gpu@53.593C tj@54.593C soc1@52.937C VDD_IN 9151mW/7629mW VDD_CPU_GPU_CV 3322mW/2272mW VDD_SOC 1941mW/1773mW
10-08-2026 21:19:48 RAM 7035/7620MB (lfb 3x256kB) SWAP 466/5858MB (cached 0MB) CPU [24%@960,22%@960,61%@960,58%@960,20%@1510,11%@1510] GR3D_FREQ 49% cpu@54.531C soc2@53.093C soc0@51.468C gpu@53.906C tj@54.531C soc1@52.875C VDD_IN 8332mW/7632mW VDD_CPU_GPU_CV 2649mW/2273mW VDD_SOC 1901mW/1774mW
10-08-2026 21:19:49 RAM 7035/7620MB (lfb 3x256kB) SWAP 466/5858MB (cached 0MB) CPU [14%@1510,27%@1510,42%@1510,13%@1510,31%@1510,52%@1510] GR3D_FREQ 46% cpu@54.25C soc2@53.031C soc0@51.375C gpu@53.812C tj@54.25C soc1@52.875C VDD_IN 7737mW/7632mW VDD_CPU_GPU_CV 2254mW/2273mW VDD_SOC 1822mW/1774mW
10-08-2026 21:19:50 RAM 7036/7620MB (lfb 3x256kB) SWAP 466/5858MB (cached 0MB) CPU [19%@960,13%@960,21%@960,47%@960,54%@806,30%@806] GR3D_FREQ 36% cpu@54.25C soc2@52.968C soc0@51.406C gpu@53.406C tj@54.25C soc1@52.968C VDD_IN 7142mW/7630mW VDD_CPU_GPU_CV 1822mW/2271mW VDD_SOC 1782mW/1774mW
10-08-2026 21:19:51 RAM 7000/7620MB (lfb 20x2MB) SWAP 466/5858MB (cached 0MB) CPU [27%@1510,8%@1510,7%@1510,37%@1510,4%@1510,42%@1510] GR3D_FREQ 29% cpu@54.312C soc2@52.75C soc0@51.375C gpu@53.312C tj@54.312C soc1@52.718C VDD_IN 6626mW/7627mW VDD_CPU_GPU_CV 1505mW/2269mW VDD_SOC 1663mW/1773mW
10-08-2026 21:19:52 RAM 7000/7620MB (lfb 20x2MB) SWAP 466/5858MB (cached 0MB) CPU [29%@1510,12%@1510,6%@1510,9%@1510,15%@729,44%@729] GR3D_FREQ 40% cpu@54.375C soc2@52.75C soc0@51.125C gpu@53.25C tj@54.375C soc1@52.656C VDD_IN 6626mW/7623mW VDD_CPU_GPU_CV 1505mW/2266mW VDD_SOC 1663mW/1773mW
10-08-2026 21:19:53 RAM 7001/7620MB (lfb 20x2MB) SWAP 466/5858MB (cached 0MB) CPU [21%@1510,28%@1510,44%@1510,9%@1510,6%@729,3%@729] GR3D_FREQ 52% cpu@54.031C soc2@52.625C soc0@51.156C gpu@53.25C tj@54.031C soc1@52.781C VDD_IN 6666mW/7620mW VDD_CPU_GPU_CV 1545mW/2263mW VDD_SOC 1663mW/1773mW
10-08-2026 21:19:54 RAM 7001/7620MB (lfb 20x2MB) SWAP 466/5858MB (cached 0MB) CPU [30%@1510,11%@1510,17%@1510,48%@1510,6%@729,2%@729] GR3D_FREQ 50% cpu@53.937C soc2@52.687C soc0@51.156C gpu@53.656C tj@53.937C soc1@52.781C VDD_IN 6666mW/7616mW VDD_CPU_GPU_CV 1545mW/2261mW VDD_SOC 1663mW/1772mW
10-08-2026 21:19:55 RAM 7115/7620MB (lfb 2x512kB) SWAP 466/5858MB (cached 0MB) CPU [26%@1267,29%@1267,33%@1267,50%@1267,22%@729,30%@729] GR3D_FREQ 8% cpu@54.156C soc2@52.625C soc0@51.125C gpu@53.531C tj@54.156C soc1@52.531C VDD_IN 6705mW/7613mW VDD_CPU_GPU_CV 1703mW/2259mW VDD_SOC 1624mW/1772mW
10-08-2026 21:19:56 RAM 7127/7620MB (lfb 2x512kB) SWAP 466/5858MB (cached 0MB) CPU [48%@729,45%@729,42%@729,35%@729,28%@1113,43%@1113] GR3D_FREQ 11% cpu@54.156C soc2@52.625C soc0@50.937C gpu@52.937C tj@54.156C soc1@52.625C VDD_IN 6348mW/7609mW VDD_CPU_GPU_CV 1463mW/2256mW VDD_SOC 1584mW/1771mW
10-08-2026 21:19:57 RAM 7178/7620MB (lfb 2x512kB) SWAP 466/5858MB (cached 0MB) CPU [58%@1510,64%@1510,52%@1510,46%@1510,61%@1510,59%@1510] GR3D_FREQ 0% cpu@55.031C soc2@52.781C soc0@51.031C gpu@53.093C tj@55.031C soc1@52.656C VDD_IN 7896mW/7610mW VDD_CPU_GPU_CV 2649mW/2257mW VDD_SOC 1706mW/1771mW
10-08-2026 21:19:58 RAM 7182/7620MB (lfb 2x512kB) SWAP 466/5858MB (cached 0MB) CPU [70%@1510,69%@1510,62%@1510,53%@1510,76%@1036,78%@1036] GR3D_FREQ 0% cpu@54.843C soc2@53C soc0@51.062C gpu@53.281C tj@54.843C soc1@52.843C VDD_IN 8372mW/7612mW VDD_CPU_GPU_CV 2966mW/2260mW VDD_SOC 1745mW/1771mW
10-08-2026 21:19:59 RAM 6890/7620MB (lfb 21x1MB) SWAP 466/5858MB (cached 0MB) CPU [68%@1510,73%@1510,77%@1510,74%@1510,77%@1344,74%@1344] GR3D_FREQ 34% cpu@55.093C soc2@53.25C soc0@51.218C gpu@53.531C tj@55.093C soc1@52.75C VDD_IN 9721mW/7620mW VDD_CPU_GPU_CV 3796mW/2265mW VDD_SOC 1980mW/1771mW
10-08-2026 21:20:00 RAM 6940/7620MB (lfb 22x1MB) SWAP 466/5858MB (cached 0MB) CPU [81%@1510,79%@1510,78%@1510,78%@1510,92%@1510,78%@1510] GR3D_FREQ 0% cpu@55.218C soc2@53.218C soc0@51.281C gpu@53.437C tj@55.218C soc1@52.875C VDD_IN 9840mW/7627mW VDD_CPU_GPU_CV 3830mW/2271mW VDD_SOC 1980mW/1772mW
10-08-2026 21:20:01 RAM 7015/7620MB (lfb 22x1MB) SWAP 466/5858MB (cached 0MB) CPU [75%@1510,75%@1510,80%@1510,69%@1510,78%@1510,76%@1510] GR3D_FREQ 66% cpu@55.218C soc2@53.5C soc0@51.281C gpu@53.562C tj@55.218C soc1@52.968C VDD_IN 9681mW/7635mW VDD_CPU_GPU_CV 3757mW/2276mW VDD_SOC 1941mW/1773mW
10-08-2026 21:20:02 RAM 7127/7620MB (lfb 22x1MB) SWAP 466/5858MB (cached 0MB) CPU [77%@1510,69%@1510,69%@1510,80%@1510,90%@1267,70%@1267] GR3D_FREQ 72% cpu@55C soc2@53.593C soc0@51.5C gpu@53.781C tj@55C soc1@53.125C VDD_IN 9705mW/7642mW VDD_CPU_GPU_CV 3711mW/2281mW VDD_SOC 1980mW/1774mW
10-08-2026 21:20:03 RAM 7211/7620MB (lfb 1x2MB) SWAP 466/5858MB (cached 0MB) CPU [66%@1510,67%@1510,66%@1510,58%@1510,55%@1113,71%@1113] GR3D_FREQ 1% cpu@55.187C soc2@53.312C soc0@51.406C gpu@53.75C tj@55.187C soc1@52.843C VDD_IN 9245mW/7647mW VDD_CPU_GPU_CV 3401mW/2285mW VDD_SOC 1941mW/1774mW
10-08-2026 21:20:04 RAM 7214/7620MB (lfb 126x64kB) SWAP 466/5858MB (cached 0MB) CPU [42%@1510,42%@1510,57%@1510,38%@1510,64%@1510,45%@1510] GR3D_FREQ 41% cpu@54.906C soc2@53.25C soc0@51.5C gpu@53.75C tj@54.906C soc1@52.906C VDD_IN 8531mW/7650mW VDD_CPU_GPU_CV 2808mW/2287mW VDD_SOC 1901mW/1775mW
10-08-2026 21:20:05 RAM 7216/7620MB (lfb 115x64kB) SWAP 466/5858MB (cached 0MB) CPU [39%@1510,13%@1510,32%@1510,30%@1510,29%@1113,56%@1113] GR3D_FREQ 0% cpu@54.5C soc2@53.062C soc0@51.5C gpu@53.437C tj@54.5C soc1@52.968C VDD_IN 7737mW/7651mW VDD_CPU_GPU_CV 2294mW/2287mW VDD_SOC 1782mW/1775mW
10-08-2026 21:20:06 RAM 7214/7620MB (lfb 1x256kB) SWAP 466/5858MB (cached 0MB) CPU [17%@806,26%@806,14%@1510,20%@1510,50%@729,47%@729] GR3D_FREQ 59% cpu@54.375C soc2@53C soc0@51.593C gpu@53.468C tj@54.375C soc1@53.125C VDD_IN 7737mW/7651mW VDD_CPU_GPU_CV 2254mW/2286mW VDD_SOC 1822mW/1775mW
10-08-2026 21:20:07 RAM 7118/7620MB (lfb 1x2MB) SWAP 467/5858MB (cached 0MB) CPU [30%@1497,32%@1497,25%@1497,21%@1497,30%@729,21%@729] GR3D_FREQ 51% cpu@54.375C soc2@52.937C soc0@51.312C gpu@53.531C tj@54.375C soc1@52.875C VDD_IN 7142mW/7649mW VDD_CPU_GPU_CV 1782mW/2285mW VDD_SOC 1743mW/1775mW
10-08-2026 21:20:08 RAM 7129/7620MB (lfb 1x2MB) SWAP 467/5858MB (cached 0MB) CPU [12%@729,54%@729,9%@729,9%@729,17%@1497,15%@1497] GR3D_FREQ 55% cpu@54.406C soc2@52.906C soc0@51.281C gpu@53.468C tj@54.218C soc1@52.75C VDD_IN 6705mW/7646mW VDD_CPU_GPU_CV 1584mW/2282mW VDD_SOC 1663mW/1774mW
10-08-2026 21:20:09 RAM 7129/7620MB (lfb 1x2MB) SWAP 467/5858MB (cached 0MB) CPU [12%@729,7%@729,5%@729,7%@729,11%@1510,77%@1510] GR3D_FREQ 50% cpu@54.5C soc2@52.687C soc0@51.281C gpu@53.468C tj@54.5C soc1@52.875C VDD_IN 6745mW/7643mW VDD_CPU_GPU_CV 1545mW/2280mW VDD_SOC 1663mW/1774mW
10-08-2026 21:20:11 RAM 7129/7620MB (lfb 1x2MB) SWAP 467/5858MB (cached 0MB) CPU [9%@729,4%@729,2%@729,14%@729,4%@1497,81%@1497] GR3D_FREQ 56% cpu@54.125C soc2@52.718C soc0@51.281C gpu@53.25C tj@54.125C soc1@52.937C VDD_IN 6705mW/7640mW VDD_CPU_GPU_CV 1584mW/2277mW VDD_SOC 1666mW/1773mW
10-08-2026 21:20:12 RAM 7129/7620MB (lfb 1x2MB) SWAP 467/5858MB (cached 0MB) CPU [10%@1510,3%@1510,4%@1510,13%@1510,7%@1510,79%@1510] GR3D_FREQ 35% cpu@54.25C soc2@52.687C soc0@51.093C gpu@53.218C tj@54.25C soc1@52.687C VDD_IN 6705mW/7637mW VDD_CPU_GPU_CV 1545mW/2275mW VDD_SOC 1663mW/1773mW
10-08-2026 21:20:13 RAM 7188/7620MB (lfb 2x1MB) SWAP 467/5858MB (cached 0MB) CPU [33%@806,31%@806,29%@806,28%@806,17%@960,57%@960] GR3D_FREQ 1% cpu@54.5C soc2@52.875C soc0@51.156C gpu@53.156C tj@54.5C soc1@52.75C VDD_IN 6864mW/7634mW VDD_CPU_GPU_CV 1782mW/2273mW VDD_SOC 1624mW/1773mW
10-08-2026 21:20:14 RAM 7188/7620MB (lfb 2x1MB) SWAP 467/5858MB (cached 0MB) CPU [36%@806,36%@1510,45%@1510,45%@1510,30%@729,60%@729] GR3D_FREQ 1% cpu@54.187C soc2@52.687C soc0@51.156C gpu@53.312C tj@54.187C soc1@52.812C VDD_IN 6428mW/7630mW VDD_CPU_GPU_CV 1505mW/2271mW VDD_SOC 1584mW/1772mW
10-08-2026 21:20:15 RAM 6481/7620MB (lfb 9x2MB) SWAP 467/5858MB (cached 0MB) CPU [54%@1510,56%@1510,50%@1510,54%@1510,58%@1510,67%@1510] GR3D_FREQ 13% cpu@54.937C soc2@52.968C soc0@51.187C gpu@53.5C tj@54.937C soc1@52.937C VDD_IN 7896mW/7631mW VDD_CPU_GPU_CV 2649mW/2272mW VDD_SOC 1706mW/1772mW
10-08-2026 21:20:16 RAM 6509/7620MB (lfb 7x2MB) SWAP 467/5858MB (cached 0MB) CPU [71%@1344,70%@1344,68%@1344,69%@1344,79%@1510,65%@1510] GR3D_FREQ 11% cpu@55.312C soc2@53.031C soc0@51.062C gpu@53.312C tj@55.312C soc1@52.718C VDD_IN 8531mW/7634mW VDD_CPU_GPU_CV 3124mW/2275mW VDD_SOC 1785mW/1772mW
10-08-2026 21:20:17 RAM 6628/7620MB (lfb 5x2MB) SWAP 467/5858MB (cached 0MB) CPU [77%@1510,74%@1510,76%@1510,69%@1510,70%@1510,76%@1510] GR3D_FREQ 66% cpu@55.156C soc2@53.218C soc0@51.312C gpu@53.562C tj@55.156C soc1@52.875C VDD_IN 9761mW/7641mW VDD_CPU_GPU_CV 3836mW/2280mW VDD_SOC 1980mW/1772mW
10-08-2026 21:20:18 RAM 6677/7620MB (lfb 5x2MB) SWAP 467/5858MB (cached 0MB) CPU [49%@1510,53%@1510,48%@1510,57%@1510,90%@1510,50%@1510] GR3D_FREQ 61% cpu@54.968C soc2@53.156C soc0@51.406C gpu@53.718C tj@54.968C soc1@53C VDD_IN 8769mW/7645mW VDD_CPU_GPU_CV 3085mW/2283mW VDD_SOC 1861mW/1773mW
10-08-2026 21:20:19 RAM 6770/7620MB (lfb 5x2MB) SWAP 467/5858MB (cached 0MB) CPU [77%@1510,81%@1510,72%@1510,73%@1510,77%@1510,78%@1510] GR3D_FREQ 59% cpu@55.562C soc2@53.468C soc0@51.468C gpu@53.937C tj@55.562C soc1@52.812C VDD_IN 9983mW/7652mW VDD_CPU_GPU_CV 3948mW/2288mW VDD_SOC 2020mW/1774mW
10-08-2026 21:20:20 RAM 6857/7620MB (lfb 4x2MB) SWAP 467/5858MB (cached 0MB) CPU [83%@1510,84%@1510,84%@1510,84%@1510,86%@1510,89%@1510] GR3D_FREQ 34% cpu@55.75C soc2@53.562C soc0@51.437C gpu@53.968C tj@55.75C soc1@53.031C VDD_IN 10237mW/7661mW VDD_CPU_GPU_CV 4146mW/2294mW VDD_SOC 2020mW/1774mW
10-08-2026 21:20:21 RAM 6991/7620MB (lfb 4x2MB) SWAP 467/5858MB (cached 0MB) CPU [83%@1510,76%@1510,76%@1510,85%@1510,83%@1510,87%@1510] GR3D_FREQ 50% cpu@55.437C soc2@53.5C soc0@51.531C gpu@53.75C tj@55.437C soc1@53.156C VDD_IN 10220mW/7669mW VDD_CPU_GPU_CV 4106mW/2300mW VDD_SOC 2020mW/1775mW
10-08-2026 21:20:22 RAM 7027/7620MB (lfb 4x2MB) SWAP 467/5858MB (cached 0MB) CPU [85%@1510,78%@1510,75%@1510,77%@1510,80%@1420,79%@1420] GR3D_FREQ 64% cpu@55.406C soc2@53.562C soc0@51.625C gpu@53.843C tj@55.406C soc1@53.343C VDD_IN 9642mW/7676mW VDD_CPU_GPU_CV 3757mW/2305mW VDD_SOC 1941mW/1776mW
10-08-2026 21:20:23 RAM 7130/7620MB (lfb 6x128kB) SWAP 467/5858MB (cached 0MB) CPU [34%@1510,21%@1510,44%@1510,25%@1510,49%@1510,35%@1510] GR3D_FREQ 58% cpu@54.75C soc2@53.437C soc0@51.562C gpu@54.031C tj@54.75C soc1@53.031C VDD_IN 8174mW/7677mW VDD_CPU_GPU_CV 2531mW/2306mW VDD_SOC 1861mW/1776mW
10-08-2026 21:20:24 RAM 7132/7620MB (lfb 6x128kB) SWAP 467/5858MB (cached 0MB) CPU [21%@1510,18%@1510,20%@1510,24%@1510,65%@729,57%@729] GR3D_FREQ 75% cpu@54.656C soc2@53.437C soc0@51.625C gpu@54.031C tj@54.656C soc1@52.968C VDD_IN 7975mW/7678mW VDD_CPU_GPU_CV 2412mW/2306mW VDD_SOC 1861mW/1776mW
10-08-2026 21:20:25 RAM 7131/7620MB (lfb 6x128kB) SWAP 467/5858MB (cached 0MB) CPU [55%@1510,34%@1510,11%@1510,11%@1510,45%@729,25%@729] GR3D_FREQ 57% cpu@54.843C soc2@53.312C soc0@51.625C gpu@54.093C tj@54.843C soc1@53.125C VDD_IN 7936mW/7679mW VDD_CPU_GPU_CV 2373mW/2306mW VDD_SOC 1822mW/1776mW
10-08-2026 21:20:26 RAM 7133/7620MB (lfb 6x128kB) SWAP 467/5858MB (cached 0MB) CPU [37%@1510,74%@1510,34%@1510,16%@1510,14%@1267,12%@1267] GR3D_FREQ 45% cpu@54.375C soc2@53.25C soc0@51.656C gpu@54C tj@54.375C soc1@53.187C VDD_IN 7618mW/7679mW VDD_CPU_GPU_CV 2175mW/2306mW VDD_SOC 1822mW/1777mW
10-08-2026 21:20:27 RAM 7085/7620MB (lfb 8x2MB) SWAP 467/5858MB (cached 0MB) CPU [13%@1510,61%@1510,16%@1510,31%@1510,13%@729,14%@729] GR3D_FREQ 39% cpu@54.5C soc2@53C soc0@51.656C gpu@53.562C tj@54.5C soc1@53C VDD_IN 6944mW/7676mW VDD_CPU_GPU_CV 1584mW/2304mW VDD_SOC 1743mW/1776mW
10-08-2026 21:20:28 RAM 7085/7620MB (lfb 8x2MB) SWAP 467/5858MB (cached 0MB) CPU [15%@1510,66%@1510,8%@1510,16%@1510,7%@729,1%@729] GR3D_FREQ 39% cpu@54.531C soc2@53C soc0@51.406C gpu@53.531C tj@54.531C soc1@52.906C VDD_IN 6705mW/7673mW VDD_CPU_GPU_CV 1584mW/2301mW VDD_SOC 1666mW/1776mW
10-08-2026 21:20:29 RAM 7085/7620MB (lfb 8x2MB) SWAP 467/5858MB (cached 0MB) CPU [25%@1510,48%@1510,28%@1510,5%@1510,6%@729,0%@729] GR3D_FREQ 35% cpu@54.281C soc2@52.875C soc0@51.312C gpu@53.531C tj@54.281C soc1@53.031C VDD_IN 6705mW/7670mW VDD_CPU_GPU_CV 1584mW/2299mW VDD_SOC 1666mW/1776mW
10-08-2026 21:20:30 RAM 7086/7620MB (lfb 8x2MB) SWAP 467/5858MB (cached 0MB) CPU [17%@1420,68%@1420,8%@1420,12%@1420,6%@729,1%@729] GR3D_FREQ 46% cpu@54.312C soc2@52.875C soc0@51.375C gpu@53.406C tj@54.312C soc1@52.906C VDD_IN 6666mW/7667mW VDD_CPU_GPU_CV 1545mW/2297mW VDD_SOC 1666mW/1775mW
10-08-2026 21:20:31 RAM 7086/7620MB (lfb 8x2MB) SWAP 467/5858MB (cached 0MB) CPU [24%@1497,66%@1497,5%@1497,9%@1497,7%@729,2%@729] GR3D_FREQ 54% cpu@54.281C soc2@52.906C soc0@51.375C gpu@53.218C tj@54.281C soc1@52.812C VDD_IN 6705mW/7664mW VDD_CPU_GPU_CV 1545mW/2294mW VDD_SOC 1663mW/1775mW
10-08-2026 21:20:32 RAM 7086/7620MB (lfb 8x2MB) SWAP 467/5858MB (cached 0MB) CPU [4%@1510,56%@1510,6%@1510,33%@1510,6%@729,7%@729] GR3D_FREQ 60% cpu@54.625C soc2@52.937C soc0@51.281C gpu@53.187C tj@54.625C soc1@52.843C VDD_IN 6705mW/7661mW VDD_CPU_GPU_CV 1545mW/2292mW VDD_SOC 1663mW/1775mW
10-08-2026 21:20:33 RAM 7086/7620MB (lfb 8x2MB) SWAP 467/5858MB (cached 0MB) CPU [8%@729,47%@729,4%@1510,26%@1510,9%@1497,23%@1497] GR3D_FREQ 38% cpu@54.281C soc2@52.812C soc0@51.218C gpu@53.281C tj@54.281C soc1@52.781C VDD_IN 6666mW/7658mW VDD_CPU_GPU_CV 1545mW/2289mW VDD_SOC 1663mW/1774mW
10-08-2026 21:20:34 RAM 7086/7620MB (lfb 8x2MB) SWAP 467/5858MB (cached 0MB) CPU [6%@729,4%@729,5%@1510,16%@1510,2%@1510,80%@1510] GR3D_FREQ 44% cpu@54C soc2@52.687C soc0@51.187C gpu@53.437C tj@54C soc1@52.812C VDD_IN 6705mW/7655mW VDD_CPU_GPU_CV 1584mW/2287mW VDD_SOC 1666mW/1774mW
10-08-2026 21:20:35 RAM 7093/7620MB (lfb 6x2MB) SWAP 467/5858MB (cached 0MB) CPU [10%@1510,6%@1510,10%@1510,8%@1510,31%@883,52%@883] GR3D_FREQ 1% cpu@54.093C soc2@52.75C soc0@51.375C gpu@53.25C tj@54.093C soc1@52.75C VDD_IN 6586mW/7652mW VDD_CPU_GPU_CV 1505mW/2285mW VDD_SOC 1666mW/1774mW
10-08-2026 21:20:36 RAM 7189/7620MB (lfb 2x2MB) SWAP 467/5858MB (cached 0MB) CPU [53%@1510,40%@1510,29%@1510,34%@1510,49%@729,45%@729] GR3D_FREQ 0% cpu@54.25C soc2@52.75C soc0@51.062C gpu@53.093C tj@54.25C soc1@52.625C VDD_IN 6507mW/7648mW VDD_CPU_GPU_CV 1545mW/2282mW VDD_SOC 1624mW/1773mW
10-08-2026 21:20:37 RAM 7189/7620MB (lfb 2x2MB) SWAP 467/5858MB (cached 0MB) CPU [46%@806,36%@806,43%@806,41%@806,46%@960,39%@960] GR3D_FREQ 0% cpu@54.406C soc2@52.625C soc0@51.187C gpu@53.093C tj@54.406C soc1@52.718C VDD_IN 6388mW/7644mW VDD_CPU_GPU_CV 1505mW/2280mW VDD_SOC 1587mW/1773mW
10-08-2026 21:20:38 RAM 7221/7620MB (lfb 118x64kB) SWAP 467/5858MB (cached 0MB) CPU [49%@1190,54%@1190,50%@1190,61%@1190,52%@1267,40%@1267] GR3D_FREQ 31% cpu@54.593C soc2@52.812C soc0@51.156C gpu@53.343C tj@54.593C soc1@52.875C VDD_IN 7578mW/7644mW VDD_CPU_GPU_CV 2416mW/2280mW VDD_SOC 1706mW/1772mW
10-08-2026 21:20:39 RAM 7223/7620MB (lfb 114x64kB) SWAP 467/5858MB (cached 0MB) CPU [52%@1510,52%@1510,53%@1510,65%@1510,75%@729,71%@729] GR3D_FREQ 29% cpu@54.468C soc2@52.812C soc0@51.031C gpu@53.437C tj@54.468C soc1@52.718C VDD_IN 7380mW/7643mW VDD_CPU_GPU_CV 2258mW/2280mW VDD_SOC 1666mW/1772mW
10-08-2026 21:20:40 RAM 7234/7620MB (lfb 2011x32kB) SWAP 468/5858MB (cached 0MB) CPU [19%@1510,44%@1510,55%@1510,41%@1510,17%@729,13%@729] GR3D_FREQ 76% cpu@54.375C soc2@52.906C soc0@51.187C gpu@53.281C tj@54.375C soc1@52.781C VDD_IN 7578mW/7643mW VDD_CPU_GPU_CV 2135mW/2280mW VDD_SOC 1822mW/1772mW
10-08-2026 21:20:41 RAM 7169/7620MB (lfb 39x128kB) SWAP 469/5858MB (cached 0MB) CPU [55%@1510,25%@1510,37%@1510,44%@1510,11%@729,17%@729] GR3D_FREQ 22% cpu@54.25C soc2@52.968C soc0@51.281C gpu@53.312C tj@54.25C soc1@52.812C VDD_IN 8055mW/7644mW VDD_CPU_GPU_CV 2452mW/2281mW VDD_SOC 1861mW/1773mW
10-08-2026 21:20:42 RAM 7153/7620MB (lfb 59x128kB) SWAP 469/5858MB (cached 0MB) CPU [34%@729,35%@729,13%@729,42%@729,21%@1267,21%@1267] GR3D_FREQ 37% cpu@54.093C soc2@52.718C soc0@51.281C gpu@53.406C tj@54.093C soc1@52.625C VDD_IN 6824mW/7642mW VDD_CPU_GPU_CV 1584mW/2278mW VDD_SOC 1703mW/1772mW
10-08-2026 21:20:43 RAM 7153/7620MB (lfb 59x128kB) SWAP 469/5858MB (cached 0MB) CPU [7%@1510,32%@1510,8%@1510,36%@1510,16%@729,19%@729] GR3D_FREQ 37% cpu@54.281C soc2@52.687C soc0@51.062C gpu@53.375C tj@54.281C soc1@52.625C VDD_IN 6626mW/7638mW VDD_CPU_GPU_CV 1505mW/2276mW VDD_SOC 1666mW/1772mW
10-08-2026 21:20:44 RAM 7154/7620MB (lfb 59x128kB) SWAP 469/5858MB (cached 0MB) CPU [5%@1420,81%@1420,6%@1420,8%@1420,9%@729,7%@729] GR3D_FREQ 54% cpu@54.468C soc2@52.5C soc0@50.968C gpu@53.343C tj@54.468C soc1@52.687C VDD_IN 6586mW/7635mW VDD_CPU_GPU_CV 1505mW/2274mW VDD_SOC 1663mW/1772mW
10-08-2026 21:20:45 RAM 7154/7620MB (lfb 59x128kB) SWAP 469/5858MB (cached 0MB) CPU [7%@1497,25%@1497,64%@1497,0%@1497,11%@729,11%@729] GR3D_FREQ 65% cpu@53.906C soc2@52.5C soc0@51.093C gpu@53.218C tj@53.906C soc1@52.625C VDD_IN 6626mW/7632mW VDD_CPU_GPU_CV 1545mW/2271mW VDD_SOC 1666mW/1771mW
10-08-2026 21:20:46 RAM 7181/7620MB (lfb 784x64kB) SWAP 469/5858MB (cached 0MB) CPU [22%@1267,55%@1510,25%@1510,17%@1510,16%@1510,15%@1510] GR3D_FREQ 12% cpu@54.437C soc2@52.687C soc0@51.093C gpu@53.125C tj@54.437C soc1@52.75C VDD_IN 6824mW/7630mW VDD_CPU_GPU_CV 1782mW/2270mW VDD_SOC 1626mW/1771mW
10-08-2026 21:20:47 RAM 7193/7620MB (lfb 626x64kB) SWAP 469/5858MB (cached 0MB) CPU [50%@1190,29%@1510,33%@1510,50%@1510,39%@1113,32%@1113] GR3D_FREQ 24% cpu@54.25C soc2@52.562C soc0@50.906C gpu@53.062C tj@54.25C soc1@52.562C VDD_IN 6388mW/7626mW VDD_CPU_GPU_CV 1505mW/2268mW VDD_SOC 1584mW/1770mW
10-08-2026 21:20:48 RAM 7193/7620MB (lfb 622x64kB) SWAP 469/5858MB (cached 0MB) CPU [44%@1510,30%@1510,46%@1510,33%@1510,26%@883,35%@883] GR3D_FREQ 0% cpu@53.906C soc2@52.5C soc0@50.875C gpu@52.968C tj@53.906C soc1@52.593C VDD_IN 6150mW/7622mW VDD_CPU_GPU_CV 1346mW/2265mW VDD_SOC 1587mW/1770mW
10-08-2026 21:20:49 RAM 7148/7620MB (lfb 3x2MB) SWAP 469/5858MB (cached 0MB) CPU [46%@1510,52%@1510,47%@1510,64%@1510,66%@1420,67%@1420] GR3D_FREQ 0% cpu@54.75C soc2@52.687C soc0@50.906C gpu@53.343C tj@54.75C soc1@52.656C VDD_IN 7856mW/7622mW VDD_CPU_GPU_CV 2614mW/2266mW VDD_SOC 1706mW/1770mW
10-08-2026 21:20:50 RAM 7150/7620MB (lfb 3x2MB) SWAP 469/5858MB (cached 0MB) CPU [40%@806,37%@806,54%@806,40%@806,37%@729,50%@729] GR3D_FREQ 0% cpu@54.031C soc2@52.468C soc0@51C gpu@53.218C tj@54.062C soc1@52.75C VDD_IN 6428mW/7619mW VDD_CPU_GPU_CV 1545mW/2264mW VDD_SOC 1584mW/1769mW
10-08-2026 21:20:51 RAM 7179/7620MB (lfb 6x256kB) SWAP 469/5858MB (cached 0MB) CPU [33%@1510,21%@1510,44%@1510,33%@1510,41%@1497,41%@1497] GR3D_FREQ 40% cpu@53.812C soc2@52.593C soc0@50.937C gpu@53.093C tj@53.812C soc1@52.468C VDD_IN 7102mW/7617mW VDD_CPU_GPU_CV 1861mW/2263mW VDD_SOC 1703mW/1769mW
10-08-2026 21:20:52 RAM 7230/7620MB (lfb 2020x32kB) SWAP 469/5858MB (cached 0MB) CPU [12%@1510,39%@1510,15%@1510,21%@1510,29%@729,60%@729] GR3D_FREQ 39% cpu@54.093C soc2@52.593C soc0@50.937C gpu@53.312C tj@54.093C soc1@52.625C VDD_IN 7618mW/7617mW VDD_CPU_GPU_CV 2175mW/2262mW VDD_SOC 1822mW/1769mW
10-08-2026 21:20:53 RAM 7230/7620MB (lfb 2020x32kB) SWAP 469/5858MB (cached 0MB) CPU [14%@1510,43%@1510,26%@1510,12%@1510,30%@960,47%@960] GR3D_FREQ 47% cpu@53.968C soc2@52.687C soc0@51.093C gpu@53.312C tj@53.968C soc1@52.437C VDD_IN 7182mW/7616mW VDD_CPU_GPU_CV 1901mW/2261mW VDD_SOC 1745mW/1769mW
10-08-2026 21:20:54 RAM 7197/7620MB (lfb 2x512kB) SWAP 469/5858MB (cached 0MB) CPU [11%@1510,10%@1510,16%@1510,20%@1510,6%@1510,66%@1510] GR3D_FREQ 30% cpu@54.093C soc2@52.5C soc0@50.812C gpu@53.281C tj@54.093C soc1@52.375C VDD_IN 6586mW/7613mW VDD_CPU_GPU_CV 1465mW/2259mW VDD_SOC 1666mW/1769mW
10-08-2026 21:20:55 RAM 7197/7620MB (lfb 2x512kB) SWAP 469/5858MB (cached 0MB) CPU [16%@1510,4%@1510,10%@1510,39%@1510,2%@729,41%@729] GR3D_FREQ 45% cpu@53.968C soc2@52.5C soc0@50.75C gpu@53.312C tj@53.968C soc1@52.406C VDD_IN 6586mW/7610mW VDD_CPU_GPU_CV 1505mW/2257mW VDD_SOC 1666mW/1768mW
10-08-2026 21:20:56 RAM 7197/7620MB (lfb 2x512kB) SWAP 469/5858MB (cached 0MB) CPU [10%@1510,17%@1510,9%@1510,72%@1510,6%@729,6%@729] GR3D_FREQ 36% cpu@53.75C soc2@52.406C soc0@50.812C gpu@53.062C tj@53.75C soc1@52.437C VDD_IN 6626mW/7607mW VDD_CPU_GPU_CV 1545mW/2255mW VDD_SOC 1666mW/1768mW
10-08-2026 21:20:57 RAM 7214/7620MB (lfb 9x128kB) SWAP 471/5858MB (cached 0MB) CPU [23%@729,29%@729,23%@729,60%@729,28%@806,19%@806] GR3D_FREQ 1% cpu@53.75C soc2@52.437C soc0@50.812C gpu@53C tj@53.75C soc1@52.375C VDD_IN 6586mW/7604mW VDD_CPU_GPU_CV 1624mW/2253mW VDD_SOC 1626mW/1768mW
10-08-2026 21:20:58 RAM 7215/7620MB (lfb 9x128kB) SWAP 471/5858MB (cached 0MB) CPU [25%@1510,57%@1510,42%@1510,29%@1510,41%@1267,44%@1267] GR3D_FREQ 29% cpu@54.156C soc2@52.281C soc0@50.812C gpu@52.875C tj@54.156C soc1@52.281C VDD_IN 6388mW/7600mW VDD_CPU_GPU_CV 1545mW/2251mW VDD_SOC 1587mW/1767mW
10-08-2026 21:20:59 RAM 7216/7620MB (lfb 9x128kB) SWAP 471/5858MB (cached 0MB) CPU [33%@883,36%@883,39%@883,42%@883,58%@1113,38%@1113] GR3D_FREQ 29% cpu@54.031C soc2@52.343C soc0@50.718C gpu@53.187C tj@54.031C soc1@52.312C VDD_IN 6388mW/7597mW VDD_CPU_GPU_CV 1545mW/2249mW VDD_SOC 1584mW/1767mW
10-08-2026 21:21:00 RAM 6834/7620MB (lfb 11x2MB) SWAP 471/5858MB (cached 0MB) CPU [59%@1510,63%@1510,46%@1510,66%@1510,75%@1510,69%@1510] GR3D_FREQ 29% cpu@54.5C soc2@52.593C soc0@50.687C gpu@52.875C tj@54.5C soc1@52.406C VDD_IN 7975mW/7598mW VDD_CPU_GPU_CV 2733mW/2250mW VDD_SOC 1706mW/1766mW
10-08-2026 21:21:01 RAM 6967/7620MB (lfb 2x2MB) SWAP 471/5858MB (cached 0MB) CPU [54%@1344,55%@1344,54%@1344,69%@1344,57%@1036,61%@1036] GR3D_FREQ 74% cpu@54.281C soc2@52.687C soc0@50.937C gpu@53.062C tj@54.281C soc1@52.625C VDD_IN 8610mW/7601mW VDD_CPU_GPU_CV 2966mW/2252mW VDD_SOC 1861mW/1767mW
10-08-2026 21:21:02 RAM 7045/7620MB (lfb 6x128kB) SWAP 471/5858MB (cached 0MB) CPU [72%@1510,56%@1510,51%@1510,69%@1510,69%@1510,85%@1510] GR3D_FREQ 46% cpu@54.968C soc2@52.968C soc0@51.156C gpu@53.656C tj@54.843C soc1@52.468C VDD_IN 9761mW/7607mW VDD_CPU_GPU_CV 3757mW/2256mW VDD_SOC 1980mW/1767mW
10-08-2026 21:21:03 RAM 7055/7620MB (lfb 6x128kB) SWAP 471/5858MB (cached 0MB) CPU [73%@1510,51%@1510,62%@1510,55%@1510,72%@1420,72%@1420] GR3D_FREQ 49% cpu@54.562C soc2@53.218C soc0@51.031C gpu@53.625C tj@54.562C soc1@52.562C VDD_IN 9404mW/7612mW VDD_CPU_GPU_CV 3520mW/2260mW VDD_SOC 1980mW/1768mW
10-08-2026 21:21:04 RAM 7064/7620MB (lfb 6x128kB) SWAP 471/5858MB (cached 0MB) CPU [62%@1510,48%@1510,63%@1510,45%@1510,62%@1113,80%@1113] GR3D_FREQ 67% cpu@54.812C soc2@53C soc0@51.093C gpu@53.375C tj@54.562C soc1@52.625C VDD_IN 9285mW/7617mW VDD_CPU_GPU_CV 3401mW/2263mW VDD_SOC 1941mW/1768mW
10-08-2026 21:21:05 RAM 7071/7620MB (lfb 6x128kB) SWAP 471/5858MB (cached 0MB) CPU [66%@1510,62%@1510,71%@1510,63%@1510,75%@1510,75%@1510] GR3D_FREQ 69% cpu@54.593C soc2@52.906C soc0@51.187C gpu@53.468C tj@54.593C soc1@52.75C VDD_IN 9126mW/7621mW VDD_CPU_GPU_CV 3361mW/2267mW VDD_SOC 1901mW/1769mW
10-08-2026 21:21:06 RAM 7080/7620MB (lfb 6x128kB) SWAP 471/5858MB (cached 0MB) CPU [50%@1497,61%@1497,64%@1497,56%@1497,71%@1510,63%@1510] GR3D_FREQ 39% cpu@54.843C soc2@53.031C soc0@51.25C gpu@53.406C tj@54.843C soc1@52.625C VDD_IN 9285mW/7626mW VDD_CPU_GPU_CV 3401mW/2270mW VDD_SOC 1941mW/1769mW
10-08-2026 21:21:07 RAM 7088/7620MB (lfb 6x128kB) SWAP 471/5858MB (cached 0MB) CPU [69%@806,47%@806,52%@806,55%@806,55%@729,69%@729] GR3D_FREQ 1% cpu@54.406C soc2@52.937C soc0@51.062C gpu@53.25C tj@54.406C soc1@52.718C VDD_IN 7936mW/7627mW VDD_CPU_GPU_CV 2570mW/2271mW VDD_SOC 1743mW/1769mW
10-08-2026 21:21:08 RAM 7098/7620MB (lfb 6x128kB) SWAP 471/5858MB (cached 0MB) CPU [54%@1510,39%@1510,64%@1510,50%@1510,58%@1190,44%@1190] GR3D_FREQ 61% cpu@54.406C soc2@52.937C soc0@51.156C gpu@53.281C tj@54.406C soc1@52.687C VDD_IN 8570mW/7630mW VDD_CPU_GPU_CV 2926mW/2272mW VDD_SOC 1861mW/1769mW
10-08-2026 21:21:09 RAM 7111/7620MB (lfb 6x128kB) SWAP 471/5858MB (cached 0MB) CPU [57%@1510,61%@1510,51%@1510,59%@1510,74%@1497,47%@1497] GR3D_FREQ 55% cpu@54.75C soc2@53.031C soc0@51.343C gpu@53.375C tj@54.75C soc1@52.812C VDD_IN 9166mW/7634mW VDD_CPU_GPU_CV 3322mW/2275mW VDD_SOC 1941mW/1770mW
10-08-2026 21:21:10 RAM 7120/7620MB (lfb 6x128kB) SWAP 471/5858MB (cached 0MB) CPU [63%@1113,69%@1510,54%@1510,76%@1510,62%@729,53%@729] GR3D_FREQ 0% cpu@54.468C soc2@52.843C soc0@51.281C gpu@53.343C tj@54.468C soc1@52.687C VDD_IN 7539mW/7634mW VDD_CPU_GPU_CV 2333mW/2276mW VDD_SOC 1703mW/1770mW
10-08-2026 21:21:11 RAM 7123/7620MB (lfb 6x128kB) SWAP 471/5858MB (cached 0MB) CPU [58%@1510,58%@1510,59%@1510,42%@1510,56%@883,46%@883] GR3D_FREQ 84% cpu@54.781C soc2@53.156C soc0@51.187C gpu@53.5C tj@54.781C soc1@52.718C VDD_IN 8610mW/7637mW VDD_CPU_GPU_CV 2966mW/2278mW VDD_SOC 1861mW/1770mW
10-08-2026 21:21:12 RAM 7124/7620MB (lfb 6x128kB) SWAP 471/5858MB (cached 0MB) CPU [36%@1190,40%@1190,54%@1190,57%@1190,66%@1510,70%@1510] GR3D_FREQ 73% cpu@54.593C soc2@53.062C soc0@51.312C gpu@53.625C tj@54.593C soc1@52.875C VDD_IN 9047mW/7641mW VDD_CPU_GPU_CV 3203mW/2280mW VDD_SOC 1941mW/1770mW
10-08-2026 21:21:13 RAM 7129/7620MB (lfb 6x128kB) SWAP 471/5858MB (cached 0MB) CPU [26%@883,32%@883,40%@883,38%@883,47%@1113,43%@1113] GR3D_FREQ 68% cpu@54.125C soc2@52.906C soc0@51.406C gpu@53.437C tj@54.125C soc1@52.718C VDD_IN 7380mW/7640mW VDD_CPU_GPU_CV 1980mW/2279mW VDD_SOC 1782mW/1771mW
10-08-2026 21:21:14 RAM 7068/7620MB (lfb 1x2MB) SWAP 471/5858MB (cached 0MB) CPU [37%@1510,23%@1510,9%@1510,14%@1510,50%@1344,39%@1344] GR3D_FREQ 45% cpu@54.218C soc2@52.656C soc0@51.187C gpu@53.218C tj@54.218C soc1@52.687C VDD_IN 7023mW/7638mW VDD_CPU_GPU_CV 1782mW/2278mW VDD_SOC 1743mW/1770mW
10-08-2026 21:21:15 RAM 7077/7620MB (lfb 1x2MB) SWAP 471/5858MB (cached 0MB) CPU [11%@729,27%@1510,15%@1510,14%@1510,13%@1510,76%@1510] GR3D_FREQ 46% cpu@54.156C soc2@52.593C soc0@51.125C gpu@53.156C tj@54.156C soc1@52.687C VDD_IN 6824mW/7636mW VDD_CPU_GPU_CV 1624mW/2276mW VDD_SOC 1703mW/1770mW
10-08-2026 21:21:16 RAM 7077/7620MB (lfb 1x2MB) SWAP 471/5858MB (cached 0MB) CPU [22%@729,4%@729,8%@729,12%@729,6%@1510,83%@1510] GR3D_FREQ 32% cpu@54.062C soc2@52.625C soc0@51.093C gpu@53.062C tj@54.062C soc1@52.625C VDD_IN 6745mW/7633mW VDD_CPU_GPU_CV 1584mW/2274mW VDD_SOC 1663mW/1770mW
10-08-2026 21:21:17 RAM 7077/7620MB (lfb 1x2MB) SWAP 471/5858MB (cached 0MB) CPU [21%@1510,5%@1510,13%@1510,12%@1510,5%@1510,80%@1510] GR3D_FREQ 39% cpu@54.125C soc2@52.593C soc0@51C gpu@53.25C tj@54.125C soc1@52.562C VDD_IN 6745mW/7631mW VDD_CPU_GPU_CV 1584mW/2272mW VDD_SOC 1703mW/1770mW
10-08-2026 21:21:18 RAM 7079/7620MB (lfb 11x1MB) SWAP 470/5858MB (cached 0MB) CPU [15%@1510,6%@1510,7%@1510,20%@1510,13%@1510,71%@1510] GR3D_FREQ 65% cpu@54.375C soc2@52.5C soc0@50.968C gpu@53.218C tj@54.375C soc1@52.593C VDD_IN 6745mW/7628mW VDD_CPU_GPU_CV 1584mW/2270mW VDD_SOC 1663mW/1769mW
10-08-2026 21:21:19 RAM 7079/7620MB (lfb 11x1MB) SWAP 470/5858MB (cached 0MB) CPU [11%@729,11%@1510,18%@1510,11%@1510,2%@1497,81%@1497] GR3D_FREQ 55% cpu@54.031C soc2@52.468C soc0@50.968C gpu@53.062C tj@54.031C soc1@52.625C VDD_IN 6745mW/7626mW VDD_CPU_GPU_CV 1584mW/2268mW VDD_SOC 1666mW/1769mW
10-08-2026 21:21:20 RAM 7085/7620MB (lfb 11x1MB) SWAP 470/5858MB (cached 0MB) CPU [11%@1510,16%@1510,16%@1510,13%@1510,3%@729,76%@729] GR3D_FREQ 0% cpu@53.968C soc2@52.468C soc0@51.062C gpu@53.031C tj@53.968C soc1@52.562C VDD_IN 6547mW/7623mW VDD_CPU_GPU_CV 1505mW/2266mW VDD_SOC 1666mW/1769mW
10-08-2026 21:21:21 RAM 7196/7620MB (lfb 684x64kB) SWAP 474/5858MB (cached 0MB) CPU [39%@1036,44%@1036,45%@1036,53%@1036,32%@729,54%@729] GR3D_FREQ 0% cpu@54.093C soc2@52.531C soc0@50.843C gpu@53C tj@54.093C soc1@52.5C VDD_IN 6586mW/7620mW VDD_CPU_GPU_CV 1663mW/2265mW VDD_SOC 1584mW/1768mW
10-08-2026 21:21:22 RAM 7198/7620MB (lfb 663x64kB) SWAP 474/5858MB (cached 0MB) CPU [35%@1510,39%@1510,38%@1510,35%@1510,37%@806,45%@806] GR3D_FREQ 0% cpu@53.875C soc2@52.343C soc0@50.843C gpu@53.062C tj@53.875C soc1@52.468C VDD_IN 6190mW/7616mW VDD_CPU_GPU_CV 1386mW/2262mW VDD_SOC 1584mW/1768mW
10-08-2026 21:21:23 RAM 7198/7620MB (lfb 659x64kB) SWAP 474/5858MB (cached 0MB) CPU [43%@1420,39%@1510,48%@1510,39%@1510,36%@1190,43%@1190] GR3D_FREQ 0% cpu@53.937C soc2@52.468C soc0@50.937C gpu@53.093C tj@53.937C soc1@52.531C VDD_IN 6348mW/7613mW VDD_CPU_GPU_CV 1465mW/2260mW VDD_SOC 1584mW/1767mW
10-08-2026 21:21:24 RAM 7138/7620MB (lfb 1x256kB) SWAP 475/5858MB (cached 0MB) CPU [43%@960,42%@960,41%@960,27%@960,36%@729,50%@729] GR3D_FREQ 53% cpu@53.906C soc2@52.531C soc0@50.812C gpu@52.875C tj@53.906C soc1@52.312C VDD_IN 6626mW/7610mW VDD_CPU_GPU_CV 1584mW/2258mW VDD_SOC 1663mW/1767mW
10-08-2026 21:21:25 RAM 7215/7620MB (lfb 22x128kB) SWAP 475/5858MB (cached 0MB) CPU [23%@1510,29%@1510,38%@1510,22%@1510,51%@729,14%@729] GR3D_FREQ 71% cpu@54.218C soc2@52.531C soc0@50.937C gpu@53C tj@54.218C soc1@52.406C VDD_IN 7142mW/7609mW VDD_CPU_GPU_CV 1822mW/2257mW VDD_SOC 1785mW/1767mW
10-08-2026 21:21:26 RAM 7232/7620MB (lfb 1x128kB) SWAP 475/5858MB (cached 0MB) CPU [17%@1510,14%@1510,47%@1510,9%@1510,18%@1267,49%@1267] GR3D_FREQ 46% cpu@53.812C soc2@52.343C soc0@50.875C gpu@53.156C tj@53.812C soc1@52.437C VDD_IN 6705mW/7607mW VDD_CPU_GPU_CV 1545mW/2255mW VDD_SOC 1706mW/1767mW
10-08-2026 21:21:27 RAM 7231/7620MB (lfb 1x128kB) SWAP 475/5858MB (cached 0MB) CPU [8%@1510,9%@1510,13%@1510,5%@1510,9%@1510,77%@1510] GR3D_FREQ 42% cpu@53.875C soc2@52.281C soc0@50.875C gpu@53.156C tj@53.875C soc1@52.625C VDD_IN 6626mW/7604mW VDD_CPU_GPU_CV 1545mW/2253mW VDD_SOC 1663mW/1767mW
10-08-2026 21:21:28 RAM 7196/7620MB (lfb 1x256kB) SWAP 475/5858MB (cached 0MB) CPU [6%@1510,52%@1510,5%@1510,9%@1510,2%@729,20%@729] GR3D_FREQ 0% cpu@53.937C soc2@52.312C soc0@50.656C gpu@53.093C tj@53.937C soc1@52.218C VDD_IN 5842mW/7599mW VDD_CPU_GPU_CV 992mW/2250mW VDD_SOC 1587mW/1766mW
10-08-2026 21:21:29 RAM 7196/7620MB (lfb 1x256kB) SWAP 475/5858MB (cached 0MB) CPU [0%@1510,99%@1510,0%@1510,0%@1510,1%@729,0%@729] GR3D_FREQ 0% cpu@53.656C soc2@52.343C soc0@50.593C gpu@53.031C tj@53.656C soc1@52.312C VDD_IN 5674mW/7594mW VDD_CPU_GPU_CV 950mW/2246mW VDD_SOC 1547mW/1766mW
10-08-2026 21:21:30 RAM 5883/7620MB (lfb 83x4MB) SWAP 475/5858MB (cached 0MB) CPU [2%@729,28%@729,12%@1510,0%@1510,47%@1420,20%@1420] GR3D_FREQ 0% cpu@53.843C soc2@52.062C soc0@50.593C gpu@52.687C tj@53.843C soc1@52.281C VDD_IN 5674mW/7589mW VDD_CPU_GPU_CV 950mW/2243mW VDD_SOC 1547mW/1765mW
