10-08-2026 23:40:04 RAM 2644/7620MB (lfb 146x4MB) SWAP 560/5858MB (cached 0MB) CPU [18%@1510,82%@1510,19%@1510,14%@1510,14%@729,13%@729] GR3D_FREQ 0% cpu@53.031C soc2@51.5C soc0@49.718C gpu@51.843C tj@53.031C soc1@51.437C VDD_IN 5872mW/5872mW VDD_CPU_GPU_CV 1267mW/1267mW VDD_SOC 1547mW/1547mW
10-08-2026 23:40:05 RAM 2712/7620MB (lfb 146x4MB) SWAP 560/5858MB (cached 0MB) CPU [6%@1510,27%@1510,1%@1510,63%@1510,2%@729,0%@729] GR3D_FREQ 0% cpu@52.718C soc2@51.343C soc0@49.718C gpu@51.937C tj@52.718C soc1@51.5C VDD_IN 5793mW/5833mW VDD_CPU_GPU_CV 1188mW/1228mW VDD_SOC 1545mW/1546mW
10-08-2026 23:40:06 RAM 2735/7620MB (lfb 146x4MB) SWAP 560/5858MB (cached 0MB) CPU [1%@1510,0%@1510,1%@1510,97%@1510,1%@729,1%@729] GR3D_FREQ 0% cpu@52.781C soc2@51.312C soc0@49.718C gpu@51.906C tj@52.781C soc1@51.5C VDD_IN 5832mW/5832mW VDD_CPU_GPU_CV 1188mW/1214mW VDD_SOC 1547mW/1546mW
10-08-2026 23:40:07 RAM 2762/7620MB (lfb 146x4MB) SWAP 560/5858MB (cached 0MB) CPU [3%@1510,0%@1510,1%@1510,95%@1510,1%@729,0%@729] GR3D_FREQ 0% cpu@52.812C soc2@51.312C soc0@49.812C gpu@52.093C tj@52.812C soc1@51.343C VDD_IN 5832mW/5832mW VDD_CPU_GPU_CV 1228mW/1218mW VDD_SOC 1545mW/1546mW
10-08-2026 23:40:08 RAM 2781/7620MB (lfb 146x4MB) SWAP 560/5858MB (cached 0MB) CPU [13%@1510,4%@1510,2%@1510,63%@1510,2%@729,3%@729] GR3D_FREQ 0% cpu@52.75C soc2@51.406C soc0@49.593C gpu@52.062C tj@53.093C soc1@51.343C VDD_IN 5753mW/5816mW VDD_CPU_GPU_CV 1069mW/1188mW VDD_SOC 1547mW/1546mW
10-08-2026 23:40:09 RAM 2813/7620MB (lfb 146x4MB) SWAP 560/5858MB (cached 0MB) CPU [23%@1510,73%@1510,0%@1510,1%@1510,0%@729,2%@729] GR3D_FREQ 0% cpu@53C soc2@51.375C soc0@49.656C gpu@52.093C tj@53C soc1@51.406C VDD_IN 5832mW/5819mW VDD_CPU_GPU_CV 1148mW/1181mW VDD_SOC 1545mW/1546mW
10-08-2026 23:40:10 RAM 2836/7620MB (lfb 146x4MB) SWAP 560/5858MB (cached 0MB) CPU [1%@1510,96%@1510,1%@1510,3%@1510,1%@729,0%@729] GR3D_FREQ 0% cpu@52.937C soc2@51.218C soc0@49.656C gpu@51.968C tj@52.937C soc1@51.375C VDD_IN 5832mW/5821mW VDD_CPU_GPU_CV 1228mW/1188mW VDD_SOC 1545mW/1546mW
10-08-2026 23:40:11 RAM 2860/7620MB (lfb 146x4MB) SWAP 560/5858MB (cached 0MB) CPU [3%@1510,91%@1510,0%@1510,0%@1510,0%@729,1%@729] GR3D_FREQ 0% cpu@52.812C soc2@51.187C soc0@49.687C gpu@52.093C tj@52.812C soc1@51.531C VDD_IN 5793mW/5817mW VDD_CPU_GPU_CV 1148mW/1183mW VDD_SOC 1545mW/1546mW
10-08-2026 23:40:12 RAM 2901/7620MB (lfb 146x4MB) SWAP 560/5858MB (cached 0MB) CPU [3%@1510,25%@1510,70%@1510,1%@1510,1%@729,1%@729] GR3D_FREQ 0% cpu@52.656C soc2@51.312C soc0@49.718C gpu@52.062C tj@52.656C soc1@51.281C VDD_IN 5832mW/5819mW VDD_CPU_GPU_CV 1188mW/1184mW VDD_SOC 1545mW/1546mW
10-08-2026 23:40:13 RAM 2915/7620MB (lfb 146x4MB) SWAP 560/5858MB (cached 0MB) CPU [2%@1510,1%@1510,91%@1510,1%@1510,1%@729,3%@729] GR3D_FREQ 20% cpu@52.906C soc2@51.281C soc0@49.593C gpu@51.875C tj@52.906C soc1@51.343C VDD_IN 5793mW/5816mW VDD_CPU_GPU_CV 1109mW/1176mW VDD_SOC 1547mW/1546mW
10-08-2026 23:40:14 RAM 2919/7620MB (lfb 146x4MB) SWAP 560/5858MB (cached 0MB) CPU [10%@1510,1%@1510,24%@1510,2%@1510,1%@729,1%@729] GR3D_FREQ 0% cpu@52.343C soc2@51.125C soc0@49.593C gpu@51.781C tj@52.343C soc1@51.281C VDD_IN 5374mW/5776mW VDD_CPU_GPU_CV 794mW/1141mW VDD_SOC 1550mW/1546mW
10-08-2026 23:40:15 RAM 3046/7620MB (lfb 146x4MB) SWAP 559/5858MB (cached 0MB) CPU [54%@1510,61%@1510,65%@1510,73%@1510,63%@806,62%@806] GR3D_FREQ 5% cpu@52.906C soc2@51.343C soc0@49.718C gpu@52.187C tj@52.968C soc1@51.531C VDD_IN 6864mW/5867mW VDD_CPU_GPU_CV 2099mW/1221mW VDD_SOC 1587mW/1550mW
10-08-2026 23:40:16 RAM 3245/7620MB (lfb 146x4MB) SWAP 559/5858MB (cached 0MB) CPU [23%@1267,41%@1267,15%@1267,41%@1267,17%@729,21%@729] GR3D_FREQ 0% cpu@52.718C soc2@51.281C soc0@49.718C gpu@52.093C tj@52.718C soc1@51.218C VDD_IN 6190mW/5892mW VDD_CPU_GPU_CV 1426mW/1237mW VDD_SOC 1626mW/1555mW
10-08-2026 23:40:17 RAM 3299/7620MB (lfb 146x4MB) SWAP 559/5858MB (cached 0MB) CPU [52%@1420,74%@1420,40%@1420,45%@1420,47%@729,49%@729] GR3D_FREQ 31% cpu@53C soc2@51.375C soc0@49.625C gpu@52.156C tj@53C soc1@51.25C VDD_IN 6507mW/5936mW VDD_CPU_GPU_CV 1584mW/1262mW VDD_SOC 1663mW/1563mW
10-08-2026 23:40:18 RAM 4010/7620MB (lfb 53x4MB) SWAP 559/5858MB (cached 0MB) CPU [29%@1510,25%@1510,19%@1510,30%@1510,21%@729,11%@729] GR3D_FREQ 6% cpu@52.968C soc2@51.281C soc0@49.593C gpu@51.906C tj@52.968C soc1@51.343C VDD_IN 6309mW/5961mW VDD_CPU_GPU_CV 1307mW/1265mW VDD_SOC 1703mW/1572mW
10-08-2026 23:40:19 RAM 4631/7620MB (lfb 5x4MB) SWAP 559/5858MB (cached 0MB) CPU [18%@1510,7%@1510,90%@1510,9%@1510,4%@729,4%@729] GR3D_FREQ 15% cpu@52.593C soc2@51.218C soc0@49.656C gpu@51.968C tj@52.593C soc1@51.406C VDD_IN 6110mW/5970mW VDD_CPU_GPU_CV 1346mW/1270mW VDD_SOC 1624mW/1576mW
10-08-2026 23:40:20 RAM 4644/7620MB (lfb 78x1MB) SWAP 559/5858MB (cached 0MB) CPU [9%@1510,8%@1510,100%@1510,9%@1510,5%@729,4%@729] GR3D_FREQ 4% cpu@52.718C soc2@51.218C soc0@49.75C gpu@51.843C tj@52.718C soc1@51.5C VDD_IN 5952mW/5969mW VDD_CPU_GPU_CV 1307mW/1272mW VDD_SOC 1545mW/1574mW
10-08-2026 23:40:21 RAM 4640/7620MB (lfb 77x1MB) SWAP 559/5858MB (cached 0MB) CPU [8%@1510,4%@1510,99%@1510,7%@1510,3%@1510,6%@1510] GR3D_FREQ 9% cpu@52.75C soc2@51.218C soc0@49.562C gpu@51.906C tj@52.75C soc1@51.25C VDD_IN 5832mW/5961mW VDD_CPU_GPU_CV 1228mW/1270mW VDD_SOC 1545mW/1572mW
10-08-2026 23:40:22 RAM 4640/7620MB (lfb 77x1MB) SWAP 559/5858MB (cached 0MB) CPU [15%@1510,5%@1510,6%@1510,10%@1510,100%@1510,0%@1510] GR3D_FREQ 0% cpu@52.593C soc2@51.281C soc0@49.5C gpu@52.093C tj@52.593C soc1@51.25C VDD_IN 5832mW/5954mW VDD_CPU_GPU_CV 1228mW/1267mW VDD_SOC 1545mW/1571mW
10-08-2026 23:40:23 RAM 4640/7620MB (lfb 77x1MB) SWAP 559/5858MB (cached 0MB) CPU [10%@729,9%@729,6%@729,8%@1510,100%@1510,1%@1510] GR3D_FREQ 0% cpu@52.875C soc2@51.156C soc0@49.625C gpu@52.125C tj@52.593C soc1@51.218C VDD_IN 5832mW/5948mW VDD_CPU_GPU_CV 1228mW/1265mW VDD_SOC 1545mW/1570mW
10-08-2026 23:40:24 RAM 4618/7620MB (lfb 83x1MB) SWAP 559/5858MB (cached 0MB) CPU [8%@729,11%@729,5%@1510,12%@1510,100%@1510,1%@1510] GR3D_FREQ 0% cpu@52.593C soc2@51.218C soc0@49.781C gpu@52.156C tj@52.75C soc1@51.468C VDD_IN 5912mW/5947mW VDD_CPU_GPU_CV 1307mW/1267mW VDD_SOC 1545mW/1568mW
10-08-2026 23:40:25 RAM 4584/7620MB (lfb 91x1MB) SWAP 559/5858MB (cached 0MB) CPU [7%@729,10%@729,11%@729,20%@729,99%@1510,1%@1510] GR3D_FREQ 28% cpu@52.656C soc2@51.187C soc0@49.468C gpu@51.843C tj@52.656C soc1@51.187C VDD_IN 6031mW/5950mW VDD_CPU_GPU_CV 1386mW/1273mW VDD_SOC 1545mW/1567mW
10-08-2026 23:40:26 RAM 4571/7620MB (lfb 87x1MB) SWAP 559/5858MB (cached 0MB) CPU [18%@729,7%@729,13%@729,10%@729,100%@1510,3%@1510] GR3D_FREQ 27% cpu@52.906C soc2@51.125C soc0@49.468C gpu@51.843C tj@52.906C soc1@51.218C VDD_IN 6031mW/5954mW VDD_CPU_GPU_CV 1386mW/1278mW VDD_SOC 1545mW/1566mW
10-08-2026 23:40:27 RAM 4622/7620MB (lfb 87x1MB) SWAP 559/5858MB (cached 0MB) CPU [14%@729,10%@729,13%@729,12%@729,100%@1510,1%@1510] GR3D_FREQ 30% cpu@52.625C soc2@51.031C soc0@49.562C gpu@51.843C tj@52.625C soc1@51.312C VDD_IN 6031mW/5957mW VDD_CPU_GPU_CV 1346mW/1281mW VDD_SOC 1545mW/1565mW
10-08-2026 23:40:28 RAM 4716/7620MB (lfb 85x1MB) SWAP 559/5858MB (cached 0MB) CPU [10%@1510,8%@1510,9%@1510,15%@1510,100%@1510,3%@1510] GR3D_FREQ 10% cpu@52.75C soc2@51.125C soc0@49.593C gpu@52.156C tj@52.75C soc1@51.437C VDD_IN 6031mW/5960mW VDD_CPU_GPU_CV 1386mW/1285mW VDD_SOC 1545mW/1565mW
10-08-2026 23:40:29 RAM 4848/7620MB (lfb 85x1MB) SWAP 559/5858MB (cached 0MB) CPU [10%@1510,5%@1510,12%@1510,10%@1510,100%@1510,7%@1510] GR3D_FREQ 0% cpu@52.781C soc2@51.218C soc0@49.468C gpu@51.687C tj@52.781C soc1@51.218C VDD_IN 6031mW/5963mW VDD_CPU_GPU_CV 1346mW/1287mW VDD_SOC 1545mW/1564mW
10-08-2026 23:40:30 RAM 4993/7620MB (lfb 82x1MB) SWAP 559/5858MB (cached 0MB) CPU [16%@729,6%@729,8%@729,16%@729,99%@1510,4%@1510] GR3D_FREQ 0% cpu@52.968C soc2@51.125C soc0@49.406C gpu@51.687C tj@52.968C soc1@51.25C VDD_IN 5991mW/5964mW VDD_CPU_GPU_CV 1346mW/1289mW VDD_SOC 1545mW/1563mW
10-08-2026 23:40:31 RAM 4022/7620MB (lfb 116x4MB) SWAP 559/5858MB (cached 0MB) CPU [31%@1510,27%@1510,52%@1510,23%@1510,38%@729,19%@729] GR3D_FREQ 24% cpu@52.593C soc2@51.187C soc0@49.5C gpu@51.937C tj@52.593C soc1@51.218C VDD_IN 6547mW/5985mW VDD_CPU_GPU_CV 1386mW/1293mW VDD_SOC 1743mW/1570mW
10-08-2026 23:40:32 RAM 4052/7620MB (lfb 62x4MB) SWAP 559/5858MB (cached 0MB) CPU [23%@1510,22%@1510,71%@1510,23%@1510,10%@1113,23%@1113] GR3D_FREQ 0% cpu@52.968C soc2@51.218C soc0@49.593C gpu@51.906C tj@52.968C soc1@51.531C VDD_IN 6904mW/6016mW VDD_CPU_GPU_CV 1703mW/1307mW VDD_SOC 1743mW/1576mW
10-08-2026 23:40:33 RAM 4070/7620MB (lfb 62x4MB) SWAP 559/5858MB (cached 0MB) CPU [35%@960,48%@960,34%@960,48%@960,51%@1036,36%@1036] GR3D_FREQ 16% cpu@53.031C soc2@51.218C soc0@49.593C gpu@51.906C tj@53.031C soc1@51.218C VDD_IN 6586mW/6035mW VDD_CPU_GPU_CV 1582mW/1316mW VDD_SOC 1663mW/1579mW
10-08-2026 23:40:34 RAM 4081/7620MB (lfb 62x4MB) SWAP 559/5858MB (cached 0MB) CPU [34%@1510,44%@1510,43%@1510,48%@1510,34%@1036,40%@1036] GR3D_FREQ 11% cpu@52.75C soc2@51.281C soc0@49.5C gpu@51.781C tj@52.75C soc1@51.25C VDD_IN 6428mW/6048mW VDD_CPU_GPU_CV 1505mW/1322mW VDD_SOC 1663mW/1581mW
10-08-2026 23:40:35 RAM 4194/7620MB (lfb 62x4MB) SWAP 559/5858MB (cached 0MB) CPU [66%@1510,65%@1510,70%@1510,59%@1510,66%@1510,70%@1510] GR3D_FREQ 6% cpu@53.937C soc2@51.593C soc0@49.593C gpu@51.875C tj@53.75C soc1@51.281C VDD_IN 8332mW/6119mW VDD_CPU_GPU_CV 2926mW/1372mW VDD_SOC 1825mW/1589mW
10-08-2026 23:40:36 RAM 4426/7620MB (lfb 63x4MB) SWAP 559/5858MB (cached 0MB) CPU [71%@1510,58%@1510,61%@1510,55%@1510,66%@1267,72%@1267] GR3D_FREQ 14% cpu@53.312C soc2@51.562C soc0@49.718C gpu@51.968C tj@53.312C soc1@51.625C VDD_IN 8015mW/6177mW VDD_CPU_GPU_CV 2689mW/1412mW VDD_SOC 1785mW/1595mW
10-08-2026 23:40:37 RAM 4750/7620MB (lfb 63x4MB) SWAP 559/5858MB (cached 0MB) CPU [68%@1510,64%@1510,67%@1510,67%@1510,64%@1510,71%@1510] GR3D_FREQ 45% cpu@53.718C soc2@51.812C soc0@49.781C gpu@52.375C tj@53.718C soc1@51.562C VDD_IN 9404mW/6272mW VDD_CPU_GPU_CV 3520mW/1474mW VDD_SOC 1980mW/1606mW
10-08-2026 23:40:38 RAM 4854/7620MB (lfb 63x4MB) SWAP 559/5858MB (cached 0MB) CPU [76%@1510,72%@1510,64%@1510,61%@1510,71%@1420,68%@1420] GR3D_FREQ 32% cpu@53.812C soc2@52C soc0@50.062C gpu@52.531C tj@53.812C soc1@51.562C VDD_IN 9468mW/6363mW VDD_CPU_GPU_CV 3480mW/1531mW VDD_SOC 2020mW/1618mW
10-08-2026 23:40:39 RAM 4951/7620MB (lfb 63x4MB) SWAP 559/5858MB (cached 0MB) CPU [72%@1510,60%@1510,53%@1510,65%@1510,52%@729,61%@729] GR3D_FREQ 57% cpu@53.687C soc2@52.062C soc0@49.968C gpu@52.343C tj@53.687C soc1@51.625C VDD_IN 9151mW/6441mW VDD_CPU_GPU_CV 3282mW/1580mW VDD_SOC 1980mW/1628mW
10-08-2026 23:40:40 RAM 5036/7620MB (lfb 61x4MB) SWAP 559/5858MB (cached 0MB) CPU [72%@1510,85%@1510,79%@1510,85%@1510,77%@1510,75%@1510] GR3D_FREQ 46% cpu@54.437C soc2@52.187C soc0@50.031C gpu@52.468C tj@54.437C soc1@51.843C VDD_IN 9999mW/6537mW VDD_CPU_GPU_CV 3915mW/1643mW VDD_SOC 2060mW/1640mW
10-08-2026 23:40:41 RAM 5116/7620MB (lfb 49x4MB) SWAP 559/5858MB (cached 0MB) CPU [49%@1510,89%@1510,62%@1510,53%@1510,56%@1190,51%@1190] GR3D_FREQ 7% cpu@53.781C soc2@51.968C soc0@50.093C gpu@52.375C tj@53.781C soc1@51.812C VDD_IN 8848mW/6598mW VDD_CPU_GPU_CV 3124mW/1682mW VDD_SOC 1941mW/1648mW
10-08-2026 23:40:42 RAM 5179/7620MB (lfb 36x4MB) SWAP 559/5858MB (cached 0MB) CPU [61%@1510,76%@1510,75%@1510,67%@1510,74%@1510,69%@1510] GR3D_FREQ 39% cpu@54.125C soc2@52.281C soc0@50.187C gpu@52.687C tj@54.125C soc1@51.781C VDD_IN 9800mW/6680mW VDD_CPU_GPU_CV 3751mW/1735mW VDD_SOC 2060mW/1658mW
10-08-2026 23:40:43 RAM 5292/7620MB (lfb 10x4MB) SWAP 559/5858MB (cached 0MB) CPU [77%@1510,72%@1510,77%@1510,83%@1510,82%@1036,71%@1036] GR3D_FREQ 42% cpu@54.093C soc2@52.343C soc0@50.281C gpu@52.656C tj@54C soc1@52.031C VDD_IN 9785mW/6757mW VDD_CPU_GPU_CV 3751mW/1786mW VDD_SOC 2060mW/1668mW
10-08-2026 23:40:44 RAM 5380/7620MB (lfb 6x4MB) SWAP 559/5858MB (cached 0MB) CPU [62%@1510,67%@1510,59%@1510,72%@1510,57%@1510,82%@1510] GR3D_FREQ 1% cpu@54.187C soc2@52.312C soc0@50.562C gpu@52.812C tj@54.187C soc1@52.187C VDD_IN 9587mW/6826mW VDD_CPU_GPU_CV 3559mW/1829mW VDD_SOC 2020mW/1677mW
10-08-2026 23:40:45 RAM 5504/7620MB (lfb 77x1MB) SWAP 559/5858MB (cached 0MB) CPU [72%@1497,68%@1497,66%@1497,77%@1497,76%@1510,72%@1510] GR3D_FREQ 49% cpu@54.406C soc2@52.625C soc0@50.375C gpu@52.937C tj@54.406C soc1@52C VDD_IN 9666mW/6894mW VDD_CPU_GPU_CV 3632mW/1872mW VDD_SOC 2060mW/1686mW
10-08-2026 23:40:46 RAM 5579/7620MB (lfb 39x1MB) SWAP 559/5858MB (cached 0MB) CPU [64%@1510,52%@1510,66%@1510,78%@1510,65%@1510,69%@1510] GR3D_FREQ 58% cpu@54.187C soc2@52.531C soc0@50.406C gpu@52.968C tj@54.187C soc1@52.125C VDD_IN 9547mW/6956mW VDD_CPU_GPU_CV 3559mW/1911mW VDD_SOC 2020mW/1694mW
10-08-2026 23:40:47 RAM 5614/7620MB (lfb 1x2MB) SWAP 559/5858MB (cached 0MB) CPU [45%@729,38%@729,35%@729,42%@729,63%@1036,45%@1036] GR3D_FREQ 63% cpu@53.906C soc2@52.187C soc0@50.5C gpu@52.656C tj@53.906C soc1@52.125C VDD_IN 7856mW/6976mW VDD_CPU_GPU_CV 2294mW/1920mW VDD_SOC 1901mW/1698mW
10-08-2026 23:40:48 RAM 5592/7620MB (lfb 3x1MB) SWAP 559/5858MB (cached 0MB) CPU [16%@1344,46%@1344,9%@1344,19%@1344,23%@729,50%@729] GR3D_FREQ 45% cpu@53.468C soc2@52.031C soc0@50.562C gpu@52.593C tj@53.468C soc1@52.218C VDD_IN 7142mW/6980mW VDD_CPU_GPU_CV 1822mW/1918mW VDD_SOC 1822mW/1701mW
10-08-2026 23:40:49 RAM 5568/7620MB (lfb 3x1MB) SWAP 559/5858MB (cached 0MB) CPU [16%@1510,28%@1510,10%@1510,37%@1510,22%@729,33%@729] GR3D_FREQ 0% cpu@53.406C soc2@52.062C soc0@50.343C gpu@52.531C tj@53.406C soc1@51.968C VDD_IN 6904mW/6978mW VDD_CPU_GPU_CV 1663mW/1912mW VDD_SOC 1782mW/1703mW
10-08-2026 23:40:50 RAM 5319/7620MB (lfb 110x1MB) SWAP 559/5858MB (cached 0MB) CPU [14%@1036,19%@1036,65%@1036,18%@1036,21%@1267,37%@1267] GR3D_FREQ 39% cpu@53.625C soc2@52C soc0@50.312C gpu@52.718C tj@53.625C soc1@51.937C VDD_IN 7102mW/6981mW VDD_CPU_GPU_CV 1703mW/1908mW VDD_SOC 1822mW/1705mW
10-08-2026 23:40:51 RAM 5431/7620MB (lfb 5x2MB) SWAP 559/5858MB (cached 0MB) CPU [13%@729,10%@1510,15%@1510,14%@1510,30%@1510,67%@1510] GR3D_FREQ 39% cpu@53.375C soc2@51.937C soc0@50.343C gpu@52.625C tj@53.375C soc1@52.031C VDD_IN 6785mW/6977mW VDD_CPU_GPU_CV 1545mW/1900mW VDD_SOC 1743mW/1706mW
10-08-2026 23:40:52 RAM 5432/7620MB (lfb 5x2MB) SWAP 559/5858MB (cached 0MB) CPU [10%@1510,16%@1510,6%@1510,5%@1510,37%@1510,57%@1510] GR3D_FREQ 31% cpu@53.437C soc2@51.906C soc0@50.406C gpu@52.5C tj@53.437C soc1@52.093C VDD_IN 6745mW/6972mW VDD_CPU_GPU_CV 1545mW/1893mW VDD_SOC 1743mW/1707mW
10-08-2026 23:40:53 RAM 5432/7620MB (lfb 5x2MB) SWAP 559/5858MB (cached 0MB) CPU [8%@1510,2%@1510,8%@1510,16%@1510,54%@1510,40%@1510] GR3D_FREQ 26% cpu@53.531C soc2@51.875C soc0@50.281C gpu@52.437C tj@53.531C soc1@51.937C VDD_IN 6745mW/6967mW VDD_CPU_GPU_CV 1545mW/1886mW VDD_SOC 1743mW/1708mW
10-08-2026 23:40:54 RAM 5432/7620MB (lfb 5x2MB) SWAP 559/5858MB (cached 0MB) CPU [11%@1497,19%@1510,10%@1510,27%@1510,23%@729,45%@729] GR3D_FREQ 63% cpu@53.312C soc2@51.843C soc0@50.343C gpu@52.531C tj@53.312C soc1@51.937C VDD_IN 6785mW/6964mW VDD_CPU_GPU_CV 1545mW/1879mW VDD_SOC 1743mW/1708mW
10-08-2026 23:40:55 RAM 5432/7620MB (lfb 5x2MB) SWAP 559/5858MB (cached 0MB) CPU [28%@729,52%@729,12%@729,12%@729,12%@1497,13%@1497] GR3D_FREQ 66% cpu@53.406C soc2@51.843C soc0@50.281C gpu@52.75C tj@53.406C soc1@51.875C VDD_IN 6745mW/6960mW VDD_CPU_GPU_CV 1545mW/1873mW VDD_SOC 1743mW/1709mW
10-08-2026 23:40:56 RAM 5432/7620MB (lfb 5x2MB) SWAP 559/5858MB (cached 0MB) CPU [16%@729,12%@729,11%@729,16%@729,16%@1497,70%@1497] GR3D_FREQ 44% cpu@53.375C soc2@51.843C soc0@50.437C gpu@52.687C tj@53.375C soc1@51.906C VDD_IN 6824mW/6957mW VDD_CPU_GPU_CV 1584mW/1867mW VDD_SOC 1743mW/1710mW
10-08-2026 23:40:57 RAM 5432/7620MB (lfb 5x2MB) SWAP 559/5858MB (cached 0MB) CPU [24%@1510,71%@1510,15%@1510,9%@1510,5%@729,8%@729] GR3D_FREQ 41% cpu@53.718C soc2@51.937C soc0@50.187C gpu@52.718C tj@53.718C soc1@51.906C VDD_IN 6824mW/6955mW VDD_CPU_GPU_CV 1584mW/1862mW VDD_SOC 1743mW/1710mW
10-08-2026 23:40:58 RAM 5433/7620MB (lfb 5x2MB) SWAP 559/5858MB (cached 0MB) CPU [38%@1510,58%@1510,15%@1510,17%@1510,5%@729,6%@729] GR3D_FREQ 40% cpu@53.531C soc2@51.906C soc0@50.218C gpu@52.531C tj@53.531C soc1@51.875C VDD_IN 6824mW/6952mW VDD_CPU_GPU_CV 1584mW/1857mW VDD_SOC 1743mW/1711mW
10-08-2026 23:40:59 RAM 5433/7620MB (lfb 5x2MB) SWAP 559/5858MB (cached 0MB) CPU [65%@1510,29%@1510,13%@1510,17%@1510,5%@729,7%@729] GR3D_FREQ 41% cpu@53.25C soc2@51.843C soc0@50.281C gpu@52.437C tj@53.25C soc1@52.031C VDD_IN 6824mW/6950mW VDD_CPU_GPU_CV 1584mW/1852mW VDD_SOC 1743mW/1711mW
10-08-2026 23:41:00 RAM 5433/7620MB (lfb 5x2MB) SWAP 559/5858MB (cached 0MB) CPU [16%@1510,29%@1510,10%@1510,11%@1510,28%@729,42%@729] GR3D_FREQ 63% cpu@53.343C soc2@51.75C soc0@50.312C gpu@52.531C tj@53.343C soc1@52C VDD_IN 6864mW/6948mW VDD_CPU_GPU_CV 1584mW/1847mW VDD_SOC 1743mW/1712mW
10-08-2026 23:41:01 RAM 5485/7620MB (lfb 119x1MB) SWAP 559/5858MB (cached 0MB) CPU [39%@1510,22%@1510,46%@1510,21%@1510,26%@1036,24%@1036] GR3D_FREQ 37% cpu@53.687C soc2@51.968C soc0@50.343C gpu@52.5C tj@53.687C soc1@51.875C VDD_IN 7063mW/6950mW VDD_CPU_GPU_CV 1861mW/1848mW VDD_SOC 1743mW/1713mW
10-08-2026 23:41:02 RAM 5487/7620MB (lfb 123x1MB) SWAP 559/5858MB (cached 0MB) CPU [47%@729,28%@1510,43%@1510,44%@1510,34%@1190,53%@1190] GR3D_FREQ 36% cpu@53.625C soc2@51.906C soc0@50.187C gpu@52.75C tj@53.625C soc1@51.906C VDD_IN 6467mW/6942mW VDD_CPU_GPU_CV 1505mW/1842mW VDD_SOC 1663mW/1712mW
10-08-2026 23:41:03 RAM 5535/7620MB (lfb 1x2MB) SWAP 559/5858MB (cached 0MB) CPU [43%@1510,60%@1510,59%@1510,36%@1510,40%@1510,52%@1510] GR3D_FREQ 0% cpu@54.062C soc2@52C soc0@50.187C gpu@52.406C tj@54.062C soc1@51.843C VDD_IN 7420mW/6950mW VDD_CPU_GPU_CV 2218mW/1848mW VDD_SOC 1745mW/1712mW
10-08-2026 23:41:04 RAM 5472/7620MB (lfb 10x2MB) SWAP 559/5858MB (cached 0MB) CPU [68%@1510,64%@1510,75%@1510,69%@1510,77%@1190,70%@1190] GR3D_FREQ 0% cpu@54.312C soc2@52.25C soc0@50.343C gpu@52.5C tj@54.312C soc1@52.125C VDD_IN 8531mW/6976mW VDD_CPU_GPU_CV 3045mW/1868mW VDD_SOC 1825mW/1714mW
10-08-2026 23:41:05 RAM 5607/7620MB (lfb 6x2MB) SWAP 559/5858MB (cached 0MB) CPU [60%@1510,78%@1510,75%@1510,72%@1510,78%@1510,76%@1510] GR3D_FREQ 56% cpu@54.531C soc2@52.625C soc0@50.312C gpu@52.875C tj@54.531C soc1@52.031C VDD_IN 9523mW/7017mW VDD_CPU_GPU_CV 3599mW/1896mW VDD_SOC 1980mW/1718mW
10-08-2026 23:41:06 RAM 5728/7620MB (lfb 125x1MB) SWAP 559/5858MB (cached 0MB) CPU [66%@1510,74%@1510,67%@1510,85%@1510,78%@729,68%@729] GR3D_FREQ 51% cpu@53.843C soc2@52.406C soc0@50.562C gpu@52.812C tj@53.843C soc1@52.25C VDD_IN 9523mW/7057mW VDD_CPU_GPU_CV 3520mW/1921mW VDD_SOC 2020mW/1723mW
10-08-2026 23:41:07 RAM 5794/7620MB (lfb 125x1MB) SWAP 559/5858MB (cached 0MB) CPU [20%@1510,32%@1510,16%@1510,64%@1510,36%@806,21%@806] GR3D_FREQ 46% cpu@53.625C soc2@52.312C soc0@50.593C gpu@52.656C tj@53.625C soc1@52.187C VDD_IN 7697mW/7067mW VDD_CPU_GPU_CV 2214mW/1926mW VDD_SOC 1861mW/1725mW
10-08-2026 23:41:08 RAM 5896/7620MB (lfb 125x1MB) SWAP 559/5858MB (cached 0MB) CPU [13%@1510,41%@1510,43%@1510,8%@1510,47%@729,24%@729] GR3D_FREQ 70% cpu@53.656C soc2@52.343C soc0@50.75C gpu@52.781C tj@53.656C soc1@52.062C VDD_IN 7896mW/7080mW VDD_CPU_GPU_CV 2294mW/1932mW VDD_SOC 1901mW/1728mW
10-08-2026 23:41:09 RAM 6011/7620MB (lfb 55x1MB) SWAP 559/5858MB (cached 0MB) CPU [18%@1113,10%@1113,41%@1113,13%@1113,43%@883,64%@883] GR3D_FREQ 63% cpu@53.593C soc2@52.25C soc0@50.593C gpu@52.843C tj@53.875C soc1@52.093C VDD_IN 7697mW/7089mW VDD_CPU_GPU_CV 2135mW/1935mW VDD_SOC 1901mW/1731mW
10-08-2026 23:41:10 RAM 5958/7620MB (lfb 16x2MB) SWAP 559/5858MB (cached 0MB) CPU [19%@1510,51%@1510,25%@1510,15%@1510,4%@729,28%@729] GR3D_FREQ 29% cpu@53.718C soc2@52.031C soc0@50.531C gpu@52.718C tj@53.5C soc1@52.125C VDD_IN 6745mW/7084mW VDD_CPU_GPU_CV 1465mW/1928mW VDD_SOC 1785mW/1731mW
10-08-2026 23:41:11 RAM 5961/7620MB (lfb 16x2MB) SWAP 559/5858MB (cached 0MB) CPU [11%@1510,66%@1510,9%@1510,23%@1510,1%@729,7%@729] GR3D_FREQ 38% cpu@53.531C soc2@52.062C soc0@50.5C gpu@52.812C tj@53.531C soc1@52.156C VDD_IN 6745mW/7079mW VDD_CPU_GPU_CV 1545mW/1922mW VDD_SOC 1745mW/1732mW
10-08-2026 23:41:12 RAM 5961/7620MB (lfb 16x2MB) SWAP 559/5858MB (cached 0MB) CPU [12%@1510,72%@1510,9%@1510,16%@1510,5%@729,7%@729] GR3D_FREQ 35% cpu@53.468C soc2@52.062C soc0@50.593C gpu@52.781C tj@53.468C soc1@52.187C VDD_IN 6745mW/7074mW VDD_CPU_GPU_CV 1545mW/1917mW VDD_SOC 1743mW/1732mW
10-08-2026 23:41:13 RAM 5961/7620MB (lfb 16x2MB) SWAP 559/5858MB (cached 0MB) CPU [11%@1510,74%@1510,18%@1510,9%@1510,5%@729,9%@729] GR3D_FREQ 40% cpu@53.687C soc2@52.093C soc0@50.593C gpu@52.812C tj@53.687C soc1@52.062C VDD_IN 6785mW/7070mW VDD_CPU_GPU_CV 1545mW/1911mW VDD_SOC 1743mW/1732mW
10-08-2026 23:41:14 RAM 5857/7620MB (lfb 55x1MB) SWAP 559/5858MB (cached 0MB) CPU [37%@1510,55%@1510,34%@1510,40%@1510,50%@806,39%@806] GR3D_FREQ 0% cpu@54C soc2@52.187C soc0@50.375C gpu@52.562C tj@54C soc1@52.125C VDD_IN 6745mW/7065mW VDD_CPU_GPU_CV 1743mW/1909mW VDD_SOC 1663mW/1731mW
10-08-2026 23:41:15 RAM 5770/7620MB (lfb 2x2MB) SWAP 559/5858MB (cached 0MB) CPU [43%@1510,41%@1510,44%@1510,46%@1510,54%@1036,32%@1036] GR3D_FREQ 32% cpu@53.625C soc2@52C soc0@50.5C gpu@52.656C tj@53.625C soc1@52.156C VDD_IN 6547mW/7058mW VDD_CPU_GPU_CV 1545mW/1904mW VDD_SOC 1663mW/1730mW
10-08-2026 23:41:16 RAM 5799/7620MB (lfb 57x1MB) SWAP 559/5858MB (cached 0MB) CPU [60%@1510,66%@1510,61%@1510,68%@1510,68%@1510,78%@1510] GR3D_FREQ 32% cpu@54.531C soc2@52.375C soc0@50.5C gpu@52.687C tj@54.531C soc1@52.281C VDD_IN 8332mW/7076mW VDD_CPU_GPU_CV 2926mW/1918mW VDD_SOC 1825mW/1731mW
10-08-2026 23:41:17 RAM 5827/7620MB (lfb 59x1MB) SWAP 559/5858MB (cached 0MB) CPU [62%@1510,75%@1510,67%@1510,56%@1510,72%@729,64%@729] GR3D_FREQ 73% cpu@54.062C soc2@52.687C soc0@50.593C gpu@53.125C tj@54.437C soc1@52.281C VDD_IN 8808mW/7099mW VDD_CPU_GPU_CV 3124mW/1934mW VDD_SOC 1901mW/1734mW
10-08-2026 23:41:18 RAM 5957/7620MB (lfb 59x1MB) SWAP 559/5858MB (cached 0MB) CPU [52%@1510,51%@1510,47%@1510,66%@1510,43%@729,46%@729] GR3D_FREQ 9% cpu@53.875C soc2@52.437C soc0@50.875C gpu@52.937C tj@53.875C soc1@52.312C VDD_IN 8808mW/7122mW VDD_CPU_GPU_CV 2966mW/1948mW VDD_SOC 1980mW/1737mW
10-08-2026 23:41:19 RAM 5981/7620MB (lfb 61x1MB) SWAP 559/5858MB (cached 0MB) CPU [27%@1497,17%@1497,37%@1497,33%@1497,57%@729,9%@729] GR3D_FREQ 44% cpu@53.75C soc2@52.625C soc0@50.75C gpu@52.843C tj@53.75C soc1@52.312C VDD_IN 7658mW/7129mW VDD_CPU_GPU_CV 2135mW/1950mW VDD_SOC 1861mW/1739mW
10-08-2026 23:41:20 RAM 6072/7620MB (lfb 59x1MB) SWAP 559/5858MB (cached 0MB) CPU [10%@1510,43%@1510,35%@1510,13%@1510,45%@1420,31%@1420] GR3D_FREQ 40% cpu@53.75C soc2@52.406C soc0@50.875C gpu@52.781C tj@53.75C soc1@52.218C VDD_IN 7618mW/7135mW VDD_CPU_GPU_CV 2060mW/1952mW VDD_SOC 1861mW/1740mW
10-08-2026 23:41:21 RAM 5927/7620MB (lfb 14x2MB) SWAP 559/5858MB (cached 0MB) CPU [20%@729,25%@729,45%@729,11%@729,7%@1497,23%@1497] GR3D_FREQ 25% cpu@53.687C soc2@52.25C soc0@50.687C gpu@53.062C tj@53.968C soc1@52.25C VDD_IN 6745mW/7130mW VDD_CPU_GPU_CV 1545mW/1947mW VDD_SOC 1743mW/1740mW
10-08-2026 23:41:22 RAM 5931/7620MB (lfb 17x2MB) SWAP 559/5858MB (cached 0MB) CPU [14%@729,9%@729,16%@729,8%@729,2%@1510,80%@1510] GR3D_FREQ 65% cpu@53.781C soc2@52.25C soc0@50.531C gpu@52.937C tj@53.781C soc1@52.312C VDD_IN 6745mW/7125mW VDD_CPU_GPU_CV 1545mW/1942mW VDD_SOC 1743mW/1740mW
10-08-2026 23:41:23 RAM 5931/7620MB (lfb 17x2MB) SWAP 559/5858MB (cached 0MB) CPU [11%@1510,8%@1510,10%@1510,15%@1510,6%@1420,81%@1420] GR3D_FREQ 60% cpu@53.656C soc2@52.125C soc0@50.562C gpu@53C tj@53.656C soc1@52.312C VDD_IN 6705mW/7120mW VDD_CPU_GPU_CV 1545mW/1937mW VDD_SOC 1743mW/1740mW
10-08-2026 23:41:24 RAM 5931/7620MB (lfb 17x2MB) SWAP 559/5858MB (cached 0MB) CPU [13%@729,11%@1510,9%@1510,11%@1510,3%@1510,81%@1510] GR3D_FREQ 66% cpu@53.593C soc2@52.218C soc0@50.687C gpu@52.687C tj@53.593C soc1@52.375C VDD_IN 6745mW/7115mW VDD_CPU_GPU_CV 1545mW/1932mW VDD_SOC 1743mW/1740mW
10-08-2026 23:41:25 RAM 5866/7620MB (lfb 2x4MB) SWAP 559/5858MB (cached 0MB) CPU [25%@1510,21%@1510,19%@1510,34%@1510,14%@1267,68%@1267] GR3D_FREQ 1% cpu@54.187C soc2@52.343C soc0@50.468C gpu@52.75C tj@54.187C soc1@52.218C VDD_IN 7063mW/7115mW VDD_CPU_GPU_CV 1861mW/1931mW VDD_SOC 1706mW/1740mW
10-08-2026 23:41:26 RAM 5867/7620MB (lfb 2x4MB) SWAP 559/5858MB (cached 0MB) CPU [38%@1510,42%@1510,38%@1510,34%@1510,26%@729,61%@729] GR3D_FREQ 1% cpu@54.062C soc2@52.218C soc0@50.5C gpu@52.625C tj@54.062C soc1@52.218C VDD_IN 6547mW/7108mW VDD_CPU_GPU_CV 1584mW/1927mW VDD_SOC 1663mW/1739mW
10-08-2026 23:41:27 RAM 5906/7620MB (lfb 79x1MB) SWAP 559/5858MB (cached 0MB) CPU [59%@1510,30%@1510,61%@1510,52%@1510,43%@1267,52%@1267] GR3D_FREQ 0% cpu@54.187C soc2@52.375C soc0@50.656C gpu@52.812C tj@54.187C soc1@52.25C VDD_IN 7539mW/7113mW VDD_CPU_GPU_CV 2297mW/1931mW VDD_SOC 1745mW/1739mW
10-08-2026 23:41:28 RAM 5911/7620MB (lfb 79x1MB) SWAP 559/5858MB (cached 0MB) CPU [74%@1510,67%@1510,65%@1510,64%@1510,80%@1510,81%@1510] GR3D_FREQ 0% cpu@54.75C soc2@52.531C soc0@50.718C gpu@53.156C tj@54.75C soc1@52.562C VDD_IN 8650mW/7131mW VDD_CPU_GPU_CV 3129mW/1945mW VDD_SOC 1825mW/1740mW
10-08-2026 23:41:29 RAM 5977/7620MB (lfb 79x1MB) SWAP 559/5858MB (cached 0MB) CPU [49%@1510,79%@1510,56%@1510,46%@1510,47%@1510,50%@1510] GR3D_FREQ 60% cpu@54.781C soc2@52.718C soc0@50.656C gpu@53.187C tj@54.781C soc1@52.312C VDD_IN 8491mW/7147mW VDD_CPU_GPU_CV 2926mW/1957mW VDD_SOC 1861mW/1741mW
10-08-2026 23:41:30 RAM 6073/7620MB (lfb 79x1MB) SWAP 559/5858MB (cached 0MB) CPU [81%@1510,83%@1510,79%@1510,72%@1510,88%@1510,83%@1510] GR3D_FREQ 53% cpu@54.656C soc2@52.812C soc0@50.781C gpu@53.156C tj@54.656C soc1@52.437C VDD_IN 9840mW/7178mW VDD_CPU_GPU_CV 3836mW/1978mW VDD_SOC 1980mW/1744mW
10-08-2026 23:41:31 RAM 6134/7620MB (lfb 79x1MB) SWAP 559/5858MB (cached 0MB) CPU [79%@1510,80%@1510,75%@1510,80%@1510,85%@1510,82%@1510] GR3D_FREQ 60% cpu@55.156C soc2@53C soc0@50.843C gpu@53.281C tj@55.156C soc1@52.593C VDD_IN 10078mW/7211mW VDD_CPU_GPU_CV 3988mW/2001mW VDD_SOC 2020mW/1747mW
10-08-2026 23:41:32 RAM 6191/7620MB (lfb 1x2MB) SWAP 559/5858MB (cached 0MB) CPU [83%@1497,89%@1497,77%@1497,85%@1497,82%@1510,84%@1510] GR3D_FREQ 50% cpu@54.906C soc2@53.093C soc0@51.156C gpu@53.656C tj@54.906C soc1@52.625C VDD_IN 10078mW/7243mW VDD_CPU_GPU_CV 3988mW/2023mW VDD_SOC 1980mW/1750mW
10-08-2026 23:41:33 RAM 6277/7620MB (lfb 66x1MB) SWAP 559/5858MB (cached 0MB) CPU [66%@1510,74%@1510,62%@1510,70%@1510,73%@1510,77%@1510] GR3D_FREQ 1% cpu@55.062C soc2@52.968C soc0@51.125C gpu@53.656C tj@55.062C soc1@52.625C VDD_IN 9721mW/7271mW VDD_CPU_GPU_CV 3757mW/2043mW VDD_SOC 1980mW/1753mW
10-08-2026 23:41:34 RAM 6119/7620MB (lfb 23x2MB) SWAP 559/5858MB (cached 0MB) CPU [83%@1510,86%@1510,82%@1510,78%@1510,74%@1344,76%@1344] GR3D_FREQ 0% cpu@54.937C soc2@53C soc0@51.093C gpu@53.656C tj@54.937C soc1@52.812C VDD_IN 9245mW/7292mW VDD_CPU_GPU_CV 3520mW/2059mW VDD_SOC 1901mW/1754mW
10-08-2026 23:41:35 RAM 6227/7620MB (lfb 4x1MB) SWAP 559/5858MB (cached 0MB) CPU [75%@1510,74%@1510,62%@1510,68%@1510,77%@1420,72%@1420] GR3D_FREQ 66% cpu@55.218C soc2@53.343C soc0@51.312C gpu@53.5C tj@55.218C soc1@53.031C VDD_IN 9959mW/7321mW VDD_CPU_GPU_CV 3909mW/2079mW VDD_SOC 1980mW/1757mW
10-08-2026 23:41:36 RAM 6294/7620MB (lfb 17x64kB) SWAP 559/5858MB (cached 0MB) CPU [88%@1510,89%@1510,76%@1510,80%@1510,86%@1510,93%@1510] GR3D_FREQ 69% cpu@55.312C soc2@53.312C soc0@51.281C gpu@53.531C tj@55.312C soc1@52.968C VDD_IN 10300mW/7353mW VDD_CPU_GPU_CV 4185mW/2102mW VDD_SOC 2020mW/1759mW
10-08-2026 23:41:37 RAM 6295/7620MB (lfb 17x64kB) SWAP 559/5858MB (cached 0MB) CPU [24%@1510,41%@1510,79%@1510,39%@1510,25%@729,25%@729] GR3D_FREQ 50% cpu@54.468C soc2@53.312C soc0@51.437C gpu@53.531C tj@54.468C soc1@52.812C VDD_IN 8293mW/7363mW VDD_CPU_GPU_CV 2610mW/2107mW VDD_SOC 1861mW/1761mW
10-08-2026 23:41:38 RAM 6295/7620MB (lfb 17x64kB) SWAP 559/5858MB (cached 0MB) CPU [14%@1510,7%@1510,85%@1510,23%@1510,13%@729,42%@729] GR3D_FREQ 38% cpu@54.406C soc2@53.031C soc0@51.312C gpu@53.718C tj@54.406C soc1@52.781C VDD_IN 8055mW/7371mW VDD_CPU_GPU_CV 2412mW/2110mW VDD_SOC 1861mW/1762mW
10-08-2026 23:41:39 RAM 6296/7620MB (lfb 17x64kB) SWAP 559/5858MB (cached 0MB) CPU [19%@1497,28%@1497,41%@1497,29%@1497,17%@729,65%@729] GR3D_FREQ 48% cpu@54.156C soc2@52.812C soc0@51.281C gpu@53.687C tj@54.156C soc1@52.812C VDD_IN 7618mW/7373mW VDD_CPU_GPU_CV 2135mW/2111mW VDD_SOC 1822mW/1762mW
10-08-2026 23:41:40 RAM 6296/7620MB (lfb 17x64kB) SWAP 559/5858MB (cached 0MB) CPU [12%@1510,56%@1510,65%@1510,29%@1510,8%@729,9%@729] GR3D_FREQ 44% cpu@54.187C soc2@53.062C soc0@51.375C gpu@53.468C tj@54.25C soc1@52.843C VDD_IN 8094mW/7381mW VDD_CPU_GPU_CV 2452mW/2114mW VDD_SOC 1861mW/1763mW
10-08-2026 23:41:41 RAM 6214/7620MB (lfb 8x2MB) SWAP 559/5858MB (cached 0MB) CPU [15%@1510,24%@1510,41%@1510,20%@1510,28%@1190,31%@1190] GR3D_FREQ 70% cpu@54.281C soc2@52.75C soc0@51.187C gpu@53.625C tj@54.281C soc1@52.718C VDD_IN 7182mW/7379mW VDD_CPU_GPU_CV 1743mW/2110mW VDD_SOC 1782mW/1763mW
10-08-2026 23:41:42 RAM 6209/7620MB (lfb 9x2MB) SWAP 559/5858MB (cached 0MB) CPU [13%@729,2%@729,14%@729,7%@729,24%@1497,62%@1497] GR3D_FREQ 68% cpu@54.156C soc2@52.687C soc0@51.093C gpu@53.468C tj@54.156C soc1@52.781C VDD_IN 6745mW/7372mW VDD_CPU_GPU_CV 1584mW/2105mW VDD_SOC 1666mW/1762mW
10-08-2026 23:41:43 RAM 6209/7620MB (lfb 9x2MB) SWAP 559/5858MB (cached 0MB) CPU [18%@1510,41%@1510,10%@1510,9%@1510,1%@729,32%@729] GR3D_FREQ 30% cpu@53.906C soc2@52.687C soc0@51.218C gpu@53.5C tj@53.906C soc1@52.75C VDD_IN 6705mW/7366mW VDD_CPU_GPU_CV 1545mW/2099mW VDD_SOC 1666mW/1761mW
10-08-2026 23:41:44 RAM 6210/7620MB (lfb 9x2MB) SWAP 559/5858MB (cached 0MB) CPU [26%@1510,42%@1510,20%@1510,3%@1510,14%@729,7%@729] GR3D_FREQ 40% cpu@53.906C soc2@52.687C soc0@51.156C gpu@53.156C tj@53.906C soc1@52.75C VDD_IN 6705mW/7359mW VDD_CPU_GPU_CV 1584mW/2094mW VDD_SOC 1666mW/1761mW
10-08-2026 23:41:45 RAM 6210/7620MB (lfb 9x2MB) SWAP 559/5858MB (cached 0MB) CPU [29%@1510,21%@1510,8%@1510,48%@1510,1%@729,6%@729] GR3D_FREQ 40% cpu@53.968C soc2@52.593C soc0@51.187C gpu@53.25C tj@53.968C soc1@52.625C VDD_IN 6705mW/7353mW VDD_CPU_GPU_CV 1584mW/2089mW VDD_SOC 1666mW/1760mW
10-08-2026 23:41:46 RAM 6210/7620MB (lfb 9x2MB) SWAP 559/5858MB (cached 0MB) CPU [11%@1510,40%@1510,8%@1510,44%@1510,5%@729,4%@729] GR3D_FREQ 35% cpu@54.093C soc2@52.593C soc0@50.937C gpu@53.218C tj@54.093C soc1@52.625C VDD_IN 6705mW/7346mW VDD_CPU_GPU_CV 1584mW/2084mW VDD_SOC 1666mW/1759mW
10-08-2026 23:41:47 RAM 6210/7620MB (lfb 9x2MB) SWAP 559/5858MB (cached 0MB) CPU [14%@1510,14%@1510,11%@1510,61%@1510,4%@729,6%@729] GR3D_FREQ 41% cpu@54C soc2@52.593C soc0@51.031C gpu@53.187C tj@54C soc1@52.625C VDD_IN 6745mW/7341mW VDD_CPU_GPU_CV 1584mW/2080mW VDD_SOC 1666mW/1758mW
10-08-2026 23:41:48 RAM 6210/7620MB (lfb 9x2MB) SWAP 559/5858MB (cached 0MB) CPU [29%@1510,12%@1497,37%@1497,24%@1497,3%@729,3%@729] GR3D_FREQ 59% cpu@53.875C soc2@52.562C soc0@51.062C gpu@53.25C tj@53.875C soc1@52.687C VDD_IN 6745mW/7335mW VDD_CPU_GPU_CV 1584mW/2075mW VDD_SOC 1663mW/1757mW
10-08-2026 23:41:49 RAM 6324/7620MB (lfb 1x2MB) SWAP 559/5858MB (cached 0MB) CPU [39%@1190,53%@1113,37%@1113,40%@1113,28%@806,19%@806] GR3D_FREQ 30% cpu@54.25C soc2@52.5C soc0@51.156C gpu@53.156C tj@54.25C soc1@52.531C VDD_IN 6864mW/7330mW VDD_CPU_GPU_CV 1822mW/2072mW VDD_SOC 1624mW/1756mW
10-08-2026 23:41:50 RAM 6330/7620MB (lfb 1x2MB) SWAP 559/5858MB (cached 0MB) CPU [41%@1190,39%@1190,51%@1190,34%@1190,29%@729,43%@729] GR3D_FREQ 12% cpu@54.125C soc2@52.656C soc0@50.937C gpu@53.062C tj@54.125C soc1@52.562C VDD_IN 6428mW/7322mW VDD_CPU_GPU_CV 1545mW/2067mW VDD_SOC 1584mW/1754mW
10-08-2026 23:41:51 RAM 6334/7620MB (lfb 4x1MB) SWAP 559/5858MB (cached 0MB) CPU [34%@1510,50%@1510,30%@1510,46%@1510,53%@729,38%@729] GR3D_FREQ 0% cpu@54.218C soc2@52.562C soc0@51C gpu@53.093C tj@54.218C soc1@52.593C VDD_IN 6428mW/7314mW VDD_CPU_GPU_CV 1545mW/2063mW VDD_SOC 1587mW/1752mW
10-08-2026 23:41:53 RAM 6325/7620MB (lfb 1x512kB) SWAP 559/5858MB (cached 0MB) CPU [64%@1510,69%@1510,66%@1510,69%@1510,71%@1510,69%@1510] GR3D_FREQ 0% cpu@54.781C soc2@52.843C soc0@51C gpu@53.25C tj@54.781C soc1@52.843C VDD_IN 8134mW/7321mW VDD_CPU_GPU_CV 2812mW/2070mW VDD_SOC 1745mW/1752mW
10-08-2026 23:41:54 RAM 6273/7620MB (lfb 11x256kB) SWAP 559/5858MB (cached 0MB) CPU [59%@1510,67%@1510,67%@1510,61%@1510,61%@883,47%@883] GR3D_FREQ 43% cpu@54.781C soc2@53C soc0@51.156C gpu@53.281C tj@54.781C soc1@52.75C VDD_IN 8531mW/7332mW VDD_CPU_GPU_CV 3005mW/2078mW VDD_SOC 1822mW/1753mW
10-08-2026 23:41:55 RAM 6354/7620MB (lfb 2x512kB) SWAP 559/5858MB (cached 0MB) CPU [73%@1510,62%@1510,71%@1510,71%@1510,78%@1510,73%@1510] GR3D_FREQ 45% cpu@55.031C soc2@53.312C soc0@51.281C gpu@53.593C tj@55.031C soc1@52.937C VDD_IN 9824mW/7355mW VDD_CPU_GPU_CV 3869mW/2094mW VDD_SOC 1980mW/1755mW
10-08-2026 23:41:56 RAM 6393/7620MB (lfb 1x1MB) SWAP 559/5858MB (cached 0MB) CPU [82%@1510,50%@1510,54%@1510,47%@1510,53%@729,45%@729] GR3D_FREQ 44% cpu@54.625C soc2@53C soc0@51.281C gpu@53.312C tj@54.625C soc1@52.812C VDD_IN 7618mW/7357mW VDD_CPU_GPU_CV 2254mW/2096mW VDD_SOC 1743mW/1755mW
10-08-2026 23:41:57 RAM 6305/7620MB (lfb 2x512kB) SWAP 559/5858MB (cached 0MB) CPU [52%@1510,72%@1510,66%@1510,64%@1510,70%@1497,82%@1497] GR3D_FREQ 44% cpu@55.156C soc2@53.343C soc0@51.406C gpu@53.687C tj@55.031C soc1@52.843C VDD_IN 9364mW/7375mW VDD_CPU_GPU_CV 3480mW/2108mW VDD_SOC 1941mW/1757mW
10-08-2026 23:41:58 RAM 6378/7620MB (lfb 3x512kB) SWAP 559/5858MB (cached 0MB) CPU [87%@1510,88%@1510,81%@1510,91%@1510,82%@1510,84%@1510] GR3D_FREQ 19% cpu@55.406C soc2@53.437C soc0@51.531C gpu@53.625C tj@55.406C soc1@53.093C VDD_IN 10300mW/7400mW VDD_CPU_GPU_CV 4185mW/2126mW VDD_SOC 2020mW/1759mW
10-08-2026 23:41:59 RAM 6392/7620MB (lfb 3x256kB) SWAP 560/5858MB (cached 0MB) CPU [88%@1510,71%@1510,66%@1510,63%@1510,73%@1113,74%@1113] GR3D_FREQ 39% cpu@55.406C soc2@53.468C soc0@51.531C gpu@53.625C tj@55.406C soc1@53.093C VDD_IN 9324mW/7417mW VDD_CPU_GPU_CV 3520mW/2138mW VDD_SOC 1901mW/1760mW
10-08-2026 23:42:00 RAM 6432/7620MB (lfb 1x64kB) SWAP 568/5858MB (cached 0MB) CPU [71%@1510,65%@1510,66%@1510,82%@1510,82%@1510,72%@1510] GR3D_FREQ 52% cpu@55.375C soc2@53.593C soc0@51.531C gpu@53.656C tj@55.375C soc1@53.062C VDD_IN 9983mW/7439mW VDD_CPU_GPU_CV 3948mW/2154mW VDD_SOC 1980mW/1762mW
10-08-2026 23:42:01 RAM 6433/7620MB (lfb 1790x32kB) SWAP 573/5858MB (cached 0MB) CPU [66%@1267,67%@1267,68%@1267,59%@1267,79%@1510,89%@1510] GR3D_FREQ 50% cpu@55.531C soc2@53.531C soc0@51.593C gpu@53.906C tj@55.312C soc1@53.187C VDD_IN 9705mW/7459mW VDD_CPU_GPU_CV 3751mW/2167mW VDD_SOC 1980mW/1764mW
10-08-2026 23:42:02 RAM 6434/7620MB (lfb 1783x32kB) SWAP 573/5858MB (cached 0MB) CPU [77%@1510,59%@1510,25%@1510,50%@1510,47%@729,34%@729] GR3D_FREQ 77% cpu@54.718C soc2@53.531C soc0@51.687C gpu@54C tj@54.718C soc1@53.281C VDD_IN 8570mW/7468mW VDD_CPU_GPU_CV 2808mW/2173mW VDD_SOC 1901mW/1765mW
10-08-2026 23:42:03 RAM 6435/7620MB (lfb 1782x32kB) SWAP 573/5858MB (cached 0MB) CPU [38%@1510,12%@1510,9%@1510,39%@1510,37%@1420,49%@1420] GR3D_FREQ 69% cpu@54.687C soc2@53.281C soc0@51.75C gpu@53.812C tj@54.687C soc1@53.062C VDD_IN 8094mW/7473mW VDD_CPU_GPU_CV 2491mW/2176mW VDD_SOC 1861mW/1766mW
10-08-2026 23:42:04 RAM 6051/7620MB (lfb 1x2MB) SWAP 575/5858MB (cached 0MB) CPU [14%@1510,14%@1510,13%@1510,25%@1510,51%@1420,66%@1420] GR3D_FREQ 54% cpu@54.625C soc2@53.125C soc0@51.5C gpu@53.531C tj@54.625C soc1@53C VDD_IN 7023mW/7470mW VDD_CPU_GPU_CV 1743mW/2172mW VDD_SOC 1743mW/1766mW
10-08-2026 23:42:05 RAM 6064/7620MB (lfb 1x2MB) SWAP 575/5858MB (cached 0MB) CPU [19%@1510,6%@1510,7%@1510,9%@1510,19%@1510,77%@1510] GR3D_FREQ 38% cpu@54.437C soc2@52.968C soc0@51.468C gpu@53.5C tj@54.437C soc1@53.062C VDD_IN 6785mW/7464mW VDD_CPU_GPU_CV 1584mW/2167mW VDD_SOC 1703mW/1765mW
10-08-2026 23:42:06 RAM 6064/7620MB (lfb 1x2MB) SWAP 575/5858MB (cached 0MB) CPU [18%@1510,5%@1510,7%@1510,5%@1510,6%@1510,74%@1510] GR3D_FREQ 39% cpu@54.468C soc2@52.937C soc0@51.406C gpu@53.468C tj@54.468C soc1@53.156C VDD_IN 6666mW/7457mW VDD_CPU_GPU_CV 1545mW/2162mW VDD_SOC 1663mW/1764mW
10-08-2026 23:42:07 RAM 6064/7620MB (lfb 1x2MB) SWAP 575/5858MB (cached 0MB) CPU [4%@1510,3%@1510,4%@1510,14%@1510,8%@1510,75%@1510] GR3D_FREQ 36% cpu@54.375C soc2@52.968C soc0@51.625C gpu@53.656C tj@54.375C soc1@53C VDD_IN 6666mW/7451mW VDD_CPU_GPU_CV 1545mW/2157mW VDD_SOC 1663mW/1764mW
10-08-2026 23:42:08 RAM 6064/7620MB (lfb 1x2MB) SWAP 575/5858MB (cached 0MB) CPU [14%@1510,5%@1510,7%@1510,6%@1510,16%@1510,62%@1510] GR3D_FREQ 41% cpu@54.5C soc2@52.843C soc0@51.281C gpu@53.656C tj@54.5C soc1@52.906C VDD_IN 6666mW/7445mW VDD_CPU_GPU_CV 1584mW/2152mW VDD_SOC 1663mW/1763mW
10-08-2026 23:42:09 RAM 6064/7620MB (lfb 1x2MB) SWAP 575/5858MB (cached 0MB) CPU [17%@729,4%@729,5%@729,9%@729,1%@1510,79%@1510] GR3D_FREQ 47% cpu@54.375C soc2@52.781C soc0@51.406C gpu@53.625C tj@54.375C soc1@52.968C VDD_IN 6666mW/7438mW VDD_CPU_GPU_CV 1584mW/2148mW VDD_SOC 1666mW/1762mW
10-08-2026 23:42:10 RAM 6064/7620MB (lfb 1x2MB) SWAP 575/5858MB (cached 0MB) CPU [15%@1510,5%@1510,10%@1510,10%@1510,22%@1497,58%@1497] GR3D_FREQ 63% cpu@54.281C soc2@52.781C soc0@51.406C gpu@53.375C tj@54.281C soc1@53.031C VDD_IN 6705mW/7433mW VDD_CPU_GPU_CV 1545mW/2143mW VDD_SOC 1663mW/1761mW
10-08-2026 23:42:11 RAM 6142/7620MB (lfb 4x1MB) SWAP 575/5858MB (cached 0MB) CPU [23%@1510,22%@1510,23%@1510,26%@1510,17%@1036,57%@1036] GR3D_FREQ 16% cpu@54.656C soc2@52.906C soc0@51.5C gpu@53.343C tj@54.843C soc1@52.812C VDD_IN 6983mW/7429mW VDD_CPU_GPU_CV 1861mW/2141mW VDD_SOC 1666mW/1760mW
10-08-2026 23:42:12 RAM 6131/7620MB (lfb 1x2MB) SWAP 575/5858MB (cached 0MB) CPU [38%@1510,35%@1510,32%@1510,42%@1510,51%@729,47%@729] GR3D_FREQ 9% cpu@54.437C soc2@52.875C soc0@51.187C gpu@53.343C tj@54.187C soc1@52.843C VDD_IN 6467mW/7422mW VDD_CPU_GPU_CV 1584mW/2136mW VDD_SOC 1587mW/1759mW
10-08-2026 23:42:13 RAM 6132/7620MB (lfb 1x2MB) SWAP 575/5858MB (cached 0MB) CPU [41%@1510,44%@1510,58%@1510,48%@1510,38%@1420,62%@1420] GR3D_FREQ 0% cpu@55.093C soc2@52.875C soc0@51.156C gpu@53.625C tj@55.093C soc1@52.843C VDD_IN 7221mW/7420mW VDD_CPU_GPU_CV 2099mW/2136mW VDD_SOC 1666mW/1758mW
10-08-2026 23:42:14 RAM 6138/7620MB (lfb 1x2MB) SWAP 575/5858MB (cached 0MB) CPU [70%@1510,62%@1510,62%@1510,66%@1510,68%@1510,80%@1510] GR3D_FREQ 0% cpu@55C soc2@53.187C soc0@51.281C gpu@53.75C tj@55C soc1@53.031C VDD_IN 8412mW/7428mW VDD_CPU_GPU_CV 3005mW/2143mW VDD_SOC 1745mW/1758mW
10-08-2026 23:42:15 RAM 5898/7620MB (lfb 10x2MB) SWAP 575/5858MB (cached 0MB) CPU [61%@1510,70%@1510,59%@1510,71%@1510,73%@1190,68%@1190] GR3D_FREQ 0% cpu@55.187C soc2@53.281C soc0@51.281C gpu@53.593C tj@55.187C soc1@52.937C VDD_IN 8729mW/7438mW VDD_CPU_GPU_CV 3203mW/2151mW VDD_SOC 1822mW/1759mW
10-08-2026 23:42:16 RAM 6034/7620MB (lfb 15x2MB) SWAP 575/5858MB (cached 0MB) CPU [72%@1510,67%@1510,76%@1510,78%@1510,73%@1510,72%@1510] GR3D_FREQ 74% cpu@55.25C soc2@53.75C soc0@51.437C gpu@53.656C tj@55.25C soc1@53C VDD_IN 9523mW/7453mW VDD_CPU_GPU_CV 3559mW/2162mW VDD_SOC 1980mW/1760mW
10-08-2026 23:42:17 RAM 6128/7620MB (lfb 17x2MB) SWAP 575/5858MB (cached 0MB) CPU [42%@729,35%@729,33%@729,49%@729,45%@1036,49%@1036] GR3D_FREQ 82% cpu@54.468C soc2@53.218C soc0@51.593C gpu@53.656C tj@54.468C soc1@53.093C VDD_IN 8015mW/7458mW VDD_CPU_GPU_CV 2491mW/2164mW VDD_SOC 1822mW/1761mW
10-08-2026 23:42:18 RAM 6269/7620MB (lfb 17x2MB) SWAP 575/5858MB (cached 0MB) CPU [11%@729,17%@729,7%@729,8%@729,73%@1510,69%@1510] GR3D_FREQ 74% cpu@54.593C soc2@53.25C soc0@51.593C gpu@53.625C tj@54.593C soc1@53.125C VDD_IN 8213mW/7463mW VDD_CPU_GPU_CV 2531mW/2167mW VDD_SOC 1901mW/1762mW
10-08-2026 23:42:19 RAM 6301/7620MB (lfb 1x4MB) SWAP 575/5858MB (cached 0MB) CPU [14%@1510,14%@1510,13%@1510,27%@1510,56%@806,40%@806] GR3D_FREQ 50% cpu@54.375C soc2@53.125C soc0@51.375C gpu@53.906C tj@54.375C soc1@52.875C VDD_IN 7023mW/7460mW VDD_CPU_GPU_CV 1782mW/2164mW VDD_SOC 1745mW/1762mW
10-08-2026 23:42:20 RAM 6301/7620MB (lfb 1x4MB) SWAP 575/5858MB (cached 0MB) CPU [6%@729,9%@729,4%@729,1%@729,7%@1510,82%@1510] GR3D_FREQ 41% cpu@54.562C soc2@52.906C soc0@51.25C gpu@53.281C tj@54.562C soc1@53C VDD_IN 6626mW/7454mW VDD_CPU_GPU_CV 1505mW/2159mW VDD_SOC 1666mW/1761mW
10-08-2026 23:42:21 RAM 6302/7620MB (lfb 1x4MB) SWAP 575/5858MB (cached 0MB) CPU [11%@729,2%@1510,6%@1510,2%@1510,12%@1510,81%@1510] GR3D_FREQ 30% cpu@54.312C soc2@52.875C soc0@51.312C gpu@53.281C tj@54.312C soc1@52.968C VDD_IN 6626mW/7448mW VDD_CPU_GPU_CV 1545mW/2155mW VDD_SOC 1663mW/1760mW
10-08-2026 23:42:22 RAM 6302/7620MB (lfb 1x4MB) SWAP 575/5858MB (cached 0MB) CPU [7%@729,4%@729,7%@729,3%@729,10%@1510,80%@1510] GR3D_FREQ 39% cpu@54.312C soc2@52.812C soc0@51.375C gpu@53.375C tj@54.312C soc1@53.031C VDD_IN 6705mW/7442mW VDD_CPU_GPU_CV 1545mW/2150mW VDD_SOC 1663mW/1760mW
10-08-2026 23:42:23 RAM 6302/7620MB (lfb 1x4MB) SWAP 575/5858MB (cached 0MB) CPU [7%@1510,3%@1510,7%@1510,4%@1510,9%@1497,77%@1497] GR3D_FREQ 38% cpu@54.25C soc2@52.812C soc0@51.281C gpu@53.468C tj@54.25C soc1@52.75C VDD_IN 6666mW/7437mW VDD_CPU_GPU_CV 1545mW/2146mW VDD_SOC 1666mW/1759mW
10-08-2026 23:42:24 RAM 6302/7620MB (lfb 1x4MB) SWAP 575/5858MB (cached 0MB) CPU [15%@729,2%@729,5%@729,6%@729,5%@1510,80%@1510] GR3D_FREQ 39% cpu@54.312C soc2@52.781C soc0@51.187C gpu@53.406C tj@54.312C soc1@52.812C VDD_IN 6666mW/7431mW VDD_CPU_GPU_CV 1545mW/2142mW VDD_SOC 1666mW/1758mW
10-08-2026 23:42:25 RAM 6290/7620MB (lfb 1x4MB) SWAP 575/5858MB (cached 0MB) CPU [14%@1510,27%@1510,7%@1510,24%@1510,4%@729,42%@729] GR3D_FREQ 0% cpu@54.5C soc2@52.781C soc0@51.187C gpu@53.156C tj@54.5C soc1@52.781C VDD_IN 6428mW/7424mW VDD_CPU_GPU_CV 1426mW/2136mW VDD_SOC 1624mW/1757mW
10-08-2026 23:42:26 RAM 6465/7620MB (lfb 25x1MB) SWAP 575/5858MB (cached 0MB) CPU [44%@1510,55%@1510,48%@1510,42%@1510,37%@883,46%@883] GR3D_FREQ 13% cpu@54.281C soc2@52.687C soc0@51.187C gpu@53.125C tj@54.281C soc1@52.812C VDD_IN 6507mW/7418mW VDD_CPU_GPU_CV 1584mW/2133mW VDD_SOC 1584mW/1756mW
10-08-2026 23:42:27 RAM 6465/7620MB (lfb 25x1MB) SWAP 575/5858MB (cached 0MB) CPU [37%@1510,39%@1510,49%@1510,45%@1510,54%@883,36%@883] GR3D_FREQ 0% cpu@54.343C soc2@52.75C soc0@51.187C gpu@53.156C tj@54.343C soc1@52.75C VDD_IN 6547mW/7412mW VDD_CPU_GPU_CV 1663mW/2129mW VDD_SOC 1584mW/1755mW
10-08-2026 23:42:28 RAM 6497/7620MB (lfb 11x1MB) SWAP 575/5858MB (cached 0MB) CPU [65%@1510,74%@1510,74%@1510,72%@1510,78%@1510,67%@1510] GR3D_FREQ 0% cpu@55.281C soc2@53.125C soc0@51.062C gpu@53.468C tj@55.281C soc1@52.875C VDD_IN 8451mW/7419mW VDD_CPU_GPU_CV 3045mW/2136mW VDD_SOC 1745mW/1755mW
10-08-2026 23:42:29 RAM 6478/7620MB (lfb 3x2MB) SWAP 575/5858MB (cached 0MB) CPU [70%@1510,68%@1510,67%@1510,69%@1510,65%@1420,71%@1420] GR3D_FREQ 20% cpu@54.937C soc2@53.156C soc0@51.25C gpu@53.625C tj@54.937C soc1@53C VDD_IN 9126mW/7431mW VDD_CPU_GPU_CV 3361mW/2144mW VDD_SOC 1901mW/1756mW
10-08-2026 23:42:30 RAM 6551/7620MB (lfb 6x128kB) SWAP 575/5858MB (cached 0MB) CPU [84%@1036,76%@1036,74%@1036,66%@1036,76%@1510,77%@1510] GR3D_FREQ 69% cpu@54.875C soc2@53.593C soc0@51.5C gpu@53.625C tj@54.875C soc1@53.156C VDD_IN 9681mW/7446mW VDD_CPU_GPU_CV 3678mW/2155mW VDD_SOC 1980mW/1757mW
10-08-2026 23:42:31 RAM 6552/7620MB (lfb 6x128kB) SWAP 575/5858MB (cached 0MB) CPU [34%@1510,13%@1510,17%@1510,27%@1510,47%@1510,62%@1510] GR3D_FREQ 54% cpu@54.625C soc2@53.062C soc0@51.5C gpu@53.562C tj@54.625C soc1@52.875C VDD_IN 8055mW/7450mW VDD_CPU_GPU_CV 2452mW/2157mW VDD_SOC 1861mW/1758mW
10-08-2026 23:42:32 RAM 6554/7620MB (lfb 17x64kB) SWAP 575/5858MB (cached 0MB) CPU [16%@1510,16%@1510,11%@1510,11%@1510,85%@1190,50%@1190] GR3D_FREQ 73% cpu@54.312C soc2@53.187C soc0@51.375C gpu@53.468C tj@54.312C soc1@52.968C VDD_IN 8015mW/7454mW VDD_CPU_GPU_CV 2412mW/2158mW VDD_SOC 1861mW/1759mW
10-08-2026 23:42:33 RAM 6455/7620MB (lfb 7x2MB) SWAP 576/5858MB (cached 0MB) CPU [16%@1510,9%@1510,8%@1510,38%@1510,34%@729,62%@729] GR3D_FREQ 57% cpu@54.187C soc2@52.906C soc0@51.281C gpu@53.656C tj@54.187C soc1@53C VDD_IN 7023mW/7451mW VDD_CPU_GPU_CV 1703mW/2155mW VDD_SOC 1743mW/1759mW
10-08-2026 23:42:34 RAM 6455/7620MB (lfb 7x2MB) SWAP 576/5858MB (cached 0MB) CPU [7%@1510,1%@1510,24%@1510,59%@1510,7%@729,10%@729] GR3D_FREQ 41% cpu@54.156C soc2@52.843C soc0@51.312C gpu@53.5C tj@54.218C soc1@52.937C VDD_IN 6666mW/7446mW VDD_CPU_GPU_CV 1545mW/2151mW VDD_SOC 1666mW/1758mW
10-08-2026 23:42:35 RAM 6455/7620MB (lfb 7x2MB) SWAP 576/5858MB (cached 0MB) CPU [6%@1510,8%@1510,7%@1510,78%@1510,6%@729,5%@729] GR3D_FREQ 37% cpu@54.218C soc2@52.781C soc0@51.406C gpu@53.5C tj@54.218C soc1@52.781C VDD_IN 6666mW/7441mW VDD_CPU_GPU_CV 1545mW/2147mW VDD_SOC 1663mW/1757mW
10-08-2026 23:42:36 RAM 6502/7620MB (lfb 1x1MB) SWAP 576/5858MB (cached 0MB) CPU [20%@1510,18%@1510,64%@1510,22%@1510,19%@729,18%@729] GR3D_FREQ 1% cpu@54.437C soc2@52.812C soc0@51.156C gpu@53.468C tj@54.437C soc1@52.843C VDD_IN 6904mW/7437mW VDD_CPU_GPU_CV 1822mW/2145mW VDD_SOC 1663mW/1757mW
10-08-2026 23:42:37 RAM 6321/7620MB (lfb 2x512kB) SWAP 576/5858MB (cached 0MB) CPU [55%@1510,36%@1510,54%@1510,39%@1510,35%@729,44%@729] GR3D_FREQ 0% cpu@54.375C soc2@52.687C soc0@51.156C gpu@53.406C tj@54.375C soc1@52.687C VDD_IN 6626mW/7432mW VDD_CPU_GPU_CV 1663mW/2142mW VDD_SOC 1624mW/1756mW
10-08-2026 23:42:38 RAM 6324/7620MB (lfb 1x4MB) SWAP 576/5858MB (cached 0MB) CPU [49%@1510,44%@1510,38%@1510,37%@1510,45%@729,44%@729] GR3D_FREQ 42% cpu@54.468C soc2@52.781C soc0@51.062C gpu@53.156C tj@54.468C soc1@52.812C VDD_IN 6507mW/7426mW VDD_CPU_GPU_CV 1584mW/2138mW VDD_SOC 1584mW/1755mW
10-08-2026 23:42:39 RAM 6345/7620MB (lfb 1x4MB) SWAP 576/5858MB (cached 0MB) CPU [72%@1510,38%@1510,34%@1510,39%@1510,40%@1510,43%@1510] GR3D_FREQ 0% cpu@54.375C soc2@52.812C soc0@51.218C gpu@53.093C tj@54.375C soc1@52.625C VDD_IN 6626mW/7421mW VDD_CPU_GPU_CV 1624mW/2135mW VDD_SOC 1624mW/1754mW
10-08-2026 23:42:40 RAM 6348/7620MB (lfb 7x512kB) SWAP 576/5858MB (cached 0MB) CPU [61%@1510,71%@1510,74%@1510,79%@1510,70%@1510,72%@1510] GR3D_FREQ 58% cpu@55.125C soc2@53.156C soc0@51.125C gpu@53.593C tj@55.125C soc1@52.781C VDD_IN 8650mW/7429mW VDD_CPU_GPU_CV 3085mW/2141mW VDD_SOC 1822mW/1754mW
10-08-2026 23:42:41 RAM 6373/7620MB (lfb 9x512kB) SWAP 576/5858MB (cached 0MB) CPU [68%@1510,64%@1510,70%@1510,72%@1510,68%@1510,78%@1510] GR3D_FREQ 43% cpu@55.25C soc2@53.218C soc0@51.312C gpu@53.718C tj@55.25C soc1@52.875C VDD_IN 9800mW/7444mW VDD_CPU_GPU_CV 3790mW/2152mW VDD_SOC 1980mW/1756mW
10-08-2026 23:42:42 RAM 6481/7620MB (lfb 9x512kB) SWAP 576/5858MB (cached 0MB) CPU [71%@1510,76%@1510,69%@1510,74%@1510,89%@729,63%@729] GR3D_FREQ 46% cpu@55.062C soc2@53.375C soc0@51.625C gpu@53.656C tj@55.062C soc1@52.875C VDD_IN 9824mW/7459mW VDD_CPU_GPU_CV 3751mW/2162mW VDD_SOC 2020mW/1758mW
10-08-2026 23:42:43 RAM 6541/7620MB (lfb 9x512kB) SWAP 576/5858MB (cached 0MB) CPU [58%@1510,76%@1510,53%@1510,54%@1510,69%@1510,81%@1510] GR3D_FREQ 36% cpu@55.312C soc2@53.406C soc0@51.562C gpu@53.593C tj@55.312C soc1@52.968C VDD_IN 9562mW/7472mW VDD_CPU_GPU_CV 3599mW/2171mW VDD_SOC 1980mW/1759mW
10-08-2026 23:42:44 RAM 6638/7620MB (lfb 1x256kB) SWAP 576/5858MB (cached 0MB) CPU [64%@1344,81%@1344,72%@1344,62%@1344,58%@1510,70%@1510] GR3D_FREQ 86% cpu@54.937C soc2@53.343C soc0@51.625C gpu@53.906C tj@54.937C soc1@53.093C VDD_IN 9587mW/7485mW VDD_CPU_GPU_CV 3632mW/2180mW VDD_SOC 1980mW/1760mW
10-08-2026 23:42:45 RAM 6645/7620MB (lfb 1779x32kB) SWAP 576/5858MB (cached 0MB) CPU [56%@1510,66%@1510,64%@1510,58%@1510,78%@1497,69%@1497] GR3D_FREQ 55% cpu@55.187C soc2@53.437C soc0@51.656C gpu@53.906C tj@55.187C soc1@53.125C VDD_IN 9324mW/7497mW VDD_CPU_GPU_CV 3480mW/2188mW VDD_SOC 1941mW/1761mW
10-08-2026 23:42:46 RAM 6559/7620MB (lfb 3x1MB) SWAP 576/5858MB (cached 0MB) CPU [65%@1510,66%@1510,67%@1510,70%@1510,83%@1510,66%@1510] GR3D_FREQ 52% cpu@55.437C soc2@53.562C soc0@51.5C gpu@53.781C tj@55.437C soc1@53.062C VDD_IN 9681mW/7510mW VDD_CPU_GPU_CV 3717mW/2197mW VDD_SOC 1980mW/1763mW
10-08-2026 23:42:47 RAM 6591/7620MB (lfb 2x1MB) SWAP 576/5858MB (cached 0MB) CPU [66%@1510,65%@1510,50%@1510,58%@1510,67%@1510,64%@1510] GR3D_FREQ 39% cpu@55.218C soc2@53.406C soc0@51.5C gpu@53.656C tj@55.218C soc1@53.125C VDD_IN 8491mW/7516mW VDD_CPU_GPU_CV 2926mW/2202mW VDD_SOC 1822mW/1763mW
10-08-2026 23:42:48 RAM 6626/7620MB (lfb 11x128kB) SWAP 576/5858MB (cached 0MB) CPU [65%@1510,68%@1510,64%@1510,57%@1510,64%@1510,73%@1510] GR3D_FREQ 53% cpu@55.187C soc2@53.531C soc0@51.718C gpu@54C tj@55.187C soc1@53.218C VDD_IN 9587mW/7529mW VDD_CPU_GPU_CV 3593mW/2210mW VDD_SOC 1980mW/1764mW
10-08-2026 23:42:49 RAM 6415/7620MB (lfb 6x512kB) SWAP 576/5858MB (cached 0MB) CPU [75%@1113,76%@1113,77%@1113,69%@1113,75%@806,72%@806] GR3D_FREQ 0% cpu@55.156C soc2@53.531C soc0@51.781C gpu@54.093C tj@55.156C soc1@53.187C VDD_IN 9245mW/7539mW VDD_CPU_GPU_CV 3441mW/2218mW VDD_SOC 1901mW/1765mW
10-08-2026 23:42:50 RAM 6500/7620MB (lfb 1x4MB) SWAP 576/5858MB (cached 0MB) CPU [73%@1510,50%@1510,50%@1510,67%@1510,76%@1420,62%@1420] GR3D_FREQ 0% cpu@55.531C soc2@53.656C soc0@51.625C gpu@53.843C tj@55.531C soc1@53.218C VDD_IN 9205mW/7549mW VDD_CPU_GPU_CV 3361mW/2225mW VDD_SOC 1941mW/1766mW
10-08-2026 23:42:51 RAM 6596/7620MB (lfb 1x4MB) SWAP 576/5858MB (cached 0MB) CPU [56%@729,37%@729,41%@1510,35%@1510,49%@1510,53%@1510] GR3D_FREQ 83% cpu@54.718C soc2@53.375C soc0@51.812C gpu@53.843C tj@54.718C soc1@53.218C VDD_IN 8332mW/7554mW VDD_CPU_GPU_CV 2649mW/2227mW VDD_SOC 1861mW/1767mW
10-08-2026 23:42:52 RAM 6643/7620MB (lfb 1x4MB) SWAP 576/5858MB (cached 0MB) CPU [34%@1510,20%@1510,27%@1510,19%@1510,27%@729,62%@729] GR3D_FREQ 73% cpu@54.562C soc2@53.343C soc0@51.718C gpu@53.968C tj@54.562C soc1@53.281C VDD_IN 7380mW/7553mW VDD_CPU_GPU_CV 1938mW/2226mW VDD_SOC 1782mW/1767mW
10-08-2026 23:42:53 RAM 6346/7620MB (lfb 2x4MB) SWAP 576/5858MB (cached 0MB) CPU [17%@1510,42%@1510,30%@1510,30%@1510,23%@1190,40%@1190] GR3D_FREQ 44% cpu@54.531C soc2@53.187C soc0@51.531C gpu@53.937C tj@54.531C soc1@53.031C VDD_IN 7102mW/7550mW VDD_CPU_GPU_CV 1663mW/2222mW VDD_SOC 1782mW/1767mW
10-08-2026 23:42:54 RAM 6365/7620MB (lfb 2x4MB) SWAP 576/5858MB (cached 0MB) CPU [18%@1510,11%@1510,14%@1510,10%@1510,5%@1510,81%@1510] GR3D_FREQ 46% cpu@54.843C soc2@52.968C soc0@51.5C gpu@53.531C tj@54.843C soc1@53.062C VDD_IN 6745mW/7545mW VDD_CPU_GPU_CV 1584mW/2218mW VDD_SOC 1703mW/1767mW
10-08-2026 23:42:55 RAM 6367/7620MB (lfb 2x4MB) SWAP 576/5858MB (cached 0MB) CPU [19%@729,9%@729,14%@729,12%@729,4%@1510,81%@1510] GR3D_FREQ 27% cpu@54.312C soc2@52.906C soc0@51.406C gpu@53.593C tj@54.312C soc1@53.156C VDD_IN 6705mW/7541mW VDD_CPU_GPU_CV 1584mW/2215mW VDD_SOC 1666mW/1766mW
10-08-2026 23:42:56 RAM 6367/7620MB (lfb 2x4MB) SWAP 576/5858MB (cached 0MB) CPU [21%@1510,14%@1510,10%@1510,13%@1510,22%@1510,61%@1510] GR3D_FREQ 38% cpu@54.437C soc2@52.937C soc0@51.562C gpu@53.593C tj@54.437C soc1@52.937C VDD_IN 6785mW/7536mW VDD_CPU_GPU_CV 1584mW/2211mW VDD_SOC 1663mW/1766mW
10-08-2026 23:42:57 RAM 6367/7620MB (lfb 2x4MB) SWAP 576/5858MB (cached 0MB) CPU [19%@1510,10%@1510,11%@1510,9%@1510,13%@1510,81%@1510] GR3D_FREQ 41% cpu@54.593C soc2@53C soc0@51.437C gpu@53.75C tj@54.593C soc1@52.937C VDD_IN 6745mW/7532mW VDD_CPU_GPU_CV 1584mW/2207mW VDD_SOC 1703mW/1765mW
10-08-2026 23:42:58 RAM 6367/7620MB (lfb 2x4MB) SWAP 576/5858MB (cached 0MB) CPU [26%@729,9%@729,11%@729,9%@729,52%@1510,36%@1510] GR3D_FREQ 55% cpu@54.375C soc2@52.843C soc0@51.312C gpu@53.843C tj@54.375C soc1@52.968C VDD_IN 6745mW/7527mW VDD_CPU_GPU_CV 1584mW/2204mW VDD_SOC 1703mW/1765mW
10-08-2026 23:42:59 RAM 6367/7620MB (lfb 2x4MB) SWAP 576/5858MB (cached 0MB) CPU [15%@1510,18%@1510,10%@1510,16%@1510,4%@1497,81%@1497] GR3D_FREQ 48% cpu@54.375C soc2@52.781C soc0@51.312C gpu@53.312C tj@54.375C soc1@53.093C VDD_IN 6745mW/7523mW VDD_CPU_GPU_CV 1584mW/2200mW VDD_SOC 1703mW/1764mW
10-08-2026 23:43:00 RAM 6367/7620MB (lfb 2x4MB) SWAP 576/5858MB (cached 0MB) CPU [15%@1510,13%@1510,11%@1510,20%@1510,6%@1510,80%@1510] GR3D_FREQ 42% cpu@54.468C soc2@52.75C soc0@51.468C gpu@53.406C tj@54.468C soc1@52.875C VDD_IN 6785mW/7518mW VDD_CPU_GPU_CV 1584mW/2197mW VDD_SOC 1703mW/1764mW
10-08-2026 23:43:01 RAM 6319/7620MB (lfb 2x4MB) SWAP 576/5858MB (cached 0MB) CPU [25%@1510,17%@1510,11%@1510,15%@1510,7%@883,77%@883] GR3D_FREQ 5% cpu@54.281C soc2@52.906C soc0@51.25C gpu@53.406C tj@54.281C soc1@52.875C VDD_IN 6626mW/7513mW VDD_CPU_GPU_CV 1505mW/2193mW VDD_SOC 1663mW/1764mW
10-08-2026 23:43:02 RAM 6459/7620MB (lfb 10x1MB) SWAP 576/5858MB (cached 0MB) CPU [41%@1510,45%@1510,40%@1510,35%@1510,43%@1267,39%@1267] GR3D_FREQ 1% cpu@54.593C soc2@52.75C soc0@51.218C gpu@53.312C tj@54.593C soc1@52.937C VDD_IN 6388mW/7507mW VDD_CPU_GPU_CV 1502mW/2189mW VDD_SOC 1584mW/1763mW
10-08-2026 23:43:03 RAM 6460/7620MB (lfb 10x1MB) SWAP 576/5858MB (cached 0MB) CPU [32%@1190,34%@1190,46%@1190,45%@1510,35%@883,42%@883] GR3D_FREQ 0% cpu@54.187C soc2@52.656C soc0@51.187C gpu@53.218C tj@54.187C soc1@53C VDD_IN 6309mW/7500mW VDD_CPU_GPU_CV 1465mW/2185mW VDD_SOC 1584mW/1762mW
10-08-2026 23:43:04 RAM 6429/7620MB (lfb 5x1MB) SWAP 576/5858MB (cached 0MB) CPU [67%@1510,61%@1510,72%@1510,65%@1510,54%@1510,74%@1510] GR3D_FREQ 31% cpu@55.093C soc2@53.062C soc0@51.437C gpu@53.375C tj@55.093C soc1@52.875C VDD_IN 8253mW/7504mW VDD_CPU_GPU_CV 2887mW/2189mW VDD_SOC 1745mW/1761mW
10-08-2026 23:43:05 RAM 6429/7620MB (lfb 5x1MB) SWAP 576/5858MB (cached 0MB) CPU [54%@1510,59%@1510,76%@1510,71%@1510,60%@1510,62%@1510] GR3D_FREQ 29% cpu@55.125C soc2@53.156C soc0@51.187C gpu@53.468C tj@55.125C soc1@52.906C VDD_IN 8174mW/7508mW VDD_CPU_GPU_CV 2847mW/2193mW VDD_SOC 1745mW/1761mW
10-08-2026 23:43:06 RAM 6399/7620MB (lfb 7x1MB) SWAP 576/5858MB (cached 0MB) CPU [56%@1510,78%@1510,44%@1510,44%@1510,51%@1510,47%@1510] GR3D_FREQ 63% cpu@55.312C soc2@53.062C soc0@51.25C gpu@53.531C tj@55.312C soc1@53.031C VDD_IN 7658mW/7509mW VDD_CPU_GPU_CV 2373mW/2194mW VDD_SOC 1703mW/1761mW
10-08-2026 23:43:07 RAM 6513/7620MB (lfb 7x1MB) SWAP 576/5858MB (cached 0MB) CPU [83%@1510,79%@1510,78%@1510,73%@1510,82%@1510,88%@1510] GR3D_FREQ 39% cpu@55.468C soc2@53.375C soc0@51.437C gpu@53.843C tj@55.468C soc1@53.156C VDD_IN 9800mW/7522mW VDD_CPU_GPU_CV 3836mW/2202mW VDD_SOC 1941mW/1762mW
10-08-2026 23:43:08 RAM 6590/7620MB (lfb 7x1MB) SWAP 576/5858MB (cached 0MB) CPU [66%@1497,47%@1497,35%@1497,31%@1497,40%@729,67%@729] GR3D_FREQ 42% cpu@54.593C soc2@53.468C soc0@51.593C gpu@53.656C tj@54.593C soc1@53.281C VDD_IN 8332mW/7526mW VDD_CPU_GPU_CV 2689mW/2205mW VDD_SOC 1861mW/1763mW
10-08-2026 23:43:09 RAM 6683/7620MB (lfb 7x1MB) SWAP 576/5858MB (cached 0MB) CPU [27%@1113,37%@1113,27%@1113,20%@729,44%@729,30%@729] GR3D_FREQ 36% cpu@54.593C soc2@53.156C soc0@51.437C gpu@53.468C tj@54.593C soc1@53.093C VDD_IN 7499mW/7526mW VDD_CPU_GPU_CV 2096mW/2205mW VDD_SOC 1782mW/1763mW
10-08-2026 23:43:10 RAM 6771/7620MB (lfb 1932x32kB) SWAP 576/5858MB (cached 0MB) CPU [19%@1510,60%@1510,25%@1510,8%@1510,13%@729,61%@729] GR3D_FREQ 49% cpu@54.5C soc2@53.218C soc0@51.468C gpu@53.531C tj@54.5C soc1@53.125C VDD_IN 7777mW/7527mW VDD_CPU_GPU_CV 2254mW/2205mW VDD_SOC 1822mW/1763mW
10-08-2026 23:43:11 RAM 6766/7620MB (lfb 1x2MB) SWAP 576/5858MB (cached 0MB) CPU [19%@883,20%@883,38%@883,23%@883,25%@729,65%@729] GR3D_FREQ 37% cpu@54.625C soc2@53.031C soc0@51.5C gpu@53.656C tj@54.312C soc1@53.062C VDD_IN 7102mW/7525mW VDD_CPU_GPU_CV 1782mW/2203mW VDD_SOC 1782mW/1763mW
10-08-2026 23:43:12 RAM 6244/7620MB (lfb 10x2MB) SWAP 576/5858MB (cached 0MB) CPU [15%@729,32%@729,26%@729,13%@729,18%@1497,50%@1497] GR3D_FREQ 59% cpu@54.468C soc2@52.812C soc0@51.562C gpu@53.531C tj@54.625C soc1@53.156C VDD_IN 6864mW/7521mW VDD_CPU_GPU_CV 1621mW/2199mW VDD_SOC 1703mW/1763mW
10-08-2026 23:43:13 RAM 6244/7620MB (lfb 11x2MB) SWAP 576/5858MB (cached 0MB) CPU [12%@1344,13%@1344,9%@1344,12%@1344,0%@1510,81%@1510] GR3D_FREQ 66% cpu@54.406C soc2@52.875C soc0@51.281C gpu@53.625C tj@54.406C soc1@52.968C VDD_IN 6705mW/7517mW VDD_CPU_GPU_CV 1545mW/2196mW VDD_SOC 1663mW/1762mW
10-08-2026 23:43:14 RAM 6245/7620MB (lfb 11x2MB) SWAP 576/5858MB (cached 0MB) CPU [16%@729,7%@729,15%@1510,11%@1510,1%@1510,80%@1510] GR3D_FREQ 42% cpu@54.5C soc2@52.968C soc0@51.312C gpu@53.531C tj@54.5C soc1@53.031C VDD_IN 6705mW/7513mW VDD_CPU_GPU_CV 1545mW/2193mW VDD_SOC 1663mW/1762mW
10-08-2026 23:43:15 RAM 6239/7620MB (lfb 12x2MB) SWAP 576/5858MB (cached 0MB) CPU [14%@1510,15%@1510,16%@1510,10%@1510,1%@729,74%@729] GR3D_FREQ 6% cpu@54.25C soc2@52.812C soc0@51.312C gpu@53.218C tj@54.25C soc1@53C VDD_IN 6547mW/7508mW VDD_CPU_GPU_CV 1465mW/2189mW VDD_SOC 1624mW/1761mW
10-08-2026 23:43:16 RAM 6367/7620MB (lfb 1x2MB) SWAP 576/5858MB (cached 0MB) CPU [46%@1510,36%@1510,34%@1510,34%@1510,47%@729,42%@729] GR3D_FREQ 1% cpu@54.312C soc2@52.843C soc0@51.343C gpu@53.281C tj@54.312C soc1@53.062C VDD_IN 6428mW/7502mW VDD_CPU_GPU_CV 1542mW/2185mW VDD_SOC 1584mW/1760mW
10-08-2026 23:43:17 RAM 6369/7620MB (lfb 1x2MB) SWAP 576/5858MB (cached 0MB) CPU [28%@1510,48%@1510,31%@1510,50%@1510,34%@729,52%@729] GR3D_FREQ 0% cpu@54.375C soc2@52.781C soc0@51.125C gpu@53.437C tj@54.375C soc1@52.843C VDD_IN 6309mW/7496mW VDD_CPU_GPU_CV 1426mW/2181mW VDD_SOC 1584mW/1759mW
10-08-2026 23:43:18 RAM 6408/7620MB (lfb 18x1MB) SWAP 576/5858MB (cached 0MB) CPU [58%@1510,55%@1510,51%@1510,42%@1510,55%@1510,65%@1510] GR3D_FREQ 0% cpu@55.031C soc2@52.968C soc0@51.187C gpu@53.562C tj@55.031C soc1@52.968C VDD_IN 7777mW/7497mW VDD_CPU_GPU_CV 2531mW/2183mW VDD_SOC 1706mW/1759mW
10-08-2026 23:43:19 RAM 6415/7620MB (lfb 18x1MB) SWAP 576/5858MB (cached 0MB) CPU [57%@1510,67%@1510,63%@1510,66%@1510,77%@1190,78%@1190] GR3D_FREQ 29% cpu@55.062C soc2@53.156C soc0@51.437C gpu@53.468C tj@55.062C soc1@52.968C VDD_IN 8293mW/7501mW VDD_CPU_GPU_CV 2966mW/2187mW VDD_SOC 1745mW/1759mW
10-08-2026 23:43:20 RAM 6571/7620MB (lfb 18x1MB) SWAP 576/5858MB (cached 0MB) CPU [42%@1510,63%@1510,54%@1510,68%@1510,65%@1267,69%@1267] GR3D_FREQ 81% cpu@54.875C soc2@53.312C soc0@51.406C gpu@53.875C tj@54.875C soc1@53C VDD_IN 8729mW/7508mW VDD_CPU_GPU_CV 3045mW/2192mW VDD_SOC 1861mW/1759mW
10-08-2026 23:43:21 RAM 6658/7620MB (lfb 18x1MB) SWAP 576/5858MB (cached 0MB) CPU [81%@1510,82%@1510,74%@1510,80%@1510,75%@1190,83%@1190] GR3D_FREQ 60% cpu@55.343C soc2@53.531C soc0@51.468C gpu@54.031C tj@55.343C soc1@53.093C VDD_IN 9824mW/7519mW VDD_CPU_GPU_CV 3790mW/2200mW VDD_SOC 1980mW/1760mW
10-08-2026 23:43:22 RAM 6755/7620MB (lfb 18x1MB) SWAP 576/5858MB (cached 0MB) CPU [42%@1510,68%@1510,70%@1510,74%@1510,71%@1113,55%@1113] GR3D_FREQ 55% cpu@55.062C soc2@53.656C soc0@51.656C gpu@54.093C tj@55.062C soc1@53.187C VDD_IN 9547mW/7530mW VDD_CPU_GPU_CV 3553mW/2207mW VDD_SOC 1980mW/1762mW
10-08-2026 23:43:23 RAM 6868/7620MB (lfb 1x2MB) SWAP 576/5858MB (cached 0MB) CPU [53%@960,28%@960,74%@960,42%@960,54%@1510,52%@1510] GR3D_FREQ 50% cpu@54.718C soc2@53.468C soc0@51.75C gpu@53.75C tj@54.718C soc1@53.031C VDD_IN 8834mW/7536mW VDD_CPU_GPU_CV 3045mW/2211mW VDD_SOC 1941mW/1762mW
10-08-2026 23:43:24 RAM 6907/7620MB (lfb 3x2MB) SWAP 576/5858MB (cached 0MB) CPU [17%@1510,28%@1510,17%@1510,26%@1510,35%@806,71%@806] GR3D_FREQ 38% cpu@54.781C soc2@53.437C soc0@51.625C gpu@53.656C tj@54.781C soc1@53.062C VDD_IN 7816mW/7538mW VDD_CPU_GPU_CV 2294mW/2211mW VDD_SOC 1822mW/1763mW
10-08-2026 23:43:25 RAM 6538/7620MB (lfb 3x1MB) SWAP 576/5858MB (cached 0MB) CPU [11%@729,24%@729,37%@729,22%@729,37%@883,38%@883] GR3D_FREQ 46% cpu@54.25C soc2@53.062C soc0@51.5C gpu@53.562C tj@54.25C soc1@53.093C VDD_IN 7023mW/7535mW VDD_CPU_GPU_CV 1700mW/2209mW VDD_SOC 1743mW/1763mW
10-08-2026 23:43:26 RAM 6542/7620MB (lfb 6x2MB) SWAP 576/5858MB (cached 0MB) CPU [18%@729,23%@729,14%@729,7%@729,10%@1497,58%@1497] GR3D_FREQ 66% cpu@54.437C soc2@52.968C soc0@51.406C gpu@53.812C tj@54.437C soc1@53.156C VDD_IN 6666mW/7531mW VDD_CPU_GPU_CV 1584mW/2206mW VDD_SOC 1663mW/1762mW
10-08-2026 23:43:27 RAM 6542/7620MB (lfb 6x2MB) SWAP 576/5858MB (cached 0MB) CPU [11%@1510,16%@1510,24%@1510,22%@1510,18%@1497,23%@1497] GR3D_FREQ 72% cpu@54.406C soc2@52.906C soc0@51.562C gpu@53.781C tj@54.406C soc1@52.875C VDD_IN 6626mW/7526mW VDD_CPU_GPU_CV 1545mW/2202mW VDD_SOC 1663mW/1762mW
10-08-2026 23:43:28 RAM 6542/7620MB (lfb 6x2MB) SWAP 576/5858MB (cached 0MB) CPU [6%@1510,6%@1510,65%@1510,12%@1510,8%@729,7%@729] GR3D_FREQ 35% cpu@54.531C soc2@52.968C soc0@51.343C gpu@53.781C tj@54.531C soc1@52.906C VDD_IN 6666mW/7522mW VDD_CPU_GPU_CV 1545mW/2199mW VDD_SOC 1663mW/1761mW
10-08-2026 23:43:29 RAM 6542/7620MB (lfb 6x2MB) SWAP 576/5858MB (cached 0MB) CPU [21%@1510,1%@1510,7%@1510,68%@1510,2%@729,5%@729] GR3D_FREQ 43% cpu@54.312C soc2@52.937C soc0@51.25C gpu@53.281C tj@54.312C soc1@52.906C VDD_IN 6705mW/7518mW VDD_CPU_GPU_CV 1542mW/2196mW VDD_SOC 1663mW/1761mW
10-08-2026 23:43:30 RAM 6542/7620MB (lfb 6x2MB) SWAP 576/5858MB (cached 0MB) CPU [20%@1510,2%@1510,7%@1510,68%@1510,2%@729,6%@729] GR3D_FREQ 34% cpu@54.093C soc2@52.812C soc0@51.25C gpu@53.343C tj@54.093C soc1@52.906C VDD_IN 6666mW/7514mW VDD_CPU_GPU_CV 1545mW/2193mW VDD_SOC 1663mW/1760mW
10-08-2026 23:43:31 RAM 6542/7620MB (lfb 6x2MB) SWAP 576/5858MB (cached 0MB) CPU [18%@1510,45%@1510,23%@1510,10%@1510,4%@729,2%@729] GR3D_FREQ 35% cpu@54.25C soc2@52.812C soc0@51.218C gpu@53.375C tj@54.25C soc1@52.968C VDD_IN 6705mW/7510mW VDD_CPU_GPU_CV 1542mW/2190mW VDD_SOC 1663mW/1760mW
10-08-2026 23:43:32 RAM 6573/7620MB (lfb 21x1MB) SWAP 576/5858MB (cached 0MB) CPU [40%@1510,37%@1510,43%@1510,31%@1510,20%@729,48%@729] GR3D_FREQ 0% cpu@54.562C soc2@52.875C soc0@51.187C gpu@53.187C tj@54.562C soc1@52.937C VDD_IN 6824mW/7507mW VDD_CPU_GPU_CV 1819mW/2188mW VDD_SOC 1624mW/1759mW
10-08-2026 23:43:33 RAM 6573/7620MB (lfb 21x1MB) SWAP 576/5858MB (cached 0MB) CPU [41%@729,53%@729,32%@729,37%@729,39%@1190,47%@1190] GR3D_FREQ 31% cpu@54.593C soc2@52.75C soc0@51.25C gpu@53.187C tj@54.593C soc1@52.812C VDD_IN 6467mW/7502mW VDD_CPU_GPU_CV 1542mW/2185mW VDD_SOC 1584mW/1758mW
10-08-2026 23:43:34 RAM 6186/7620MB (lfb 1x4MB) SWAP 576/5858MB (cached 0MB) CPU [78%@1510,59%@1510,51%@1510,64%@1510,62%@1510,67%@1510] GR3D_FREQ 29% cpu@54.937C soc2@53C soc0@51.125C gpu@53.312C tj@54.937C soc1@53C VDD_IN 8174mW/7505mW VDD_CPU_GPU_CV 2847mW/2188mW VDD_SOC 1745mW/1758mW
10-08-2026 23:43:35 RAM 6225/7620MB (lfb 32x2MB) SWAP 576/5858MB (cached 0MB) CPU [80%@1510,67%@1510,70%@1510,70%@1510,77%@729,74%@729] GR3D_FREQ 0% cpu@54.875C soc2@53.062C soc0@51.343C gpu@53.5C tj@54.875C soc1@52.843C VDD_IN 8213mW/7508mW VDD_CPU_GPU_CV 2887mW/2191mW VDD_SOC 1743mW/1758mW
10-08-2026 23:43:36 RAM 6355/7620MB (lfb 1x4MB) SWAP 576/5858MB (cached 0MB) CPU [67%@1510,77%@1510,76%@1510,77%@1510,81%@1190,75%@1190] GR3D_FREQ 55% cpu@55.562C soc2@53.406C soc0@51.25C gpu@53.656C tj@55.562C soc1@53.031C VDD_IN 9721mW/7519mW VDD_CPU_GPU_CV 3796mW/2199mW VDD_SOC 1941mW/1759mW
10-08-2026 23:43:37 RAM 6451/7620MB (lfb 1x4MB) SWAP 576/5858MB (cached 0MB) CPU [69%@1510,71%@1510,88%@1510,80%@1510,79%@1267,73%@1267] GR3D_FREQ 47% cpu@55.125C soc2@53.343C soc0@51.531C gpu@53.656C tj@55.125C soc1@53.093C VDD_IN 9745mW/7529mW VDD_CPU_GPU_CV 3751mW/2206mW VDD_SOC 1980mW/1760mW
10-08-2026 23:43:38 RAM 6572/7620MB (lfb 1x4MB) SWAP 576/5858MB (cached 0MB) CPU [84%@1510,82%@1510,79%@1510,78%@1510,75%@1497,86%@1497] GR3D_FREQ 42% cpu@55.468C soc2@53.593C soc0@51.625C gpu@53.718C tj@55.468C soc1@53.25C VDD_IN 10141mW/7541mW VDD_CPU_GPU_CV 4067mW/2215mW VDD_SOC 2020mW/1761mW
10-08-2026 23:43:39 RAM 6660/7620MB (lfb 1x4MB) SWAP 576/5858MB (cached 0MB) CPU [63%@1510,77%@1510,67%@1510,78%@1510,84%@1510,73%@1510] GR3D_FREQ 0% cpu@55.468C soc2@53.5C soc0@51.656C gpu@53.718C tj@55.468C soc1@53.093C VDD_IN 9705mW/7552mW VDD_CPU_GPU_CV 3751mW/2222mW VDD_SOC 1980mW/1762mW
10-08-2026 23:43:40 RAM 6702/7620MB (lfb 1x4MB) SWAP 576/5858MB (cached 0MB) CPU [53%@729,48%@729,50%@729,53%@729,80%@1510,52%@1510] GR3D_FREQ 10% cpu@55C soc2@53.312C soc0@51.437C gpu@53.843C tj@55C soc1@53.187C VDD_IN 7725mW/7552mW VDD_CPU_GPU_CV 2333mW/2222mW VDD_SOC 1782mW/1762mW
10-08-2026 23:43:41 RAM 6782/7620MB (lfb 1x4MB) SWAP 576/5858MB (cached 0MB) CPU [82%@1510,83%@1510,81%@1510,83%@1510,80%@1510,81%@1510] GR3D_FREQ 71% cpu@55.468C soc2@53.687C soc0@51.625C gpu@54C tj@55.468C soc1@53.125C VDD_IN 9943mW/7563mW VDD_CPU_GPU_CV 3909mW/2230mW VDD_SOC 1980mW/1763mW
10-08-2026 23:43:42 RAM 6896/7620MB (lfb 13x1MB) SWAP 576/5858MB (cached 0MB) CPU [75%@1510,82%@1510,77%@1510,76%@1510,83%@1510,82%@1510] GR3D_FREQ 26% cpu@55.468C soc2@53.718C soc0@51.687C gpu@54.062C tj@55.468C soc1@53.343C VDD_IN 10078mW/7575mW VDD_CPU_GPU_CV 3988mW/2238mW VDD_SOC 1980mW/1764mW
10-08-2026 23:43:43 RAM 6944/7620MB (lfb 7x1MB) SWAP 576/5858MB (cached 0MB) CPU [83%@1420,91%@1420,85%@1420,75%@1420,87%@1510,82%@1510] GR3D_FREQ 4% cpu@55.593C soc2@53.75C soc0@51.843C gpu@53.875C tj@55.593C soc1@53.281C VDD_IN 9745mW/7585mW VDD_CPU_GPU_CV 3830mW/2246mW VDD_SOC 1941mW/1765mW
10-08-2026 23:43:44 RAM 6984/7620MB (lfb 47x512kB) SWAP 576/5858MB (cached 0MB) CPU [77%@1510,78%@1510,84%@1510,79%@1510,77%@1510,70%@1510] GR3D_FREQ 64% cpu@55.781C soc2@53.937C soc0@51.875C gpu@53.937C tj@55.781C soc1@53.25C VDD_IN 9943mW/7596mW VDD_CPU_GPU_CV 3948mW/2253mW VDD_SOC 1980mW/1766mW
10-08-2026 23:43:45 RAM 6984/7620MB (lfb 47x512kB) SWAP 576/5858MB (cached 0MB) CPU [55%@1510,49%@1510,43%@1510,60%@1510,45%@1036,62%@1036] GR3D_FREQ 53% cpu@55.312C soc2@53.656C soc0@51.906C gpu@54C tj@55.312C soc1@53.406C VDD_IN 8755mW/7601mW VDD_CPU_GPU_CV 2966mW/2256mW VDD_SOC 1901mW/1767mW
10-08-2026 23:43:46 RAM 6984/7620MB (lfb 47x512kB) SWAP 576/5858MB (cached 0MB) CPU [31%@1510,60%@1510,8%@1510,11%@1510,20%@729,53%@729] GR3D_FREQ 42% cpu@54.75C soc2@53.468C soc0@51.906C gpu@54C tj@54.75C soc1@53.437C VDD_IN 7578mW/7601mW VDD_CPU_GPU_CV 2135mW/2256mW VDD_SOC 1782mW/1767mW
10-08-2026 23:43:47 RAM 6984/7620MB (lfb 47x512kB) SWAP 576/5858MB (cached 0MB) CPU [39%@1510,27%@1510,33%@1510,12%@1510,29%@1510,42%@1510] GR3D_FREQ 64% cpu@54.875C soc2@53.5C soc0@52C gpu@54.125C tj@54.875C soc1@53.25C VDD_IN 7975mW/7602mW VDD_CPU_GPU_CV 2373mW/2256mW VDD_SOC 1861mW/1767mW
10-08-2026 23:43:48 RAM 6984/7620MB (lfb 47x512kB) SWAP 576/5858MB (cached 0MB) CPU [43%@729,23%@729,27%@729,14%@729,27%@1113,53%@1113] GR3D_FREQ 68% cpu@54.875C soc2@53.437C soc0@51.718C gpu@54.031C tj@54.875C soc1@53.25C VDD_IN 7539mW/7602mW VDD_CPU_GPU_CV 2096mW/2256mW VDD_SOC 1782mW/1767mW
10-08-2026 23:43:49 RAM 6984/7620MB (lfb 47x512kB) SWAP 576/5858MB (cached 0MB) CPU [20%@1510,28%@1510,9%@1510,21%@1510,51%@729,54%@729] GR3D_FREQ 68% cpu@54.625C soc2@53.437C soc0@51.75C gpu@54.062C tj@54.625C soc1@53.343C VDD_IN 8055mW/7604mW VDD_CPU_GPU_CV 2452mW/2257mW VDD_SOC 1861mW/1768mW
10-08-2026 23:43:50 RAM 6276/7620MB (lfb 19x2MB) SWAP 576/5858MB (cached 0MB) CPU [15%@729,42%@1510,21%@1510,10%@1510,18%@1510,66%@1510] GR3D_FREQ 29% cpu@54.75C soc2@53.218C soc0@51.75C gpu@53.75C tj@54.75C soc1@53.343C VDD_IN 7023mW/7601mW VDD_CPU_GPU_CV 1661mW/2254mW VDD_SOC 1743mW/1768mW
10-08-2026 23:43:51 RAM 6277/7620MB (lfb 19x2MB) SWAP 576/5858MB (cached 0MB) CPU [8%@729,2%@729,18%@729,11%@729,34%@1510,49%@1510] GR3D_FREQ 37% cpu@54.687C soc2@53.156C soc0@51.812C gpu@53.656C tj@54.781C soc1@53.437C VDD_IN 6785mW/7598mW VDD_CPU_GPU_CV 1582mW/2251mW VDD_SOC 1703mW/1767mW
10-08-2026 23:43:52 RAM 6277/7620MB (lfb 19x2MB) SWAP 576/5858MB (cached 0MB) CPU [12%@1510,13%@1510,6%@1510,12%@1510,23%@1510,63%@1510] GR3D_FREQ 35% cpu@54.656C soc2@53.156C soc0@51.656C gpu@53.656C tj@54.656C soc1@53.125C VDD_IN 6745mW/7594mW VDD_CPU_GPU_CV 1584mW/2248mW VDD_SOC 1703mW/1767mW
10-08-2026 23:43:53 RAM 6277/7620MB (lfb 19x2MB) SWAP 576/5858MB (cached 0MB) CPU [10%@1510,5%@1510,13%@1510,15%@1510,10%@1510,75%@1510] GR3D_FREQ 28% cpu@54.812C soc2@53.093C soc0@51.562C gpu@53.906C tj@54.812C soc1@53.093C VDD_IN 6745mW/7590mW VDD_CPU_GPU_CV 1584mW/2245mW VDD_SOC 1703mW/1767mW
10-08-2026 23:43:54 RAM 6277/7620MB (lfb 19x2MB) SWAP 576/5858MB (cached 0MB) CPU [5%@1510,4%@729,6%@729,15%@729,45%@1497,43%@1497] GR3D_FREQ 49% cpu@54.5C soc2@53C soc0@51.562C gpu@53.812C tj@54.5C soc1@53.25C VDD_IN 6705mW/7587mW VDD_CPU_GPU_CV 1582mW/2242mW VDD_SOC 1703mW/1767mW
10-08-2026 23:43:55 RAM 6277/7620MB (lfb 19x2MB) SWAP 576/5858MB (cached 0MB) CPU [12%@1510,44%@1510,8%@1510,6%@1510,32%@729,17%@729] GR3D_FREQ 63% cpu@54.718C soc2@53.093C soc0@51.75C gpu@53.625C tj@54.718C soc1@53.093C VDD_IN 6745mW/7583mW VDD_CPU_GPU_CV 1584mW/2239mW VDD_SOC 1703mW/1766mW
10-08-2026 23:43:56 RAM 6277/7620MB (lfb 19x2MB) SWAP 576/5858MB (cached 0MB) CPU [7%@1497,45%@1510,38%@1510,5%@1510,9%@729,13%@729] GR3D_FREQ 45% cpu@54.531C soc2@53.156C soc0@51.531C gpu@53.593C tj@54.531C soc1@53.093C VDD_IN 6745mW/7579mW VDD_CPU_GPU_CV 1584mW/2237mW VDD_SOC 1703mW/1766mW
10-08-2026 23:43:57 RAM 6277/7620MB (lfb 19x2MB) SWAP 576/5858MB (cached 0MB) CPU [10%@1510,23%@1510,15%@1510,7%@1510,8%@1497,65%@1497] GR3D_FREQ 49% cpu@54.375C soc2@53.125C soc0@51.531C gpu@53.625C tj@54.375C soc1@53.093C VDD_IN 6785mW/7576mW VDD_CPU_GPU_CV 1584mW/2234mW VDD_SOC 1703mW/1766mW
10-08-2026 23:43:58 RAM 6277/7620MB (lfb 19x2MB) SWAP 576/5858MB (cached 0MB) CPU [6%@729,6%@1510,6%@1510,19%@1510,14%@1510,74%@1510] GR3D_FREQ 33% cpu@54.468C soc2@53C soc0@51.5C gpu@53.906C tj@54.468C soc1@53.125C VDD_IN 6785mW/7573mW VDD_CPU_GPU_CV 1621mW/2231mW VDD_SOC 1703mW/1765mW
10-08-2026 23:43:59 RAM 6277/7620MB (lfb 19x2MB) SWAP 576/5858MB (cached 0MB) CPU [9%@729,10%@729,8%@1510,10%@1510,12%@1510,81%@1510] GR3D_FREQ 43% cpu@54.468C soc2@52.906C soc0@51.656C gpu@53.937C tj@54.468C soc1@53C VDD_IN 6785mW/7569mW VDD_CPU_GPU_CV 1624mW/2229mW VDD_SOC 1703mW/1765mW
10-08-2026 23:44:00 RAM 6277/7620MB (lfb 19x2MB) SWAP 576/5858MB (cached 0MB) CPU [8%@729,6%@729,3%@729,11%@729,14%@1510,81%@1510] GR3D_FREQ 40% cpu@54.687C soc2@52.968C soc0@51.375C gpu@53.406C tj@54.687C soc1@53.031C VDD_IN 6824mW/7566mW VDD_CPU_GPU_CV 1624mW/2226mW VDD_SOC 1703mW/1765mW
10-08-2026 23:44:01 RAM 6277/7620MB (lfb 19x2MB) SWAP 576/5858MB (cached 0MB) CPU [7%@1510,8%@1510,9%@1510,11%@1510,40%@1510,51%@1510] GR3D_FREQ 37% cpu@54.406C soc2@52.875C soc0@51.406C gpu@53.562C tj@54.406C soc1@53C VDD_IN 6824mW/7563mW VDD_CPU_GPU_CV 1624mW/2224mW VDD_SOC 1703mW/1765mW
10-08-2026 23:44:02 RAM 6297/7620MB (lfb 19x2MB) SWAP 576/5858MB (cached 0MB) CPU [12%@1510,25%@1510,23%@1510,18%@1510,10%@729,44%@729] GR3D_FREQ 39% cpu@54.375C soc2@52.937C soc0@51.406C gpu@53.562C tj@54.375C soc1@53.062C VDD_IN 6785mW/7560mW VDD_CPU_GPU_CV 1584mW/2221mW VDD_SOC 1703mW/1764mW
10-08-2026 23:44:03 RAM 6279/7620MB (lfb 19x2MB) SWAP 576/5858MB (cached 0MB) CPU [28%@1510,59%@1510,7%@1510,3%@1510,26%@729,8%@729] GR3D_FREQ 30% cpu@54.406C soc2@52.937C soc0@51.468C gpu@53.531C tj@54.406C soc1@52.843C VDD_IN 6666mW/7556mW VDD_CPU_GPU_CV 1545mW/2218mW VDD_SOC 1663mW/1764mW
10-08-2026 23:44:04 RAM 6389/7620MB (lfb 58x1MB) SWAP 576/5858MB (cached 0MB) CPU [22%@1510,37%@1510,41%@1510,44%@1510,47%@1113,34%@1113] GR3D_FREQ 34% cpu@54.5C soc2@52.875C soc0@51.218C gpu@53.5C tj@54.5C soc1@52.906C VDD_IN 6348mW/7551mW VDD_CPU_GPU_CV 1463mW/2215mW VDD_SOC 1584mW/1763mW
10-08-2026 23:44:05 RAM 6389/7620MB (lfb 58x1MB) SWAP 576/5858MB (cached 0MB) CPU [26%@729,42%@729,38%@729,30%@1510,32%@729,53%@729] GR3D_FREQ 0% cpu@54.531C soc2@52.687C soc0@51.281C gpu@53.187C tj@54.531C soc1@53C VDD_IN 6150mW/7545mW VDD_CPU_GPU_CV 1344mW/2211mW VDD_SOC 1545mW/1762mW
10-08-2026 23:44:06 RAM 6401/7620MB (lfb 58x1MB) SWAP 576/5858MB (cached 0MB) CPU [59%@1344,56%@1344,67%@1344,53%@1344,64%@1510,57%@1510] GR3D_FREQ 0% cpu@55.093C soc2@53.062C soc0@51.281C gpu@53.343C tj@55.093C soc1@53.062C VDD_IN 7856mW/7546mW VDD_CPU_GPU_CV 2649mW/2213mW VDD_SOC 1706mW/1762mW
10-08-2026 23:44:07 RAM 6402/7620MB (lfb 58x1MB) SWAP 576/5858MB (cached 0MB) CPU [37%@1510,38%@1510,44%@1510,51%@1510,51%@729,55%@729] GR3D_FREQ 0% cpu@54.375C soc2@52.937C soc0@51.375C gpu@53.437C tj@54.375C soc1@52.875C VDD_IN 6626mW/7543mW VDD_CPU_GPU_CV 1743mW/2211mW VDD_SOC 1584mW/1761mW
10-08-2026 23:44:08 RAM 6440/7620MB (lfb 58x1MB) SWAP 576/5858MB (cached 0MB) CPU [21%@1510,31%@1510,17%@1510,43%@1510,51%@729,29%@729] GR3D_FREQ 73% cpu@54.437C soc2@53.031C soc0@51.187C gpu@53.5C tj@54.437C soc1@52.843C VDD_IN 7221mW/7541mW VDD_CPU_GPU_CV 1898mW/2210mW VDD_SOC 1743mW/1761mW
10-08-2026 23:44:09 RAM 6555/7620MB (lfb 2x2MB) SWAP 576/5858MB (cached 0MB) CPU [17%@1510,22%@1510,16%@1510,18%@1510,45%@1497,74%@1497] GR3D_FREQ 56% cpu@54.343C soc2@53.031C soc0@51.312C gpu@53.468C tj@54.343C soc1@53C VDD_IN 7777mW/7542mW VDD_CPU_GPU_CV 2214mW/2210mW VDD_SOC 1822mW/1762mW
10-08-2026 23:44:10 RAM 6586/7620MB (lfb 1x2MB) SWAP 576/5858MB (cached 0MB) CPU [19%@1510,25%@1510,44%@1510,27%@1510,33%@960,46%@960] GR3D_FREQ 68% cpu@54.25C soc2@53.031C soc0@51.375C gpu@53.375C tj@54.25C soc1@53.093C VDD_IN 7301mW/7541mW VDD_CPU_GPU_CV 1898mW/2209mW VDD_SOC 1782mW/1762mW
10-08-2026 23:44:11 RAM 6507/7620MB (lfb 54x1MB) SWAP 576/5858MB (cached 0MB) CPU [12%@1510,54%@1510,9%@1510,16%@1510,15%@1497,19%@1497] GR3D_FREQ 44% cpu@54.343C soc2@52.875C soc0@51.437C gpu@53.343C tj@54.343C soc1@52.875C VDD_IN 6626mW/7538mW VDD_CPU_GPU_CV 1465mW/2206mW VDD_SOC 1663mW/1761mW
10-08-2026 23:44:12 RAM 6508/7620MB (lfb 54x1MB) SWAP 576/5858MB (cached 0MB) CPU [6%@1510,12%@1510,11%@1510,5%@1510,2%@1510,80%@1510] GR3D_FREQ 37% cpu@54.531C soc2@52.812C soc0@51.187C gpu@53.406C tj@54.531C soc1@52.781C VDD_IN 6626mW/7534mW VDD_CPU_GPU_CV 1545mW/2203mW VDD_SOC 1663mW/1761mW
10-08-2026 23:44:13 RAM 6508/7620MB (lfb 54x1MB) SWAP 576/5858MB (cached 0MB) CPU [11%@729,6%@729,9%@729,8%@729,1%@1510,80%@1510] GR3D_FREQ 36% cpu@54.156C soc2@52.75C soc0@51.218C gpu@53.5C tj@54.156C soc1@52.875C VDD_IN 6626mW/7530mW VDD_CPU_GPU_CV 1545mW/2200mW VDD_SOC 1663mW/1760mW
10-08-2026 23:44:14 RAM 6569/7620MB (lfb 54x1MB) SWAP 576/5858MB (cached 0MB) CPU [38%@1510,26%@1510,31%@1510,36%@1510,33%@806,51%@806] GR3D_FREQ 1% cpu@54.25C soc2@52.718C soc0@51.093C gpu@53.375C tj@54.25C soc1@52.781C VDD_IN 6467mW/7526mW VDD_CPU_GPU_CV 1582mW/2198mW VDD_SOC 1584mW/1760mW
10-08-2026 23:44:15 RAM 6250/7620MB (lfb 3x2MB) SWAP 576/5858MB (cached 0MB) CPU [39%@1510,56%@1510,34%@1510,30%@1510,51%@729,30%@729] GR3D_FREQ 22% cpu@54.562C soc2@52.812C soc0@51.031C gpu@53.343C tj@54.562C soc1@52.843C VDD_IN 6586mW/7522mW VDD_CPU_GPU_CV 1700mW/2196mW VDD_SOC 1584mW/1759mW
10-08-2026 23:44:16 RAM 6327/7620MB (lfb 55x1MB) SWAP 576/5858MB (cached 0MB) CPU [70%@1510,54%@1510,61%@1510,57%@1510,72%@1510,50%@1510] GR3D_FREQ 29% cpu@55.031C soc2@53.031C soc0@51.156C gpu@53.468C tj@55.031C soc1@52.875C VDD_IN 8174mW/7525mW VDD_CPU_GPU_CV 2847mW/2198mW VDD_SOC 1745mW/1759mW
10-08-2026 23:44:17 RAM 6464/7620MB (lfb 55x1MB) SWAP 576/5858MB (cached 0MB) CPU [70%@1510,59%@1510,65%@1510,66%@1510,74%@1497,62%@1497] GR3D_FREQ 70% cpu@54.781C soc2@53.281C soc0@51.343C gpu@53.468C tj@54.781C soc1@53.062C VDD_IN 8729mW/7530mW VDD_CPU_GPU_CV 3085mW/2202mW VDD_SOC 1822mW/1759mW
10-08-2026 23:44:18 RAM 6570/7620MB (lfb 55x1MB) SWAP 576/5858MB (cached 0MB) CPU [75%@1510,73%@1510,80%@1510,76%@1510,79%@1510,73%@1510] GR3D_FREQ 52% cpu@55.531C soc2@53.437C soc0@51.281C gpu@53.625C tj@55.531C soc1@52.937C VDD_IN 10102mW/7540mW VDD_CPU_GPU_CV 4067mW/2209mW VDD_SOC 2020mW/1760mW
10-08-2026 23:44:19 RAM 6674/7620MB (lfb 55x1MB) SWAP 576/5858MB (cached 0MB) CPU [57%@1497,65%@1497,72%@1497,83%@1497,77%@1267,74%@1267] GR3D_FREQ 20% cpu@55.187C soc2@53.281C soc0@51.5C gpu@53.843C tj@55.187C soc1@53C VDD_IN 9349mW/7547mW VDD_CPU_GPU_CV 3441mW/2214mW VDD_SOC 1941mW/1761mW
10-08-2026 23:44:20 RAM 6750/7620MB (lfb 55x1MB) SWAP 576/5858MB (cached 0MB) CPU [14%@1510,55%@1510,13%@1510,28%@1510,30%@729,35%@729] GR3D_FREQ 37% cpu@54.406C soc2@53.156C soc0@51.5C gpu@53.812C tj@54.406C soc1@53.093C VDD_IN 7936mW/7548mW VDD_CPU_GPU_CV 2373mW/2215mW VDD_SOC 1822mW/1761mW
10-08-2026 23:44:21 RAM 6848/7620MB (lfb 23x1MB) SWAP 576/5858MB (cached 0MB) CPU [12%@1190,39%@1190,10%@1190,51%@1190,39%@883,37%@883] GR3D_FREQ 0% cpu@54.562C soc2@53.031C soc0@51.593C gpu@53.531C tj@54.562C soc1@52.906C VDD_IN 7697mW/7549mW VDD_CPU_GPU_CV 2214mW/2215mW VDD_SOC 1822mW/1761mW
10-08-2026 23:44:23 RAM 6819/7620MB (lfb 10x2MB) SWAP 576/5858MB (cached 0MB) CPU [23%@1510,21%@1510,10%@1510,12%@1510,44%@1036,68%@1036] GR3D_FREQ 37% cpu@54.5C soc2@52.937C soc0@51.343C gpu@53.375C tj@54.5C soc1@52.875C VDD_IN 6785mW/7546mW VDD_CPU_GPU_CV 1584mW/2212mW VDD_SOC 1703mW/1761mW
10-08-2026 23:44:24 RAM 6819/7620MB (lfb 10x2MB) SWAP 576/5858MB (cached 0MB) CPU [10%@1510,8%@1510,11%@1510,8%@1510,9%@1497,74%@1497] GR3D_FREQ 40% cpu@54.187C soc2@52.75C soc0@51.281C gpu@53.312C tj@54.187C soc1@52.906C VDD_IN 6626mW/7542mW VDD_CPU_GPU_CV 1505mW/2210mW VDD_SOC 1663mW/1761mW
10-08-2026 23:44:25 RAM 6820/7620MB (lfb 10x2MB) SWAP 576/5858MB (cached 0MB) CPU [7%@729,9%@729,7%@729,13%@729,22%@1497,56%@1497] GR3D_FREQ 48% cpu@54.218C soc2@52.687C soc0@51.25C gpu@53.343C tj@54.218C soc1@52.906C VDD_IN 6666mW/7539mW VDD_CPU_GPU_CV 1545mW/2207mW VDD_SOC 1663mW/1760mW
10-08-2026 23:44:26 RAM 6820/7620MB (lfb 10x2MB) SWAP 576/5858MB (cached 0MB) CPU [8%@1510,5%@1510,8%@1510,5%@1510,17%@1510,65%@1510] GR3D_FREQ 33% cpu@54.343C soc2@52.687C soc0@51.25C gpu@53.5C tj@54.343C soc1@52.781C VDD_IN 6666mW/7536mW VDD_CPU_GPU_CV 1545mW/2204mW VDD_SOC 1663mW/1760mW
10-08-2026 23:44:27 RAM 6879/7620MB (lfb 18x1MB) SWAP 576/5858MB (cached 0MB) CPU [25%@729,23%@729,18%@729,37%@729,30%@1190,55%@1190] GR3D_FREQ 0% cpu@54.312C soc2@52.875C soc0@51.125C gpu@53.562C tj@54.312C soc1@52.781C VDD_IN 6705mW/7532mW VDD_CPU_GPU_CV 1700mW/2202mW VDD_SOC 1624mW/1760mW
10-08-2026 23:44:28 RAM 6886/7620MB (lfb 18x1MB) SWAP 576/5858MB (cached 0MB) CPU [51%@806,44%@806,47%@1510,40%@1510,32%@1113,27%@1113] GR3D_FREQ 0% cpu@54.375C soc2@52.718C soc0@51.156C gpu@53.125C tj@54.375C soc1@52.812C VDD_IN 6547mW/7529mW VDD_CPU_GPU_CV 1621mW/2200mW VDD_SOC 1624mW/1759mW
10-08-2026 23:44:29 RAM 6915/7620MB (lfb 18x1MB) SWAP 576/5858MB (cached 0MB) CPU [56%@1510,42%@1510,53%@1510,49%@1510,64%@1510,59%@1510] GR3D_FREQ 0% cpu@54.812C soc2@52.812C soc0@51.187C gpu@53.593C tj@54.812C soc1@52.75C VDD_IN 7459mW/7528mW VDD_CPU_GPU_CV 2294mW/2201mW VDD_SOC 1663mW/1759mW
10-08-2026 23:44:30 RAM 6922/7620MB (lfb 18x1MB) SWAP 576/5858MB (cached 0MB) CPU [79%@1510,78%@1510,63%@1510,57%@1510,83%@1510,69%@1510] GR3D_FREQ 33% cpu@55.312C soc2@53.125C soc0@51.093C gpu@53.687C tj@55.312C soc1@52.843C VDD_IN 8451mW/7532mW VDD_CPU_GPU_CV 3045mW/2204mW VDD_SOC 1745mW/1759mW
10-08-2026 23:44:31 RAM 7045/7620MB (lfb 3x512kB) SWAP 576/5858MB (cached 0MB) CPU [60%@1510,71%@1510,64%@1510,73%@1510,85%@1510,70%@1510] GR3D_FREQ 67% cpu@55.187C soc2@53.25C soc0@51.312C gpu@53.593C tj@55.187C soc1@52.906C VDD_IN 9642mW/7540mW VDD_CPU_GPU_CV 3711mW/2209mW VDD_SOC 1941mW/1759mW
10-08-2026 23:44:32 RAM 7043/7620MB (lfb 3x512kB) SWAP 576/5858MB (cached 0MB) CPU [83%@1113,80%@1113,84%@1113,83%@1113,91%@1510,83%@1510] GR3D_FREQ 37% cpu@55.25C soc2@53.312C soc0@51.437C gpu@53.656C tj@55.25C soc1@53.093C VDD_IN 9943mW/7549mW VDD_CPU_GPU_CV 3948mW/2216mW VDD_SOC 1980mW/1760mW
10-08-2026 23:44:33 RAM 6382/7620MB (lfb 1x4MB) SWAP 576/5858MB (cached 0MB) CPU [76%@1510,73%@1510,83%@1510,74%@1510,81%@1510,75%@1510] GR3D_FREQ 7% cpu@55.687C soc2@53.437C soc0@51.375C gpu@54C tj@55.687C soc1@53C VDD_IN 9562mW/7556mW VDD_CPU_GPU_CV 3757mW/2222mW VDD_SOC 1901mW/1761mW
10-08-2026 23:44:34 RAM 6481/7620MB (lfb 1x4MB) SWAP 576/5858MB (cached 0MB) CPU [76%@1510,84%@1510,72%@1510,82%@1510,71%@1510,73%@1510] GR3D_FREQ 60% cpu@55.156C soc2@53.656C soc0@51.625C gpu@54.062C tj@55.156C soc1@53.125C VDD_IN 9547mW/7564mW VDD_CPU_GPU_CV 3632mW/2227mW VDD_SOC 1980mW/1761mW
10-08-2026 23:44:35 RAM 6610/7620MB (lfb 1x4MB) SWAP 576/5858MB (cached 0MB) CPU [61%@1267,61%@1267,57%@1267,53%@1267,71%@1510,74%@1510] GR3D_FREQ 42% cpu@55.343C soc2@53.531C soc0@51.75C gpu@53.812C tj@55.343C soc1@53.25C VDD_IN 9547mW/7571mW VDD_CPU_GPU_CV 3593mW/2232mW VDD_SOC 1980mW/1762mW
10-08-2026 23:44:36 RAM 6653/7620MB (lfb 1x4MB) SWAP 576/5858MB (cached 0MB) CPU [43%@1510,35%@1510,35%@1510,38%@1510,77%@1510,43%@1510] GR3D_FREQ 46% cpu@55.187C soc2@53.531C soc0@51.5C gpu@54.031C tj@55.187C soc1@53.093C VDD_IN 8438mW/7574mW VDD_CPU_GPU_CV 2808mW/2234mW VDD_SOC 1861mW/1763mW
10-08-2026 23:44:37 RAM 6758/7620MB (lfb 1x4MB) SWAP 576/5858MB (cached 0MB) CPU [22%@1510,14%@1510,46%@1510,58%@1510,35%@729,13%@729] GR3D_FREQ 75% cpu@54.843C soc2@53.25C soc0@51.656C gpu@54.062C tj@54.843C soc1@53.093C VDD_IN 7936mW/7576mW VDD_CPU_GPU_CV 2333mW/2235mW VDD_SOC 1861mW/1763mW
10-08-2026 23:44:38 RAM 6875/7620MB (lfb 8x2MB) SWAP 576/5858MB (cached 0MB) CPU [17%@883,36%@883,26%@883,72%@883,25%@1420,13%@1420] GR3D_FREQ 74% cpu@54.531C soc2@53.343C soc0@51.656C gpu@53.562C tj@54.531C soc1@53.156C VDD_IN 7856mW/7577mW VDD_CPU_GPU_CV 2333mW/2235mW VDD_SOC 1861mW/1763mW
10-08-2026 23:44:39 RAM 6919/7620MB (lfb 14x2MB) SWAP 576/5858MB (cached 0MB) CPU [12%@1510,20%@1510,44%@1510,31%@1510,33%@729,39%@729] GR3D_FREQ 36% cpu@54.437C soc2@53.093C soc0@51.562C gpu@53.656C tj@54.437C soc1@53C VDD_IN 7221mW/7575mW VDD_CPU_GPU_CV 1898mW/2234mW VDD_SOC 1743mW/1763mW
10-08-2026 23:44:40 RAM 6919/7620MB (lfb 14x2MB) SWAP 576/5858MB (cached 0MB) CPU [15%@1510,7%@1510,39%@1510,44%@1510,10%@1497,6%@1497] GR3D_FREQ 37% cpu@54.593C soc2@53.093C soc0@51.343C gpu@53.5C tj@54.593C soc1@53C VDD_IN 6705mW/7572mW VDD_CPU_GPU_CV 1545mW/2231mW VDD_SOC 1703mW/1763mW
10-08-2026 23:44:41 RAM 6920/7620MB (lfb 14x2MB) SWAP 576/5858MB (cached 0MB) CPU [16%@1510,6%@1510,6%@1510,11%@1510,5%@1510,79%@1510] GR3D_FREQ 40% cpu@54.343C soc2@52.906C soc0@51.343C gpu@53.531C tj@54.343C soc1@53C VDD_IN 6705mW/7569mW VDD_CPU_GPU_CV 1545mW/2229mW VDD_SOC 1663mW/1763mW
10-08-2026 23:44:42 RAM 6920/7620MB (lfb 14x2MB) SWAP 576/5858MB (cached 0MB) CPU [22%@1510,8%@1510,10%@1510,6%@1510,1%@1510,81%@1510] GR3D_FREQ 33% cpu@54.375C soc2@52.843C soc0@51.375C gpu@53.375C tj@54.375C soc1@53.093C VDD_IN 6666mW/7566mW VDD_CPU_GPU_CV 1545mW/2226mW VDD_SOC 1663mW/1762mW
10-08-2026 23:44:43 RAM 6920/7620MB (lfb 14x2MB) SWAP 576/5858MB (cached 0MB) CPU [13%@1510,8%@1510,6%@1510,3%@1510,41%@1497,47%@1497] GR3D_FREQ 41% cpu@54.5C soc2@52.781C soc0@51.531C gpu@53.343C tj@54.5C soc1@52.875C VDD_IN 6666mW/7563mW VDD_CPU_GPU_CV 1584mW/2224mW VDD_SOC 1663mW/1762mW
10-08-2026 23:44:44 RAM 6855/7620MB (lfb 24x2MB) SWAP 576/5858MB (cached 0MB) CPU [11%@1510,15%@1510,12%@1510,15%@1510,5%@1510,68%@1510] GR3D_FREQ 17% cpu@54.375C soc2@52.937C soc0@51.343C gpu@53.468C tj@54.375C soc1@52.968C VDD_IN 6586mW/7559mW VDD_CPU_GPU_CV 1505mW/2221mW VDD_SOC 1624mW/1761mW
10-08-2026 23:44:45 RAM 6916/7620MB (lfb 16x2MB) SWAP 576/5858MB (cached 0MB) CPU [47%@960,49%@1510,27%@1510,42%@1510,53%@729,39%@729] GR3D_FREQ 35% cpu@54.406C soc2@52.812C soc0@51.312C gpu@53.25C tj@54.406C soc1@53.031C VDD_IN 6507mW/7555mW VDD_CPU_GPU_CV 1582mW/2219mW VDD_SOC 1624mW/1761mW
10-08-2026 23:44:46 RAM 6916/7620MB (lfb 16x2MB) SWAP 576/5858MB (cached 0MB) CPU [39%@1267,47%@1267,30%@1267,54%@1267,30%@806,56%@806] GR3D_FREQ 22% cpu@54.5C soc2@52.843C soc0@51.343C gpu@53.375C tj@54.5C soc1@52.906C VDD_IN 6348mW/7551mW VDD_CPU_GPU_CV 1465mW/2216mW VDD_SOC 1584mW/1760mW
10-08-2026 23:44:47 RAM 6671/7620MB (lfb 9x2MB) SWAP 576/5858MB (cached 0MB) CPU [55%@1510,66%@1510,55%@1510,60%@1510,71%@1510,58%@1510] GR3D_FREQ 12% cpu@55.406C soc2@53.156C soc0@51.187C gpu@53.5C tj@55.406C soc1@52.875C VDD_IN 8094mW/7553mW VDD_CPU_GPU_CV 2808mW/2218mW VDD_SOC 1743mW/1760mW
10-08-2026 23:44:48 RAM 6779/7620MB (lfb 8x2MB) SWAP 576/5858MB (cached 0MB) CPU [71%@1190,76%@1190,67%@1190,61%@1190,68%@1510,66%@1510] GR3D_FREQ 54% cpu@54.968C soc2@53.375C soc0@51.406C gpu@53.718C tj@54.968C soc1@53.093C VDD_IN 9007mW/7558mW VDD_CPU_GPU_CV 3322mW/2222mW VDD_SOC 1861mW/1761mW
10-08-2026 23:44:49 RAM 6887/7620MB (lfb 4x1MB) SWAP 576/5858MB (cached 0MB) CPU [68%@1267,60%@1267,55%@1267,67%@1267,74%@1510,60%@1510] GR3D_FREQ 38% cpu@55.25C soc2@53.312C soc0@51.656C gpu@53.593C tj@55.25C soc1@52.968C VDD_IN 9507mW/7565mW VDD_CPU_GPU_CV 3559mW/2227mW VDD_SOC 1980mW/1761mW
10-08-2026 23:44:50 RAM 6969/7620MB (lfb 1x128kB) SWAP 576/5858MB (cached 0MB) CPU [76%@1497,63%@1497,70%@1497,81%@1497,77%@1510,71%@1510] GR3D_FREQ 59% cpu@55.25C soc2@53.468C soc0@51.562C gpu@53.906C tj@55.25C soc1@53.062C VDD_IN 9404mW/7571mW VDD_CPU_GPU_CV 3559mW/2232mW VDD_SOC 1941mW/1762mW
10-08-2026 23:44:51 RAM 6978/7620MB (lfb 1x128kB) SWAP 576/5858MB (cached 0MB) CPU [76%@1510,56%@1510,48%@1510,69%@1510,60%@1510,67%@1510] GR3D_FREQ 64% cpu@55.125C soc2@53.531C soc0@51.656C gpu@53.968C tj@55.125C soc1@53.125C VDD_IN 9547mW/7578mW VDD_CPU_GPU_CV 3593mW/2237mW VDD_SOC 1980mW/1763mW
10-08-2026 23:44:52 RAM 6987/7620MB (lfb 1x128kB) SWAP 576/5858MB (cached 0MB) CPU [65%@1510,79%@1510,65%@1510,76%@1510,63%@1510,74%@1510] GR3D_FREQ 34% cpu@55.187C soc2@53.437C soc0@51.687C gpu@53.812C tj@55.187C soc1@53.343C VDD_IN 9388mW/7585mW VDD_CPU_GPU_CV 3514mW/2241mW VDD_SOC 1941mW/1763mW
10-08-2026 23:44:53 RAM 6999/7620MB (lfb 1x128kB) SWAP 576/5858MB (cached 0MB) CPU [51%@1510,68%@1510,60%@1510,64%@1510,77%@729,70%@729] GR3D_FREQ 38% cpu@55.375C soc2@53.781C soc0@51.906C gpu@53.781C tj@55.375C soc1@53.187C VDD_IN 9468mW/7591mW VDD_CPU_GPU_CV 3559mW/2246mW VDD_SOC 1980mW/1764mW
10-08-2026 23:44:54 RAM 7007/7620MB (lfb 1x128kB) SWAP 576/5858MB (cached 0MB) CPU [59%@1510,68%@1510,63%@1510,70%@1510,73%@1510,76%@1510] GR3D_FREQ 55% cpu@55.906C soc2@53.687C soc0@51.718C gpu@53.906C tj@55.906C soc1@53.218C VDD_IN 9904mW/7599mW VDD_CPU_GPU_CV 3830mW/2251mW VDD_SOC 2020mW/1765mW
10-08-2026 23:44:55 RAM 7015/7620MB (lfb 1x128kB) SWAP 576/5858MB (cached 0MB) CPU [47%@1510,47%@1510,43%@1510,55%@1510,46%@1510,56%@1510] GR3D_FREQ 0% cpu@55.093C soc2@53.312C soc0@51.531C gpu@53.656C tj@55.093C soc1@53.375C VDD_IN 7182mW/7598mW VDD_CPU_GPU_CV 2096mW/2250mW VDD_SOC 1663mW/1765mW
10-08-2026 23:44:56 RAM 7024/7620MB (lfb 1x128kB) SWAP 576/5858MB (cached 0MB) CPU [69%@1510,58%@1510,58%@1510,56%@1510,66%@1497,63%@1497] GR3D_FREQ 42% cpu@55.187C soc2@53.625C soc0@51.843C gpu@54.031C tj@55.343C soc1@53.312C VDD_IN 9111mW/7603mW VDD_CPU_GPU_CV 3322mW/2254mW VDD_SOC 1901mW/1765mW
10-08-2026 23:44:57 RAM 7033/7620MB (lfb 1x128kB) SWAP 576/5858MB (cached 0MB) CPU [79%@1510,80%@1510,76%@1510,79%@1510,69%@1190,81%@1190] GR3D_FREQ 21% cpu@55.656C soc2@53.781C soc0@51.781C gpu@54.156C tj@55.656C soc1@53.218C VDD_IN 10022mW/7611mW VDD_CPU_GPU_CV 3988mW/2260mW VDD_SOC 1980mW/1766mW
10-08-2026 23:44:58 RAM 7036/7620MB (lfb 1x128kB) SWAP 576/5858MB (cached 0MB) CPU [28%@1510,44%@1510,47%@1510,43%@1510,60%@729,61%@729] GR3D_FREQ 68% cpu@54.937C soc2@53.593C soc0@51.812C gpu@54.125C tj@54.937C soc1@53.312C VDD_IN 8451mW/7614mW VDD_CPU_GPU_CV 2729mW/2262mW VDD_SOC 1861mW/1766mW
10-08-2026 23:44:59 RAM 7037/7620MB (lfb 1x128kB) SWAP 576/5858MB (cached 0MB) CPU [14%@1510,43%@1510,29%@1510,25%@1510,37%@729,36%@729] GR3D_FREQ 69% cpu@54.937C soc2@53.437C soc0@51.781C gpu@53.812C tj@54.937C soc1@53.281C VDD_IN 7658mW/7614mW VDD_CPU_GPU_CV 2175mW/2261mW VDD_SOC 1822mW/1766mW
10-08-2026 23:45:00 RAM 7003/7620MB (lfb 35x2MB) SWAP 576/5858MB (cached 0MB) CPU [15%@1510,8%@1510,43%@1510,17%@1510,38%@1113,47%@1113] GR3D_FREQ 37% cpu@54.562C soc2@53.156C soc0@51.781C gpu@53.656C tj@54.562C soc1@53.218C VDD_IN 6666mW/7611mW VDD_CPU_GPU_CV 1542mW/2259mW VDD_SOC 1663mW/1766mW
10-08-2026 23:45:01 RAM 7003/7620MB (lfb 35x2MB) SWAP 576/5858MB (cached 0MB) CPU [8%@1510,14%@1510,7%@1510,18%@1510,12%@1510,76%@1510] GR3D_FREQ 45% cpu@54.718C soc2@53.187C soc0@51.75C gpu@53.656C tj@54.718C soc1@53.125C VDD_IN 6666mW/7608mW VDD_CPU_GPU_CV 1465mW/2256mW VDD_SOC 1703mW/1766mW
10-08-2026 23:45:02 RAM 7003/7620MB (lfb 35x2MB) SWAP 576/5858MB (cached 0MB) CPU [11%@1510,11%@1510,41%@1510,26%@1510,13%@729,20%@729] GR3D_FREQ 37% cpu@54.718C soc2@53.25C soc0@51.562C gpu@53.625C tj@54.718C soc1@53.093C VDD_IN 6666mW/7605mW VDD_CPU_GPU_CV 1545mW/2254mW VDD_SOC 1663mW/1766mW
10-08-2026 23:45:03 RAM 7004/7620MB (lfb 35x2MB) SWAP 576/5858MB (cached 0MB) CPU [13%@1510,33%@1510,14%@1510,51%@1510,7%@729,7%@729] GR3D_FREQ 40% cpu@54.562C soc2@53.156C soc0@51.593C gpu@53.906C tj@54.562C soc1@53.093C VDD_IN 6705mW/7602mW VDD_CPU_GPU_CV 1545mW/2252mW VDD_SOC 1663mW/1765mW
10-08-2026 23:45:04 RAM 7004/7620MB (lfb 35x2MB) SWAP 576/5858MB (cached 0MB) CPU [10%@1497,19%@1497,38%@1497,48%@1497,7%@729,5%@729] GR3D_FREQ 40% cpu@54.75C soc2@53.125C soc0@51.593C gpu@53.875C tj@54.437C soc1@53.093C VDD_IN 6705mW/7599mW VDD_CPU_GPU_CV 1545mW/2249mW VDD_SOC 1663mW/1765mW
10-08-2026 23:45:05 RAM 7004/7620MB (lfb 35x2MB) SWAP 576/5858MB (cached 0MB) CPU [26%@1420,16%@1420,11%@1420,67%@1420,5%@729,6%@729] GR3D_FREQ 66% cpu@54.375C soc2@53.093C soc0@51.593C gpu@53.906C tj@54.375C soc1@53.218C VDD_IN 6705mW/7596mW VDD_CPU_GPU_CV 1582mW/2247mW VDD_SOC 1663mW/1765mW
10-08-2026 23:45:06 RAM 7004/7620MB (lfb 35x2MB) SWAP 576/5858MB (cached 0MB) CPU [29%@1510,41%@1510,7%@1510,32%@1510,3%@729,5%@729] GR3D_FREQ 67% cpu@54.562C soc2@53.062C soc0@51.468C gpu@53.781C tj@54.562C soc1@53C VDD_IN 6745mW/7593mW VDD_CPU_GPU_CV 1545mW/2245mW VDD_SOC 1663mW/1764mW
10-08-2026 23:45:07 RAM 7004/7620MB (lfb 35x2MB) SWAP 576/5858MB (cached 0MB) CPU [9%@1510,80%@1510,8%@1510,11%@1510,4%@729,6%@729] GR3D_FREQ 40% cpu@54.656C soc2@53.125C soc0@51.468C gpu@53.531C tj@54.656C soc1@52.937C VDD_IN 6745mW/7590mW VDD_CPU_GPU_CV 1584mW/2242mW VDD_SOC 1663mW/1764mW
10-08-2026 23:45:08 RAM 7004/7620MB (lfb 35x2MB) SWAP 576/5858MB (cached 0MB) CPU [19%@1510,23%@1510,52%@1510,8%@1510,4%@729,7%@729] GR3D_FREQ 46% cpu@54.218C soc2@53.031C soc0@51.5C gpu@53.562C tj@54.218C soc1@53.031C VDD_IN 6745mW/7587mW VDD_CPU_GPU_CV 1584mW/2240mW VDD_SOC 1703mW/1764mW
10-08-2026 23:45:09 RAM 7004/7620MB (lfb 35x2MB) SWAP 576/5858MB (cached 0MB) CPU [14%@1510,6%@1510,8%@1510,73%@1510,6%@729,9%@729] GR3D_FREQ 42% cpu@54.343C soc2@53.062C soc0@51.5C gpu@53.562C tj@54.343C soc1@53.093C VDD_IN 6745mW/7584mW VDD_CPU_GPU_CV 1582mW/2238mW VDD_SOC 1703mW/1763mW
10-08-2026 23:45:10 RAM 7138/7620MB (lfb 1x2MB) SWAP 576/5858MB (cached 0MB) CPU [46%@729,39%@729,40%@729,55%@729,17%@729,24%@729] GR3D_FREQ 1% cpu@54.531C soc2@53.031C soc0@51.468C gpu@53.531C tj@54.531C soc1@53C VDD_IN 6586mW/7581mW VDD_CPU_GPU_CV 1661mW/2236mW VDD_SOC 1584mW/1763mW
10-08-2026 23:45:11 RAM 7151/7620MB (lfb 4x256kB) SWAP 576/5858MB (cached 0MB) CPU [37%@1510,44%@1510,39%@1510,37%@1510,45%@729,44%@729] GR3D_FREQ 0% cpu@54.781C soc2@53C soc0@51.375C gpu@53.281C tj@54.781C soc1@52.968C VDD_IN 6229mW/7577mW VDD_CPU_GPU_CV 1426mW/2234mW VDD_SOC 1584mW/1762mW
10-08-2026 23:45:12 RAM 7175/7620MB (lfb 4x256kB) SWAP 576/5858MB (cached 0MB) CPU [35%@1510,37%@1510,57%@1510,52%@1510,51%@1510,53%@1510] GR3D_FREQ 29% cpu@54.875C soc2@53.031C soc0@51.25C gpu@53.437C tj@54.875C soc1@53.031C VDD_IN 7221mW/7576mW VDD_CPU_GPU_CV 2135mW/2233mW VDD_SOC 1663mW/1762mW
10-08-2026 23:45:13 RAM 6468/7620MB (lfb 3x2MB) SWAP 576/5858MB (cached 0MB) CPU [61%@1267,69%@1267,68%@1267,50%@1267,72%@1510,69%@1510] GR3D_FREQ 67% cpu@55.156C soc2@53.218C soc0@51.437C gpu@53.562C tj@55.156C soc1@53.187C VDD_IN 8332mW/7578mW VDD_CPU_GPU_CV 2966mW/2236mW VDD_SOC 1743mW/1762mW
10-08-2026 23:45:14 RAM 6603/7620MB (lfb 3x2MB) SWAP 576/5858MB (cached 0MB) CPU [60%@1510,62%@1510,47%@1510,54%@1510,55%@1344,67%@1344] GR3D_FREQ 74% cpu@55.25C soc2@53.406C soc0@51.468C gpu@53.781C tj@55.25C soc1@53.062C VDD_IN 9032mW/7583mW VDD_CPU_GPU_CV 3243mW/2239mW VDD_SOC 1941mW/1762mW
10-08-2026 23:45:15 RAM 6693/7620MB (lfb 2x2MB) SWAP 576/5858MB (cached 0MB) CPU [80%@1510,62%@1510,71%@1510,77%@1510,78%@1497,74%@1497] GR3D_FREQ 0% cpu@55.375C soc2@53.656C soc0@51.531C gpu@53.687C tj@55.187C soc1@53.156C VDD_IN 9705mW/7590mW VDD_CPU_GPU_CV 3790mW/2244mW VDD_SOC 1980mW/1763mW
10-08-2026 23:45:16 RAM 6800/7620MB (lfb 2x2MB) SWAP 576/5858MB (cached 0MB) CPU [62%@1510,53%@1510,48%@1510,53%@1510,79%@1510,58%@1510] GR3D_FREQ 46% cpu@55.5C soc2@53.656C soc0@51.75C gpu@53.812C tj@55.5C soc1@53.125C VDD_IN 9428mW/7596mW VDD_CPU_GPU_CV 3553mW/2248mW VDD_SOC 1980mW/1764mW
10-08-2026 23:45:17 RAM 6679/7620MB (lfb 13x2MB) SWAP 576/5858MB (cached 0MB) CPU [48%@1497,67%@1497,59%@1497,66%@1497,67%@1420,76%@1420] GR3D_FREQ 0% cpu@55.312C soc2@53.625C soc0@51.656C gpu@53.781C tj@55.312C soc1@53.125C VDD_IN 9349mW/7601mW VDD_CPU_GPU_CV 3520mW/2252mW VDD_SOC 1941mW/1764mW
10-08-2026 23:45:18 RAM 6793/7620MB (lfb 7x2MB) SWAP 576/5858MB (cached 0MB) CPU [76%@1510,49%@1510,53%@1510,50%@1510,60%@1497,66%@1497] GR3D_FREQ 64% cpu@55.25C soc2@53.718C soc0@51.718C gpu@53.75C tj@55.25C soc1@53.25C VDD_IN 9230mW/7606mW VDD_CPU_GPU_CV 3395mW/2256mW VDD_SOC 1941mW/1765mW
10-08-2026 23:45:19 RAM 6885/7620MB (lfb 7x2MB) SWAP 576/5858MB (cached 0MB) CPU [50%@1344,60%@1344,58%@1344,64%@1344,61%@1510,69%@1510] GR3D_FREQ 68% cpu@55.343C soc2@53.687C soc0@51.968C gpu@54.031C tj@55.343C soc1@53.218C VDD_IN 9428mW/7612mW VDD_CPU_GPU_CV 3514mW/2260mW VDD_SOC 1980mW/1766mW
10-08-2026 23:45:20 RAM 6948/7620MB (lfb 7x2MB) SWAP 576/5858MB (cached 0MB) CPU [44%@1510,57%@1510,52%@1510,65%@1510,48%@729,62%@729] GR3D_FREQ 36% cpu@54.906C soc2@53.312C soc0@51.593C gpu@53.843C tj@54.906C soc1@53.218C VDD_IN 7221mW/7611mW VDD_CPU_GPU_CV 2096mW/2259mW VDD_SOC 1663mW/1765mW
10-08-2026 23:45:21 RAM 7027/7620MB (lfb 7x2MB) SWAP 576/5858MB (cached 0MB) CPU [67%@1510,47%@1510,54%@1510,57%@1510,65%@1510,63%@1510] GR3D_FREQ 64% cpu@55.5C soc2@53.718C soc0@51.718C gpu@53.875C tj@55.5C soc1@53.218C VDD_IN 8848mW/7615mW VDD_CPU_GPU_CV 3085mW/2262mW VDD_SOC 1901mW/1766mW
10-08-2026 23:45:22 RAM 7141/7620MB (lfb 75x64kB) SWAP 576/5858MB (cached 0MB) CPU [62%@1510,57%@1510,75%@1510,70%@1510,78%@1510,64%@1510] GR3D_FREQ 53% cpu@55.468C soc2@53.656C soc0@51.937C gpu@54C tj@55.468C soc1@53.437C VDD_IN 9864mW/7622mW VDD_CPU_GPU_CV 3830mW/2267mW VDD_SOC 1980mW/1766mW
10-08-2026 23:45:23 RAM 7154/7620MB (lfb 11x64kB) SWAP 576/5858MB (cached 0MB) CPU [39%@1497,53%@1497,43%@1497,50%@1497,56%@1190,21%@1190] GR3D_FREQ 1% cpu@55.125C soc2@53.343C soc0@51.718C gpu@53.687C tj@55.125C soc1@53.281C VDD_IN 6904mW/7620mW VDD_CPU_GPU_CV 1898mW/2266mW VDD_SOC 1663mW/1766mW
10-08-2026 23:45:24 RAM 7162/7620MB (lfb 11x64kB) SWAP 576/5858MB (cached 0MB) CPU [56%@1510,57%@1510,61%@1510,51%@1510,55%@729,54%@729] GR3D_FREQ 60% cpu@55.125C soc2@53.812C soc0@51.781C gpu@54.093C tj@55.125C soc1@53.25C VDD_IN 8689mW/7623mW VDD_CPU_GPU_CV 2966mW/2268mW VDD_SOC 1901mW/1767mW
10-08-2026 23:45:25 RAM 7163/7620MB (lfb 11x64kB) SWAP 576/5858MB (cached 0MB) CPU [49%@1420,47%@1420,74%@1420,36%@1420,66%@1113,58%@1113] GR3D_FREQ 0% cpu@55.062C soc2@53.468C soc0@51.75C gpu@54.125C tj@55.062C soc1@53.406C VDD_IN 8755mW/7627mW VDD_CPU_GPU_CV 3005mW/2270mW VDD_SOC 1901mW/1767mW
10-08-2026 23:45:26 RAM 7166/7620MB (lfb 11x64kB) SWAP 576/5858MB (cached 0MB) CPU [29%@1510,20%@1510,53%@1510,29%@1510,26%@883,28%@883] GR3D_FREQ 51% cpu@54.75C soc2@53.531C soc0@51.843C gpu@54C tj@54.75C soc1@53.406C VDD_IN 7459mW/7626mW VDD_CPU_GPU_CV 2056mW/2270mW VDD_SOC 1782mW/1767mW
10-08-2026 23:45:27 RAM 6811/7620MB (lfb 6x2MB) SWAP 576/5858MB (cached 0MB) CPU [27%@1420,5%@1420,62%@1420,8%@1420,10%@729,53%@729] GR3D_FREQ 66% cpu@54.656C soc2@53.218C soc0@51.812C gpu@53.718C tj@54.781C soc1@53.343C VDD_IN 7142mW/7625mW VDD_CPU_GPU_CV 1819mW/2268mW VDD_SOC 1782mW/1767mW
10-08-2026 23:45:28 RAM 6818/7620MB (lfb 6x2MB) SWAP 576/5858MB (cached 0MB) CPU [17%@1510,7%@1510,24%@1510,12%@1510,29%@1510,55%@1510] GR3D_FREQ 61% cpu@54.843C soc2@53.218C soc0@51.656C gpu@53.625C tj@54.843C soc1@53.218C VDD_IN 6785mW/7622mW VDD_CPU_GPU_CV 1584mW/2266mW VDD_SOC 1706mW/1767mW
10-08-2026 23:45:29 RAM 6818/7620MB (lfb 6x2MB) SWAP 576/5858MB (cached 0MB) CPU [16%@729,11%@729,15%@729,12%@729,28%@1510,57%@1510] GR3D_FREQ 35% cpu@54.781C soc2@53.156C soc0@51.625C gpu@53.687C tj@54.781C soc1@53.156C VDD_IN 6705mW/7619mW VDD_CPU_GPU_CV 1584mW/2264mW VDD_SOC 1663mW/1767mW
10-08-2026 23:45:30 RAM 6818/7620MB (lfb 6x2MB) SWAP 576/5858MB (cached 0MB) CPU [16%@1510,16%@1510,29%@1510,9%@1510,16%@729,42%@729] GR3D_FREQ 35% cpu@54.406C soc2@53.156C soc0@51.593C gpu@53.562C tj@54.406C soc1@53.187C VDD_IN 6705mW/7616mW VDD_CPU_GPU_CV 1545mW/2262mW VDD_SOC 1663mW/1766mW
10-08-2026 23:45:31 RAM 6818/7620MB (lfb 6x2MB) SWAP 576/5858MB (cached 0MB) CPU [8%@1510,16%@1510,16%@1510,70%@1510,2%@729,6%@729] GR3D_FREQ 40% cpu@54.5C soc2@53.156C soc0@51.687C gpu@53.906C tj@54.5C soc1@53.218C VDD_IN 6745mW/7614mW VDD_CPU_GPU_CV 1582mW/2260mW VDD_SOC 1663mW/1766mW
10-08-2026 23:45:32 RAM 6819/7620MB (lfb 6x2MB) SWAP 576/5858MB (cached 0MB) CPU [21%@1510,58%@1510,11%@1510,18%@1510,1%@729,8%@729] GR3D_FREQ 39% cpu@54.562C soc2@53.125C soc0@51.687C gpu@53.75C tj@54.562C soc1@53.031C VDD_IN 6745mW/7611mW VDD_CPU_GPU_CV 1584mW/2258mW VDD_SOC 1703mW/1766mW
10-08-2026 23:45:33 RAM 6820/7620MB (lfb 4x2MB) SWAP 576/5858MB (cached 0MB) CPU [48%@1510,36%@1510,15%@1510,8%@1510,3%@729,6%@729] GR3D_FREQ 0% cpu@54.562C soc2@53.156C soc0@51.468C gpu@53.781C tj@54.812C soc1@53.062C VDD_IN 6586mW/7608mW VDD_CPU_GPU_CV 1505mW/2255mW VDD_SOC 1663mW/1765mW
10-08-2026 23:45:34 RAM 6986/7620MB (lfb 1x2MB) SWAP 576/5858MB (cached 0MB) CPU [55%@1510,35%@1510,28%@1510,38%@1510,49%@1190,42%@1190] GR3D_FREQ 27% cpu@54.718C soc2@53.031C soc0@51.5C gpu@53.843C tj@54.718C soc1@53.093C VDD_IN 6467mW/7604mW VDD_CPU_GPU_CV 1582mW/2253mW VDD_SOC 1584mW/1765mW
10-08-2026 23:45:35 RAM 6985/7620MB (lfb 91x256kB) SWAP 576/5858MB (cached 0MB) CPU [33%@729,47%@729,51%@729,41%@729,32%@729,47%@729] GR3D_FREQ 38% cpu@54.437C soc2@53.031C soc0@51.5C gpu@53.375C tj@54.437C soc1@53.25C VDD_IN 6428mW/7601mW VDD_CPU_GPU_CV 1542mW/2251mW VDD_SOC 1584mW/1764mW
10-08-2026 23:45:36 RAM 7023/7620MB (lfb 43x256kB) SWAP 576/5858MB (cached 0MB) CPU [51%@1510,44%@1510,44%@1510,51%@1510,50%@1510,82%@1510] GR3D_FREQ 0% cpu@54.562C soc2@53.125C soc0@51.531C gpu@53.562C tj@54.562C soc1@53C VDD_IN 6904mW/7599mW VDD_CPU_GPU_CV 1819mW/2250mW VDD_SOC 1663mW/1764mW
10-08-2026 23:45:37 RAM 7028/7620MB (lfb 39x256kB) SWAP 576/5858MB (cached 0MB) CPU [70%@1510,71%@1510,75%@1510,78%@1510,77%@883,76%@883] GR3D_FREQ 0% cpu@55.5C soc2@53.468C soc0@51.437C gpu@53.75C tj@55.5C soc1@53.093C VDD_IN 8451mW/7601mW VDD_CPU_GPU_CV 3045mW/2252mW VDD_SOC 1743mW/1764mW
10-08-2026 23:45:38 RAM 7116/7620MB (lfb 11x256kB) SWAP 576/5858MB (cached 0MB) CPU [76%@1510,84%@1510,77%@1510,83%@1510,87%@1510,88%@1510] GR3D_FREQ 19% cpu@55.937C soc2@53.656C soc0@51.687C gpu@53.875C tj@55.656C soc1@53.406C VDD_IN 9880mW/7608mW VDD_CPU_GPU_CV 3915mW/2257mW VDD_SOC 1980mW/1765mW
10-08-2026 23:45:39 RAM 7196/7620MB (lfb 1x256kB) SWAP 576/5858MB (cached 0MB) CPU [78%@1510,68%@1510,69%@1510,67%@1510,65%@1510,80%@1510] GR3D_FREQ 38% cpu@55.531C soc2@53.812C soc0@51.75C gpu@54.187C tj@55.531C soc1@53.312C VDD_IN 9587mW/7614mW VDD_CPU_GPU_CV 3632mW/2261mW VDD_SOC 1980mW/1765mW
10-08-2026 23:45:40 RAM 7226/7620MB (lfb 2186x32kB) SWAP 576/5858MB (cached 0MB) CPU [80%@1510,80%@1510,80%@1510,92%@1510,82%@1510,93%@1510] GR3D_FREQ 8% cpu@55.656C soc2@54C soc0@51.75C gpu@54.281C tj@55.656C soc1@53.375C VDD_IN 10022mW/7621mW VDD_CPU_GPU_CV 3988mW/2266mW VDD_SOC 1980mW/1766mW
10-08-2026 23:45:41 RAM 7226/7620MB (lfb 2176x32kB) SWAP 576/5858MB (cached 0MB) CPU [74%@1420,67%@1420,67%@1420,68%@1420,71%@1510,88%@1510] GR3D_FREQ 74% cpu@55.562C soc2@53.812C soc0@51.968C gpu@54.468C tj@55.562C soc1@53.531C VDD_IN 9705mW/7627mW VDD_CPU_GPU_CV 3711mW/2271mW VDD_SOC 2020mW/1767mW
10-08-2026 23:45:42 RAM 7227/7620MB (lfb 2176x32kB) SWAP 576/5858MB (cached 0MB) CPU [84%@1510,85%@1510,83%@1510,88%@1510,79%@1510,78%@1510] GR3D_FREQ 29% cpu@55.968C soc2@53.843C soc0@52.093C gpu@54.125C tj@55.968C soc1@53.625C VDD_IN 10062mW/7635mW VDD_CPU_GPU_CV 3988mW/2276mW VDD_SOC 1980mW/1767mW
10-08-2026 23:45:43 RAM 7216/7620MB (lfb 17x256kB) SWAP 576/5858MB (cached 0MB) CPU [74%@1497,69%@1497,72%@1497,66%@1497,67%@806,59%@806] GR3D_FREQ 61% cpu@55.625C soc2@53.906C soc0@51.968C gpu@54.187C tj@55.625C soc1@53.5C VDD_IN 9190mW/7639mW VDD_CPU_GPU_CV 3361mW/2279mW VDD_SOC 1941mW/1768mW
10-08-2026 23:45:44 RAM 7086/7620MB (lfb 3x1MB) SWAP 576/5858MB (cached 0MB) CPU [85%@1510,80%@1510,85%@1510,88%@1510,83%@1344,82%@1344] GR3D_FREQ 25% cpu@55.906C soc2@54.156C soc0@51.906C gpu@54.562C tj@55.906C soc1@53.593C VDD_IN 9800mW/7646mW VDD_CPU_GPU_CV 3876mW/2284mW VDD_SOC 1980mW/1768mW
10-08-2026 23:45:45 RAM 7122/7620MB (lfb 1x128kB) SWAP 576/5858MB (cached 0MB) CPU [55%@1344,67%@1344,69%@1344,69%@1344,69%@1510,76%@1510] GR3D_FREQ 47% cpu@55.812C soc2@54.031C soc0@52.156C gpu@54.125C tj@55.812C soc1@53.593C VDD_IN 9468mW/7651mW VDD_CPU_GPU_CV 3553mW/2287mW VDD_SOC 1941mW/1769mW
10-08-2026 23:45:46 RAM 7122/7620MB (lfb 1x128kB) SWAP 576/5858MB (cached 0MB) CPU [41%@1510,50%@1510,48%@1510,68%@1510,35%@1344,46%@1344] GR3D_FREQ 51% cpu@55.312C soc2@53.843C soc0@52.25C gpu@54.218C tj@55.312C soc1@53.625C VDD_IN 8438mW/7653mW VDD_CPU_GPU_CV 2729mW/2289mW VDD_SOC 1901mW/1769mW
10-08-2026 23:45:47 RAM 7122/7620MB (lfb 1x128kB) SWAP 576/5858MB (cached 0MB) CPU [30%@1510,28%@1510,16%@1510,34%@1510,43%@729,39%@729] GR3D_FREQ 79% cpu@54.906C soc2@53.937C soc0@52.156C gpu@54.281C tj@54.906C soc1@53.562C VDD_IN 7936mW/7654mW VDD_CPU_GPU_CV 2412mW/2289mW VDD_SOC 1822mW/1769mW
10-08-2026 23:45:48 RAM 7123/7620MB (lfb 1x128kB) SWAP 576/5858MB (cached 0MB) CPU [16%@1510,20%@1510,14%@1510,59%@1510,19%@729,49%@729] GR3D_FREQ 79% cpu@55.062C soc2@53.625C soc0@52.093C gpu@54.125C tj@54.843C soc1@53.593C VDD_IN 7539mW/7654mW VDD_CPU_GPU_CV 2096mW/2289mW VDD_SOC 1782mW/1769mW
10-08-2026 23:45:49 RAM 7128/7620MB (lfb 1x128kB) SWAP 576/5858MB (cached 0MB) CPU [22%@883,34%@883,12%@883,42%@883,17%@729,60%@729] GR3D_FREQ 70% cpu@54.875C soc2@53.531C soc0@52.125C gpu@53.843C tj@54.875C soc1@53.593C VDD_IN 7261mW/7653mW VDD_CPU_GPU_CV 1898mW/2287mW VDD_SOC 1782mW/1770mW
10-08-2026 23:45:50 RAM 7031/7620MB (lfb 1x2MB) SWAP 576/5858MB (cached 0MB) CPU [12%@1510,31%@1510,34%@1510,33%@1510,26%@729,30%@729] GR3D_FREQ 48% cpu@54.875C soc2@53.593C soc0@51.875C gpu@53.906C tj@55.156C soc1@53.406C VDD_IN 6904mW/7650mW VDD_CPU_GPU_CV 1661mW/2286mW VDD_SOC 1743mW/1769mW
10-08-2026 23:45:51 RAM 7056/7620MB (lfb 2x2MB) SWAP 576/5858MB (cached 0MB) CPU [26%@1510,65%@1510,16%@1510,23%@1510,9%@729,3%@729] GR3D_FREQ 39% cpu@54.906C soc2@53.437C soc0@51.937C gpu@53.812C tj@54.906C soc1@53.5C VDD_IN 6864mW/7648mW VDD_CPU_GPU_CV 1621mW/2284mW VDD_SOC 1703mW/1769mW
10-08-2026 23:45:52 RAM 7056/7620MB (lfb 2x2MB) SWAP 576/5858MB (cached 0MB) CPU [32%@1510,33%@1510,29%@1510,14%@1510,5%@729,3%@729] GR3D_FREQ 39% cpu@54.937C soc2@53.281C soc0@52.031C gpu@53.75C tj@54.937C soc1@53.406C VDD_IN 6745mW/7646mW VDD_CPU_GPU_CV 1584mW/2282mW VDD_SOC 1703mW/1769mW
10-08-2026 23:45:53 RAM 7056/7620MB (lfb 2x2MB) SWAP 576/5858MB (cached 0MB) CPU [50%@1510,41%@1510,14%@1510,7%@1510,1%@729,9%@729] GR3D_FREQ 63% cpu@54.875C soc2@53.437C soc0@51.781C gpu@53.968C tj@54.875C soc1@53.312C VDD_IN 6745mW/7643mW VDD_CPU_GPU_CV 1584mW/2280mW VDD_SOC 1663mW/1769mW
10-08-2026 23:45:54 RAM 7056/7620MB (lfb 2x2MB) SWAP 576/5858MB (cached 0MB) CPU [25%@1510,55%@1510,15%@1510,7%@1510,4%@1420,8%@1420] GR3D_FREQ 61% cpu@54.75C soc2@53.343C soc0@51.875C gpu@54C tj@54.75C soc1@53.406C VDD_IN 6705mW/7640mW VDD_CPU_GPU_CV 1545mW/2278mW VDD_SOC 1663mW/1768mW
10-08-2026 23:45:55 RAM 7056/7620MB (lfb 2x2MB) SWAP 576/5858MB (cached 0MB) CPU [42%@1510,43%@1510,11%@1510,8%@1510,3%@729,9%@729] GR3D_FREQ 45% cpu@54.687C soc2@53.343C soc0@51.812C gpu@53.968C tj@54.687C soc1@53.437C VDD_IN 6705mW/7638mW VDD_CPU_GPU_CV 1584mW/2276mW VDD_SOC 1663mW/1768mW
10-08-2026 23:45:56 RAM 7056/7620MB (lfb 2x2MB) SWAP 576/5858MB (cached 0MB) CPU [35%@1510,17%@1510,7%@1510,39%@1510,4%@729,12%@729] GR3D_FREQ 42% cpu@54.781C soc2@53.25C soc0@51.781C gpu@53.75C tj@54.781C soc1@53.281C VDD_IN 6745mW/7635mW VDD_CPU_GPU_CV 1584mW/2274mW VDD_SOC 1703mW/1768mW
10-08-2026 23:45:57 RAM 7056/7620MB (lfb 2x2MB) SWAP 576/5858MB (cached 0MB) CPU [35%@729,29%@729,16%@729,16%@1510,2%@1510,25%@1510] GR3D_FREQ 42% cpu@55.031C soc2@53.25C soc0@51.687C gpu@53.75C tj@55.031C soc1@53.312C VDD_IN 6785mW/7633mW VDD_CPU_GPU_CV 1582mW/2272mW VDD_SOC 1703mW/1768mW
10-08-2026 23:45:58 RAM 7057/7620MB (lfb 2x2MB) SWAP 576/5858MB (cached 0MB) CPU [9%@729,14%@729,7%@729,12%@729,7%@1510,75%@1510] GR3D_FREQ 31% cpu@54.875C soc2@53.156C soc0@51.687C gpu@53.718C tj@54.656C soc1@53.25C VDD_IN 6745mW/7630mW VDD_CPU_GPU_CV 1582mW/2270mW VDD_SOC 1703mW/1768mW
10-08-2026 23:45:59 RAM 6617/7620MB (lfb 5x2MB) SWAP 576/5858MB (cached 0MB) CPU [41%@883,38%@883,38%@883,26%@883,35%@1113,44%@1113] GR3D_FREQ 0% cpu@54.906C soc2@53.343C soc0@51.593C gpu@53.75C tj@54.812C soc1@53.25C VDD_IN 6944mW/7628mW VDD_CPU_GPU_CV 1898mW/2269mW VDD_SOC 1663mW/1767mW
10-08-2026 23:46:00 RAM 6623/7620MB (lfb 5x2MB) SWAP 576/5858MB (cached 0MB) CPU [56%@729,34%@729,26%@729,31%@729,41%@1113,43%@1113] GR3D_FREQ 10% cpu@54.968C soc2@53.125C soc0@51.656C gpu@53.718C tj@54.718C soc1@53.25C VDD_IN 6348mW/7625mW VDD_CPU_GPU_CV 1463mW/2266mW VDD_SOC 1584mW/1767mW
10-08-2026 23:46:01 RAM 6625/7620MB (lfb 5x2MB) SWAP 576/5858MB (cached 0MB) CPU [38%@729,41%@729,34%@729,30%@729,40%@1344,49%@1344] GR3D_FREQ 37% cpu@54.75C soc2@53.125C soc0@51.656C gpu@53.718C tj@54.75C soc1@53.312C VDD_IN 6348mW/7621mW VDD_CPU_GPU_CV 1502mW/2264mW VDD_SOC 1584mW/1766mW
10-08-2026 23:46:02 RAM 6650/7620MB (lfb 1x2MB) SWAP 576/5858MB (cached 0MB) CPU [58%@1510,55%@1510,59%@1510,61%@1510,66%@1036,80%@1036] GR3D_FREQ 4% cpu@55C soc2@53.437C soc0@51.687C gpu@53.656C tj@55C soc1@53.218C VDD_IN 7697mW/7621mW VDD_CPU_GPU_CV 2491mW/2265mW VDD_SOC 1703mW/1766mW
10-08-2026 23:46:03 RAM 6654/7620MB (lfb 15x1MB) SWAP 576/5858MB (cached 0MB) CPU [20%@1190,35%@1190,41%@1190,53%@1190,45%@1497,47%@1497] GR3D_FREQ 4% cpu@54.906C soc2@53.218C soc0@51.468C gpu@53.625C tj@54.906C soc1@53.156C VDD_IN 6507mW/7618mW VDD_CPU_GPU_CV 1621mW/2263mW VDD_SOC 1584mW/1766mW
10-08-2026 23:46:04 RAM 6789/7620MB (lfb 15x1MB) SWAP 576/5858MB (cached 0MB) CPU [18%@1420,14%@1420,63%@1420,18%@1420,32%@729,21%@729] GR3D_FREQ 46% cpu@54.593C soc2@53.468C soc0@51.656C gpu@53.656C tj@54.593C soc1@53.187C VDD_IN 7420mW/7618mW VDD_CPU_GPU_CV 2017mW/2262mW VDD_SOC 1782mW/1766mW
10-08-2026 23:46:05 RAM 6886/7620MB (lfb 15x1MB) SWAP 576/5858MB (cached 0MB) CPU [11%@1510,43%@1510,40%@1510,18%@1510,5%@729,59%@729] GR3D_FREQ 36% cpu@54.687C soc2@53.5C soc0@51.843C gpu@54C tj@54.687C soc1@53.375C VDD_IN 7816mW/7618mW VDD_CPU_GPU_CV 2294mW/2262mW VDD_SOC 1822mW/1766mW
10-08-2026 23:46:06 RAM 6872/7620MB (lfb 16x1MB) SWAP 576/5858MB (cached 0MB) CPU [11%@729,27%@729,14%@1510,19%@1510,14%@1510,60%@1510] GR3D_FREQ 36% cpu@54.718C soc2@53.156C soc0@51.718C gpu@53.781C tj@54.718C soc1@53.093C VDD_IN 6626mW/7615mW VDD_CPU_GPU_CV 1465mW/2260mW VDD_SOC 1663mW/1766mW
10-08-2026 23:46:07 RAM 6872/7620MB (lfb 16x1MB) SWAP 576/5858MB (cached 0MB) CPU [5%@729,11%@729,7%@729,3%@729,7%@1497,80%@1497] GR3D_FREQ 60% cpu@54.843C soc2@53.156C soc0@51.625C gpu@53.843C tj@54.843C soc1@53.093C VDD_IN 6666mW/7613mW VDD_CPU_GPU_CV 1542mW/2258mW VDD_SOC 1663mW/1765mW
10-08-2026 23:46:08 RAM 6873/7620MB (lfb 16x1MB) SWAP 576/5858MB (cached 0MB) CPU [7%@1497,48%@1497,16%@1497,10%@1497,14%@729,14%@729] GR3D_FREQ 62% cpu@54.375C soc2@53.093C soc0@51.468C gpu@53.593C tj@54.375C soc1@53.156C VDD_IN 6626mW/7610mW VDD_CPU_GPU_CV 1505mW/2256mW VDD_SOC 1663mW/1765mW
10-08-2026 23:46:09 RAM 6863/7620MB (lfb 16x1MB) SWAP 576/5858MB (cached 0MB) CPU [14%@1497,7%@1497,21%@1497,63%@1497,11%@1510,15%@1510] GR3D_FREQ 40% cpu@54.843C soc2@53.125C soc0@51.5C gpu@53.5C tj@54.843C soc1@53.187C VDD_IN 6666mW/7607mW VDD_CPU_GPU_CV 1584mW/2254mW VDD_SOC 1663mW/1765mW
10-08-2026 23:46:10 RAM 6959/7620MB (lfb 1x2MB) SWAP 576/5858MB (cached 0MB) CPU [39%@729,23%@729,35%@1510,63%@1510,39%@1344,28%@1344] GR3D_FREQ 1% cpu@54.75C soc2@53.125C soc0@51.656C gpu@53.656C tj@54.75C soc1@52.968C VDD_IN 6507mW/7604mW VDD_CPU_GPU_CV 1542mW/2252mW VDD_SOC 1624mW/1764mW
10-08-2026 23:46:11 RAM 6969/7620MB (lfb 16x512kB) SWAP 576/5858MB (cached 0MB) CPU [41%@1497,41%@1497,51%@1497,44%@1497,45%@1510,54%@1510] GR3D_FREQ 0% cpu@54.875C soc2@53.125C soc0@51.375C gpu@53.718C tj@54.875C soc1@53.031C VDD_IN 6745mW/7602mW VDD_CPU_GPU_CV 1740mW/2251mW VDD_SOC 1624mW/1764mW
10-08-2026 23:46:12 RAM 6989/7620MB (lfb 1x512kB) SWAP 576/5858MB (cached 0MB) CPU [65%@1510,68%@1510,68%@1510,74%@1510,73%@1510,75%@1510] GR3D_FREQ 0% cpu@55.593C soc2@53.312C soc0@51.562C gpu@53.875C tj@55.375C soc1@53.062C VDD_IN 8412mW/7604mW VDD_CPU_GPU_CV 3005mW/2253mW VDD_SOC 1745mW/1764mW
10-08-2026 23:46:13 RAM 7012/7620MB (lfb 243x256kB) SWAP 576/5858MB (cached 0MB) CPU [83%@1510,70%@1510,70%@1510,64%@1510,70%@1510,73%@1510] GR3D_FREQ 0% cpu@55.375C soc2@53.312C soc0@51.625C gpu@53.718C tj@55.562C soc1@53.031C VDD_IN 8491mW/7607mW VDD_CPU_GPU_CV 3085mW/2255mW VDD_SOC 1785mW/1764mW
10-08-2026 23:46:14 RAM 7099/7620MB (lfb 224x256kB) SWAP 576/5858MB (cached 0MB) CPU [86%@1510,80%@1510,78%@1510,78%@1510,82%@1113,86%@1113] GR3D_FREQ 95% cpu@55.375C soc2@53.593C soc0@51.625C gpu@53.906C tj@55.687C soc1@53.156C VDD_IN 9602mW/7612mW VDD_CPU_GPU_CV 3717mW/2259mW VDD_SOC 1941mW/1764mW
10-08-2026 23:46:15 RAM 7212/7620MB (lfb 48x256kB) SWAP 576/5858MB (cached 0MB) CPU [60%@1510,64%@1510,64%@1510,62%@1510,70%@1510,71%@1510] GR3D_FREQ 56% cpu@55.593C soc2@53.906C soc0@51.812C gpu@54.25C tj@55.593C soc1@53.312C VDD_IN 9745mW/7618mW VDD_CPU_GPU_CV 3751mW/2263mW VDD_SOC 1980mW/1765mW
10-08-2026 23:46:16 RAM 7232/7620MB (lfb 2172x32kB) SWAP 576/5858MB (cached 0MB) CPU [59%@1510,80%@1510,66%@1510,55%@1510,80%@1510,73%@1510] GR3D_FREQ 10% cpu@55.406C soc2@53.593C soc0@51.937C gpu@54C tj@55.406C soc1@53.562C VDD_IN 9547mW/7623mW VDD_CPU_GPU_CV 3553mW/2267mW VDD_SOC 1980mW/1766mW
10-08-2026 23:46:17 RAM 7233/7620MB (lfb 2170x32kB) SWAP 576/5858MB (cached 0MB) CPU [16%@1510,41%@1510,19%@1510,30%@1510,19%@1510,64%@1510] GR3D_FREQ 62% cpu@55.031C soc2@53.687C soc0@51.812C gpu@53.875C tj@55.031C soc1@53.156C VDD_IN 7936mW/7624mW VDD_CPU_GPU_CV 2373mW/2267mW VDD_SOC 1861mW/1766mW
10-08-2026 23:46:18 RAM 7120/7620MB (lfb 1x512kB) SWAP 576/5858MB (cached 0MB) CPU [16%@960,13%@960,25%@960,57%@960,35%@1510,54%@1510] GR3D_FREQ 9% cpu@54.75C soc2@53.406C soc0@51.843C gpu@54.125C tj@54.75C soc1@53.281C VDD_IN 7777mW/7624mW VDD_CPU_GPU_CV 2254mW/2267mW VDD_SOC 1822mW/1766mW
10-08-2026 23:46:19 RAM 7231/7620MB (lfb 4x256kB) SWAP 576/5858MB (cached 0MB) CPU [12%@729,10%@1510,42%@1510,25%@1510,36%@1510,56%@1510] GR3D_FREQ 43% cpu@54.687C soc2@53.375C soc0@51.843C gpu@53.843C tj@54.687C soc1@53.375C VDD_IN 7816mW/7625mW VDD_CPU_GPU_CV 2294mW/2267mW VDD_SOC 1822mW/1766mW
10-08-2026 23:46:20 RAM 7126/7620MB (lfb 22x2MB) SWAP 576/5858MB (cached 0MB) CPU [14%@1510,5%@1510,16%@1510,62%@1510,14%@729,26%@729] GR3D_FREQ 56% cpu@54.687C soc2@53.187C soc0@51.718C gpu@53.656C tj@54.687C soc1@53.156C VDD_IN 6824mW/7623mW VDD_CPU_GPU_CV 1584mW/2265mW VDD_SOC 1703mW/1766mW
10-08-2026 23:46:21 RAM 7126/7620MB (lfb 22x2MB) SWAP 576/5858MB (cached 0MB) CPU [13%@1510,4%@1510,75%@1510,9%@1510,7%@729,0%@729] GR3D_FREQ 56% cpu@54.375C soc2@53.218C soc0@51.625C gpu@53.656C tj@54.375C soc1@53.125C VDD_IN 6666mW/7620mW VDD_CPU_GPU_CV 1545mW/2263mW VDD_SOC 1663mW/1766mW
10-08-2026 23:46:22 RAM 7126/7620MB (lfb 22x2MB) SWAP 576/5858MB (cached 0MB) CPU [11%@1510,4%@1510,5%@1510,80%@1510,5%@729,3%@729] GR3D_FREQ 45% cpu@54.718C soc2@53.062C soc0@51.593C gpu@53.718C tj@54.406C soc1@53.125C VDD_IN 6705mW/7618mW VDD_CPU_GPU_CV 1545mW/2261mW VDD_SOC 1663mW/1765mW
10-08-2026 23:46:23 RAM 7126/7620MB (lfb 22x2MB) SWAP 576/5858MB (cached 0MB) CPU [20%@1510,4%@1510,50%@1510,28%@1510,3%@729,6%@729] GR3D_FREQ 34% cpu@54.375C soc2@53.093C soc0@51.5C gpu@54C tj@54.375C soc1@53.156C VDD_IN 6705mW/7615mW VDD_CPU_GPU_CV 1584mW/2260mW VDD_SOC 1663mW/1765mW
10-08-2026 23:46:24 RAM 7127/7620MB (lfb 22x2MB) SWAP 576/5858MB (cached 0MB) CPU [10%@1510,2%@1510,72%@1510,16%@1510,1%@729,7%@729] GR3D_FREQ 46% cpu@54.468C soc2@53.093C soc0@51.625C gpu@53.562C tj@54.468C soc1@53.25C VDD_IN 6705mW/7613mW VDD_CPU_GPU_CV 1545mW/2258mW VDD_SOC 1663mW/1765mW
10-08-2026 23:46:25 RAM 7127/7620MB (lfb 22x2MB) SWAP 576/5858MB (cached 0MB) CPU [42%@1510,5%@1510,8%@1510,44%@1510,3%@729,7%@729] GR3D_FREQ 35% cpu@54.562C soc2@53.062C soc0@51.5C gpu@53.531C tj@54.562C soc1@53.062C VDD_IN 6666mW/7610mW VDD_CPU_GPU_CV 1545mW/2256mW VDD_SOC 1663mW/1765mW
10-08-2026 23:46:26 RAM 7166/7620MB (lfb 9x2MB) SWAP 576/5858MB (cached 0MB) CPU [19%@1420,44%@1420,34%@1420,25%@1420,16%@1510,18%@1510] GR3D_FREQ 1% cpu@54.656C soc2@53.156C soc0@51.406C gpu@53.375C tj@54.656C soc1@53C VDD_IN 6904mW/7609mW VDD_CPU_GPU_CV 1822mW/2255mW VDD_SOC 1663mW/1764mW
10-08-2026 23:46:27 RAM 7187/7620MB (lfb 4x2MB) SWAP 576/5858MB (cached 0MB) CPU [37%@1113,37%@1510,44%@1510,49%@1510,45%@1190,42%@1190] GR3D_FREQ 0% cpu@54.562C soc2@52.968C soc0@51.437C gpu@53.531C tj@54.562C soc1@53.093C VDD_IN 6547mW/7606mW VDD_CPU_GPU_CV 1621mW/2253mW VDD_SOC 1624mW/1764mW
10-08-2026 23:46:28 RAM 7201/7620MB (lfb 7x1MB) SWAP 576/5858MB (cached 0MB) CPU [46%@1510,43%@1510,55%@1510,42%@1510,58%@1510,43%@1510] GR3D_FREQ 0% cpu@54.968C soc2@53.031C soc0@51.437C gpu@53.593C tj@54.968C soc1@53.156C VDD_IN 7063mW/7604mW VDD_CPU_GPU_CV 2017mW/2252mW VDD_SOC 1663mW/1764mW
10-08-2026 23:46:29 RAM 7203/7620MB (lfb 7x1MB) SWAP 576/5858MB (cached 0MB) CPU [66%@1510,71%@1510,76%@1510,72%@1510,79%@1497,79%@1497] GR3D_FREQ 28% cpu@55.656C soc2@53.375C soc0@51.312C gpu@53.593C tj@55.656C soc1@53.156C VDD_IN 8531mW/7607mW VDD_CPU_GPU_CV 3124mW/2255mW VDD_SOC 1745mW/1764mW
10-08-2026 23:46:30 RAM 7039/7620MB (lfb 2x512kB) SWAP 576/5858MB (cached 0MB) CPU [75%@1510,67%@1510,73%@1510,67%@1510,73%@1510,67%@1510] GR3D_FREQ 45% cpu@55.437C soc2@53.5C soc0@51.593C gpu@53.812C tj@55.437C soc1@53.156C VDD_IN 9364mW/7611mW VDD_CPU_GPU_CV 3559mW/2258mW VDD_SOC 1901mW/1764mW
10-08-2026 23:46:31 RAM 6885/7620MB (lfb 1x4MB) SWAP 576/5858MB (cached 0MB) CPU [85%@1510,82%@1510,92%@1510,84%@1510,79%@1510,79%@1510] GR3D_FREQ 52% cpu@55.531C soc2@53.843C soc0@51.593C gpu@53.875C tj@55.531C soc1@53.125C VDD_IN 9943mW/7617mW VDD_CPU_GPU_CV 3948mW/2262mW VDD_SOC 2020mW/1765mW
10-08-2026 23:46:32 RAM 6978/7620MB (lfb 1x4MB) SWAP 576/5858MB (cached 0MB) CPU [70%@1510,61%@1510,66%@1510,68%@1510,80%@1510,67%@1510] GR3D_FREQ 53% cpu@55.75C soc2@53.625C soc0@51.687C gpu@53.843C tj@55.656C soc1@53.187C VDD_IN 9483mW/7622mW VDD_CPU_GPU_CV 3599mW/2266mW VDD_SOC 1941mW/1765mW
10-08-2026 23:46:33 RAM 7075/7620MB (lfb 31x1MB) SWAP 576/5858MB (cached 0MB) CPU [84%@1510,82%@1510,86%@1510,84%@1510,79%@1267,81%@1267] GR3D_FREQ 43% cpu@55.687C soc2@53.656C soc0@51.781C gpu@54.093C tj@55.687C soc1@53.375C VDD_IN 9745mW/7628mW VDD_CPU_GPU_CV 3796mW/2270mW VDD_SOC 1980mW/1766mW
10-08-2026 23:46:34 RAM 7160/7620MB (lfb 39x512kB) SWAP 576/5858MB (cached 0MB) CPU [67%@1510,67%@1510,67%@1510,57%@1510,71%@1510,74%@1510] GR3D_FREQ 47% cpu@55.812C soc2@53.75C soc0@51.781C gpu@54C tj@55.812C soc1@53.281C VDD_IN 9785mW/7633mW VDD_CPU_GPU_CV 3790mW/2274mW VDD_SOC 1980mW/1766mW
10-08-2026 23:46:35 RAM 7228/7620MB (lfb 2x64kB) SWAP 576/5858MB (cached 0MB) CPU [76%@1510,87%@1510,82%@1510,84%@1510,76%@1510,80%@1510] GR3D_FREQ 73% cpu@55.843C soc2@53.843C soc0@51.875C gpu@54.093C tj@55.5C soc1@53.406C VDD_IN 9983mW/7639mW VDD_CPU_GPU_CV 3909mW/2278mW VDD_SOC 2020mW/1767mW
10-08-2026 23:46:36 RAM 7201/7620MB (lfb 4x256kB) SWAP 576/5858MB (cached 0MB) CPU [78%@1510,40%@1510,40%@1510,40%@1510,45%@1510,54%@1510] GR3D_FREQ 40% cpu@55.875C soc2@53.906C soc0@51.812C gpu@53.906C tj@55.875C soc1@53.375C VDD_IN 9007mW/7643mW VDD_CPU_GPU_CV 3203mW/2280mW VDD_SOC 1901mW/1767mW
10-08-2026 23:46:37 RAM 7234/7620MB (lfb 2355x32kB) SWAP 576/5858MB (cached 0MB) CPU [71%@1267,71%@1267,76%@1267,71%@1267,81%@1510,65%@1510] GR3D_FREQ 56% cpu@55.343C soc2@53.781C soc0@51.968C gpu@54.25C tj@55.343C soc1@53.656C VDD_IN 9666mW/7648mW VDD_CPU_GPU_CV 3672mW/2284mW VDD_SOC 1980mW/1768mW
10-08-2026 23:46:38 RAM 7235/7620MB (lfb 2348x32kB) SWAP 576/5858MB (cached 0MB) CPU [30%@1510,58%@1510,25%@1510,28%@1510,31%@729,56%@729] GR3D_FREQ 55% cpu@54.875C soc2@53.843C soc0@51.812C gpu@54.125C tj@54.875C soc1@53.343C VDD_IN 7975mW/7649mW VDD_CPU_GPU_CV 2373mW/2284mW VDD_SOC 1861mW/1768mW
10-08-2026 23:46:39 RAM 7235/7620MB (lfb 2348x32kB) SWAP 576/5858MB (cached 0MB) CPU [35%@729,19%@729,32%@729,33%@729,21%@1510,50%@1510] GR3D_FREQ 53% cpu@55C soc2@53.562C soc0@51.875C gpu@54.125C tj@55C soc1@53.375C VDD_IN 8055mW/7650mW VDD_CPU_GPU_CV 2452mW/2285mW VDD_SOC 1861mW/1768mW
10-08-2026 23:46:40 RAM 7232/7620MB (lfb 2354x32kB) SWAP 576/5858MB (cached 0MB) CPU [15%@1510,22%@1510,25%@1510,35%@1510,56%@1510,45%@1510] GR3D_FREQ 58% cpu@54.906C soc2@53.5C soc0@52C gpu@53.875C tj@54.906C soc1@53.437C VDD_IN 8015mW/7651mW VDD_CPU_GPU_CV 2412mW/2285mW VDD_SOC 1861mW/1768mW
10-08-2026 23:46:41 RAM 7103/7620MB (lfb 19x256kB) SWAP 576/5858MB (cached 0MB) CPU [16%@1510,5%@1510,9%@1510,16%@1510,66%@1420,64%@1420] GR3D_FREQ 45% cpu@54.843C soc2@53.406C soc0@52C gpu@53.875C tj@54.843C soc1@53.437C VDD_IN 7578mW/7651mW VDD_CPU_GPU_CV 2056mW/2284mW VDD_SOC 1822mW/1769mW
10-08-2026 23:46:42 RAM 7111/7620MB (lfb 3x512kB) SWAP 576/5858MB (cached 0MB) CPU [11%@1510,12%@1510,17%@1510,15%@1510,5%@1497,78%@1497] GR3D_FREQ 62% cpu@54.812C soc2@53.25C soc0@51.718C gpu@53.937C tj@54.812C soc1@53.218C VDD_IN 6785mW/7648mW VDD_CPU_GPU_CV 1582mW/2283mW VDD_SOC 1703mW/1768mW
10-08-2026 23:46:43 RAM 7111/7620MB (lfb 3x512kB) SWAP 576/5858MB (cached 0MB) CPU [6%@1510,9%@1510,11%@1510,8%@1510,8%@1510,78%@1510] GR3D_FREQ 63% cpu@54.968C soc2@53.187C soc0@51.687C gpu@53.937C tj@54.968C soc1@53.187C VDD_IN 6745mW/7646mW VDD_CPU_GPU_CV 1542mW/2281mW VDD_SOC 1663mW/1768mW
10-08-2026 23:46:44 RAM 7111/7620MB (lfb 3x512kB) SWAP 576/5858MB (cached 0MB) CPU [9%@1510,9%@1510,10%@1510,10%@1510,32%@1497,46%@1497] GR3D_FREQ 63% cpu@54.75C soc2@53.156C soc0@51.625C gpu@53.906C tj@54.75C soc1@53.25C VDD_IN 6705mW/7644mW VDD_CPU_GPU_CV 1584mW/2279mW VDD_SOC 1663mW/1768mW
10-08-2026 23:46:45 RAM 7111/7620MB (lfb 3x512kB) SWAP 576/5858MB (cached 0MB) CPU [17%@1510,4%@1510,7%@1510,10%@1510,8%@1497,80%@1497] GR3D_FREQ 40% cpu@54.656C soc2@53.187C soc0@51.687C gpu@53.656C tj@54.656C soc1@53.312C VDD_IN 6705mW/7641mW VDD_CPU_GPU_CV 1582mW/2277mW VDD_SOC 1703mW/1768mW
10-08-2026 23:46:46 RAM 7099/7620MB (lfb 7x512kB) SWAP 576/5858MB (cached 0MB) CPU [16%@1510,5%@1510,22%@1510,31%@1510,5%@729,38%@729] GR3D_FREQ 40% cpu@54.718C soc2@53.125C soc0@51.531C gpu@53.625C tj@54.718C soc1@53.062C VDD_IN 6705mW/7639mW VDD_CPU_GPU_CV 1542mW/2275mW VDD_SOC 1663mW/1767mW
10-08-2026 23:46:47 RAM 7099/7620MB (lfb 7x512kB) SWAP 576/5858MB (cached 0MB) CPU [10%@729,13%@729,4%@729,4%@729,11%@729,79%@729] GR3D_FREQ 34% cpu@54.562C soc2@53.156C soc0@51.5C gpu@53.656C tj@54.562C soc1@53.125C VDD_IN 6705mW/7637mW VDD_CPU_GPU_CV 1582mW/2274mW VDD_SOC 1663mW/1767mW
10-08-2026 23:46:48 RAM 7100/7620MB (lfb 7x512kB) SWAP 576/5858MB (cached 0MB) CPU [8%@729,8%@729,11%@729,5%@729,5%@1497,79%@1497] GR3D_FREQ 33% cpu@54.531C soc2@53.093C soc0@51.656C gpu@53.781C tj@54.531C soc1@53.25C VDD_IN 6705mW/7634mW VDD_CPU_GPU_CV 1582mW/2272mW VDD_SOC 1703mW/1767mW
10-08-2026 23:46:49 RAM 7212/7620MB (lfb 6x128kB) SWAP 576/5858MB (cached 0MB) CPU [16%@1510,12%@1510,23%@1510,41%@1510,16%@1510,40%@1510] GR3D_FREQ 32% cpu@54.843C soc2@53.031C soc0@51.531C gpu@53.781C tj@54.968C soc1@53.343C VDD_IN 6824mW/7632mW VDD_CPU_GPU_CV 1743mW/2271mW VDD_SOC 1663mW/1767mW
10-08-2026 23:46:51 RAM 7185/7620MB (lfb 10x128kB) SWAP 576/5858MB (cached 0MB) CPU [44%@1036,42%@1036,30%@1036,41%@1036,45%@729,31%@729] GR3D_FREQ 31% cpu@54.656C soc2@53.031C soc0@51.343C gpu@53.718C tj@54.656C soc1@53.031C VDD_IN 6507mW/7630mW VDD_CPU_GPU_CV 1621mW/2269mW VDD_SOC 1584mW/1766mW
10-08-2026 23:46:52 RAM 7186/7620MB (lfb 10x128kB) SWAP 576/5858MB (cached 0MB) CPU [61%@1036,30%@1036,37%@1036,30%@729,29%@1113,44%@1113] GR3D_FREQ 0% cpu@54.656C soc2@52.968C soc0@51.406C gpu@53.468C tj@54.656C soc1@52.968C VDD_IN 6269mW/7626mW VDD_CPU_GPU_CV 1426mW/2267mW VDD_SOC 1584mW/1766mW
10-08-2026 23:46:53 RAM 7148/7620MB (lfb 1x2MB) SWAP 577/5858MB (cached 0MB) CPU [56%@1510,60%@1510,56%@1510,52%@1510,53%@1510,59%@1510] GR3D_FREQ 0% cpu@55.281C soc2@53.25C soc0@51.437C gpu@53.593C tj@55.281C soc1@53.093C VDD_IN 7936mW/7627mW VDD_CPU_GPU_CV 2649mW/2268mW VDD_SOC 1706mW/1766mW
10-08-2026 23:46:54 RAM 7151/7620MB (lfb 1x256kB) SWAP 577/5858MB (cached 0MB) CPU [76%@1510,73%@1510,60%@1510,77%@1510,74%@1420,76%@1420] GR3D_FREQ 0% cpu@55.5C soc2@53.375C soc0@51.5C gpu@53.687C tj@55.5C soc1@53.25C VDD_IN 8570mW/7629mW VDD_CPU_GPU_CV 3124mW/2270mW VDD_SOC 1785mW/1766mW
10-08-2026 23:46:55 RAM 7174/7620MB (lfb 1x256kB) SWAP 577/5858MB (cached 0MB) CPU [70%@1510,53%@1510,65%@1510,66%@1510,68%@1510,64%@1510] GR3D_FREQ 50% cpu@55.406C soc2@53.406C soc0@51.531C gpu@53.843C tj@55.343C soc1@53.125C VDD_IN 9166mW/7633mW VDD_CPU_GPU_CV 3361mW/2273mW VDD_SOC 1901mW/1766mW
10-08-2026 23:46:56 RAM 7250/7620MB (lfb 8x128kB) SWAP 577/5858MB (cached 0MB) CPU [55%@1510,68%@1510,81%@1510,73%@1510,73%@1344,70%@1344] GR3D_FREQ 50% cpu@55.281C soc2@53.656C soc0@51.781C gpu@53.906C tj@55.281C soc1@53.343C VDD_IN 9547mW/7638mW VDD_CPU_GPU_CV 3593mW/2276mW VDD_SOC 1980mW/1767mW
10-08-2026 23:46:57 RAM 7261/7620MB (lfb 29x64kB) SWAP 577/5858MB (cached 0MB) CPU [58%@1510,70%@1510,59%@1510,48%@1510,66%@1036,64%@1036] GR3D_FREQ 35% cpu@55.312C soc2@53.625C soc0@51.875C gpu@53.968C tj@55.312C soc1@53.125C VDD_IN 9111mW/7641mW VDD_CPU_GPU_CV 3282mW/2278mW VDD_SOC 1941mW/1767mW
10-08-2026 23:46:58 RAM 7109/7620MB (lfb 1x2MB) SWAP 577/5858MB (cached 0MB) CPU [75%@1510,86%@1510,75%@1510,70%@1510,74%@1510,72%@1510] GR3D_FREQ 68% cpu@55.937C soc2@53.781C soc0@51.718C gpu@54.25C tj@55.937C soc1@53.187C VDD_IN 9864mW/7647mW VDD_CPU_GPU_CV 3869mW/2282mW VDD_SOC 1980mW/1768mW
10-08-2026 23:46:59 RAM 6899/7620MB (lfb 17x2MB) SWAP 577/5858MB (cached 0MB) CPU [62%@1510,75%@1510,70%@1510,76%@1510,70%@1510,82%@1510] GR3D_FREQ 46% cpu@55.468C soc2@53.562C soc0@51.812C gpu@53.906C tj@55.468C soc1@53.312C VDD_IN 8967mW/7650mW VDD_CPU_GPU_CV 3243mW/2284mW VDD_SOC 1861mW/1768mW
10-08-2026 23:47:00 RAM 7019/7620MB (lfb 8x2MB) SWAP 577/5858MB (cached 0MB) CPU [72%@1510,60%@1510,75%@1510,62%@1510,63%@1510,76%@1510] GR3D_FREQ 34% cpu@55.718C soc2@53.75C soc0@51.843C gpu@54.187C tj@55.593C soc1@53.437C VDD_IN 9626mW/7655mW VDD_CPU_GPU_CV 3632mW/2288mW VDD_SOC 1980mW/1768mW
10-08-2026 23:47:01 RAM 7116/7620MB (lfb 5x256kB) SWAP 577/5858MB (cached 0MB) CPU [68%@1497,55%@1497,53%@1497,71%@1497,58%@729,46%@729] GR3D_FREQ 53% cpu@54.937C soc2@53.656C soc0@51.968C gpu@54.343C tj@54.937C soc1@53.593C VDD_IN 8650mW/7657mW VDD_CPU_GPU_CV 2966mW/2289mW VDD_SOC 1901mW/1769mW
10-08-2026 23:47:02 RAM 7153/7620MB (lfb 7x128kB) SWAP 577/5858MB (cached 0MB) CPU [23%@1344,17%@1344,40%@1344,42%@1344,11%@729,54%@729] GR3D_FREQ 29% cpu@55.031C soc2@53.593C soc0@51.781C gpu@54.218C tj@55.031C soc1@53.312C VDD_IN 7816mW/7657mW VDD_CPU_GPU_CV 2333mW/2289mW VDD_SOC 1822mW/1769mW
10-08-2026 23:47:03 RAM 6829/7620MB (lfb 1x1MB) SWAP 577/5858MB (cached 0MB) CPU [35%@729,8%@729,14%@729,34%@729,18%@1190,64%@1190] GR3D_FREQ 76% cpu@54.687C soc2@53.281C soc0@51.781C gpu@53.843C tj@54.687C soc1@53.281C VDD_IN 7142mW/7656mW VDD_CPU_GPU_CV 1819mW/2288mW VDD_SOC 1743mW/1769mW
10-08-2026 23:47:04 RAM 6835/7620MB (lfb 3x1MB) SWAP 577/5858MB (cached 0MB) CPU [17%@729,12%@729,7%@729,18%@729,14%@1497,70%@1497] GR3D_FREQ 44% cpu@54.781C soc2@53.25C soc0@51.656C gpu@53.781C tj@54.781C soc1@53.312C VDD_IN 6705mW/7654mW VDD_CPU_GPU_CV 1545mW/2287mW VDD_SOC 1663mW/1768mW
10-08-2026 23:47:05 RAM 6835/7620MB (lfb 3x1MB) SWAP 577/5858MB (cached 0MB) CPU [13%@1510,13%@1510,7%@1510,12%@1510,11%@1420,72%@1420] GR3D_FREQ 46% cpu@54.843C soc2@53.093C soc0@51.75C gpu@53.562C tj@54.843C soc1@53.156C VDD_IN 6666mW/7652mW VDD_CPU_GPU_CV 1545mW/2285mW VDD_SOC 1663mW/1768mW
10-08-2026 23:47:06 RAM 6835/7620MB (lfb 3x1MB) SWAP 577/5858MB (cached 0MB) CPU [17%@1510,14%@1510,13%@1510,42%@1510,17%@729,22%@729] GR3D_FREQ 35% cpu@54.562C soc2@53.093C soc0@51.687C gpu@53.656C tj@54.562C soc1@53.093C VDD_IN 6666mW/7649mW VDD_CPU_GPU_CV 1545mW/2283mW VDD_SOC 1663mW/1768mW
10-08-2026 23:47:07 RAM 6835/7620MB (lfb 3x1MB) SWAP 577/5858MB (cached 0MB) CPU [30%@1510,22%@1510,30%@1510,27%@1510,6%@729,5%@729] GR3D_FREQ 38% cpu@54.718C soc2@53.156C soc0@51.5C gpu@53.562C tj@54.718C soc1@53.093C VDD_IN 6666mW/7647mW VDD_CPU_GPU_CV 1545mW/2281mW VDD_SOC 1663mW/1768mW
10-08-2026 23:47:08 RAM 6917/7620MB (lfb 1x512kB) SWAP 577/5858MB (cached 0MB) CPU [34%@1510,38%@1510,13%@1510,16%@1510,13%@1510,31%@1510] GR3D_FREQ 28% cpu@54.781C soc2@53.062C soc0@51.531C gpu@53.593C tj@54.781C soc1@53.156C VDD_IN 6626mW/7645mW VDD_CPU_GPU_CV 1584mW/2280mW VDD_SOC 1663mW/1767mW
10-08-2026 23:47:09 RAM 6987/7620MB (lfb 1x1MB) SWAP 577/5858MB (cached 0MB) CPU [36%@1113,47%@1510,55%@1510,29%@1510,23%@1267,55%@1267] GR3D_FREQ 0% cpu@54.718C soc2@53.093C soc0@51.625C gpu@53.625C tj@54.718C soc1@53.25C VDD_IN 6547mW/7642mW VDD_CPU_GPU_CV 1663mW/2278mW VDD_SOC 1584mW/1767mW
10-08-2026 23:47:10 RAM 7000/7620MB (lfb 1x512kB) SWAP 577/5858MB (cached 0MB) CPU [43%@1510,30%@1510,52%@1510,38%@1510,49%@1497,32%@1497] GR3D_FREQ 29% cpu@54.968C soc2@53.125C soc0@51.625C gpu@53.5C tj@54.968C soc1@53C VDD_IN 6547mW/7639mW VDD_CPU_GPU_CV 1624mW/2277mW VDD_SOC 1624mW/1767mW
10-08-2026 23:47:11 RAM 7022/7620MB (lfb 1x512kB) SWAP 577/5858MB (cached 0MB) CPU [60%@1510,68%@1510,65%@1510,64%@1510,73%@1190,68%@1190] GR3D_FREQ 10% cpu@55.562C soc2@53.312C soc0@51.437C gpu@53.718C tj@55.562C soc1@53.093C VDD_IN 8094mW/7640mW VDD_CPU_GPU_CV 2768mW/2278mW VDD_SOC 1745mW/1767mW
10-08-2026 23:47:12 RAM 7034/7620MB (lfb 52x256kB) SWAP 577/5858MB (cached 0MB) CPU [58%@1510,69%@1510,64%@1510,62%@1510,63%@1497,74%@1497] GR3D_FREQ 10% cpu@55.406C soc2@53.343C soc0@51.562C gpu@53.656C tj@55.406C soc1@53.187C VDD_IN 8213mW/7642mW VDD_CPU_GPU_CV 2926mW/2279mW VDD_SOC 1743mW/1767mW
10-08-2026 23:47:13 RAM 7146/7620MB (lfb 1x512kB) SWAP 577/5858MB (cached 0MB) CPU [83%@1510,80%@1510,85%@1510,84%@1510,84%@1267,80%@1267] GR3D_FREQ 10% cpu@55.437C soc2@53.656C soc0@51.656C gpu@53.843C tj@55.437C soc1@53.375C VDD_IN 9721mW/7647mW VDD_CPU_GPU_CV 3796mW/2283mW VDD_SOC 1941mW/1767mW
10-08-2026 23:47:14 RAM 7201/7620MB (lfb 1x512kB) SWAP 577/5858MB (cached 0MB) CPU [55%@1510,49%@1510,85%@1510,51%@1510,53%@1510,63%@1510] GR3D_FREQ 40% cpu@55.625C soc2@53.687C soc0@51.625C gpu@53.875C tj@55.531C soc1@53.281C VDD_IN 8650mW/7649mW VDD_CPU_GPU_CV 3005mW/2285mW VDD_SOC 1861mW/1767mW
10-08-2026 23:47:15 RAM 7222/7620MB (lfb 2x256kB) SWAP 577/5858MB (cached 0MB) CPU [80%@1510,86%@1510,86%@1510,81%@1510,85%@1510,82%@1510] GR3D_FREQ 35% cpu@55.781C soc2@53.718C soc0@51.875C gpu@54.093C tj@55.781C soc1@53.25C VDD_IN 10022mW/7654mW VDD_CPU_GPU_CV 3988mW/2289mW VDD_SOC 1980mW/1768mW
10-08-2026 23:47:16 RAM 7220/7620MB (lfb 1x512kB) SWAP 577/5858MB (cached 0MB) CPU [88%@1510,85%@1510,76%@1510,85%@1510,76%@1510,81%@1510] GR3D_FREQ 29% cpu@55.843C soc2@53.75C soc0@51.812C gpu@53.968C tj@55.843C soc1@53.375C VDD_IN 9864mW/7660mW VDD_CPU_GPU_CV 3869mW/2292mW VDD_SOC 1980mW/1768mW
10-08-2026 23:47:17 RAM 7242/7620MB (lfb 2068x32kB) SWAP 577/5858MB (cached 0MB) CPU [43%@1510,76%@1510,52%@1510,55%@1510,72%@1510,64%@1510] GR3D_FREQ 65% cpu@55.437C soc2@53.75C soc0@51.906C gpu@54.093C tj@55.437C soc1@53.437C VDD_IN 9626mW/7664mW VDD_CPU_GPU_CV 3632mW/2295mW VDD_SOC 1980mW/1769mW
10-08-2026 23:47:18 RAM 7242/7620MB (lfb 2067x32kB) SWAP 577/5858MB (cached 0MB) CPU [38%@1510,34%@1510,72%@1510,30%@1510,29%@1344,29%@1344] GR3D_FREQ 61% cpu@54.875C soc2@53.656C soc0@52.031C gpu@54.125C tj@54.875C soc1@53.531C VDD_IN 8213mW/7665mW VDD_CPU_GPU_CV 2570mW/2296mW VDD_SOC 1861mW/1769mW
10-08-2026 23:47:19 RAM 7242/7620MB (lfb 2067x32kB) SWAP 577/5858MB (cached 0MB) CPU [27%@729,20%@1510,16%@1510,32%@1510,20%@1510,70%@1510] GR3D_FREQ 40% cpu@55C soc2@53.656C soc0@52C gpu@54.031C tj@55C soc1@53.25C VDD_IN 7936mW/7666mW VDD_CPU_GPU_CV 2333mW/2296mW VDD_SOC 1861mW/1769mW
10-08-2026 23:47:20 RAM 7246/7620MB (lfb 2x64kB) SWAP 577/5858MB (cached 0MB) CPU [22%@883,17%@883,29%@883,46%@883,69%@1510,14%@1510] GR3D_FREQ 44% cpu@54.843C soc2@53.625C soc0@51.843C gpu@54C tj@54.843C soc1@53.312C VDD_IN 7737mW/7666mW VDD_CPU_GPU_CV 2214mW/2296mW VDD_SOC 1822mW/1769mW
10-08-2026 23:47:21 RAM 7154/7620MB (lfb 8x512kB) SWAP 577/5858MB (cached 0MB) CPU [16%@729,31%@729,23%@729,14%@729,47%@1420,46%@1420] GR3D_FREQ 51% cpu@54.687C soc2@53.281C soc0@51.875C gpu@53.75C tj@54.687C soc1@53.312C VDD_IN 7063mW/7665mW VDD_CPU_GPU_CV 1779mW/2295mW VDD_SOC 1743mW/1769mW
10-08-2026 23:47:22 RAM 7153/7620MB (lfb 9x512kB) SWAP 577/5858MB (cached 0MB) CPU [13%@1510,10%@1510,11%@729,9%@729,26%@1510,63%@1510] GR3D_FREQ 33% cpu@54.687C soc2@53.156C soc0@51.812C gpu@53.687C tj@54.687C soc1@53.5C VDD_IN 6705mW/7663mW VDD_CPU_GPU_CV 1542mW/2293mW VDD_SOC 1663mW/1769mW
10-08-2026 23:47:23 RAM 7154/7620MB (lfb 9x512kB) SWAP 577/5858MB (cached 0MB) CPU [17%@729,7%@729,8%@729,8%@729,19%@1497,68%@1497] GR3D_FREQ 38% cpu@54.875C soc2@53.218C soc0@51.531C gpu@53.906C tj@54.875C soc1@53.218C VDD_IN 6666mW/7660mW VDD_CPU_GPU_CV 1545mW/2291mW VDD_SOC 1663mW/1769mW
10-08-2026 23:47:24 RAM 7154/7620MB (lfb 9x512kB) SWAP 577/5858MB (cached 0MB) CPU [12%@1510,9%@1510,8%@1510,13%@1510,14%@1497,73%@1497] GR3D_FREQ 57% cpu@54.75C soc2@53.156C soc0@51.625C gpu@53.843C tj@54.593C soc1@53.093C VDD_IN 6705mW/7658mW VDD_CPU_GPU_CV 1582mW/2290mW VDD_SOC 1663mW/1768mW
10-08-2026 23:47:25 RAM 7154/7620MB (lfb 9x512kB) SWAP 577/5858MB (cached 0MB) CPU [12%@729,10%@729,10%@729,10%@729,7%@1497,80%@1497] GR3D_FREQ 53% cpu@54.625C soc2@53.062C soc0@51.718C gpu@53.843C tj@54.625C soc1@53.218C VDD_IN 6705mW/7656mW VDD_CPU_GPU_CV 1545mW/2288mW VDD_SOC 1663mW/1768mW
10-08-2026 23:47:26 RAM 7239/7620MB (lfb 3x128kB) SWAP 577/5858MB (cached 0MB) CPU [22%@1510,32%@1510,24%@1510,46%@1510,27%@1420,58%@1420] GR3D_FREQ 1% cpu@54.656C soc2@53.156C soc0@51.625C gpu@53.656C tj@54.656C soc1@53.125C VDD_IN 6824mW/7654mW VDD_CPU_GPU_CV 1782mW/2287mW VDD_SOC 1624mW/1768mW
10-08-2026 23:47:27 RAM 7240/7620MB (lfb 1x128kB) SWAP 577/5858MB (cached 0MB) CPU [43%@1267,47%@1267,39%@1267,60%@1267,36%@806,40%@806] GR3D_FREQ 1% cpu@54.718C soc2@53.156C soc0@51.562C gpu@53.468C tj@54.718C soc1@53.093C VDD_IN 6547mW/7652mW VDD_CPU_GPU_CV 1621mW/2285mW VDD_SOC 1624mW/1768mW
10-08-2026 23:47:28 RAM 7215/7620MB (lfb 22x128kB) SWAP 577/5858MB (cached 0MB) CPU [52%@1510,54%@1510,59%@1510,49%@1510,60%@1420,63%@1420] GR3D_FREQ 0% cpu@55.406C soc2@53.312C soc0@51.5C gpu@53.812C tj@55.187C soc1@53.125C VDD_IN 7816mW/7652mW VDD_CPU_GPU_CV 2531mW/2286mW VDD_SOC 1703mW/1767mW
10-08-2026 23:47:29 RAM 7218/7620MB (lfb 22x128kB) SWAP 577/5858MB (cached 0MB) CPU [67%@1510,69%@1510,72%@1510,65%@1510,75%@1510,84%@1510] GR3D_FREQ 6% cpu@55.343C soc2@53.343C soc0@51.531C gpu@53.968C tj@55.5C soc1@53.343C VDD_IN 8451mW/7654mW VDD_CPU_GPU_CV 3085mW/2288mW VDD_SOC 1745mW/1767mW
10-08-2026 23:47:30 RAM 7249/7620MB (lfb 2x256kB) SWAP 578/5858MB (cached 0MB) CPU [64%@1510,71%@1510,75%@1510,69%@1510,73%@1510,79%@1510] GR3D_FREQ 39% cpu@55.906C soc2@53.687C soc0@51.625C gpu@54.093C tj@55.906C soc1@53.218C VDD_IN 9443mW/7658mW VDD_CPU_GPU_CV 3599mW/2291mW VDD_SOC 1901mW/1768mW
10-08-2026 23:47:31 RAM 7264/7620MB (lfb 1674x32kB) SWAP 580/5858MB (cached 0MB) CPU [73%@1344,65%@1510,65%@1510,76%@1510,84%@1510,76%@1510] GR3D_FREQ 65% cpu@55.218C soc2@53.968C soc0@51.875C gpu@54C tj@55.218C soc1@53.437C VDD_IN 9507mW/7662mW VDD_CPU_GPU_CV 3553mW/2293mW VDD_SOC 1980mW/1768mW
10-08-2026 23:47:32 RAM 6997/7620MB (lfb 6x512kB) SWAP 580/5858MB (cached 0MB) CPU [67%@1510,62%@1510,58%@1510,51%@1510,67%@1497,67%@1497] GR3D_FREQ 47% cpu@55.375C soc2@53.843C soc0@51.906C gpu@54.062C tj@55.375C soc1@53.312C VDD_IN 9388mW/7666mW VDD_CPU_GPU_CV 3514mW/2296mW VDD_SOC 1941mW/1769mW
10-08-2026 23:47:33 RAM 7081/7620MB (lfb 7x256kB) SWAP 580/5858MB (cached 0MB) CPU [35%@1510,37%@1510,31%@1510,18%@1510,45%@729,37%@729] GR3D_FREQ 44% cpu@54.968C soc2@53.687C soc0@51.906C gpu@53.937C tj@54.968C soc1@53.343C VDD_IN 8015mW/7667mW VDD_CPU_GPU_CV 2412mW/2296mW VDD_SOC 1861mW/1769mW
10-08-2026 23:47:34 RAM 7099/7620MB (lfb 6x128kB) SWAP 580/5858MB (cached 0MB) CPU [24%@729,40%@1510,13%@1510,9%@1510,38%@1420,66%@1420] GR3D_FREQ 45% cpu@54.718C soc2@53.437C soc0@51.843C gpu@54.062C tj@54.718C soc1@53.343C VDD_IN 7777mW/7667mW VDD_CPU_GPU_CV 2214mW/2296mW VDD_SOC 1822mW/1769mW
10-08-2026 23:47:35 RAM 7075/7620MB (lfb 7x2MB) SWAP 580/5858MB (cached 0MB) CPU [15%@1510,11%@1510,13%@1510,13%@1510,58%@729,55%@729] GR3D_FREQ 23% cpu@54.625C soc2@53.25C soc0@51.812C gpu@54C tj@54.625C soc1@53.406C VDD_IN 7182mW/7666mW VDD_CPU_GPU_CV 1779mW/2295mW VDD_SOC 1743mW/1769mW
10-08-2026 23:47:36 RAM 7075/7620MB (lfb 7x2MB) SWAP 580/5858MB (cached 0MB) CPU [26%@1510,4%@1510,8%@1510,40%@1510,3%@729,32%@729] GR3D_FREQ 58% cpu@54.75C soc2@53.218C soc0@51.781C gpu@54C tj@54.75C soc1@53.093C VDD_IN 6705mW/7664mW VDD_CPU_GPU_CV 1542mW/2293mW VDD_SOC 1663mW/1769mW
10-08-2026 23:47:37 RAM 7075/7620MB (lfb 7x2MB) SWAP 580/5858MB (cached 0MB) CPU [7%@1510,78%@1510,5%@1510,6%@1510,1%@729,4%@729] GR3D_FREQ 58% cpu@54.875C soc2@53.281C soc0@51.5C gpu@53.906C tj@54.875C soc1@53.125C VDD_IN 6666mW/7661mW VDD_CPU_GPU_CV 1545mW/2292mW VDD_SOC 1663mW/1768mW
10-08-2026 23:47:38 RAM 7075/7620MB (lfb 7x2MB) SWAP 580/5858MB (cached 0MB) CPU [25%@1510,5%@1510,60%@1510,6%@1510,7%@729,5%@729] GR3D_FREQ 46% cpu@54.625C soc2@53.093C soc0@51.625C gpu@53.718C tj@54.625C soc1@53.062C VDD_IN 6666mW/7659mW VDD_CPU_GPU_CV 1545mW/2290mW VDD_SOC 1663mW/1768mW
10-08-2026 23:47:39 RAM 7075/7620MB (lfb 7x2MB) SWAP 580/5858MB (cached 0MB) CPU [30%@1510,33%@1510,18%@1510,8%@1510,6%@729,12%@729] GR3D_FREQ 46% cpu@54.5C soc2@53.062C soc0@51.531C gpu@53.625C tj@54.5C soc1@53.156C VDD_IN 6666mW/7657mW VDD_CPU_GPU_CV 1545mW/2288mW VDD_SOC 1663mW/1768mW
10-08-2026 23:47:40 RAM 7174/7620MB (lfb 1x2MB) SWAP 580/5858MB (cached 0MB) CPU [48%@1510,27%@1510,30%@1510,35%@1510,42%@883,42%@883] GR3D_FREQ 1% cpu@54.437C soc2@53.156C soc0@51.687C gpu@53.531C tj@54.437C soc1@53.218C VDD_IN 6507mW/7655mW VDD_CPU_GPU_CV 1582mW/2287mW VDD_SOC 1584mW/1767mW
10-08-2026 23:47:41 RAM 7178/7620MB (lfb 1x2MB) SWAP 580/5858MB (cached 0MB) CPU [30%@1036,43%@1036,41%@1036,28%@1036,49%@729,60%@729] GR3D_FREQ 0% cpu@54.656C soc2@53C soc0@51.437C gpu@53.812C tj@54.656C soc1@52.937C VDD_IN 6309mW/7652mW VDD_CPU_GPU_CV 1463mW/2285mW VDD_SOC 1584mW/1767mW
10-08-2026 23:47:42 RAM 7210/7620MB (lfb 36x128kB) SWAP 580/5858MB (cached 0MB) CPU [55%@1510,59%@1510,76%@1510,67%@1510,70%@1510,75%@1510] GR3D_FREQ 0% cpu@55.75C soc2@53.25C soc0@51.437C gpu@53.593C tj@55.75C soc1@53.125C VDD_IN 8372mW/7653mW VDD_CPU_GPU_CV 3005mW/2287mW VDD_SOC 1745mW/1767mW
10-08-2026 23:47:43 RAM 7220/7620MB (lfb 2x256kB) SWAP 584/5858MB (cached 0MB) CPU [71%@1510,55%@1510,60%@1510,66%@1510,73%@1510,83%@1510] GR3D_FREQ 71% cpu@55.281C soc2@53.375C soc0@51.531C gpu@53.656C tj@55.281C soc1@53.187C VDD_IN 8332mW/7655mW VDD_CPU_GPU_CV 2966mW/2288mW VDD_SOC 1743mW/1767mW
10-08-2026 23:47:44 RAM 7251/7620MB (lfb 1834x32kB) SWAP 584/5858MB (cached 0MB) CPU [85%@1510,75%@1510,82%@1510,75%@1510,84%@1510,76%@1510] GR3D_FREQ 54% cpu@55.687C soc2@53.781C soc0@51.75C gpu@53.906C tj@55.687C soc1@53.093C VDD_IN 9920mW/7660mW VDD_CPU_GPU_CV 3909mW/2292mW VDD_SOC 1980mW/1767mW
10-08-2026 23:47:45 RAM 7246/7620MB (lfb 27x64kB) SWAP 585/5858MB (cached 0MB) CPU [68%@1510,67%@1510,62%@1510,69%@1510,77%@960,81%@960] GR3D_FREQ 67% cpu@55.5C soc2@53.75C soc0@51.75C gpu@54.062C tj@55.5C soc1@53.218C VDD_IN 9705mW/7664mW VDD_CPU_GPU_CV 3711mW/2295mW VDD_SOC 1980mW/1768mW
10-08-2026 23:47:46 RAM 7220/7620MB (lfb 9x128kB) SWAP 585/5858MB (cached 0MB) CPU [84%@1510,49%@1510,43%@1510,51%@1510,44%@1497,53%@1497] GR3D_FREQ 28% cpu@55.156C soc2@53.375C soc0@51.718C gpu@53.75C tj@55.156C soc1@53.312C VDD_IN 7499mW/7664mW VDD_CPU_GPU_CV 2175mW/2294mW VDD_SOC 1743mW/1768mW
10-08-2026 23:47:47 RAM 7241/7620MB (lfb 2014x32kB) SWAP 585/5858MB (cached 0MB) CPU [72%@1510,74%@1510,77%@1510,82%@1510,79%@1510,77%@1510] GR3D_FREQ 49% cpu@55.718C soc2@53.687C soc0@51.781C gpu@54C tj@55.718C soc1@53.343C VDD_IN 9547mW/7668mW VDD_CPU_GPU_CV 3593mW/2297mW VDD_SOC 1980mW/1768mW
10-08-2026 23:47:48 RAM 7243/7620MB (lfb 1994x32kB) SWAP 585/5858MB (cached 0MB) CPU [55%@1510,70%@1510,67%@1510,69%@1510,67%@1420,70%@1420] GR3D_FREQ 51% cpu@55.406C soc2@53.687C soc0@51.937C gpu@53.968C tj@55.406C soc1@53.343C VDD_IN 9587mW/7672mW VDD_CPU_GPU_CV 3632mW/2300mW VDD_SOC 1980mW/1769mW
10-08-2026 23:47:49 RAM 7244/7620MB (lfb 1993x32kB) SWAP 585/5858MB (cached 0MB) CPU [43%@729,42%@729,41%@729,50%@729,72%@1510,44%@1510] GR3D_FREQ 62% cpu@54.875C soc2@53.687C soc0@52C gpu@53.906C tj@54.875C soc1@53.531C VDD_IN 8438mW/7674mW VDD_CPU_GPU_CV 2729mW/2301mW VDD_SOC 1901mW/1769mW
10-08-2026 23:47:50 RAM 7244/7620MB (lfb 1986x32kB) SWAP 585/5858MB (cached 0MB) CPU [11%@1113,38%@1113,16%@1113,37%@1113,33%@1267,54%@1267] GR3D_FREQ 25% cpu@54.875C soc2@53.437C soc0@51.937C gpu@54C tj@54.875C soc1@53.343C VDD_IN 7856mW/7674mW VDD_CPU_GPU_CV 2333mW/2301mW VDD_SOC 1822mW/1769mW
10-08-2026 23:47:51 RAM 7243/7620MB (lfb 1999x32kB) SWAP 585/5858MB (cached 0MB) CPU [42%@1510,12%@1510,26%@1510,22%@1510,23%@1510,57%@1510] GR3D_FREQ 66% cpu@54.875C soc2@53.5C soc0@51.875C gpu@54.031C tj@54.875C soc1@53.218C VDD_IN 7856mW/7674mW VDD_CPU_GPU_CV 2294mW/2301mW VDD_SOC 1822mW/1769mW
10-08-2026 23:47:52 RAM 7167/7620MB (lfb 50x128kB) SWAP 585/5858MB (cached 0MB) CPU [18%@1510,14%@1510,45%@1510,36%@1510,27%@729,30%@729] GR3D_FREQ 56% cpu@54.875C soc2@53.312C soc0@51.75C gpu@53.906C tj@54.875C soc1@53.281C VDD_IN 7182mW/7673mW VDD_CPU_GPU_CV 1779mW/2300mW VDD_SOC 1782mW/1769mW
10-08-2026 23:47:53 RAM 7174/7620MB (lfb 45x128kB) SWAP 585/5858MB (cached 0MB) CPU [9%@1497,1%@1497,56%@1497,29%@1497,6%@729,7%@729] GR3D_FREQ 37% cpu@54.625C soc2@53.218C soc0@51.687C gpu@53.843C tj@54.625C soc1@53.187C VDD_IN 6705mW/7671mW VDD_CPU_GPU_CV 1545mW/2298mW VDD_SOC 1663mW/1769mW
10-08-2026 23:47:54 RAM 7174/7620MB (lfb 45x128kB) SWAP 585/5858MB (cached 0MB) CPU [13%@729,2%@729,21%@729,5%@729,12%@1510,60%@1510] GR3D_FREQ 35% cpu@54.656C soc2@53.125C soc0@51.718C gpu@53.625C tj@54.656C soc1@53.375C VDD_IN 6705mW/7669mW VDD_CPU_GPU_CV 1545mW/2297mW VDD_SOC 1666mW/1769mW
10-08-2026 23:47:55 RAM 7174/7620MB (lfb 45x128kB) SWAP 585/5858MB (cached 0MB) CPU [8%@729,5%@729,6%@1510,14%@1510,3%@1510,80%@1510] GR3D_FREQ 40% cpu@54.75C soc2@53.156C soc0@51.562C gpu@53.5C tj@54.75C soc1@53.125C VDD_IN 6705mW/7667mW VDD_CPU_GPU_CV 1584mW/2295mW VDD_SOC 1663mW/1769mW
10-08-2026 23:47:56 RAM 7174/7620MB (lfb 45x128kB) SWAP 585/5858MB (cached 0MB) CPU [8%@729,9%@729,5%@729,12%@729,4%@1510,80%@1510] GR3D_FREQ 40% cpu@54.562C soc2@53.031C soc0@51.656C gpu@53.656C tj@54.562C soc1@53.093C VDD_IN 6745mW/7665mW VDD_CPU_GPU_CV 1582mW/2294mW VDD_SOC 1663mW/1768mW
10-08-2026 23:47:57 RAM 7174/7620MB (lfb 45x128kB) SWAP 585/5858MB (cached 0MB) CPU [9%@729,6%@729,13%@729,6%@729,1%@1510,78%@1510] GR3D_FREQ 35% cpu@54.531C soc2@53C soc0@51.5C gpu@53.75C tj@54.531C soc1@53.218C VDD_IN 6705mW/7663mW VDD_CPU_GPU_CV 1584mW/2292mW VDD_SOC 1663mW/1768mW
10-08-2026 23:47:58 RAM 7174/7620MB (lfb 45x128kB) SWAP 585/5858MB (cached 0MB) CPU [4%@1510,6%@1510,14%@1510,8%@1510,1%@1497,80%@1497] GR3D_FREQ 68% cpu@54.5C soc2@53.062C soc0@51.656C gpu@53.812C tj@54.718C soc1@53.25C VDD_IN 6705mW/7661mW VDD_CPU_GPU_CV 1584mW/2291mW VDD_SOC 1663mW/1768mW
10-08-2026 23:47:59 RAM 7213/7620MB (lfb 3x128kB) SWAP 585/5858MB (cached 0MB) CPU [26%@960,44%@960,46%@960,34%@960,42%@960,44%@960] GR3D_FREQ 27% cpu@54.625C soc2@53.125C soc0@51.437C gpu@53.75C tj@54.625C soc1@53.093C VDD_IN 6467mW/7659mW VDD_CPU_GPU_CV 1545mW/2289mW VDD_SOC 1584mW/1768mW
10-08-2026 23:48:00 RAM 7213/7620MB (lfb 3x128kB) SWAP 585/5858MB (cached 0MB) CPU [40%@1190,34%@1190,34%@1190,41%@1190,45%@729,43%@729] GR3D_FREQ 0% cpu@54.687C soc2@53.093C soc0@51.437C gpu@53.5C tj@54.687C soc1@53C VDD_IN 6309mW/7656mW VDD_CPU_GPU_CV 1426mW/2287mW VDD_SOC 1584mW/1767mW
10-08-2026 23:48:01 RAM 7224/7620MB (lfb 1x128kB) SWAP 585/5858MB (cached 0MB) CPU [46%@1510,49%@1510,50%@1510,65%@1510,44%@1510,50%@1510] GR3D_FREQ 0% cpu@55.062C soc2@53.187C soc0@51.406C gpu@53.468C tj@55.062C soc1@53.062C VDD_IN 7459mW/7655mW VDD_CPU_GPU_CV 2294mW/2287mW VDD_SOC 1663mW/1767mW
10-08-2026 23:48:02 RAM 7227/7620MB (lfb 3x128kB) SWAP 585/5858MB (cached 0MB) CPU [67%@1510,69%@1510,57%@1510,65%@1510,83%@1510,77%@1510] GR3D_FREQ 0% cpu@55.625C soc2@53.343C soc0@51.375C gpu@53.625C tj@55.625C soc1@53.062C VDD_IN 8412mW/7657mW VDD_CPU_GPU_CV 3005mW/2289mW VDD_SOC 1745mW/1767mW
10-08-2026 23:48:03 RAM 7265/7620MB (lfb 9x128kB) SWAP 586/5858MB (cached 0MB) CPU [57%@1510,57%@1510,60%@1510,71%@1510,61%@883,69%@883] GR3D_FREQ 34% cpu@55.187C soc2@53.375C soc0@51.656C gpu@54C tj@55.187C soc1@53.156C VDD_IN 9047mW/7660mW VDD_CPU_GPU_CV 3243mW/2291mW VDD_SOC 1901mW/1767mW
10-08-2026 23:48:04 RAM 7260/7620MB (lfb 5x128kB) SWAP 587/5858MB (cached 0MB) CPU [82%@1267,72%@1267,78%@1267,74%@1267,86%@1190,74%@1190] GR3D_FREQ 64% cpu@55.25C soc2@53.593C soc0@51.718C gpu@54.125C tj@55.25C soc1@53.437C VDD_IN 9562mW/7664mW VDD_CPU_GPU_CV 3678mW/2294mW VDD_SOC 1941mW/1768mW
10-08-2026 23:48:05 RAM 7252/7620MB (lfb 159x64kB) SWAP 594/5858MB (cached 0MB) CPU [56%@1510,58%@1510,67%@1510,53%@1510,82%@806,56%@806] GR3D_FREQ 60% cpu@55.343C soc2@53.75C soc0@51.656C gpu@54.125C tj@55.343C soc1@53.156C VDD_IN 9309mW/7667mW VDD_CPU_GPU_CV 3435mW/2296mW VDD_SOC 1941mW/1768mW
10-08-2026 23:48:06 RAM 7062/7620MB (lfb 4x1MB) SWAP 595/5858MB (cached 0MB) CPU [71%@1510,67%@1510,71%@1510,76%@1510,74%@1510,77%@1510] GR3D_FREQ 53% cpu@55.5C soc2@53.875C soc0@51.75C gpu@53.968C tj@55.5C soc1@53.25C VDD_IN 9983mW/7672mW VDD_CPU_GPU_CV 3869mW/2299mW VDD_SOC 2020mW/1768mW
10-08-2026 23:48:07 RAM 7135/7620MB (lfb 4x1MB) SWAP 595/5858MB (cached 0MB) CPU [66%@1510,70%@1510,80%@1510,81%@1510,72%@1510,75%@1510] GR3D_FREQ 10% cpu@55.375C soc2@53.75C soc0@51.937C gpu@53.937C tj@55.375C soc1@53.437C VDD_IN 9364mW/7676mW VDD_CPU_GPU_CV 3520mW/2302mW VDD_SOC 1901mW/1769mW
10-08-2026 23:48:08 RAM 7209/7620MB (lfb 9x256kB) SWAP 595/5858MB (cached 0MB) CPU [74%@1510,36%@1510,69%@1510,53%@1510,67%@1510,70%@1510] GR3D_FREQ 47% cpu@55.531C soc2@53.906C soc0@52.031C gpu@54.093C tj@55.531C soc1@53.593C VDD_IN 9507mW/7679mW VDD_CPU_GPU_CV 3553mW/2305mW VDD_SOC 1980mW/1769mW
10-08-2026 23:48:09 RAM 7216/7620MB (lfb 2x128kB) SWAP 595/5858MB (cached 0MB) CPU [72%@1510,82%@1510,77%@1510,79%@1510,80%@1510,86%@1510] GR3D_FREQ 53% cpu@56.031C soc2@53.906C soc0@51.875C gpu@54.093C tj@55.843C soc1@53.406C VDD_IN 10102mW/7684mW VDD_CPU_GPU_CV 4027mW/2308mW VDD_SOC 2020mW/1770mW
10-08-2026 23:48:10 RAM 7233/7620MB (lfb 2256x32kB) SWAP 600/5858MB (cached 0MB) CPU [69%@1510,48%@1510,49%@1510,54%@1510,69%@1113,59%@1113] GR3D_FREQ 34% cpu@55.375C soc2@53.718C soc0@51.812C gpu@54.093C tj@55.375C soc1@53.375C VDD_IN 8873mW/7687mW VDD_CPU_GPU_CV 3124mW/2310mW VDD_SOC 1901mW/1770mW
10-08-2026 23:48:11 RAM 7237/7620MB (lfb 2209x32kB) SWAP 611/5858MB (cached 0MB) CPU [50%@1510,72%@1510,54%@1510,62%@1510,67%@1036,60%@1036] GR3D_FREQ 67% cpu@55.781C soc2@54C soc0@51.968C gpu@54.093C tj@55.781C soc1@53.406C VDD_IN 9349mW/7690mW VDD_CPU_GPU_CV 3435mW/2312mW VDD_SOC 1980mW/1770mW
10-08-2026 23:48:12 RAM 7237/7620MB (lfb 2209x32kB) SWAP 611/5858MB (cached 0MB) CPU [34%@883,63%@883,39%@883,42%@883,55%@729,38%@729] GR3D_FREQ 11% cpu@54.968C soc2@53.593C soc0@51.843C gpu@54.125C tj@54.968C soc1@53.468C VDD_IN 6745mW/7688mW VDD_CPU_GPU_CV 1779mW/2311mW VDD_SOC 1624mW/1770mW
10-08-2026 23:48:13 RAM 7238/7620MB (lfb 2205x32kB) SWAP 611/5858MB (cached 0MB) CPU [26%@1190,19%@1190,25%@1190,41%@1190,21%@729,37%@729] GR3D_FREQ 58% cpu@54.718C soc2@53.5C soc0@51.906C gpu@54.125C tj@54.718C soc1@53.312C VDD_IN 7102mW/7687mW VDD_CPU_GPU_CV 1779mW/2310mW VDD_SOC 1782mW/1770mW
10-08-2026 23:48:14 RAM 7154/7620MB (lfb 1x2MB) SWAP 616/5858MB (cached 0MB) CPU [15%@1510,17%@1510,51%@1510,22%@1510,12%@1497,62%@1497] GR3D_FREQ 46% cpu@54.906C soc2@53.437C soc0@51.656C gpu@53.843C tj@54.906C soc1@53.312C VDD_IN 6983mW/7686mW VDD_CPU_GPU_CV 1661mW/2309mW VDD_SOC 1743mW/1770mW
10-08-2026 23:48:15 RAM 7160/7620MB (lfb 1x2MB) SWAP 616/5858MB (cached 0MB) CPU [13%@1510,7%@1510,11%@1510,16%@1510,8%@1510,80%@1510] GR3D_FREQ 32% cpu@54.687C soc2@53.281C soc0@51.718C gpu@54.062C tj@54.687C soc1@53.343C VDD_IN 6745mW/7684mW VDD_CPU_GPU_CV 1584mW/2307mW VDD_SOC 1703mW/1770mW
10-08-2026 23:48:16 RAM 7160/7620MB (lfb 1x2MB) SWAP 616/5858MB (cached 0MB) CPU [5%@729,6%@729,12%@729,8%@729,4%@1510,79%@1510] GR3D_FREQ 41% cpu@54.75C soc2@53.218C soc0@51.937C gpu@53.968C tj@54.75C soc1@53.375C VDD_IN 6705mW/7682mW VDD_CPU_GPU_CV 1584mW/2306mW VDD_SOC 1663mW/1770mW
10-08-2026 23:48:17 RAM 7160/7620MB (lfb 1x2MB) SWAP 616/5858MB (cached 0MB) CPU [7%@729,4%@729,15%@729,6%@729,0%@1497,79%@1497] GR3D_FREQ 33% cpu@54.718C soc2@53.218C soc0@51.593C gpu@54.062C tj@54.718C soc1@53.125C VDD_IN 6705mW/7680mW VDD_CPU_GPU_CV 1545mW/2304mW VDD_SOC 1663mW/1769mW
10-08-2026 23:48:18 RAM 7160/7620MB (lfb 1x2MB) SWAP 616/5858MB (cached 0MB) CPU [8%@1510,14%@1510,8%@1510,9%@1510,3%@1497,80%@1497] GR3D_FREQ 67% cpu@54.593C soc2@53.25C soc0@51.593C gpu@53.656C tj@54.593C soc1@53.187C VDD_IN 6705mW/7678mW VDD_CPU_GPU_CV 1545mW/2303mW VDD_SOC 1663mW/1769mW
10-08-2026 23:48:19 RAM 7162/7620MB (lfb 1x256kB) SWAP 616/5858MB (cached 0MB) CPU [13%@1510,4%@1510,6%@1510,8%@1510,7%@1497,79%@1497] GR3D_FREQ 58% cpu@54.531C soc2@53.062C soc0@51.625C gpu@53.656C tj@54.531C soc1@53.25C VDD_IN 6745mW/7676mW VDD_CPU_GPU_CV 1584mW/2301mW VDD_SOC 1663mW/1769mW
10-08-2026 23:48:20 RAM 7162/7620MB (lfb 1x256kB) SWAP 616/5858MB (cached 0MB) CPU [13%@1510,4%@1510,4%@1510,10%@1510,13%@1510,72%@1510] GR3D_FREQ 40% cpu@54.687C soc2@53.093C soc0@51.75C gpu@53.656C tj@54.687C soc1@53.281C VDD_IN 6745mW/7674mW VDD_CPU_GPU_CV 1545mW/2300mW VDD_SOC 1663mW/1769mW
10-08-2026 23:48:21 RAM 7162/7620MB (lfb 1x256kB) SWAP 616/5858MB (cached 0MB) CPU [11%@1510,8%@1510,5%@1510,11%@1510,10%@1510,69%@1510] GR3D_FREQ 35% cpu@54.812C soc2@53.156C soc0@51.531C gpu@53.968C tj@54.812C soc1@53.125C VDD_IN 6705mW/7672mW VDD_CPU_GPU_CV 1584mW/2298mW VDD_SOC 1703mW/1769mW
10-08-2026 23:48:22 RAM 7162/7620MB (lfb 1x256kB) SWAP 616/5858MB (cached 0MB) CPU [9%@729,6%@729,9%@729,5%@729,7%@729,79%@729] GR3D_FREQ 31% cpu@54.468C soc2@53C soc0@51.468C gpu@53.937C tj@54.468C soc1@53.125C VDD_IN 6745mW/7670mW VDD_CPU_GPU_CV 1545mW/2297mW VDD_SOC 1663mW/1768mW
10-08-2026 23:48:23 RAM 7162/7620MB (lfb 1x256kB) SWAP 616/5858MB (cached 0MB) CPU [10%@1510,8%@1510,7%@1510,5%@1510,6%@1497,78%@1497] GR3D_FREQ 34% cpu@54.625C soc2@53.031C soc0@51.562C gpu@53.593C tj@54.625C soc1@53.093C VDD_IN 6745mW/7668mW VDD_CPU_GPU_CV 1584mW/2295mW VDD_SOC 1703mW/1768mW
10-08-2026 23:48:24 RAM 7207/7620MB (lfb 8x128kB) SWAP 621/5858MB (cached 0MB) CPU [24%@729,38%@729,19%@729,24%@729,26%@729,67%@729] GR3D_FREQ 34% cpu@54.843C soc2@53.156C soc0@51.562C gpu@53.593C tj@54.843C soc1@53.031C VDD_IN 6864mW/7667mW VDD_CPU_GPU_CV 1858mW/2294mW VDD_SOC 1624mW/1768mW
10-08-2026 23:48:25 RAM 7209/7620MB (lfb 8x128kB) SWAP 621/5858MB (cached 0MB) CPU [35%@1190,48%@1190,22%@1190,40%@1190,25%@1497,60%@1497] GR3D_FREQ 27% cpu@54.593C soc2@53.031C soc0@51.437C gpu@53.406C tj@54.593C soc1@53C VDD_IN 6507mW/7664mW VDD_CPU_GPU_CV 1621mW/2293mW VDD_SOC 1584mW/1768mW
10-08-2026 23:48:26 RAM 7210/7620MB (lfb 8x128kB) SWAP 621/5858MB (cached 0MB) CPU [32%@883,32%@883,30%@883,50%@883,54%@729,34%@729] GR3D_FREQ 10% cpu@54.5C soc2@53C soc0@51.437C gpu@53.343C tj@54.5C soc1@53.093C VDD_IN 6309mW/7662mW VDD_CPU_GPU_CV 1465mW/2291mW VDD_SOC 1584mW/1767mW
10-08-2026 23:48:27 RAM 7210/7620MB (lfb 8x128kB) SWAP 621/5858MB (cached 0MB) CPU [32%@1510,55%@1510,41%@1510,30%@1510,43%@729,51%@729] GR3D_FREQ 0% cpu@54.531C soc2@52.968C soc0@51.5C gpu@53.468C tj@54.531C soc1@53.062C VDD_IN 6269mW/7659mW VDD_CPU_GPU_CV 1426mW/2290mW VDD_SOC 1584mW/1767mW
10-08-2026 23:48:28 RAM 7259/7620MB (lfb 1x64kB) SWAP 622/5858MB (cached 0MB) CPU [24%@729,35%@729,22%@729,33%@729,50%@960,39%@960] GR3D_FREQ 21% cpu@54.531C soc2@53.031C soc0@51.375C gpu@53.531C tj@54.531C soc1@52.906C VDD_IN 6904mW/7657mW VDD_CPU_GPU_CV 1663mW/2288mW VDD_SOC 1743mW/1767mW
10-08-2026 23:48:29 RAM 7255/7620MB (lfb 25x64kB) SWAP 627/5858MB (cached 0MB) CPU [25%@1510,33%@1510,22%@1510,47%@1510,32%@729,24%@729] GR3D_FREQ 39% cpu@54.375C soc2@53.218C soc0@51.437C gpu@53.468C tj@54.375C soc1@53.031C VDD_IN 7340mW/7657mW VDD_CPU_GPU_CV 1938mW/2288mW VDD_SOC 1782mW/1767mW
10-08-2026 23:48:30 RAM 7250/7620MB (lfb 1x128kB) SWAP 629/5858MB (cached 0MB) CPU [9%@729,29%@729,34%@729,32%@729,7%@1497,9%@1497] GR3D_FREQ 42% cpu@54.375C soc2@52.968C soc0@51.531C gpu@53.437C tj@54.375C soc1@53.125C VDD_IN 6745mW/7655mW VDD_CPU_GPU_CV 1584mW/2286mW VDD_SOC 1663mW/1767mW
10-08-2026 23:48:31 RAM 7147/7620MB (lfb 1x512kB) SWAP 629/5858MB (cached 0MB) CPU [10%@1190,5%@1190,10%@1113,13%@1113,37%@883,40%@883] GR3D_FREQ 0% cpu@54.5C soc2@52.812C soc0@51.437C gpu@53.468C tj@54.5C soc1@52.875C VDD_IN 6428mW/7653mW VDD_CPU_GPU_CV 1426mW/2285mW VDD_SOC 1624mW/1766mW
10-08-2026 23:48:32 RAM 7234/7620MB (lfb 1x128kB) SWAP 636/5858MB (cached 0MB) CPU [34%@1510,51%@1510,47%@1510,49%@1510,37%@729,53%@729] GR3D_FREQ 20% cpu@54.5C soc2@52.937C soc0@51.218C gpu@53.5C tj@54.5C soc1@52.937C VDD_IN 6626mW/7650mW VDD_CPU_GPU_CV 1661mW/2283mW VDD_SOC 1624mW/1766mW
10-08-2026 23:48:33 RAM 7234/7620MB (lfb 1x128kB) SWAP 636/5858MB (cached 0MB) CPU [27%@729,62%@729,26%@729,31%@729,20%@1113,29%@1113] GR3D_FREQ 16% cpu@54.375C soc2@52.75C soc0@51.25C gpu@53.25C tj@54.375C soc1@52.937C VDD_IN 6348mW/7648mW VDD_CPU_GPU_CV 1465mW/2282mW VDD_SOC 1584mW/1766mW
10-08-2026 23:48:34 RAM 7244/7620MB (lfb 378x64kB) SWAP 636/5858MB (cached 0MB) CPU [65%@1190,65%@1190,54%@1190,70%@1190,60%@1497,55%@1497] GR3D_FREQ 0% cpu@54.875C soc2@53C soc0@51.312C gpu@53.406C tj@54.875C soc1@52.968C VDD_IN 7697mW/7648mW VDD_CPU_GPU_CV 2491mW/2282mW VDD_SOC 1703mW/1766mW
10-08-2026 23:48:35 RAM 7244/7620MB (lfb 378x64kB) SWAP 636/5858MB (cached 0MB) CPU [52%@883,47%@1510,26%@1510,43%@1510,38%@883,42%@883] GR3D_FREQ 0% cpu@54.343C soc2@52.875C soc0@51.093C gpu@53.25C tj@54.687C soc1@52.781C VDD_IN 6428mW/7646mW VDD_CPU_GPU_CV 1542mW/2281mW VDD_SOC 1584mW/1765mW
10-08-2026 23:48:36 RAM 7265/7620MB (lfb 10x64kB) SWAP 644/5858MB (cached 0MB) CPU [50%@1420,22%@1420,44%@1420,18%@1420,41%@729,26%@729] GR3D_FREQ 46% cpu@54.437C soc2@52.937C soc0@51.281C gpu@53.531C tj@54.218C soc1@52.812C VDD_IN 7261mW/7645mW VDD_CPU_GPU_CV 1898mW/2280mW VDD_SOC 1743mW/1765mW
10-08-2026 23:48:37 RAM 7267/7620MB (lfb 7x64kB) SWAP 644/5858MB (cached 0MB) CPU [10%@1510,20%@1510,59%@1510,13%@1510,44%@729,29%@729] GR3D_FREQ 76% cpu@54.218C soc2@53.125C soc0@51.343C gpu@53.562C tj@54.218C soc1@53C VDD_IN 7539mW/7645mW VDD_CPU_GPU_CV 2056mW/2279mW VDD_SOC 1822mW/1765mW
10-08-2026 23:48:38 RAM 7252/7620MB (lfb 1x256kB) SWAP 644/5858MB (cached 0MB) CPU [15%@729,43%@729,10%@729,10%@729,41%@806,36%@806] GR3D_FREQ 60% cpu@54.187C soc2@52.781C soc0@51.375C gpu@53.437C tj@54.187C soc1@52.843C VDD_IN 6705mW/7643mW VDD_CPU_GPU_CV 1584mW/2278mW VDD_SOC 1703mW/1765mW
10-08-2026 23:48:39 RAM 7252/7620MB (lfb 1x256kB) SWAP 644/5858MB (cached 0MB) CPU [5%@1510,4%@1510,6%@1510,14%@1510,25%@1420,60%@1420] GR3D_FREQ 47% cpu@54.312C soc2@52.781C soc0@51.156C gpu@53.281C tj@54.312C soc1@52.781C VDD_IN 6586mW/7641mW VDD_CPU_GPU_CV 1465mW/2277mW VDD_SOC 1663mW/1765mW
10-08-2026 23:48:40 RAM 7252/7620MB (lfb 1x256kB) SWAP 644/5858MB (cached 0MB) CPU [7%@1510,4%@1510,7%@1510,16%@1510,10%@1510,74%@1510] GR3D_FREQ 39% cpu@54.593C soc2@52.687C soc0@51.25C gpu@53.218C tj@54.593C soc1@52.812C VDD_IN 6666mW/7639mW VDD_CPU_GPU_CV 1502mW/2275mW VDD_SOC 1663mW/1765mW
10-08-2026 23:48:41 RAM 7252/7620MB (lfb 1x256kB) SWAP 644/5858MB (cached 0MB) CPU [7%@1510,5%@1510,3%@1510,14%@1510,6%@1510,81%@1510] GR3D_FREQ 40% cpu@54.218C soc2@52.687C soc0@51.281C gpu@53.406C tj@54.218C soc1@52.906C VDD_IN 6666mW/7637mW VDD_CPU_GPU_CV 1545mW/2274mW VDD_SOC 1663mW/1765mW
10-08-2026 23:48:42 RAM 7252/7620MB (lfb 1x256kB) SWAP 644/5858MB (cached 0MB) CPU [9%@729,6%@729,5%@729,16%@729,6%@1510,80%@1510] GR3D_FREQ 36% cpu@54.25C soc2@52.687C soc0@51.156C gpu@53.375C tj@54.25C soc1@52.656C VDD_IN 6666mW/7635mW VDD_CPU_GPU_CV 1545mW/2272mW VDD_SOC 1663mW/1764mW
10-08-2026 23:48:43 RAM 7215/7620MB (lfb 1x2MB) SWAP 644/5858MB (cached 0MB) CPU [9%@729,9%@729,7%@729,3%@729,7%@1510,62%@1510] GR3D_FREQ 0% cpu@54.125C soc2@52.656C soc0@51.125C gpu@53.156C tj@54.125C soc1@52.656C VDD_IN 5882mW/7632mW VDD_CPU_GPU_CV 1031mW/2270mW VDD_SOC 1587mW/1764mW
10-08-2026 23:48:44 RAM 7214/7620MB (lfb 1x2MB) SWAP 644/5858MB (cached 0MB) CPU [0%@729,1%@729,0%@729,2%@729,0%@1510,99%@1510] GR3D_FREQ 0% cpu@53.968C soc2@52.406C soc0@51.031C gpu@53.062C tj@53.968C soc1@52.656C VDD_IN 5793mW/7628mW VDD_CPU_GPU_CV 950mW/2267mW VDD_SOC 1545mW/1764mW
10-08-2026 23:48:45 RAM 6078/7620MB (lfb 92x4MB) SWAP 644/5858MB (cached 0MB) CPU [1%@729,1%@729,11%@729,0%@729,0%@1510,99%@1510] GR3D_FREQ 0% cpu@53.937C soc2@52.375C soc0@51.031C gpu@53.031C tj@53.937C soc1@52.718C VDD_IN 5793mW/7625mW VDD_CPU_GPU_CV 990mW/2265mW VDD_SOC 1545mW/1763mW
10-08-2026 23:48:46 RAM 3039/7620MB (lfb 127x4MB) SWAP 585/5858MB (cached 0MB) CPU [2%@729,1%@729,0%@729,0%@729,38%@1510,44%@1510] GR3D_FREQ 0% cpu@54C soc2@52.375C soc0@50.937C gpu@53.187C tj@54C soc1@52.406C VDD_IN 5674mW/7621mW VDD_CPU_GPU_CV 1030mW/2262mW VDD_SOC 1505mW/1763mW
