10-08-2026 23:24:15 RAM 2722/7620MB (lfb 121x4MB) SWAP 557/5858MB (cached 0MB) CPU [15%@1510,14%@1510,100%@1510,13%@1510,14%@729,13%@729] GR3D_FREQ 0% cpu@51.25C soc2@49.875C soc0@48.343C gpu@50.656C tj@51.25C soc1@50.093C VDD_IN 5872mW/5872mW VDD_CPU_GPU_CV 1228mW/1228mW VDD_SOC 1547mW/1547mW
10-08-2026 23:24:16 RAM 2759/7620MB (lfb 121x4MB) SWAP 557/5858MB (cached 0MB) CPU [0%@1510,1%@1510,100%@1510,1%@1510,0%@729,0%@729] GR3D_FREQ 0% cpu@51.343C soc2@49.968C soc0@48.312C gpu@50.718C tj@51.343C soc1@50.218C VDD_IN 5832mW/5852mW VDD_CPU_GPU_CV 1188mW/1208mW VDD_SOC 1545mW/1546mW
10-08-2026 23:24:17 RAM 2788/7620MB (lfb 121x4MB) SWAP 557/5858MB (cached 0MB) CPU [2%@1510,1%@1510,100%@1510,1%@1510,1%@729,0%@729] GR3D_FREQ 0% cpu@51.343C soc2@50.031C soc0@48.531C gpu@50.687C tj@51.5C soc1@50.187C VDD_IN 5832mW/5845mW VDD_CPU_GPU_CV 1228mW/1215mW VDD_SOC 1545mW/1546mW
10-08-2026 23:24:18 RAM 2801/7620MB (lfb 121x4MB) SWAP 557/5858MB (cached 0MB) CPU [3%@1510,4%@1510,51%@1510,30%@1510,3%@729,0%@729] GR3D_FREQ 0% cpu@51.375C soc2@50.093C soc0@48.25C gpu@50.656C tj@51.375C soc1@50.031C VDD_IN 5683mW/5805mW VDD_CPU_GPU_CV 990mW/1159mW VDD_SOC 1547mW/1546mW
10-08-2026 23:24:19 RAM 2838/7620MB (lfb 121x4MB) SWAP 557/5858MB (cached 0MB) CPU [1%@1510,0%@1510,1%@1510,100%@1510,0%@729,0%@729] GR3D_FREQ 0% cpu@51.593C soc2@50.062C soc0@48.281C gpu@50.656C tj@51.593C soc1@50.062C VDD_IN 5872mW/5818mW VDD_CPU_GPU_CV 1109mW/1149mW VDD_SOC 1584mW/1554mW
10-08-2026 23:24:20 RAM 2863/7620MB (lfb 121x4MB) SWAP 557/5858MB (cached 0MB) CPU [2%@1510,1%@1510,0%@1510,100%@1510,0%@729,0%@729] GR3D_FREQ 0% cpu@51.343C soc2@49.968C soc0@48.281C gpu@50.718C tj@51.343C soc1@50.062C VDD_IN 5872mW/5827mW VDD_CPU_GPU_CV 1228mW/1162mW VDD_SOC 1545mW/1552mW
10-08-2026 23:24:21 RAM 2888/7620MB (lfb 121x4MB) SWAP 557/5858MB (cached 0MB) CPU [2%@1510,0%@1510,0%@1510,100%@1510,1%@729,5%@729] GR3D_FREQ 0% cpu@51.406C soc2@50.031C soc0@48.375C gpu@50.75C tj@51.406C soc1@50.125C VDD_IN 5872mW/5834mW VDD_CPU_GPU_CV 1188mW/1166mW VDD_SOC 1545mW/1551mW
10-08-2026 23:24:22 RAM 2932/7620MB (lfb 121x4MB) SWAP 557/5858MB (cached 0MB) CPU [0%@1510,1%@1510,0%@1510,100%@1510,1%@729,0%@729] GR3D_FREQ 0% cpu@51.406C soc2@50.031C soc0@48.437C gpu@51.031C tj@51.593C soc1@50.281C VDD_IN 5872mW/5838mW VDD_CPU_GPU_CV 1188mW/1168mW VDD_SOC 1545mW/1550mW
10-08-2026 23:24:23 RAM 2946/7620MB (lfb 121x4MB) SWAP 557/5858MB (cached 0MB) CPU [2%@729,0%@729,0%@729,83%@729,1%@729,1%@729] GR3D_FREQ 0% cpu@51.312C soc2@50C soc0@48.25C gpu@51.031C tj@51.312C soc1@50.062C VDD_IN 5573mW/5809mW VDD_CPU_GPU_CV 953mW/1144mW VDD_SOC 1550mW/1550mW
10-08-2026 23:24:24 RAM 2953/7620MB (lfb 121x4MB) SWAP 557/5858MB (cached 0MB) CPU [19%@1510,24%@1510,30%@1510,12%@1510,13%@883,9%@729] GR3D_FREQ 40% cpu@51.593C soc2@49.937C soc0@48.312C gpu@50.968C tj@51.593C soc1@50.031C VDD_IN 6041mW/5832mW VDD_CPU_GPU_CV 1190mW/1149mW VDD_SOC 1626mW/1558mW
10-08-2026 23:24:25 RAM 2953/7620MB (lfb 121x4MB) SWAP 557/5858MB (cached 0MB) CPU [12%@1510,10%@1510,9%@1510,10%@1510,10%@729,5%@729] GR3D_FREQ 0% cpu@51.125C soc2@49.843C soc0@48.375C gpu@50.718C tj@51.125C soc1@50.187C VDD_IN 5311mW/5785mW VDD_CPU_GPU_CV 717mW/1110mW VDD_SOC 1555mW/1558mW
10-08-2026 23:24:26 RAM 2953/7620MB (lfb 121x4MB) SWAP 557/5858MB (cached 0MB) CPU [10%@1510,5%@1510,3%@1510,9%@1510,10%@729,7%@729] GR3D_FREQ 30% cpu@51.187C soc2@49.843C soc0@48.437C gpu@50.625C tj@51.187C soc1@50C VDD_IN 5191mW/5735mW VDD_CPU_GPU_CV 637mW/1070mW VDD_SOC 1517mW/1554mW
10-08-2026 23:24:27 RAM 2953/7620MB (lfb 121x4MB) SWAP 557/5858MB (cached 0MB) CPU [5%@1510,2%@1510,2%@1510,5%@1510,14%@729,16%@729] GR3D_FREQ 30% cpu@51.218C soc2@49.781C soc0@48.281C gpu@50.968C tj@51.218C soc1@50C VDD_IN 5160mW/5691mW VDD_CPU_GPU_CV 638mW/1037mW VDD_SOC 1517mW/1551mW
10-08-2026 23:24:28 RAM 2953/7620MB (lfb 121x4MB) SWAP 557/5858MB (cached 0MB) CPU [7%@1510,2%@1510,5%@1510,5%@1510,13%@729,11%@729] GR3D_FREQ 40% cpu@50.968C soc2@49.812C soc0@48.25C gpu@50.968C tj@50.968C soc1@50C VDD_IN 5160mW/5653mW VDD_CPU_GPU_CV 638mW/1009mW VDD_SOC 1517mW/1549mW
10-08-2026 23:24:29 RAM 2953/7620MB (lfb 121x4MB) SWAP 557/5858MB (cached 0MB) CPU [7%@729,6%@729,8%@729,7%@729,11%@729,6%@729] GR3D_FREQ 0% cpu@51.093C soc2@49.781C soc0@48.25C gpu@50.937C tj@51.093C soc1@50.156C VDD_IN 5160mW/5620mW VDD_CPU_GPU_CV 638mW/984mW VDD_SOC 1517mW/1547mW
10-08-2026 23:24:30 RAM 2953/7620MB (lfb 121x4MB) SWAP 557/5858MB (cached 0MB) CPU [3%@1510,6%@1510,6%@1510,9%@1510,12%@729,5%@729] GR3D_FREQ 0% cpu@51.187C soc2@49.75C soc0@48.406C gpu@50.625C tj@51.187C soc1@49.937C VDD_IN 5151mW/5591mW VDD_CPU_GPU_CV 638mW/962mW VDD_SOC 1517mW/1545mW
10-08-2026 23:24:31 RAM 2953/7620MB (lfb 121x4MB) SWAP 557/5858MB (cached 0MB) CPU [4%@1510,10%@1510,5%@1510,9%@1510,12%@729,7%@729] GR3D_FREQ 0% cpu@51.25C soc2@49.843C soc0@48.218C gpu@50.687C tj@51.25C soc1@49.937C VDD_IN 5160mW/5566mW VDD_CPU_GPU_CV 638mW/943mW VDD_SOC 1517mW/1543mW
10-08-2026 23:24:32 RAM 2953/7620MB (lfb 121x4MB) SWAP 557/5858MB (cached 0MB) CPU [6%@1510,12%@1510,5%@1510,4%@1510,13%@729,6%@729] GR3D_FREQ 0% cpu@51.093C soc2@49.781C soc0@48.281C gpu@50.656C tj@51.093C soc1@49.937C VDD_IN 5151mW/5543mW VDD_CPU_GPU_CV 637mW/926mW VDD_SOC 1517mW/1542mW
10-08-2026 23:24:33 RAM 2953/7620MB (lfb 121x4MB) SWAP 557/5858MB (cached 0MB) CPU [8%@1510,5%@1510,6%@1510,8%@1510,11%@729,5%@729] GR3D_FREQ 0% cpu@51.093C soc2@49.75C soc0@48.25C gpu@50.562C tj@51.093C soc1@50.125C VDD_IN 5191mW/5524mW VDD_CPU_GPU_CV 637mW/911mW VDD_SOC 1517mW/1541mW
10-08-2026 23:24:34 RAM 2953/7620MB (lfb 121x4MB) SWAP 557/5858MB (cached 0MB) CPU [8%@729,2%@729,7%@729,12%@729,12%@729,6%@729] GR3D_FREQ 23% cpu@51.093C soc2@49.75C soc0@48.25C gpu@50.468C tj@51.156C soc1@49.843C VDD_IN 5191mW/5507mW VDD_CPU_GPU_CV 637mW/897mW VDD_SOC 1517mW/1539mW
10-08-2026 23:24:35 RAM 3066/7620MB (lfb 95x4MB) SWAP 557/5858MB (cached 0MB) CPU [57%@1510,46%@1510,40%@1510,69%@1510,59%@1113,64%@1113] GR3D_FREQ 7% cpu@51.75C soc2@50.062C soc0@48.312C gpu@50.593C tj@51.75C soc1@49.937C VDD_IN 6507mW/5555mW VDD_CPU_GPU_CV 1861mW/943mW VDD_SOC 1547mW/1540mW
10-08-2026 23:24:36 RAM 3106/7620MB (lfb 75x4MB) SWAP 557/5858MB (cached 0MB) CPU [23%@1510,19%@1510,42%@1510,44%@1510,16%@883,15%@883] GR3D_FREQ 0% cpu@51.781C soc2@49.968C soc0@48.25C gpu@50.781C tj@51.781C soc1@50.062C VDD_IN 6150mW/5582mW VDD_CPU_GPU_CV 1426mW/965mW VDD_SOC 1587mW/1542mW
10-08-2026 23:24:37 RAM 3075/7620MB (lfb 80x4MB) SWAP 557/5858MB (cached 0MB) CPU [47%@1510,52%@1510,42%@1510,42%@1510,61%@1510,56%@1510] GR3D_FREQ 13% cpu@51.593C soc2@50.031C soc0@48.375C gpu@50.843C tj@51.593C soc1@50.187C VDD_IN 6428mW/5619mW VDD_CPU_GPU_CV 1545mW/990mW VDD_SOC 1663mW/1547mW
10-08-2026 23:24:38 RAM 4069/7620MB (lfb 117x1MB) SWAP 557/5858MB (cached 0MB) CPU [15%@1510,24%@1510,12%@1510,11%@1510,4%@1510,97%@1510] GR3D_FREQ 0% cpu@51.593C soc2@50C soc0@48.468C gpu@50.937C tj@51.593C soc1@50.031C VDD_IN 6467mW/5654mW VDD_CPU_GPU_CV 1346mW/1005mW VDD_SOC 1703mW/1554mW
10-08-2026 23:24:39 RAM 4119/7620MB (lfb 122x1MB) SWAP 557/5858MB (cached 0MB) CPU [12%@1510,13%@1510,7%@1510,12%@1510,6%@1510,99%@1510] GR3D_FREQ 0% cpu@51.625C soc2@50C soc0@48.281C gpu@50.718C tj@51.625C soc1@49.968C VDD_IN 6031mW/5669mW VDD_CPU_GPU_CV 1386mW/1020mW VDD_SOC 1545mW/1553mW
10-08-2026 23:24:40 RAM 4140/7620MB (lfb 121x1MB) SWAP 557/5858MB (cached 0MB) CPU [9%@1510,5%@1510,4%@1510,9%@1510,6%@1510,100%@1510] GR3D_FREQ 0% cpu@51.406C soc2@49.937C soc0@48.343C gpu@50.656C tj@51.406C soc1@50.093C VDD_IN 5832mW/5675mW VDD_CPU_GPU_CV 1228mW/1028mW VDD_SOC 1545mW/1553mW
10-08-2026 23:24:41 RAM 4141/7620MB (lfb 121x1MB) SWAP 557/5858MB (cached 0MB) CPU [8%@729,3%@729,2%@729,7%@729,6%@1510,100%@1510] GR3D_FREQ 38% cpu@51.375C soc2@50.031C soc0@48.406C gpu@50.687C tj@51.375C soc1@50.218C VDD_IN 5793mW/5680mW VDD_CPU_GPU_CV 1228mW/1036mW VDD_SOC 1545mW/1553mW
10-08-2026 23:24:42 RAM 4141/7620MB (lfb 121x1MB) SWAP 557/5858MB (cached 0MB) CPU [8%@729,6%@729,5%@1510,6%@1510,5%@1510,100%@1510] GR3D_FREQ 32% cpu@51.562C soc2@49.968C soc0@48.406C gpu@50.843C tj@51.562C soc1@50C VDD_IN 5832mW/5685mW VDD_CPU_GPU_CV 1228mW/1043mW VDD_SOC 1545mW/1552mW
10-08-2026 23:24:43 RAM 4141/7620MB (lfb 121x1MB) SWAP 557/5858MB (cached 0MB) CPU [10%@729,12%@729,6%@729,11%@729,5%@1510,100%@1510] GR3D_FREQ 32% cpu@51.781C soc2@50.031C soc0@48.25C gpu@50.875C tj@51.781C soc1@50C VDD_IN 5832mW/5690mW VDD_CPU_GPU_CV 1228mW/1049mW VDD_SOC 1545mW/1552mW
10-08-2026 23:24:44 RAM 4206/7620MB (lfb 123x1MB) SWAP 557/5858MB (cached 0MB) CPU [11%@1510,16%@1510,13%@1510,10%@1510,5%@1510,100%@1510] GR3D_FREQ 0% cpu@51.406C soc2@49.906C soc0@48.312C gpu@50.843C tj@51.406C soc1@50.031C VDD_IN 6031mW/5702mW VDD_CPU_GPU_CV 1386mW/1060mW VDD_SOC 1545mW/1552mW
10-08-2026 23:24:45 RAM 4295/7620MB (lfb 1x2MB) SWAP 557/5858MB (cached 0MB) CPU [12%@1510,10%@1510,16%@1510,14%@1510,4%@1510,99%@1510] GR3D_FREQ 0% cpu@51.312C soc2@50.031C soc0@48.437C gpu@50.718C tj@51.531C soc1@50.187C VDD_IN 6031mW/5712mW VDD_CPU_GPU_CV 1386mW/1071mW VDD_SOC 1545mW/1552mW
10-08-2026 23:24:46 RAM 4428/7620MB (lfb 112x1MB) SWAP 557/5858MB (cached 0MB) CPU [16%@729,11%@729,14%@729,15%@729,6%@1510,100%@1510] GR3D_FREQ 0% cpu@51.5C soc2@50.125C soc0@48.468C gpu@50.718C tj@51.656C soc1@49.968C VDD_IN 6031mW/5722mW VDD_CPU_GPU_CV 1386mW/1081mW VDD_SOC 1545mW/1551mW
10-08-2026 23:24:47 RAM 4544/7620MB (lfb 112x1MB) SWAP 557/5858MB (cached 0MB) CPU [9%@729,11%@729,17%@729,17%@729,5%@1510,100%@1510] GR3D_FREQ 16% cpu@51.531C soc2@50.062C soc0@48.406C gpu@50.968C tj@51.531C soc1@50.093C VDD_IN 6031mW/5732mW VDD_CPU_GPU_CV 1386mW/1090mW VDD_SOC 1545mW/1551mW
10-08-2026 23:24:48 RAM 4717/7620MB (lfb 112x1MB) SWAP 557/5858MB (cached 0MB) CPU [10%@729,18%@729,13%@729,13%@729,5%@1510,100%@1510] GR3D_FREQ 15% cpu@51.875C soc2@50.031C soc0@48.375C gpu@50.968C tj@51.875C soc1@50.156C VDD_IN 6071mW/5742mW VDD_CPU_GPU_CV 1386mW/1099mW VDD_SOC 1545mW/1551mW
10-08-2026 23:24:49 RAM 4886/7620MB (lfb 79x1MB) SWAP 557/5858MB (cached 0MB) CPU [10%@729,12%@729,13%@729,33%@729,7%@1510,99%@1510] GR3D_FREQ 30% cpu@51.5C soc2@50C soc0@48.468C gpu@51.031C tj@51.5C soc1@50.281C VDD_IN 6110mW/5752mW VDD_CPU_GPU_CV 1465mW/1109mW VDD_SOC 1545mW/1551mW
10-08-2026 23:24:50 RAM 4980/7620MB (lfb 53x1MB) SWAP 557/5858MB (cached 0MB) CPU [33%@1510,45%@1510,35%@1510,43%@1510,29%@1190,94%@1190] GR3D_FREQ 0% cpu@51.968C soc2@50.25C soc0@48.343C gpu@50.843C tj@51.968C soc1@50.156C VDD_IN 6983mW/5786mW VDD_CPU_GPU_CV 1822mW/1129mW VDD_SOC 1703mW/1555mW
10-08-2026 23:24:51 RAM 3591/7620MB (lfb 82x4MB) SWAP 557/5858MB (cached 0MB) CPU [16%@1510,9%@1510,9%@1510,11%@1510,15%@1510,84%@1510] GR3D_FREQ 22% cpu@51.843C soc2@50.218C soc0@48.343C gpu@50.875C tj@51.843C soc1@50.187C VDD_IN 6586mW/5808mW VDD_CPU_GPU_CV 1346mW/1135mW VDD_SOC 1782mW/1561mW
10-08-2026 23:24:52 RAM 3872/7620MB (lfb 82x4MB) SWAP 557/5858MB (cached 0MB) CPU [42%@1510,46%@1510,37%@1510,31%@1510,20%@729,35%@729] GR3D_FREQ 0% cpu@51.593C soc2@50.187C soc0@48.5C gpu@51.093C tj@51.593C soc1@50.281C VDD_IN 6348mW/5822mW VDD_CPU_GPU_CV 1426mW/1142mW VDD_SOC 1663mW/1564mW
10-08-2026 23:24:53 RAM 3883/7620MB (lfb 82x4MB) SWAP 557/5858MB (cached 0MB) CPU [42%@729,39%@729,38%@729,43%@729,43%@1036,47%@1036] GR3D_FREQ 0% cpu@51.687C soc2@50.187C soc0@48.593C gpu@51.093C tj@51.687C soc1@50.343C VDD_IN 6269mW/5834mW VDD_CPU_GPU_CV 1386mW/1149mW VDD_SOC 1624mW/1565mW
10-08-2026 23:24:54 RAM 3895/7620MB (lfb 82x4MB) SWAP 557/5858MB (cached 0MB) CPU [44%@1510,35%@1510,54%@1510,41%@1510,46%@1113,34%@1113] GR3D_FREQ 0% cpu@51.937C soc2@50.218C soc0@48.468C gpu@50.937C tj@51.937C soc1@50.156C VDD_IN 6507mW/5850mW VDD_CPU_GPU_CV 1545mW/1159mW VDD_SOC 1663mW/1568mW
10-08-2026 23:24:55 RAM 3904/7620MB (lfb 82x4MB) SWAP 557/5858MB (cached 0MB) CPU [35%@1510,37%@1510,50%@1510,38%@1510,46%@729,44%@729] GR3D_FREQ 0% cpu@52.156C soc2@50.25C soc0@48.531C gpu@50.875C tj@52.156C soc1@50.218C VDD_IN 6547mW/5867mW VDD_CPU_GPU_CV 1582mW/1169mW VDD_SOC 1663mW/1570mW
10-08-2026 23:24:56 RAM 3960/7620MB (lfb 81x4MB) SWAP 557/5858MB (cached 0MB) CPU [35%@1510,41%@1510,55%@1510,41%@1510,51%@1510,59%@1510] GR3D_FREQ 27% cpu@52.312C soc2@50.281C soc0@48.593C gpu@50.968C tj@52.312C soc1@50.312C VDD_IN 7261mW/5901mW VDD_CPU_GPU_CV 2135mW/1192mW VDD_SOC 1703mW/1573mW
10-08-2026 23:24:57 RAM 4453/7620MB (lfb 31x4MB) SWAP 557/5858MB (cached 0MB) CPU [37%@1510,61%@1510,48%@1510,60%@1510,82%@1510,62%@1510] GR3D_FREQ 59% cpu@52.656C soc2@50.718C soc0@48.875C gpu@51.218C tj@52.656C soc1@50.531C VDD_IN 9205mW/5977mW VDD_CPU_GPU_CV 3322mW/1241mW VDD_SOC 1980mW/1583mW
10-08-2026 23:24:58 RAM 4566/7620MB (lfb 26x4MB) SWAP 557/5858MB (cached 0MB) CPU [51%@1510,64%@1510,57%@1510,67%@1510,63%@1510,78%@1510] GR3D_FREQ 54% cpu@52.937C soc2@51.156C soc0@48.843C gpu@51.718C tj@52.937C soc1@50.406C VDD_IN 9428mW/6056mW VDD_CPU_GPU_CV 3480mW/1292mW VDD_SOC 2020mW/1593mW
10-08-2026 23:24:59 RAM 4599/7620MB (lfb 23x4MB) SWAP 557/5858MB (cached 0MB) CPU [37%@1510,50%@1510,49%@1510,45%@1510,46%@883,51%@883] GR3D_FREQ 0% cpu@52.093C soc2@50.625C soc0@48.843C gpu@51.593C tj@52.093C soc1@50.531C VDD_IN 7063mW/6078mW VDD_CPU_GPU_CV 1977mW/1307mW VDD_SOC 1703mW/1595mW
10-08-2026 23:25:00 RAM 4668/7620MB (lfb 20x4MB) SWAP 557/5858MB (cached 0MB) CPU [60%@1510,66%@1510,53%@1510,58%@1510,41%@1036,57%@1036] GR3D_FREQ 44% cpu@52.562C soc2@50.843C soc0@49.031C gpu@51.531C tj@52.562C soc1@50.687C VDD_IN 8888mW/6139mW VDD_CPU_GPU_CV 3124mW/1347mW VDD_SOC 1980mW/1604mW
10-08-2026 23:25:01 RAM 4799/7620MB (lfb 151x1MB) SWAP 557/5858MB (cached 0MB) CPU [54%@1510,67%@1510,56%@1510,48%@1510,58%@1420,66%@1420] GR3D_FREQ 52% cpu@52.843C soc2@51.125C soc0@49.218C gpu@51.625C tj@52.843C soc1@50.562C VDD_IN 9428mW/6209mW VDD_CPU_GPU_CV 3441mW/1392mW VDD_SOC 2020mW/1612mW
10-08-2026 23:25:02 RAM 4840/7620MB (lfb 134x1MB) SWAP 557/5858MB (cached 0MB) CPU [32%@729,51%@729,50%@729,53%@729,42%@729,54%@729] GR3D_FREQ 16% cpu@52.218C soc2@50.75C soc0@48.937C gpu@51.812C tj@52.218C soc1@50.718C VDD_IN 6983mW/6225mW VDD_CPU_GPU_CV 1858mW/1401mW VDD_SOC 1703mW/1614mW
10-08-2026 23:25:03 RAM 4845/7620MB (lfb 134x1MB) SWAP 557/5858MB (cached 0MB) CPU [32%@806,33%@1510,53%@1510,43%@1510,46%@729,50%@729] GR3D_FREQ 6% cpu@52.437C soc2@50.718C soc0@48.937C gpu@51.218C tj@52.25C soc1@50.687C VDD_IN 6428mW/6230mW VDD_CPU_GPU_CV 1502mW/1403mW VDD_SOC 1663mW/1615mW
10-08-2026 23:25:04 RAM 4863/7620MB (lfb 1x2MB) SWAP 557/5858MB (cached 0MB) CPU [49%@1497,45%@1497,43%@1497,55%@1497,51%@1497,65%@1497] GR3D_FREQ 65% cpu@52.75C soc2@51.031C soc0@49.218C gpu@51.531C tj@52.75C soc1@50.625C VDD_IN 8094mW/6267mW VDD_CPU_GPU_CV 2610mW/1427mW VDD_SOC 1861mW/1620mW
10-08-2026 23:25:05 RAM 4927/7620MB (lfb 96x1MB) SWAP 557/5858MB (cached 0MB) CPU [81%@1510,42%@1510,33%@1510,36%@1510,40%@729,36%@729] GR3D_FREQ 73% cpu@52.843C soc2@50.968C soc0@49.062C gpu@51.343C tj@52.843C soc1@50.781C VDD_IN 7539mW/6292mW VDD_CPU_GPU_CV 2175mW/1442mW VDD_SOC 1822mW/1624mW
10-08-2026 23:25:06 RAM 5035/7620MB (lfb 39x1MB) SWAP 557/5858MB (cached 0MB) CPU [73%@1510,51%@1510,51%@1510,67%@1510,68%@1510,68%@1510] GR3D_FREQ 46% cpu@52.968C soc2@51.25C soc0@49.156C gpu@52.156C tj@52.968C soc1@50.843C VDD_IN 9468mW/6353mW VDD_CPU_GPU_CV 3474mW/1481mW VDD_SOC 2020mW/1632mW
10-08-2026 23:25:07 RAM 5050/7620MB (lfb 31x1MB) SWAP 557/5858MB (cached 0MB) CPU [35%@1510,36%@1510,43%@1510,45%@1510,50%@729,48%@729] GR3D_FREQ 21% cpu@52.656C soc2@50.875C soc0@49.125C gpu@51.531C tj@52.656C soc1@50.843C VDD_IN 6705mW/6360mW VDD_CPU_GPU_CV 1700mW/1485mW VDD_SOC 1663mW/1632mW
10-08-2026 23:25:08 RAM 5105/7620MB (lfb 23x1MB) SWAP 557/5858MB (cached 0MB) CPU [73%@1510,58%@1510,47%@1510,48%@1510,65%@806,62%@806] GR3D_FREQ 72% cpu@52.906C soc2@51.281C soc0@49.218C gpu@51.781C tj@52.906C soc1@51.093C VDD_IN 8967mW/6408mW VDD_CPU_GPU_CV 3164mW/1516mW VDD_SOC 1980mW/1639mW
10-08-2026 23:25:09 RAM 4535/7620MB (lfb 16x4MB) SWAP 557/5858MB (cached 0MB) CPU [68%@1510,64%@1510,62%@1510,50%@1510,70%@1510,71%@1510] GR3D_FREQ 44% cpu@53.25C soc2@51.25C soc0@49.5C gpu@51.937C tj@53.25C soc1@51.125C VDD_IN 9324mW/6461mW VDD_CPU_GPU_CV 3441mW/1551mW VDD_SOC 1980mW/1645mW
10-08-2026 23:25:10 RAM 4586/7620MB (lfb 21x4MB) SWAP 557/5858MB (cached 0MB) CPU [52%@1036,50%@1113,52%@1113,36%@1113,50%@729,62%@729] GR3D_FREQ 10% cpu@52.75C soc2@51.093C soc0@49.312C gpu@51.531C tj@52.75C soc1@51.062C VDD_IN 7340mW/6477mW VDD_CPU_GPU_CV 2135mW/1562mW VDD_SOC 1743mW/1647mW
10-08-2026 23:25:11 RAM 4617/7620MB (lfb 21x4MB) SWAP 557/5858MB (cached 0MB) CPU [49%@1510,58%@1510,60%@1510,47%@1510,62%@1036,64%@1036] GR3D_FREQ 63% cpu@52.937C soc2@51.468C soc0@49.406C gpu@51.718C tj@52.937C soc1@51C VDD_IN 8531mW/6513mW VDD_CPU_GPU_CV 2887mW/1585mW VDD_SOC 1901mW/1651mW
10-08-2026 23:25:12 RAM 4719/7620MB (lfb 18x4MB) SWAP 557/5858MB (cached 0MB) CPU [51%@1190,56%@1190,71%@1190,54%@1510,52%@729,51%@729] GR3D_FREQ 53% cpu@52.75C soc2@51.468C soc0@49.562C gpu@51.968C tj@52.75C soc1@51.187C VDD_IN 8848mW/6553mW VDD_CPU_GPU_CV 3045mW/1610mW VDD_SOC 1980mW/1657mW
10-08-2026 23:25:13 RAM 4788/7620MB (lfb 18x4MB) SWAP 557/5858MB (cached 0MB) CPU [25%@883,21%@883,23%@883,25%@883,37%@1190,55%@1190] GR3D_FREQ 37% cpu@52.75C soc2@51.218C soc0@49.718C gpu@51.906C tj@52.75C soc1@51.093C VDD_IN 7737mW/6573mW VDD_CPU_GPU_CV 2135mW/1619mW VDD_SOC 1901mW/1661mW
10-08-2026 23:25:14 RAM 5079/7620MB (lfb 21x1MB) SWAP 557/5858MB (cached 0MB) CPU [27%@729,14%@729,12%@729,14%@729,36%@1510,55%@1510] GR3D_FREQ 4% cpu@52.593C soc2@51.093C soc0@49.375C gpu@51.875C tj@52.593C soc1@51.031C VDD_IN 6745mW/6576mW VDD_CPU_GPU_CV 1542mW/1618mW VDD_SOC 1743mW/1662mW
10-08-2026 23:25:15 RAM 5178/7620MB (lfb 18x512kB) SWAP 557/5858MB (cached 0MB) CPU [23%@1510,64%@1510,18%@1510,13%@1510,14%@729,18%@729] GR3D_FREQ 64% cpu@52.781C soc2@51.062C soc0@49.468C gpu@51.687C tj@52.781C soc1@51.125C VDD_IN 6824mW/6580mW VDD_CPU_GPU_CV 1582mW/1617mW VDD_SOC 1743mW/1664mW
10-08-2026 23:25:16 RAM 5181/7620MB (lfb 17x512kB) SWAP 557/5858MB (cached 0MB) CPU [13%@1510,75%@1510,11%@1510,8%@1510,2%@729,3%@729] GR3D_FREQ 67% cpu@52.562C soc2@51.093C soc0@49.5C gpu@51.625C tj@52.562C soc1@51.156C VDD_IN 6745mW/6583mW VDD_CPU_GPU_CV 1545mW/1616mW VDD_SOC 1743mW/1665mW
10-08-2026 23:25:17 RAM 5182/7620MB (lfb 17x512kB) SWAP 557/5858MB (cached 0MB) CPU [51%@1510,22%@1510,17%@1510,6%@1510,8%@1497,12%@1497] GR3D_FREQ 47% cpu@52.562C soc2@51.031C soc0@49.5C gpu@51.687C tj@52.562C soc1@51.312C VDD_IN 6745mW/6585mW VDD_CPU_GPU_CV 1545mW/1615mW VDD_SOC 1743mW/1666mW
10-08-2026 23:25:18 RAM 5182/7620MB (lfb 17x512kB) SWAP 557/5858MB (cached 0MB) CPU [5%@1510,12%@1510,11%@1510,50%@1510,5%@729,36%@729] GR3D_FREQ 39% cpu@52.625C soc2@51.093C soc0@49.343C gpu@51.687C tj@52.625C soc1@50.968C VDD_IN 6785mW/6588mW VDD_CPU_GPU_CV 1545mW/1614mW VDD_SOC 1743mW/1667mW
10-08-2026 23:25:19 RAM 5181/7620MB (lfb 17x512kB) SWAP 557/5858MB (cached 0MB) CPU [15%@729,13%@729,3%@729,31%@729,17%@1510,40%@1510] GR3D_FREQ 40% cpu@52.468C soc2@51.093C soc0@49.437C gpu@51.875C tj@52.468C soc1@51.125C VDD_IN 6785mW/6591mW VDD_CPU_GPU_CV 1545mW/1613mW VDD_SOC 1743mW/1669mW
10-08-2026 23:25:20 RAM 5181/7620MB (lfb 17x512kB) SWAP 557/5858MB (cached 0MB) CPU [7%@729,14%@1510,3%@1510,16%@1510,5%@1510,78%@1510] GR3D_FREQ 41% cpu@52.625C soc2@50.968C soc0@49.531C gpu@51.906C tj@52.625C soc1@51.187C VDD_IN 6785mW/6594mW VDD_CPU_GPU_CV 1584mW/1612mW VDD_SOC 1745mW/1670mW
10-08-2026 23:25:21 RAM 5182/7620MB (lfb 17x512kB) SWAP 557/5858MB (cached 0MB) CPU [8%@1510,14%@1510,10%@1510,16%@1510,1%@1510,81%@1510] GR3D_FREQ 40% cpu@52.562C soc2@51.125C soc0@49.593C gpu@51.937C tj@52.562C soc1@51.281C VDD_IN 6824mW/6598mW VDD_CPU_GPU_CV 1584mW/1612mW VDD_SOC 1743mW/1671mW
10-08-2026 23:25:22 RAM 5182/7620MB (lfb 17x512kB) SWAP 557/5858MB (cached 0MB) CPU [8%@729,12%@729,7%@729,13%@729,0%@1497,81%@1497] GR3D_FREQ 46% cpu@52.875C soc2@51.093C soc0@49.375C gpu@51.718C tj@52.875C soc1@51.093C VDD_IN 6785mW/6600mW VDD_CPU_GPU_CV 1584mW/1612mW VDD_SOC 1743mW/1672mW
10-08-2026 23:25:23 RAM 5182/7620MB (lfb 17x512kB) SWAP 557/5858MB (cached 0MB) CPU [8%@1497,9%@1497,21%@1497,18%@1497,16%@729,53%@729] GR3D_FREQ 57% cpu@52.406C soc2@51.062C soc0@49.531C gpu@51.687C tj@52.406C soc1@51.156C VDD_IN 6785mW/6603mW VDD_CPU_GPU_CV 1584mW/1611mW VDD_SOC 1743mW/1673mW
10-08-2026 23:25:24 RAM 5182/7620MB (lfb 17x512kB) SWAP 557/5858MB (cached 0MB) CPU [15%@1510,5%@1510,39%@1510,39%@1510,8%@729,3%@729] GR3D_FREQ 42% cpu@52.343C soc2@51.093C soc0@49.468C gpu@51.812C tj@52.343C soc1@51.125C VDD_IN 6824mW/6606mW VDD_CPU_GPU_CV 1584mW/1611mW VDD_SOC 1743mW/1674mW
10-08-2026 23:25:25 RAM 5178/7620MB (lfb 4x2MB) SWAP 557/5858MB (cached 0MB) CPU [11%@1510,17%@1510,77%@1510,5%@1510,11%@1420,11%@1420] GR3D_FREQ 35% cpu@52.687C soc2@51.125C soc0@49.562C gpu@51.75C tj@52.687C soc1@51.031C VDD_IN 6745mW/6608mW VDD_CPU_GPU_CV 1584mW/1610mW VDD_SOC 1743mW/1675mW
10-08-2026 23:25:26 RAM 5220/7620MB (lfb 8x512kB) SWAP 557/5858MB (cached 0MB) CPU [48%@1510,41%@1510,43%@1510,55%@1510,36%@729,37%@729] GR3D_FREQ 1% cpu@52.625C soc2@51.156C soc0@49.375C gpu@51.968C tj@52.625C soc1@51.156C VDD_IN 6507mW/6607mW VDD_CPU_GPU_CV 1545mW/1609mW VDD_SOC 1663mW/1675mW
10-08-2026 23:25:27 RAM 5224/7620MB (lfb 7x512kB) SWAP 557/5858MB (cached 0MB) CPU [34%@1510,36%@1510,30%@1510,51%@1510,52%@1036,46%@1036] GR3D_FREQ 0% cpu@52.843C soc2@51.031C soc0@49.375C gpu@51.968C tj@52.843C soc1@51.156C VDD_IN 6309mW/6603mW VDD_CPU_GPU_CV 1426mW/1607mW VDD_SOC 1624mW/1674mW
10-08-2026 23:25:28 RAM 5226/7620MB (lfb 4x512kB) SWAP 557/5858MB (cached 0MB) CPU [50%@883,52%@883,47%@883,57%@883,57%@729,48%@729] GR3D_FREQ 0% cpu@52.718C soc2@51.218C soc0@49.5C gpu@51.718C tj@52.718C soc1@51.312C VDD_IN 6864mW/6606mW VDD_CPU_GPU_CV 1861mW/1610mW VDD_SOC 1666mW/1674mW
10-08-2026 23:25:29 RAM 5228/7620MB (lfb 9x512kB) SWAP 557/5858MB (cached 0MB) CPU [32%@1510,31%@1510,52%@1510,55%@1510,53%@1113,42%@1113] GR3D_FREQ 30% cpu@52.906C soc2@51.156C soc0@49.343C gpu@52.093C tj@52.906C soc1@51.156C VDD_IN 6785mW/6609mW VDD_CPU_GPU_CV 1782mW/1613mW VDD_SOC 1663mW/1674mW
10-08-2026 23:25:30 RAM 5333/7620MB (lfb 10x2MB) SWAP 557/5858MB (cached 0MB) CPU [70%@1510,61%@1510,64%@1510,59%@1510,64%@1510,59%@1510] GR3D_FREQ 61% cpu@53.437C soc2@51.718C soc0@49.625C gpu@52.312C tj@53.437C soc1@51.156C VDD_IN 9166mW/6642mW VDD_CPU_GPU_CV 3282mW/1635mW VDD_SOC 1980mW/1678mW
10-08-2026 23:25:31 RAM 5303/7620MB (lfb 1x512kB) SWAP 557/5858MB (cached 0MB) CPU [78%@1510,66%@1510,63%@1510,60%@1510,71%@1510,64%@1510] GR3D_FREQ 31% cpu@53.437C soc2@51.687C soc0@49.812C gpu@52.406C tj@53.437C soc1@51.343C VDD_IN 9364mW/6678mW VDD_CPU_GPU_CV 3441mW/1658mW VDD_SOC 2020mW/1682mW
10-08-2026 23:25:32 RAM 5347/7620MB (lfb 5x2MB) SWAP 557/5858MB (cached 0MB) CPU [64%@1510,54%@1510,57%@1510,52%@1510,60%@883,65%@883] GR3D_FREQ 0% cpu@53.031C soc2@51.437C soc0@49.812C gpu@52C tj@53.062C soc1@51.406C VDD_IN 7618mW/6690mW VDD_CPU_GPU_CV 2294mW/1666mW VDD_SOC 1782mW/1684mW
10-08-2026 23:25:33 RAM 5398/7620MB (lfb 1x512kB) SWAP 557/5858MB (cached 0MB) CPU [55%@1510,60%@1510,49%@1510,63%@1510,59%@729,49%@729] GR3D_FREQ 63% cpu@53.187C soc2@51.812C soc0@49.75C gpu@52.187C tj@53.187C soc1@51.406C VDD_IN 8610mW/6714mW VDD_CPU_GPU_CV 2926mW/1682mW VDD_SOC 1941mW/1687mW
10-08-2026 23:25:34 RAM 5412/7620MB (lfb 1x256kB) SWAP 557/5858MB (cached 0MB) CPU [27%@1420,19%@1420,16%@1420,52%@1420,17%@729,53%@729] GR3D_FREQ 53% cpu@53.093C soc2@51.531C soc0@49.843C gpu@52.093C tj@53.093C soc1@51.437C VDD_IN 7697mW/6726mW VDD_CPU_GPU_CV 2135mW/1688mW VDD_SOC 1861mW/1689mW
10-08-2026 23:25:35 RAM 5413/7620MB (lfb 1x256kB) SWAP 557/5858MB (cached 0MB) CPU [15%@806,56%@806,11%@806,25%@806,16%@960,60%@960] GR3D_FREQ 31% cpu@52.843C soc2@51.406C soc0@49.906C gpu@52.343C tj@52.843C soc1@51.593C VDD_IN 7182mW/6732mW VDD_CPU_GPU_CV 1822mW/1690mW VDD_SOC 1822mW/1691mW
10-08-2026 23:25:36 RAM 5217/7620MB (lfb 3x2MB) SWAP 557/5858MB (cached 0MB) CPU [31%@1510,44%@1510,13%@1510,18%@1510,12%@729,37%@729] GR3D_FREQ 66% cpu@52.906C soc2@51.5C soc0@49.937C gpu@52.343C tj@52.906C soc1@51.593C VDD_IN 6904mW/6734mW VDD_CPU_GPU_CV 1663mW/1689mW VDD_SOC 1743mW/1691mW
10-08-2026 23:25:37 RAM 5217/7620MB (lfb 3x2MB) SWAP 557/5858MB (cached 0MB) CPU [38%@1510,8%@1510,46%@1510,7%@1510,5%@729,7%@729] GR3D_FREQ 38% cpu@52.937C soc2@51.531C soc0@49.906C gpu@52.375C tj@52.937C soc1@51.406C VDD_IN 6705mW/6734mW VDD_CPU_GPU_CV 1545mW/1687mW VDD_SOC 1745mW/1692mW
10-08-2026 23:25:38 RAM 5217/7620MB (lfb 3x2MB) SWAP 557/5858MB (cached 0MB) CPU [30%@1510,25%@1510,36%@1510,5%@1510,6%@729,1%@729] GR3D_FREQ 40% cpu@52.937C soc2@51.5C soc0@49.718C gpu@52.312C tj@52.937C soc1@51.375C VDD_IN 6705mW/6733mW VDD_CPU_GPU_CV 1545mW/1686mW VDD_SOC 1745mW/1693mW
10-08-2026 23:25:39 RAM 5217/7620MB (lfb 3x2MB) SWAP 557/5858MB (cached 0MB) CPU [31%@1510,51%@1510,10%@1510,6%@1510,6%@729,1%@729] GR3D_FREQ 35% cpu@53.125C soc2@51.312C soc0@49.781C gpu@52.375C tj@53.125C soc1@51.5C VDD_IN 6705mW/6733mW VDD_CPU_GPU_CV 1545mW/1684mW VDD_SOC 1745mW/1693mW
10-08-2026 23:25:40 RAM 5273/7620MB (lfb 13x512kB) SWAP 557/5858MB (cached 0MB) CPU [26%@1510,24%@1510,13%@1510,19%@1510,12%@1497,46%@1497] GR3D_FREQ 0% cpu@53.125C soc2@51.406C soc0@49.781C gpu@52.375C tj@53.125C soc1@51.562C VDD_IN 6785mW/6734mW VDD_CPU_GPU_CV 1703mW/1684mW VDD_SOC 1703mW/1693mW
10-08-2026 23:25:41 RAM 5318/7620MB (lfb 8x512kB) SWAP 557/5858MB (cached 0MB) CPU [38%@806,48%@806,51%@806,37%@806,43%@1113,50%@1113] GR3D_FREQ 0% cpu@53.031C soc2@51.437C soc0@49.875C gpu@52.062C tj@53.031C soc1@51.437C VDD_IN 6626mW/6732mW VDD_CPU_GPU_CV 1624mW/1684mW VDD_SOC 1663mW/1693mW
10-08-2026 23:25:42 RAM 5318/7620MB (lfb 1x2MB) SWAP 557/5858MB (cached 0MB) CPU [52%@1510,40%@1510,42%@1510,48%@1510,20%@806,62%@806] GR3D_FREQ 0% cpu@53.062C soc2@51.437C soc0@49.718C gpu@52.031C tj@53.062C soc1@51.343C VDD_IN 6586mW/6731mW VDD_CPU_GPU_CV 1584mW/1682mW VDD_SOC 1663mW/1693mW
10-08-2026 23:25:43 RAM 5317/7620MB (lfb 1x2MB) SWAP 557/5858MB (cached 0MB) CPU [51%@1510,54%@1510,43%@1510,44%@1510,28%@729,67%@729] GR3D_FREQ 30% cpu@53.031C soc2@51.5C soc0@49.781C gpu@52.406C tj@53.031C soc1@51.468C VDD_IN 6705mW/6730mW VDD_CPU_GPU_CV 1663mW/1682mW VDD_SOC 1663mW/1692mW
10-08-2026 23:25:44 RAM 5315/7620MB (lfb 2x2MB) SWAP 557/5858MB (cached 0MB) CPU [47%@1036,30%@1036,43%@1036,49%@1036,31%@729,51%@729] GR3D_FREQ 28% cpu@52.843C soc2@51.312C soc0@49.812C gpu@51.875C tj@52.843C soc1@51.5C VDD_IN 6348mW/6726mW VDD_CPU_GPU_CV 1426mW/1679mW VDD_SOC 1624mW/1692mW
10-08-2026 23:25:45 RAM 5453/7620MB (lfb 8x512kB) SWAP 557/5858MB (cached 0MB) CPU [59%@1510,65%@1510,60%@1510,60%@1510,77%@1510,61%@1510] GR3D_FREQ 39% cpu@53.562C soc2@51.781C soc0@50.031C gpu@52.218C tj@53.562C soc1@51.5C VDD_IN 9086mW/6752mW VDD_CPU_GPU_CV 3243mW/1697mW VDD_SOC 1980mW/1695mW
10-08-2026 23:25:46 RAM 5490/7620MB (lfb 1x128kB) SWAP 557/5858MB (cached 0MB) CPU [61%@1510,44%@1510,67%@1510,61%@1510,66%@1190,65%@1190] GR3D_FREQ 56% cpu@53.593C soc2@52.031C soc0@50.093C gpu@52.468C tj@53.906C soc1@51.625C VDD_IN 9626mW/6783mW VDD_CPU_GPU_CV 3593mW/1717mW VDD_SOC 2060mW/1699mW
10-08-2026 23:25:47 RAM 5500/7620MB (lfb 12x64kB) SWAP 557/5858MB (cached 0MB) CPU [25%@1510,36%@1510,19%@1510,64%@1510,27%@729,38%@729] GR3D_FREQ 45% cpu@53.156C soc2@51.781C soc0@50.031C gpu@52.406C tj@53.062C soc1@51.687C VDD_IN 7578mW/6792mW VDD_CPU_GPU_CV 2056mW/1721mW VDD_SOC 1861mW/1700mW
10-08-2026 23:25:48 RAM 5425/7620MB (lfb 3x1MB) SWAP 557/5858MB (cached 0MB) CPU [16%@1497,12%@1497,60%@1497,28%@1497,27%@729,28%@729] GR3D_FREQ 44% cpu@52.937C soc2@51.687C soc0@50.093C gpu@52.437C tj@52.937C soc1@51.75C VDD_IN 7301mW/6797mW VDD_CPU_GPU_CV 1858mW/1722mW VDD_SOC 1822mW/1702mW
10-08-2026 23:25:49 RAM 5435/7620MB (lfb 1x2MB) SWAP 557/5858MB (cached 0MB) CPU [23%@1510,10%@1510,12%@1510,59%@1510,2%@1497,8%@1497] GR3D_FREQ 37% cpu@53C soc2@51.562C soc0@50.093C gpu@52.156C tj@53C soc1@51.625C VDD_IN 6745mW/6797mW VDD_CPU_GPU_CV 1545mW/1720mW VDD_SOC 1743mW/1702mW
10-08-2026 23:25:50 RAM 5435/7620MB (lfb 1x2MB) SWAP 557/5858MB (cached 0MB) CPU [8%@729,5%@729,4%@729,10%@729,30%@1510,59%@1510] GR3D_FREQ 67% cpu@53.125C soc2@51.656C soc0@49.968C gpu@52.156C tj@53.125C soc1@51.687C VDD_IN 6705mW/6796mW VDD_CPU_GPU_CV 1545mW/1719mW VDD_SOC 1743mW/1703mW
10-08-2026 23:25:51 RAM 5435/7620MB (lfb 1x2MB) SWAP 557/5858MB (cached 0MB) CPU [14%@1510,8%@1510,45%@1510,8%@1510,21%@729,14%@729] GR3D_FREQ 51% cpu@53.125C soc2@51.625C soc0@49.968C gpu@52.218C tj@53.125C soc1@51.687C VDD_IN 6705mW/6795mW VDD_CPU_GPU_CV 1545mW/1717mW VDD_SOC 1743mW/1703mW
10-08-2026 23:25:52 RAM 5435/7620MB (lfb 1x2MB) SWAP 557/5858MB (cached 0MB) CPU [10%@1510,61%@1510,9%@1510,21%@1510,2%@729,4%@729] GR3D_FREQ 42% cpu@52.937C soc2@51.562C soc0@50C gpu@52.156C tj@52.937C soc1@51.687C VDD_IN 6705mW/6794mW VDD_CPU_GPU_CV 1545mW/1715mW VDD_SOC 1743mW/1703mW
10-08-2026 23:25:53 RAM 5439/7620MB (lfb 9x1MB) SWAP 557/5858MB (cached 0MB) CPU [11%@1510,28%@1510,12%@1510,46%@1510,5%@729,4%@729] GR3D_FREQ 0% cpu@53.031C soc2@51.625C soc0@50.093C gpu@52.343C tj@53.031C soc1@51.656C VDD_IN 6586mW/6792mW VDD_CPU_GPU_CV 1463mW/1713mW VDD_SOC 1703mW/1703mW
10-08-2026 23:25:54 RAM 5475/7620MB (lfb 1x512kB) SWAP 557/5858MB (cached 0MB) CPU [25%@729,54%@729,45%@1510,50%@1510,31%@883,47%@883] GR3D_FREQ 1% cpu@53.25C soc2@51.625C soc0@49.906C gpu@52.343C tj@53.25C soc1@51.562C VDD_IN 6547mW/6789mW VDD_CPU_GPU_CV 1621mW/1712mW VDD_SOC 1663mW/1703mW
10-08-2026 23:25:55 RAM 5476/7620MB (lfb 1x512kB) SWAP 557/5858MB (cached 0MB) CPU [31%@1510,51%@1510,49%@1510,55%@1510,35%@1190,47%@1190] GR3D_FREQ 0% cpu@53.093C soc2@51.531C soc0@49.875C gpu@52.062C tj@53.093C soc1@51.687C VDD_IN 6507mW/6787mW VDD_CPU_GPU_CV 1545mW/1710mW VDD_SOC 1663mW/1703mW
10-08-2026 23:25:56 RAM 5476/7620MB (lfb 1x512kB) SWAP 557/5858MB (cached 0MB) CPU [45%@1113,36%@1113,48%@1113,40%@1113,37%@806,46%@806] GR3D_FREQ 0% cpu@53.156C soc2@51.593C soc0@50C gpu@52.125C tj@53.156C soc1@51.843C VDD_IN 6547mW/6784mW VDD_CPU_GPU_CV 1545mW/1708mW VDD_SOC 1663mW/1702mW
10-08-2026 23:25:57 RAM 5476/7620MB (lfb 1x512kB) SWAP 557/5858MB (cached 0MB) CPU [38%@1190,48%@1190,35%@1190,35%@1190,54%@729,48%@729] GR3D_FREQ 36% cpu@53.218C soc2@51.625C soc0@49.937C gpu@52.343C tj@53.218C soc1@51.625C VDD_IN 6507mW/6781mW VDD_CPU_GPU_CV 1542mW/1707mW VDD_SOC 1663mW/1702mW
10-08-2026 23:25:58 RAM 5562/7620MB (lfb 12x256kB) SWAP 557/5858MB (cached 0MB) CPU [54%@1510,48%@1510,59%@1510,66%@1510,64%@1344,49%@1344] GR3D_FREQ 60% cpu@53.968C soc2@51.906C soc0@50.093C gpu@52.375C tj@53.625C soc1@51.781C VDD_IN 8928mW/6802mW VDD_CPU_GPU_CV 3124mW/1720mW VDD_SOC 1941mW/1704mW
10-08-2026 23:25:59 RAM 5583/7620MB (lfb 1x128kB) SWAP 557/5858MB (cached 0MB) CPU [45%@1510,59%@1510,68%@1510,69%@1510,74%@1510,58%@1510] GR3D_FREQ 52% cpu@53.843C soc2@52.125C soc0@50.281C gpu@52.718C tj@53.843C soc1@52.031C VDD_IN 9349mW/6826mW VDD_CPU_GPU_CV 3401mW/1736mW VDD_SOC 2020mW/1707mW
10-08-2026 23:26:00 RAM 5587/7620MB (lfb 15x64kB) SWAP 557/5858MB (cached 0MB) CPU [42%@729,38%@1510,40%@1510,53%@1510,59%@1036,50%@1036] GR3D_FREQ 0% cpu@53.281C soc2@51.812C soc0@50.125C gpu@52.625C tj@53.281C soc1@51.75C VDD_IN 7023mW/6828mW VDD_CPU_GPU_CV 1898mW/1738mW VDD_SOC 1743mW/1707mW
10-08-2026 23:26:01 RAM 5582/7620MB (lfb 1x256kB) SWAP 557/5858MB (cached 0MB) CPU [64%@1113,39%@1113,30%@1113,31%@1113,43%@1344,28%@1344] GR3D_FREQ 0% cpu@53.625C soc2@51.875C soc0@50.093C gpu@52.5C tj@53.625C soc1@51.812C VDD_IN 6586mW/6826mW VDD_CPU_GPU_CV 1545mW/1736mW VDD_SOC 1663mW/1707mW
10-08-2026 23:26:02 RAM 5589/7620MB (lfb 13x64kB) SWAP 557/5858MB (cached 0MB) CPU [55%@1510,71%@1510,51%@1510,61%@1510,51%@1497,69%@1497] GR3D_FREQ 59% cpu@53.875C soc2@52.187C soc0@50.312C gpu@52.531C tj@53.875C soc1@51.906C VDD_IN 8953mW/6846mW VDD_CPU_GPU_CV 3164mW/1749mW VDD_SOC 1980mW/1710mW
10-08-2026 23:26:03 RAM 5590/7620MB (lfb 13x64kB) SWAP 557/5858MB (cached 0MB) CPU [66%@1510,69%@1510,65%@1510,59%@1510,74%@1510,55%@1510] GR3D_FREQ 74% cpu@54.312C soc2@52.218C soc0@50.312C gpu@52.687C tj@54.312C soc1@52C VDD_IN 9468mW/6870mW VDD_CPU_GPU_CV 3514mW/1766mW VDD_SOC 2020mW/1712mW
10-08-2026 23:26:04 RAM 5590/7620MB (lfb 13x64kB) SWAP 557/5858MB (cached 0MB) CPU [46%@1510,37%@1510,58%@1510,48%@1510,53%@729,65%@729] GR3D_FREQ 10% cpu@53.406C soc2@51.968C soc0@50.343C gpu@52.625C tj@53.406C soc1@52.062C VDD_IN 7142mW/6872mW VDD_CPU_GPU_CV 1938mW/1767mW VDD_SOC 1743mW/1713mW
10-08-2026 23:26:05 RAM 5591/7620MB (lfb 18x64kB) SWAP 557/5858MB (cached 0MB) CPU [55%@1510,55%@1510,63%@1510,45%@1510,50%@1344,61%@1344] GR3D_FREQ 55% cpu@53.937C soc2@52.312C soc0@50.437C gpu@52.687C tj@53.937C soc1@51.937C VDD_IN 8412mW/6886mW VDD_CPU_GPU_CV 2808mW/1776mW VDD_SOC 1901mW/1714mW
10-08-2026 23:26:06 RAM 5591/7620MB (lfb 15x64kB) SWAP 557/5858MB (cached 0MB) CPU [48%@1510,42%@1510,70%@1510,66%@1510,60%@1113,66%@1113] GR3D_FREQ 10% cpu@54.156C soc2@52.343C soc0@50.5C gpu@52.687C tj@54.156C soc1@52.031C VDD_IN 9230mW/6907mW VDD_CPU_GPU_CV 3282mW/1790mW VDD_SOC 2020mW/1717mW
10-08-2026 23:26:07 RAM 5591/7620MB (lfb 15x64kB) SWAP 557/5858MB (cached 0MB) CPU [53%@729,42%@729,50%@1510,60%@1510,38%@729,61%@729] GR3D_FREQ 0% cpu@53.437C soc2@52.156C soc0@50.437C gpu@52.625C tj@53.437C soc1@52.187C VDD_IN 7578mW/6913mW VDD_CPU_GPU_CV 2254mW/1794mW VDD_SOC 1782mW/1718mW
10-08-2026 23:26:08 RAM 5592/7620MB (lfb 15x64kB) SWAP 557/5858MB (cached 0MB) CPU [25%@1190,46%@1190,53%@1190,30%@1190,46%@729,26%@729] GR3D_FREQ 0% cpu@53.406C soc2@52C soc0@50.406C gpu@52.687C tj@53.406C soc1@52.093C VDD_IN 6467mW/6909mW VDD_CPU_GPU_CV 1542mW/1792mW VDD_SOC 1663mW/1717mW
10-08-2026 23:26:09 RAM 5526/7620MB (lfb 24x128kB) SWAP 557/5858MB (cached 0MB) CPU [57%@1510,48%@1510,48%@1510,54%@1510,45%@729,58%@729] GR3D_FREQ 62% cpu@53.968C soc2@52.343C soc0@50.343C gpu@52.937C tj@53.968C soc1@51.875C VDD_IN 8531mW/6923mW VDD_CPU_GPU_CV 2847mW/1801mW VDD_SOC 1901mW/1719mW
10-08-2026 23:26:10 RAM 5543/7620MB (lfb 45x64kB) SWAP 557/5858MB (cached 0MB) CPU [59%@1497,62%@1510,55%@1510,52%@1510,70%@1497,67%@1497] GR3D_FREQ 71% cpu@54.281C soc2@52.5C soc0@50.468C gpu@53.031C tj@54.281C soc1@52.093C VDD_IN 9047mW/6941mW VDD_CPU_GPU_CV 3203mW/1813mW VDD_SOC 1980mW/1721mW
10-08-2026 23:26:11 RAM 5551/7620MB (lfb 10x1MB) SWAP 557/5858MB (cached 0MB) CPU [64%@1510,44%@1510,47%@1510,54%@1510,49%@729,56%@729] GR3D_FREQ 9% cpu@53.718C soc2@52.156C soc0@50.5C gpu@52.687C tj@53.718C soc1@52.25C VDD_IN 7340mW/6945mW VDD_CPU_GPU_CV 2096mW/1815mW VDD_SOC 1782mW/1722mW
10-08-2026 23:26:12 RAM 5543/7620MB (lfb 10x1MB) SWAP 557/5858MB (cached 0MB) CPU [47%@1510,52%@1510,50%@1510,42%@1510,39%@1510,37%@1510] GR3D_FREQ 0% cpu@54.218C soc2@52.187C soc0@50.531C gpu@52.593C tj@54.218C soc1@52.218C VDD_IN 7142mW/6947mW VDD_CPU_GPU_CV 2056mW/1818mW VDD_SOC 1703mW/1721mW
10-08-2026 23:26:13 RAM 5581/7620MB (lfb 8x512kB) SWAP 557/5858MB (cached 0MB) CPU [26%@1510,35%@1510,30%@1510,53%@1510,50%@1344,42%@1344] GR3D_FREQ 57% cpu@53.75C soc2@52.281C soc0@50.5C gpu@52.718C tj@53.75C soc1@52.062C VDD_IN 7737mW/6953mW VDD_CPU_GPU_CV 2175mW/1821mW VDD_SOC 1861mW/1723mW
10-08-2026 23:26:14 RAM 5582/7620MB (lfb 8x512kB) SWAP 557/5858MB (cached 0MB) CPU [29%@1510,18%@1510,31%@1510,14%@1510,55%@1036,45%@1036] GR3D_FREQ 45% cpu@53.625C soc2@52.312C soc0@50.656C gpu@53.062C tj@53.625C soc1@52.125C VDD_IN 7896mW/6961mW VDD_CPU_GPU_CV 2294mW/1824mW VDD_SOC 1901mW/1724mW
10-08-2026 23:26:15 RAM 5456/7620MB (lfb 3x2MB) SWAP 557/5858MB (cached 0MB) CPU [28%@729,27%@729,31%@729,23%@729,12%@1190,52%@1190] GR3D_FREQ 40% cpu@53.406C soc2@52C soc0@50.593C gpu@53C tj@53.406C soc1@52.25C VDD_IN 7063mW/6962mW VDD_CPU_GPU_CV 1584mW/1822mW VDD_SOC 1861mW/1725mW
10-08-2026 23:26:16 RAM 5465/7620MB (lfb 1x4MB) SWAP 557/5858MB (cached 0MB) CPU [6%@729,12%@729,6%@729,24%@729,10%@1420,76%@1510] GR3D_FREQ 42% cpu@53.625C soc2@52C soc0@50.625C gpu@52.687C tj@53.625C soc1@52.093C VDD_IN 6785mW/6960mW VDD_CPU_GPU_CV 1545mW/1820mW VDD_SOC 1743mW/1725mW
10-08-2026 23:26:17 RAM 5465/7620MB (lfb 1x4MB) SWAP 557/5858MB (cached 0MB) CPU [13%@1510,12%@1510,7%@1510,17%@1510,11%@1497,73%@1497] GR3D_FREQ 69% cpu@53.468C soc2@52.031C soc0@50.375C gpu@52.593C tj@53.468C soc1@52.062C VDD_IN 6745mW/6959mW VDD_CPU_GPU_CV 1545mW/1818mW VDD_SOC 1743mW/1726mW
10-08-2026 23:26:18 RAM 5465/7620MB (lfb 1x4MB) SWAP 557/5858MB (cached 0MB) CPU [19%@729,14%@1510,8%@1510,6%@1510,7%@1510,78%@1510] GR3D_FREQ 54% cpu@53.75C soc2@52C soc0@50.406C gpu@52.656C tj@53.437C soc1@52.062C VDD_IN 6824mW/6958mW VDD_CPU_GPU_CV 1584mW/1816mW VDD_SOC 1743mW/1726mW
10-08-2026 23:26:19 RAM 5465/7620MB (lfb 1x4MB) SWAP 557/5858MB (cached 0MB) CPU [14%@1510,9%@1510,14%@1510,6%@1510,7%@1510,81%@1510] GR3D_FREQ 54% cpu@53.406C soc2@51.968C soc0@50.5C gpu@53C tj@53.406C soc1@52.25C VDD_IN 6785mW/6956mW VDD_CPU_GPU_CV 1584mW/1814mW VDD_SOC 1743mW/1726mW
10-08-2026 23:26:20 RAM 5465/7620MB (lfb 1x4MB) SWAP 557/5858MB (cached 0MB) CPU [20%@729,6%@1510,9%@1510,12%@1510,6%@1510,81%@1510] GR3D_FREQ 37% cpu@53.468C soc2@51.968C soc0@50.562C gpu@52.937C tj@53.468C soc1@51.968C VDD_IN 6785mW/6955mW VDD_CPU_GPU_CV 1584mW/1812mW VDD_SOC 1743mW/1726mW
10-08-2026 23:26:21 RAM 5465/7620MB (lfb 1x4MB) SWAP 557/5858MB (cached 0MB) CPU [7%@1510,14%@1510,16%@1510,6%@1510,6%@1510,80%@1510] GR3D_FREQ 40% cpu@53.531C soc2@51.968C soc0@50.343C gpu@52.437C tj@53.531C soc1@51.968C VDD_IN 6785mW/6954mW VDD_CPU_GPU_CV 1584mW/1811mW VDD_SOC 1743mW/1726mW
10-08-2026 23:26:22 RAM 5465/7620MB (lfb 1x4MB) SWAP 557/5858MB (cached 0MB) CPU [11%@729,8%@729,16%@729,14%@729,5%@1510,80%@1510] GR3D_FREQ 41% cpu@53.75C soc2@51.875C soc0@50.343C gpu@52.687C tj@53.75C soc1@52.125C VDD_IN 6824mW/6952mW VDD_CPU_GPU_CV 1584mW/1809mW VDD_SOC 1743mW/1726mW
10-08-2026 23:26:23 RAM 5545/7620MB (lfb 1x512kB) SWAP 557/5858MB (cached 0MB) CPU [33%@1113,36%@1113,46%@1113,48%@1113,31%@806,34%@806] GR3D_FREQ 0% cpu@53.531C soc2@51.906C soc0@50.375C gpu@52.562C tj@53.531C soc1@52.156C VDD_IN 6705mW/6951mW VDD_CPU_GPU_CV 1663mW/1808mW VDD_SOC 1663mW/1726mW
10-08-2026 23:26:24 RAM 5551/7620MB (lfb 15x256kB) SWAP 557/5858MB (cached 0MB) CPU [31%@1036,42%@1036,37%@1510,45%@1510,37%@1344,35%@1344] GR3D_FREQ 31% cpu@53.406C soc2@51.968C soc0@50.406C gpu@52.437C tj@53.406C soc1@51.906C VDD_IN 6229mW/6945mW VDD_CPU_GPU_CV 1346mW/1804mW VDD_SOC 1624mW/1725mW
10-08-2026 23:26:25 RAM 5551/7620MB (lfb 15x256kB) SWAP 557/5858MB (cached 0MB) CPU [40%@1510,34%@1510,46%@1510,47%@1510,50%@806,35%@806] GR3D_FREQ 14% cpu@53.937C soc2@51.968C soc0@50.187C gpu@52.406C tj@53.937C soc1@51.968C VDD_IN 6705mW/6943mW VDD_CPU_GPU_CV 1700mW/1803mW VDD_SOC 1663mW/1724mW
10-08-2026 23:26:26 RAM 5551/7620MB (lfb 15x256kB) SWAP 557/5858MB (cached 0MB) CPU [33%@729,50%@729,39%@729,41%@729,30%@1267,37%@1267] GR3D_FREQ 36% cpu@53.406C soc2@51.875C soc0@50.25C gpu@52.406C tj@53.406C soc1@52.062C VDD_IN 6388mW/6939mW VDD_CPU_GPU_CV 1465mW/1801mW VDD_SOC 1663mW/1724mW
10-08-2026 23:26:27 RAM 5551/7620MB (lfb 17x256kB) SWAP 557/5858MB (cached 0MB) CPU [39%@1510,45%@1510,38%@1510,43%@1510,21%@729,38%@729] GR3D_FREQ 0% cpu@53.343C soc2@51.812C soc0@50.312C gpu@52.281C tj@53.343C soc1@52.125C VDD_IN 6269mW/6934mW VDD_CPU_GPU_CV 1386mW/1798mW VDD_SOC 1624mW/1723mW
10-08-2026 23:26:28 RAM 5625/7620MB (lfb 1x512kB) SWAP 557/5858MB (cached 0MB) CPU [65%@1510,48%@1510,67%@1510,54%@1510,59%@729,48%@729] GR3D_FREQ 61% cpu@53.812C soc2@52.343C soc0@50.593C gpu@52.843C tj@53.812C soc1@52.218C VDD_IN 8888mW/6949mW VDD_CPU_GPU_CV 3124mW/1808mW VDD_SOC 1941mW/1725mW
10-08-2026 23:26:29 RAM 5681/7620MB (lfb 1x256kB) SWAP 557/5858MB (cached 0MB) CPU [53%@1510,53%@1510,66%@1510,72%@1510,54%@729,61%@729] GR3D_FREQ 32% cpu@54.218C soc2@52.437C soc0@50.468C gpu@52.875C tj@54.218C soc1@52.093C VDD_IN 9166mW/6965mW VDD_CPU_GPU_CV 3282mW/1818mW VDD_SOC 1980mW/1727mW
10-08-2026 23:26:30 RAM 5705/7620MB (lfb 1x512kB) SWAP 558/5858MB (cached 0MB) CPU [41%@883,60%@883,48%@883,47%@883,44%@883,45%@883] GR3D_FREQ 1% cpu@53.875C soc2@52.093C soc0@50.468C gpu@52.812C tj@53.875C soc1@52.156C VDD_IN 7182mW/6967mW VDD_CPU_GPU_CV 1977mW/1820mW VDD_SOC 1743mW/1727mW
10-08-2026 23:26:31 RAM 5708/7620MB (lfb 1x512kB) SWAP 558/5858MB (cached 0MB) CPU [45%@960,37%@960,38%@960,34%@960,28%@729,41%@729] GR3D_FREQ 23% cpu@53.593C soc2@52.031C soc0@50.437C gpu@52.562C tj@53.593C soc1@52.25C VDD_IN 6348mW/6962mW VDD_CPU_GPU_CV 1423mW/1817mW VDD_SOC 1663mW/1726mW
10-08-2026 23:26:32 RAM 5716/7620MB (lfb 1x256kB) SWAP 558/5858MB (cached 0MB) CPU [56%@1036,24%@1036,47%@1036,38%@1510,28%@729,34%@729] GR3D_FREQ 28% cpu@53.562C soc2@52C soc0@50.531C gpu@52.5C tj@53.562C soc1@52.062C VDD_IN 6348mW/6958mW VDD_CPU_GPU_CV 1465mW/1814mW VDD_SOC 1624mW/1726mW
10-08-2026 23:26:33 RAM 5731/7620MB (lfb 1706x32kB) SWAP 558/5858MB (cached 0MB) CPU [59%@1510,61%@1510,39%@1510,59%@1510,68%@1510,65%@1510] GR3D_FREQ 42% cpu@54.312C soc2@52.406C soc0@50.5C gpu@52.843C tj@54.312C soc1@52.125C VDD_IN 8729mW/6970mW VDD_CPU_GPU_CV 2966mW/1822mW VDD_SOC 1941mW/1727mW
10-08-2026 23:26:34 RAM 5739/7620MB (lfb 1648x32kB) SWAP 558/5858MB (cached 0MB) CPU [53%@1510,56%@1510,56%@1510,58%@1510,66%@1510,67%@1510] GR3D_FREQ 33% cpu@54.437C soc2@52.468C soc0@50.687C gpu@53.125C tj@54.437C soc1@52.25C VDD_IN 9547mW/6989mW VDD_CPU_GPU_CV 3553mW/1835mW VDD_SOC 2060mW/1730mW
10-08-2026 23:26:35 RAM 5712/7620MB (lfb 3x256kB) SWAP 558/5858MB (cached 0MB) CPU [37%@1510,30%@1510,53%@1510,41%@1510,49%@729,40%@729] GR3D_FREQ 0% cpu@53.625C soc2@52.25C soc0@50.625C gpu@52.687C tj@53.625C soc1@52.375C VDD_IN 6745mW/6987mW VDD_CPU_GPU_CV 1700mW/1834mW VDD_SOC 1703mW/1729mW
10-08-2026 23:26:36 RAM 5716/7620MB (lfb 3x256kB) SWAP 558/5858MB (cached 0MB) CPU [43%@1510,48%@1510,34%@1510,44%@1510,44%@1344,54%@1344] GR3D_FREQ 0% cpu@53.781C soc2@52.156C soc0@50.406C gpu@52.656C tj@53.781C soc1@52.093C VDD_IN 6745mW/6985mW VDD_CPU_GPU_CV 1700mW/1833mW VDD_SOC 1663mW/1729mW
10-08-2026 23:26:37 RAM 5736/7620MB (lfb 1x512kB) SWAP 558/5858MB (cached 0MB) CPU [37%@1510,38%@1510,47%@1510,75%@1510,47%@1510,43%@1510] GR3D_FREQ 43% cpu@54.375C soc2@52.656C soc0@50.593C gpu@52.781C tj@54.375C soc1@52.125C VDD_IN 8332mW/6995mW VDD_CPU_GPU_CV 2689mW/1839mW VDD_SOC 1901mW/1730mW
10-08-2026 23:26:38 RAM 5747/7620MB (lfb 1x512kB) SWAP 558/5858MB (cached 0MB) CPU [75%@1510,50%@1510,62%@1510,58%@1510,55%@1510,60%@1510] GR3D_FREQ 83% cpu@54.218C soc2@52.656C soc0@50.687C gpu@53.156C tj@54.218C soc1@52.375C VDD_IN 9205mW/7010mW VDD_CPU_GPU_CV 3282mW/1849mW VDD_SOC 2020mW/1732mW
10-08-2026 23:26:39 RAM 5751/7620MB (lfb 1810x32kB) SWAP 558/5858MB (cached 0MB) CPU [38%@729,35%@729,45%@729,43%@729,58%@729,41%@729] GR3D_FREQ 36% cpu@53.843C soc2@52.218C soc0@50.656C gpu@53.031C tj@53.843C soc1@52.406C VDD_IN 6944mW/7010mW VDD_CPU_GPU_CV 1819mW/1849mW VDD_SOC 1743mW/1732mW
10-08-2026 23:26:41 RAM 5751/7620MB (lfb 1810x32kB) SWAP 558/5858MB (cached 0MB) CPU [42%@1344,35%@1344,20%@1344,54%@1344,33%@729,34%@729] GR3D_FREQ 0% cpu@53.937C soc2@52.187C soc0@50.468C gpu@52.875C tj@53.937C soc1@52.25C VDD_IN 6388mW/7005mW VDD_CPU_GPU_CV 1463mW/1846mW VDD_SOC 1663mW/1732mW
10-08-2026 23:26:42 RAM 5752/7620MB (lfb 1810x32kB) SWAP 558/5858MB (cached 0MB) CPU [41%@1510,44%@1510,50%@1510,49%@1510,56%@729,34%@729] GR3D_FREQ 54% cpu@53.812C soc2@52.687C soc0@50.5C gpu@52.781C tj@53.812C soc1@52.187C VDD_IN 7975mW/7012mW VDD_CPU_GPU_CV 2452mW/1850mW VDD_SOC 1861mW/1733mW
10-08-2026 23:26:43 RAM 5753/7620MB (lfb 1810x32kB) SWAP 558/5858MB (cached 0MB) CPU [49%@1267,51%@1267,67%@1510,45%@1510,54%@1113,52%@1113] GR3D_FREQ 47% cpu@53.812C soc2@52.625C soc0@50.687C gpu@52.968C tj@53.812C soc1@52.343C VDD_IN 8848mW/7024mW VDD_CPU_GPU_CV 3005mW/1858mW VDD_SOC 1980mW/1734mW
10-08-2026 23:26:44 RAM 5755/7620MB (lfb 1803x32kB) SWAP 558/5858MB (cached 0MB) CPU [20%@883,10%@883,13%@883,63%@883,24%@806,57%@806] GR3D_FREQ 34% cpu@53.625C soc2@52.281C soc0@50.875C gpu@53.125C tj@53.625C soc1@52.312C VDD_IN 7380mW/7027mW VDD_CPU_GPU_CV 1938mW/1859mW VDD_SOC 1861mW/1735mW
10-08-2026 23:26:45 RAM 5601/7620MB (lfb 3x2MB) SWAP 558/5858MB (cached 0MB) CPU [16%@1510,21%@1510,16%@1510,27%@1510,17%@1190,76%@1190] GR3D_FREQ 39% cpu@53.875C soc2@52.125C soc0@50.687C gpu@53.062C tj@53.875C soc1@52.187C VDD_IN 6983mW/7026mW VDD_CPU_GPU_CV 1545mW/1856mW VDD_SOC 1822mW/1736mW
10-08-2026 23:26:46 RAM 5596/7620MB (lfb 3x4MB) SWAP 558/5858MB (cached 0MB) CPU [12%@1510,10%@1510,15%@1510,8%@1510,5%@1497,81%@1497] GR3D_FREQ 63% cpu@53.75C soc2@52.125C soc0@50.593C gpu@53.031C tj@53.593C soc1@52.312C VDD_IN 6785mW/7025mW VDD_CPU_GPU_CV 1545mW/1854mW VDD_SOC 1743mW/1736mW
10-08-2026 23:26:47 RAM 5596/7620MB (lfb 3x4MB) SWAP 558/5858MB (cached 0MB) CPU [12%@729,9%@729,8%@729,13%@729,5%@1497,80%@1497] GR3D_FREQ 64% cpu@53.625C soc2@52.093C soc0@50.562C gpu@52.812C tj@53.625C soc1@52.25C VDD_IN 6745mW/7023mW VDD_CPU_GPU_CV 1545mW/1852mW VDD_SOC 1743mW/1736mW
10-08-2026 23:26:48 RAM 5596/7620MB (lfb 3x4MB) SWAP 558/5858MB (cached 0MB) CPU [12%@729,8%@729,9%@729,13%@729,6%@1497,79%@1497] GR3D_FREQ 61% cpu@53.593C soc2@52.062C soc0@50.656C gpu@52.687C tj@53.593C soc1@52.312C VDD_IN 6785mW/7021mW VDD_CPU_GPU_CV 1545mW/1850mW VDD_SOC 1743mW/1736mW
10-08-2026 23:26:49 RAM 5598/7620MB (lfb 3x4MB) SWAP 558/5858MB (cached 0MB) CPU [21%@1510,11%@1510,19%@1510,14%@1510,22%@1510,72%@1510] GR3D_FREQ 39% cpu@53.687C soc2@52.187C soc0@50.531C gpu@52.812C tj@53.687C soc1@52.125C VDD_IN 6864mW/7020mW VDD_CPU_GPU_CV 1624mW/1849mW VDD_SOC 1743mW/1736mW
10-08-2026 23:26:50 RAM 5598/7620MB (lfb 3x4MB) SWAP 558/5858MB (cached 0MB) CPU [17%@729,6%@729,9%@1510,12%@1510,10%@1510,78%@1510] GR3D_FREQ 40% cpu@53.843C soc2@52.187C soc0@50.562C gpu@53.062C tj@53.843C soc1@52.156C VDD_IN 6785mW/7019mW VDD_CPU_GPU_CV 1584mW/1847mW VDD_SOC 1743mW/1736mW
10-08-2026 23:26:51 RAM 5598/7620MB (lfb 3x4MB) SWAP 558/5858MB (cached 0MB) CPU [14%@1510,8%@1510,8%@1510,14%@1510,9%@1510,79%@1510] GR3D_FREQ 31% cpu@53.562C soc2@52C soc0@50.593C gpu@53.031C tj@53.562C soc1@52.281C VDD_IN 6785mW/7017mW VDD_CPU_GPU_CV 1584mW/1846mW VDD_SOC 1743mW/1736mW
10-08-2026 23:26:52 RAM 5610/7620MB (lfb 26x1MB) SWAP 558/5858MB (cached 0MB) CPU [51%@960,36%@960,31%@960,40%@960,43%@806,46%@806] GR3D_FREQ 0% cpu@53.812C soc2@52.125C soc0@50.687C gpu@52.562C tj@53.812C soc1@52.125C VDD_IN 6626mW/7015mW VDD_CPU_GPU_CV 1582mW/1844mW VDD_SOC 1663mW/1736mW
10-08-2026 23:26:53 RAM 5613/7620MB (lfb 26x1MB) SWAP 558/5858MB (cached 0MB) CPU [47%@729,39%@729,34%@729,34%@729,55%@1420,39%@1420] GR3D_FREQ 32% cpu@53.906C soc2@52.093C soc0@50.5C gpu@52.687C tj@53.906C soc1@52.187C VDD_IN 6467mW/7011mW VDD_CPU_GPU_CV 1545mW/1842mW VDD_SOC 1663mW/1735mW
10-08-2026 23:26:54 RAM 5613/7620MB (lfb 26x1MB) SWAP 558/5858MB (cached 0MB) CPU [39%@1497,46%@1497,37%@1497,41%@1497,38%@729,47%@729] GR3D_FREQ 31% cpu@53.656C soc2@52.093C soc0@50.5C gpu@52.687C tj@53.656C soc1@52.187C VDD_IN 6666mW/7009mW VDD_CPU_GPU_CV 1663mW/1841mW VDD_SOC 1663mW/1735mW
10-08-2026 23:26:55 RAM 5613/7620MB (lfb 26x1MB) SWAP 558/5858MB (cached 0MB) CPU [34%@729,40%@729,40%@729,45%@729,40%@1267,53%@1267] GR3D_FREQ 38% cpu@53.718C soc2@52.093C soc0@50.468C gpu@52.687C tj@53.718C soc1@52.312C VDD_IN 6467mW/7006mW VDD_CPU_GPU_CV 1545mW/1839mW VDD_SOC 1663mW/1734mW
10-08-2026 23:26:56 RAM 5706/7620MB (lfb 26x1MB) SWAP 558/5858MB (cached 0MB) CPU [46%@1036,56%@1036,53%@1036,43%@1036,44%@1510,40%@1510] GR3D_FREQ 69% cpu@54.125C soc2@52.5C soc0@50.531C gpu@52.687C tj@54.125C soc1@52.125C VDD_IN 7896mW/7011mW VDD_CPU_GPU_CV 2491mW/1843mW VDD_SOC 1822mW/1735mW
10-08-2026 23:26:57 RAM 5794/7620MB (lfb 9x1MB) SWAP 558/5858MB (cached 0MB) CPU [63%@1510,49%@1510,56%@1510,40%@1510,59%@1497,72%@1497] GR3D_FREQ 50% cpu@54.093C soc2@52.562C soc0@50.656C gpu@52.843C tj@54.093C soc1@52.281C VDD_IN 9166mW/7025mW VDD_CPU_GPU_CV 3243mW/1852mW VDD_SOC 2020mW/1736mW
10-08-2026 23:26:58 RAM 5811/7620MB (lfb 1x256kB) SWAP 558/5858MB (cached 0MB) CPU [52%@1510,50%@1510,37%@1510,58%@1510,63%@883,55%@883] GR3D_FREQ 0% cpu@53.843C soc2@52.343C soc0@50.781C gpu@52.937C tj@53.843C soc1@52.406C VDD_IN 8253mW/7032mW VDD_CPU_GPU_CV 2689mW/1857mW VDD_SOC 1861mW/1737mW
10-08-2026 23:26:59 RAM 5660/7620MB (lfb 1x4MB) SWAP 558/5858MB (cached 0MB) CPU [29%@729,49%@729,44%@729,49%@729,32%@883,52%@883] GR3D_FREQ 0% cpu@53.812C soc2@52.156C soc0@50.625C gpu@52.875C tj@53.812C soc1@52.5C VDD_IN 6547mW/7029mW VDD_CPU_GPU_CV 1545mW/1855mW VDD_SOC 1663mW/1737mW
10-08-2026 23:27:00 RAM 5676/7620MB (lfb 1x4MB) SWAP 558/5858MB (cached 0MB) CPU [33%@1036,47%@1036,44%@1036,45%@1036,35%@806,50%@806] GR3D_FREQ 71% cpu@53.718C soc2@52.468C soc0@50.687C gpu@52.718C tj@53.718C soc1@52.25C VDD_IN 6864mW/7028mW VDD_CPU_GPU_CV 1779mW/1854mW VDD_SOC 1703mW/1737mW
10-08-2026 23:27:01 RAM 5771/7620MB (lfb 14x1MB) SWAP 558/5858MB (cached 0MB) CPU [30%@1510,11%@1510,24%@1510,30%@1510,15%@729,68%@729] GR3D_FREQ 73% cpu@53.781C soc2@52.468C soc0@50.625C gpu@52.875C tj@53.781C soc1@52.187C VDD_IN 7658mW/7032mW VDD_CPU_GPU_CV 2135mW/1856mW VDD_SOC 1861mW/1737mW
10-08-2026 23:27:02 RAM 5812/7620MB (lfb 23x512kB) SWAP 558/5858MB (cached 0MB) CPU [24%@729,16%@729,18%@729,20%@729,36%@883,59%@883] GR3D_FREQ 33% cpu@53.937C soc2@52.218C soc0@50.656C gpu@52.781C tj@53.937C soc1@52.312C VDD_IN 7420mW/7034mW VDD_CPU_GPU_CV 2017mW/1857mW VDD_SOC 1822mW/1738mW
10-08-2026 23:27:03 RAM 5488/7620MB (lfb 5x4MB) SWAP 558/5858MB (cached 0MB) CPU [12%@1510,16%@1510,18%@1510,10%@1510,15%@1497,78%@1497] GR3D_FREQ 44% cpu@53.718C soc2@52.156C soc0@50.718C gpu@52.718C tj@53.718C soc1@52.343C VDD_IN 6864mW/7033mW VDD_CPU_GPU_CV 1584mW/1855mW VDD_SOC 1785mW/1738mW
10-08-2026 23:27:04 RAM 5488/7620MB (lfb 5x4MB) SWAP 558/5858MB (cached 0MB) CPU [13%@1510,11%@1510,8%@1510,11%@1510,1%@1510,82%@1510] GR3D_FREQ 38% cpu@53.75C soc2@52.156C soc0@50.718C gpu@52.906C tj@53.75C soc1@52.187C VDD_IN 6745mW/7032mW VDD_CPU_GPU_CV 1545mW/1854mW VDD_SOC 1743mW/1738mW
10-08-2026 23:27:05 RAM 5488/7620MB (lfb 5x4MB) SWAP 558/5858MB (cached 0MB) CPU [11%@729,13%@729,5%@729,6%@729,5%@1510,79%@1510] GR3D_FREQ 29% cpu@53.843C soc2@52.187C soc0@50.625C gpu@52.875C tj@53.843C soc1@52.187C VDD_IN 6705mW/7030mW VDD_CPU_GPU_CV 1545mW/1852mW VDD_SOC 1743mW/1738mW
10-08-2026 23:27:06 RAM 5488/7620MB (lfb 5x4MB) SWAP 558/5858MB (cached 0MB) CPU [9%@729,11%@729,5%@729,11%@729,0%@1510,80%@1510] GR3D_FREQ 33% cpu@53.5C soc2@52.156C soc0@50.625C gpu@52.656C tj@53.5C soc1@52.312C VDD_IN 6745mW/7028mW VDD_CPU_GPU_CV 1545mW/1850mW VDD_SOC 1743mW/1738mW
10-08-2026 23:27:07 RAM 5488/7620MB (lfb 5x4MB) SWAP 558/5858MB (cached 0MB) CPU [9%@1510,10%@1510,5%@1510,9%@1510,16%@1510,69%@1510] GR3D_FREQ 48% cpu@53.656C soc2@52.062C soc0@50.593C gpu@52.656C tj@53.656C soc1@52.187C VDD_IN 6705mW/7026mW VDD_CPU_GPU_CV 1545mW/1848mW VDD_SOC 1743mW/1738mW
10-08-2026 23:27:08 RAM 5488/7620MB (lfb 5x4MB) SWAP 558/5858MB (cached 0MB) CPU [14%@1510,12%@1510,7%@1510,9%@1510,19%@1420,66%@1420] GR3D_FREQ 60% cpu@53.75C soc2@52.093C soc0@50.468C gpu@52.875C tj@53.75C soc1@52.125C VDD_IN 6785mW/7025mW VDD_CPU_GPU_CV 1545mW/1846mW VDD_SOC 1743mW/1738mW
10-08-2026 23:27:09 RAM 5595/7620MB (lfb 13x1MB) SWAP 558/5858MB (cached 0MB) CPU [35%@1344,43%@1344,35%@1344,42%@1510,40%@729,39%@729] GR3D_FREQ 37% cpu@53.656C soc2@52.156C soc0@50.437C gpu@52.843C tj@53.656C soc1@52.156C VDD_IN 6626mW/7023mW VDD_CPU_GPU_CV 1584mW/1845mW VDD_SOC 1663mW/1738mW
10-08-2026 23:27:10 RAM 5596/7620MB (lfb 13x1MB) SWAP 558/5858MB (cached 0MB) CPU [36%@1190,37%@1190,54%@1190,45%@1190,38%@729,62%@729] GR3D_FREQ 4% cpu@53.718C soc2@52.125C soc0@50.593C gpu@52.687C tj@53.718C soc1@52.187C VDD_IN 6586mW/7020mW VDD_CPU_GPU_CV 1624mW/1844mW VDD_SOC 1663mW/1737mW
10-08-2026 23:27:11 RAM 5597/7620MB (lfb 13x1MB) SWAP 558/5858MB (cached 0MB) CPU [31%@1510,35%@1510,42%@1510,50%@1510,40%@729,69%@729] GR3D_FREQ 0% cpu@53.843C soc2@52.156C soc0@50.593C gpu@52.656C tj@53.843C soc1@52.093C VDD_IN 6745mW/7018mW VDD_CPU_GPU_CV 1743mW/1843mW VDD_SOC 1663mW/1737mW
10-08-2026 23:27:12 RAM 5600/7620MB (lfb 13x1MB) SWAP 558/5858MB (cached 0MB) CPU [37%@1510,50%@1510,42%@1510,43%@1510,45%@960,60%@960] GR3D_FREQ 0% cpu@54.156C soc2@52.281C soc0@50.343C gpu@52.531C tj@54.156C soc1@52.187C VDD_IN 6824mW/7017mW VDD_CPU_GPU_CV 1819mW/1843mW VDD_SOC 1663mW/1737mW
10-08-2026 23:27:13 RAM 5690/7620MB (lfb 13x1MB) SWAP 558/5858MB (cached 0MB) CPU [58%@1510,59%@1510,52%@1510,70%@1510,69%@1267,55%@1267] GR3D_FREQ 62% cpu@54.062C soc2@52.562C soc0@50.593C gpu@53.156C tj@54.062C soc1@52.281C VDD_IN 8808mW/7027mW VDD_CPU_GPU_CV 3045mW/1850mW VDD_SOC 1980mW/1738mW
10-08-2026 23:27:14 RAM 5778/7620MB (lfb 1x2MB) SWAP 558/5858MB (cached 0MB) CPU [64%@1510,47%@1510,64%@1510,55%@1510,69%@1190,75%@1190] GR3D_FREQ 52% cpu@54.375C soc2@52.812C soc0@50.781C gpu@53.25C tj@54.375C soc1@52.5C VDD_IN 9428mW/7041mW VDD_CPU_GPU_CV 3435mW/1859mW VDD_SOC 2020mW/1740mW
10-08-2026 23:27:15 RAM 5793/7620MB (lfb 1x2MB) SWAP 558/5858MB (cached 0MB) CPU [35%@960,43%@960,28%@960,46%@960,48%@729,40%@729] GR3D_FREQ 36% cpu@53.812C soc2@52.312C soc0@50.75C gpu@52.843C tj@53.968C soc1@52.218C VDD_IN 6666mW/7039mW VDD_CPU_GPU_CV 1661mW/1858mW VDD_SOC 1663mW/1739mW
10-08-2026 23:27:16 RAM 5844/7620MB (lfb 6x1MB) SWAP 558/5858MB (cached 0MB) CPU [34%@1510,39%@1510,56%@1510,43%@1510,39%@729,47%@729] GR3D_FREQ 71% cpu@53.843C soc2@52.625C soc0@50.718C gpu@52.843C tj@53.75C soc1@52.187C VDD_IN 7975mW/7044mW VDD_CPU_GPU_CV 2412mW/1861mW VDD_SOC 1901mW/1740mW
10-08-2026 23:27:17 RAM 5924/7620MB (lfb 10x512kB) SWAP 558/5858MB (cached 0MB) CPU [15%@1190,41%@1113,27%@1113,17%@1113,24%@729,41%@729] GR3D_FREQ 69% cpu@53.875C soc2@52.406C soc0@50.843C gpu@52.843C tj@53.875C soc1@52.312C VDD_IN 7578mW/7047mW VDD_CPU_GPU_CV 2096mW/1862mW VDD_SOC 1861mW/1741mW
10-08-2026 23:27:18 RAM 5832/7620MB (lfb 4x2MB) SWAP 558/5858MB (cached 0MB) CPU [16%@1510,16%@1510,30%@1510,31%@1510,19%@883,41%@883] GR3D_FREQ 45% cpu@53.562C soc2@52.187C soc0@50.75C gpu@53.125C tj@53.562C soc1@52.5C VDD_IN 6983mW/7047mW VDD_CPU_GPU_CV 1703mW/1861mW VDD_SOC 1782mW/1741mW
10-08-2026 23:27:19 RAM 5831/7620MB (lfb 4x2MB) SWAP 558/5858MB (cached 0MB) CPU [4%@1510,3%@1510,7%@1510,13%@1510,18%@1510,61%@1510] GR3D_FREQ 37% cpu@53.75C soc2@52.187C soc0@50.781C gpu@53.093C tj@53.75C soc1@52.25C VDD_IN 6626mW/7044mW VDD_CPU_GPU_CV 1465mW/1859mW VDD_SOC 1743mW/1741mW
10-08-2026 23:27:20 RAM 5832/7620MB (lfb 4x2MB) SWAP 558/5858MB (cached 0MB) CPU [9%@1510,47%@1510,5%@1510,10%@1510,5%@729,32%@729] GR3D_FREQ 38% cpu@53.812C soc2@52.281C soc0@50.593C gpu@53.062C tj@53.812C soc1@52.187C VDD_IN 6666mW/7042mW VDD_CPU_GPU_CV 1545mW/1857mW VDD_SOC 1743mW/1741mW
10-08-2026 23:27:21 RAM 5832/7620MB (lfb 4x2MB) SWAP 558/5858MB (cached 0MB) CPU [13%@1510,11%@1510,3%@1510,5%@1510,3%@1510,76%@1510] GR3D_FREQ 35% cpu@53.593C soc2@52.093C soc0@50.593C gpu@53.125C tj@53.593C soc1@52.343C VDD_IN 6705mW/7040mW VDD_CPU_GPU_CV 1542mW/1855mW VDD_SOC 1743mW/1741mW
10-08-2026 23:27:22 RAM 5876/7620MB (lfb 1x1MB) SWAP 558/5858MB (cached 0MB) CPU [22%@1510,19%@1510,20%@1510,9%@1510,11%@729,64%@729] GR3D_FREQ 30% cpu@53.906C soc2@52.218C soc0@50.593C gpu@52.781C tj@53.906C soc1@52.312C VDD_IN 6824mW/7039mW VDD_CPU_GPU_CV 1700mW/1855mW VDD_SOC 1703mW/1741mW
10-08-2026 23:27:23 RAM 5894/7620MB (lfb 1x1MB) SWAP 558/5858MB (cached 0MB) CPU [35%@729,51%@729,38%@729,21%@729,49%@883,43%@883] GR3D_FREQ 30% cpu@53.906C soc2@52.156C soc0@50.625C gpu@52.687C tj@53.906C soc1@52.156C VDD_IN 6547mW/7037mW VDD_CPU_GPU_CV 1582mW/1853mW VDD_SOC 1663mW/1740mW
10-08-2026 23:27:24 RAM 5899/7620MB (lfb 1x1MB) SWAP 558/5858MB (cached 0MB) CPU [37%@729,50%@729,28%@729,43%@729,46%@960,55%@960] GR3D_FREQ 10% cpu@54C soc2@52.312C soc0@50.468C gpu@52.687C tj@54C soc1@52.187C VDD_IN 6467mW/7034mW VDD_CPU_GPU_CV 1542mW/1852mW VDD_SOC 1663mW/1740mW
10-08-2026 23:27:25 RAM 5905/7620MB (lfb 1x1MB) SWAP 558/5858MB (cached 0MB) CPU [45%@1113,43%@1113,35%@1113,58%@1113,40%@960,47%@960] GR3D_FREQ 0% cpu@53.843C soc2@52.187C soc0@50.5C gpu@52.625C tj@53.843C soc1@52.187C VDD_IN 6666mW/7032mW VDD_CPU_GPU_CV 1661mW/1851mW VDD_SOC 1663mW/1739mW
10-08-2026 23:27:26 RAM 5919/7620MB (lfb 1x512kB) SWAP 558/5858MB (cached 0MB) CPU [53%@1510,57%@1510,62%@1510,55%@1510,48%@1510,52%@1510] GR3D_FREQ 62% cpu@54.312C soc2@52.625C soc0@50.656C gpu@52.781C tj@54.312C soc1@52.406C VDD_IN 8134mW/7037mW VDD_CPU_GPU_CV 2689mW/1855mW VDD_SOC 1822mW/1740mW
10-08-2026 23:27:27 RAM 5950/7620MB (lfb 6x64kB) SWAP 559/5858MB (cached 0MB) CPU [59%@1510,61%@1510,61%@1510,60%@1510,65%@729,64%@729] GR3D_FREQ 55% cpu@54.312C soc2@52.656C soc0@50.75C gpu@53.093C tj@54.437C soc1@52.312C VDD_IN 9205mW/7049mW VDD_CPU_GPU_CV 3282mW/1862mW VDD_SOC 1980mW/1741mW
10-08-2026 23:27:28 RAM 5942/7620MB (lfb 6x128kB) SWAP 559/5858MB (cached 0MB) CPU [54%@1510,53%@1510,56%@1510,72%@1510,69%@1036,63%@1036] GR3D_FREQ 0% cpu@54.218C soc2@52.656C soc0@50.75C gpu@53.093C tj@54.093C soc1@52.406C VDD_IN 8610mW/7057mW VDD_CPU_GPU_CV 2966mW/1868mW VDD_SOC 1861mW/1742mW
10-08-2026 23:27:29 RAM 5896/7620MB (lfb 1x512kB) SWAP 559/5858MB (cached 0MB) CPU [43%@1420,55%@1420,51%@1420,46%@1420,58%@1497,57%@1497] GR3D_FREQ 84% cpu@54.406C soc2@52.656C soc0@50.812C gpu@52.937C tj@54.406C soc1@52.468C VDD_IN 8134mW/7062mW VDD_CPU_GPU_CV 2729mW/1873mW VDD_SOC 1782mW/1742mW
10-08-2026 23:27:30 RAM 5965/7620MB (lfb 8x128kB) SWAP 559/5858MB (cached 0MB) CPU [56%@1510,68%@1510,71%@1510,60%@1510,63%@1267,67%@1267] GR3D_FREQ 51% cpu@54.593C soc2@52.781C soc0@50.906C gpu@53.218C tj@54.593C soc1@52.406C VDD_IN 9388mW/7074mW VDD_CPU_GPU_CV 3480mW/1881mW VDD_SOC 1980mW/1743mW
10-08-2026 23:27:31 RAM 5979/7620MB (lfb 1699x32kB) SWAP 559/5858MB (cached 0MB) CPU [35%@1510,40%@1510,45%@1510,31%@1510,75%@1510,51%@1510] GR3D_FREQ 58% cpu@54.281C soc2@52.656C soc0@50.843C gpu@52.875C tj@54.281C soc1@52.531C VDD_IN 7975mW/7079mW VDD_CPU_GPU_CV 2491mW/1884mW VDD_SOC 1782mW/1743mW
10-08-2026 23:27:32 RAM 5980/7620MB (lfb 1692x32kB) SWAP 559/5858MB (cached 0MB) CPU [46%@729,43%@729,41%@729,46%@729,43%@1267,54%@1267] GR3D_FREQ 0% cpu@53.906C soc2@52.375C soc0@50.812C gpu@52.906C tj@53.906C soc1@52.625C VDD_IN 6745mW/7077mW VDD_CPU_GPU_CV 1740mW/1883mW VDD_SOC 1624mW/1743mW
10-08-2026 23:27:33 RAM 5980/7620MB (lfb 1692x32kB) SWAP 559/5858MB (cached 0MB) CPU [73%@1510,47%@1510,56%@1510,56%@1510,67%@1510,56%@1510] GR3D_FREQ 50% cpu@54.468C soc2@52.937C soc0@51.062C gpu@53.156C tj@54.468C soc1@52.468C VDD_IN 8848mW/7086mW VDD_CPU_GPU_CV 3124mW/1889mW VDD_SOC 1901mW/1744mW
10-08-2026 23:27:34 RAM 5980/7620MB (lfb 1692x32kB) SWAP 559/5858MB (cached 0MB) CPU [55%@1510,58%@1510,70%@1510,64%@1510,72%@1267,57%@1267] GR3D_FREQ 46% cpu@54.781C soc2@52.937C soc0@50.906C gpu@53.281C tj@54.781C soc1@52.562C VDD_IN 9324mW/7097mW VDD_CPU_GPU_CV 3441mW/1897mW VDD_SOC 1941mW/1745mW
10-08-2026 23:27:35 RAM 5929/7620MB (lfb 1x256kB) SWAP 559/5858MB (cached 0MB) CPU [45%@729,52%@729,54%@729,47%@729,51%@1344,63%@1344] GR3D_FREQ 6% cpu@54.156C soc2@52.531C soc0@50.937C gpu@53C tj@54.156C soc1@52.625C VDD_IN 7301mW/7098mW VDD_CPU_GPU_CV 2096mW/1898mW VDD_SOC 1703mW/1744mW
10-08-2026 23:27:36 RAM 5972/7620MB (lfb 3x256kB) SWAP 559/5858MB (cached 0MB) CPU [51%@1510,53%@1510,54%@1510,68%@1510,59%@1510,55%@1510] GR3D_FREQ 61% cpu@54.406C soc2@52.875C soc0@51.156C gpu@53.156C tj@54.406C soc1@52.562C VDD_IN 8650mW/7106mW VDD_CPU_GPU_CV 3045mW/1904mW VDD_SOC 1861mW/1745mW
10-08-2026 23:27:37 RAM 5976/7620MB (lfb 1878x32kB) SWAP 559/5858MB (cached 0MB) CPU [86%@1344,55%@1344,55%@1510,55%@1510,71%@960,46%@960] GR3D_FREQ 36% cpu@54.718C soc2@53.062C soc0@51C gpu@53.375C tj@54.718C soc1@52.593C VDD_IN 9166mW/7116mW VDD_CPU_GPU_CV 3361mW/1911mW VDD_SOC 1941mW/1746mW
10-08-2026 23:27:38 RAM 5976/7620MB (lfb 1871x32kB) SWAP 559/5858MB (cached 0MB) CPU [44%@1510,56%@1510,61%@1510,48%@1510,49%@729,64%@729] GR3D_FREQ 11% cpu@54.125C soc2@52.656C soc0@50.968C gpu@53.312C tj@54.125C soc1@52.687C VDD_IN 7618mW/7119mW VDD_CPU_GPU_CV 2333mW/1913mW VDD_SOC 1743mW/1746mW
10-08-2026 23:27:39 RAM 5975/7620MB (lfb 1895x32kB) SWAP 559/5858MB (cached 0MB) CPU [53%@1510,48%@1510,56%@1510,61%@1510,56%@1190,54%@1190] GR3D_FREQ 58% cpu@54.625C soc2@53.156C soc0@51.062C gpu@53.437C tj@54.625C soc1@52.656C VDD_IN 8332mW/7125mW VDD_CPU_GPU_CV 2808mW/1918mW VDD_SOC 1822mW/1746mW
10-08-2026 23:27:40 RAM 5975/7620MB (lfb 1895x32kB) SWAP 559/5858MB (cached 0MB) CPU [53%@1510,69%@1510,41%@1510,45%@1510,73%@1510,41%@1510] GR3D_FREQ 9% cpu@54.468C soc2@52.906C soc0@51.187C gpu@53.218C tj@54.468C soc1@52.687C VDD_IN 8769mW/7133mW VDD_CPU_GPU_CV 3005mW/1923mW VDD_SOC 1901mW/1747mW
10-08-2026 23:27:41 RAM 5963/7620MB (lfb 5x128kB) SWAP 559/5858MB (cached 0MB) CPU [28%@1036,30%@1036,13%@1036,37%@1036,46%@883,37%@883] GR3D_FREQ 1% cpu@54.406C soc2@52.812C soc0@51.062C gpu@53.218C tj@54.406C soc1@52.656C VDD_IN 7618mW/7135mW VDD_CPU_GPU_CV 2175mW/1924mW VDD_SOC 1822mW/1747mW
10-08-2026 23:27:42 RAM 5653/7620MB (lfb 1x2MB) SWAP 559/5858MB (cached 0MB) CPU [44%@1510,19%@1510,18%@1510,24%@1510,15%@1420,60%@1420] GR3D_FREQ 74% cpu@54C soc2@52.625C soc0@51.031C gpu@53.343C tj@54C soc1@52.718C VDD_IN 6944mW/7134mW VDD_CPU_GPU_CV 1703mW/1923mW VDD_SOC 1743mW/1747mW
10-08-2026 23:27:43 RAM 5679/7620MB (lfb 2x4MB) SWAP 559/5858MB (cached 0MB) CPU [15%@1510,9%@1510,22%@1510,26%@1510,18%@729,72%@729] GR3D_FREQ 66% cpu@54.062C soc2@52.531C soc0@51.093C gpu@53.218C tj@54.062C soc1@52.781C VDD_IN 6824mW/7133mW VDD_CPU_GPU_CV 1584mW/1921mW VDD_SOC 1703mW/1747mW
10-08-2026 23:27:44 RAM 5680/7620MB (lfb 2x4MB) SWAP 559/5858MB (cached 0MB) CPU [28%@1510,15%@1510,29%@1510,9%@1510,5%@1510,28%@1510] GR3D_FREQ 61% cpu@54.156C soc2@52.5C soc0@50.968C gpu@53.187C tj@54.156C soc1@52.593C VDD_IN 6666mW/7130mW VDD_CPU_GPU_CV 1545mW/1920mW VDD_SOC 1663mW/1747mW
10-08-2026 23:27:45 RAM 5680/7620MB (lfb 2x4MB) SWAP 559/5858MB (cached 0MB) CPU [7%@729,13%@729,11%@1510,2%@1510,7%@1510,81%@1510] GR3D_FREQ 31% cpu@53.937C soc2@52.468C soc0@50.968C gpu@53C tj@53.937C soc1@52.562C VDD_IN 6705mW/7128mW VDD_CPU_GPU_CV 1545mW/1918mW VDD_SOC 1663mW/1746mW
10-08-2026 23:27:46 RAM 5680/7620MB (lfb 2x4MB) SWAP 559/5858MB (cached 0MB) CPU [7%@729,16%@729,6%@729,10%@729,4%@1510,82%@1510] GR3D_FREQ 47% cpu@54.218C soc2@52.406C soc0@51C gpu@52.968C tj@53.937C soc1@52.625C VDD_IN 6745mW/7127mW VDD_CPU_GPU_CV 1545mW/1916mW VDD_SOC 1666mW/1746mW
10-08-2026 23:27:47 RAM 5680/7620MB (lfb 2x4MB) SWAP 559/5858MB (cached 0MB) CPU [8%@729,10%@729,13%@729,9%@729,10%@1510,77%@1510] GR3D_FREQ 42% cpu@53.843C soc2@52.406C soc0@51C gpu@53.156C tj@54.031C soc1@52.687C VDD_IN 6705mW/7125mW VDD_CPU_GPU_CV 1584mW/1914mW VDD_SOC 1666mW/1746mW
10-08-2026 23:27:48 RAM 5680/7620MB (lfb 2x4MB) SWAP 559/5858MB (cached 0MB) CPU [8%@729,7%@729,9%@729,11%@729,30%@1510,62%@1510] GR3D_FREQ 29% cpu@54.25C soc2@52.375C soc0@50.781C gpu@53.125C tj@54.25C soc1@52.468C VDD_IN 6745mW/7123mW VDD_CPU_GPU_CV 1584mW/1913mW VDD_SOC 1663mW/1745mW
10-08-2026 23:27:49 RAM 5680/7620MB (lfb 2x4MB) SWAP 559/5858MB (cached 0MB) CPU [10%@1510,4%@1510,15%@1510,8%@1510,13%@1497,81%@1497] GR3D_FREQ 62% cpu@53.906C soc2@52.25C soc0@50.843C gpu@52.906C tj@53.906C soc1@52.437C VDD_IN 6745mW/7121mW VDD_CPU_GPU_CV 1584mW/1911mW VDD_SOC 1706mW/1745mW
10-08-2026 23:27:50 RAM 5680/7620MB (lfb 2x4MB) SWAP 559/5858MB (cached 0MB) CPU [11%@729,14%@1510,5%@1510,11%@1510,11%@1497,74%@1497] GR3D_FREQ 65% cpu@53.843C soc2@52.375C soc0@50.812C gpu@52.906C tj@53.906C soc1@52.593C VDD_IN 6745mW/7119mW VDD_CPU_GPU_CV 1584mW/1910mW VDD_SOC 1703mW/1745mW
10-08-2026 23:27:51 RAM 5749/7620MB (lfb 14x1MB) SWAP 559/5858MB (cached 0MB) CPU [37%@1510,25%@1510,40%@1420,32%@1420,22%@729,47%@729] GR3D_FREQ 1% cpu@54.062C soc2@52.531C soc0@50.812C gpu@52.875C tj@54.062C soc1@52.406C VDD_IN 6705mW/7117mW VDD_CPU_GPU_CV 1743mW/1909mW VDD_SOC 1624mW/1744mW
10-08-2026 23:27:52 RAM 5750/7620MB (lfb 14x1MB) SWAP 559/5858MB (cached 0MB) CPU [40%@1510,25%@1510,40%@1510,35%@1510,34%@729,43%@729] GR3D_FREQ 1% cpu@53.843C soc2@52.406C soc0@50.687C gpu@53.062C tj@53.843C soc1@52.406C VDD_IN 6190mW/7113mW VDD_CPU_GPU_CV 1386mW/1907mW VDD_SOC 1584mW/1744mW
10-08-2026 23:27:53 RAM 5759/7620MB (lfb 14x1MB) SWAP 559/5858MB (cached 0MB) CPU [28%@1510,41%@1510,39%@1510,48%@1510,51%@806,46%@806] GR3D_FREQ 33% cpu@54.468C soc2@52.312C soc0@50.656C gpu@53.031C tj@54.468C soc1@52.562C VDD_IN 6507mW/7110mW VDD_CPU_GPU_CV 1584mW/1905mW VDD_SOC 1624mW/1743mW
10-08-2026 23:27:54 RAM 5766/7620MB (lfb 11x1MB) SWAP 559/5858MB (cached 0MB) CPU [50%@1510,40%@1510,41%@1510,41%@1510,38%@729,32%@729] GR3D_FREQ 0% cpu@53.906C soc2@52.312C soc0@50.718C gpu@52.812C tj@53.906C soc1@52.625C VDD_IN 6507mW/7108mW VDD_CPU_GPU_CV 1584mW/1904mW VDD_SOC 1584mW/1742mW
10-08-2026 23:27:55 RAM 5774/7620MB (lfb 2x1MB) SWAP 559/5858MB (cached 0MB) CPU [35%@1510,44%@1510,42%@1510,40%@1510,31%@1036,45%@1036] GR3D_FREQ 0% cpu@53.906C soc2@52.281C soc0@50.625C gpu@52.781C tj@53.906C soc1@52.312C VDD_IN 6348mW/7104mW VDD_CPU_GPU_CV 1505mW/1902mW VDD_SOC 1584mW/1742mW
10-08-2026 23:27:56 RAM 5811/7620MB (lfb 1x1MB) SWAP 559/5858MB (cached 0MB) CPU [40%@1510,45%@1510,51%@1510,51%@1510,56%@1113,55%@1113] GR3D_FREQ 79% cpu@54.5C soc2@52.718C soc0@50.687C gpu@53.312C tj@54.5C soc1@52.375C VDD_IN 8134mW/7109mW VDD_CPU_GPU_CV 2649mW/1905mW VDD_SOC 1822mW/1742mW
10-08-2026 23:27:57 RAM 5921/7620MB (lfb 14x512kB) SWAP 559/5858MB (cached 0MB) CPU [56%@1510,52%@1510,57%@1510,64%@1510,51%@729,67%@729] GR3D_FREQ 80% cpu@54.281C soc2@52.625C soc0@50.937C gpu@53.406C tj@54.281C soc1@52.468C VDD_IN 9047mW/7118mW VDD_CPU_GPU_CV 3203mW/1911mW VDD_SOC 1941mW/1743mW
10-08-2026 23:27:58 RAM 5999/7620MB (lfb 14x512kB) SWAP 559/5858MB (cached 0MB) CPU [38%@1510,37%@1510,63%@1510,48%@1510,43%@729,52%@729] GR3D_FREQ 39% cpu@54.031C soc2@52.531C soc0@50.937C gpu@53.343C tj@54.031C soc1@52.468C VDD_IN 7261mW/7118mW VDD_CPU_GPU_CV 2056mW/1912mW VDD_SOC 1703mW/1743mW
10-08-2026 23:27:59 RAM 5999/7620MB (lfb 14x512kB) SWAP 559/5858MB (cached 0MB) CPU [31%@1510,34%@1510,29%@1510,41%@1510,30%@1113,52%@1113] GR3D_FREQ 12% cpu@53.968C soc2@52.5C soc0@50.718C gpu@52.906C tj@53.968C soc1@52.312C VDD_IN 6348mW/7115mW VDD_CPU_GPU_CV 1465mW/1910mW VDD_SOC 1584mW/1742mW
10-08-2026 23:28:00 RAM 5999/7620MB (lfb 14x512kB) SWAP 559/5858MB (cached 0MB) CPU [35%@1510,36%@1510,37%@1510,51%@1510,40%@883,40%@883] GR3D_FREQ 0% cpu@53.781C soc2@52.218C soc0@50.718C gpu@52.968C tj@53.781C soc1@52.406C VDD_IN 6269mW/7111mW VDD_CPU_GPU_CV 1426mW/1908mW VDD_SOC 1584mW/1741mW
10-08-2026 23:28:01 RAM 6056/7620MB (lfb 1x512kB) SWAP 559/5858MB (cached 0MB) CPU [64%@1344,54%@1344,50%@1510,41%@1510,59%@1344,51%@1344] GR3D_FREQ 54% cpu@54.187C soc2@52.562C soc0@50.906C gpu@53.343C tj@54.187C soc1@52.562C VDD_IN 8412mW/7117mW VDD_CPU_GPU_CV 2768mW/1911mW VDD_SOC 1861mW/1742mW
10-08-2026 23:28:02 RAM 6068/7620MB (lfb 5x64kB) SWAP 559/5858MB (cached 0MB) CPU [35%@1510,27%@1510,57%@1510,39%@1510,61%@729,39%@729] GR3D_FREQ 47% cpu@54.031C soc2@52.875C soc0@50.843C gpu@53.187C tj@54.031C soc1@52.5C VDD_IN 8134mW/7121mW VDD_CPU_GPU_CV 2531mW/1914mW VDD_SOC 1861mW/1742mW
10-08-2026 23:28:03 RAM 6018/7620MB (lfb 1x2MB) SWAP 559/5858MB (cached 0MB) CPU [15%@1190,10%@1190,31%@1190,46%@1190,10%@883,69%@883] GR3D_FREQ 69% cpu@54.093C soc2@52.375C soc0@50.875C gpu@53C tj@54.093C soc1@52.625C VDD_IN 7182mW/7121mW VDD_CPU_GPU_CV 1819mW/1914mW VDD_SOC 1782mW/1742mW
10-08-2026 23:28:04 RAM 5949/7620MB (lfb 3x2MB) SWAP 559/5858MB (cached 0MB) CPU [10%@1510,10%@1510,58%@1510,11%@1510,20%@729,18%@729] GR3D_FREQ 42% cpu@53.75C soc2@52.25C soc0@50.843C gpu@53.031C tj@53.75C soc1@52.5C VDD_IN 6586mW/7119mW VDD_CPU_GPU_CV 1465mW/1912mW VDD_SOC 1663mW/1742mW
10-08-2026 23:28:05 RAM 5950/7620MB (lfb 3x2MB) SWAP 559/5858MB (cached 0MB) CPU [5%@1510,50%@1510,41%@1510,5%@1510,4%@729,6%@729] GR3D_FREQ 40% cpu@53.75C soc2@52.312C soc0@50.937C gpu@52.781C tj@53.75C soc1@52.312C VDD_IN 6626mW/7117mW VDD_CPU_GPU_CV 1545mW/1910mW VDD_SOC 1666mW/1742mW
10-08-2026 23:28:06 RAM 5950/7620MB (lfb 3x2MB) SWAP 559/5858MB (cached 0MB) CPU [10%@1510,7%@1510,48%@1510,35%@1510,1%@729,6%@729] GR3D_FREQ 32% cpu@53.781C soc2@52.375C soc0@50.875C gpu@52.812C tj@53.781C soc1@52.375C VDD_IN 6666mW/7115mW VDD_CPU_GPU_CV 1545mW/1909mW VDD_SOC 1666mW/1741mW
10-08-2026 23:28:07 RAM 5948/7620MB (lfb 4x2MB) SWAP 559/5858MB (cached 0MB) CPU [45%@1510,20%@1510,7%@1510,32%@1510,0%@729,6%@729] GR3D_FREQ 10% cpu@53.812C soc2@52.375C soc0@50.718C gpu@52.687C tj@53.843C soc1@52.343C VDD_IN 6586mW/7113mW VDD_CPU_GPU_CV 1545mW/1907mW VDD_SOC 1663mW/1741mW
10-08-2026 23:28:08 RAM 5922/7620MB (lfb 1x512kB) SWAP 559/5858MB (cached 0MB) CPU [35%@1036,52%@1036,46%@1036,46%@1036,26%@729,31%@729] GR3D_FREQ 0% cpu@53.687C soc2@52.187C soc0@50.593C gpu@52.875C tj@53.687C soc1@52.437C VDD_IN 6388mW/7110mW VDD_CPU_GPU_CV 1505mW/1905mW VDD_SOC 1584mW/1740mW
10-08-2026 23:28:09 RAM 5892/7620MB (lfb 2x512kB) SWAP 559/5858MB (cached 0MB) CPU [24%@1190,48%@1190,47%@1190,50%@1190,58%@960,36%@960] GR3D_FREQ 0% cpu@53.968C soc2@52.187C soc0@50.75C gpu@52.843C tj@53.968C soc1@52.25C VDD_IN 6507mW/7107mW VDD_CPU_GPU_CV 1584mW/1904mW VDD_SOC 1584mW/1740mW
10-08-2026 23:28:10 RAM 5897/7620MB (lfb 1x2MB) SWAP 559/5858MB (cached 0MB) CPU [39%@960,41%@1510,58%@1510,60%@1510,37%@729,29%@729] GR3D_FREQ 45% cpu@54.187C soc2@52.437C soc0@50.593C gpu@52.718C tj@54.187C soc1@52.281C VDD_IN 6626mW/7105mW VDD_CPU_GPU_CV 1661mW/1903mW VDD_SOC 1624mW/1739mW
10-08-2026 23:28:11 RAM 5897/7620MB (lfb 1x2MB) SWAP 559/5858MB (cached 0MB) CPU [46%@729,38%@729,39%@729,31%@729,46%@729,48%@729] GR3D_FREQ 38% cpu@53.687C soc2@52.187C soc0@50.593C gpu@52.687C tj@53.687C soc1@52.312C VDD_IN 6428mW/7102mW VDD_CPU_GPU_CV 1545mW/1901mW VDD_SOC 1584mW/1739mW
10-08-2026 23:28:12 RAM 5966/7620MB (lfb 1x512kB) SWAP 559/5858MB (cached 0MB) CPU [36%@1510,42%@1510,51%@1510,56%@1510,62%@1510,45%@1510] GR3D_FREQ 73% cpu@54.25C soc2@52.468C soc0@50.718C gpu@52.843C tj@54.25C soc1@52.437C VDD_IN 8094mW/7106mW VDD_CPU_GPU_CV 2649mW/1905mW VDD_SOC 1782mW/1739mW
10-08-2026 23:28:13 RAM 6057/7620MB (lfb 18x256kB) SWAP 559/5858MB (cached 0MB) CPU [60%@1113,58%@1113,65%@1113,48%@1113,73%@1510,61%@1510] GR3D_FREQ 62% cpu@54.375C soc2@52.718C soc0@50.843C gpu@53.156C tj@54.375C soc1@52.281C VDD_IN 9245mW/7115mW VDD_CPU_GPU_CV 3361mW/1911mW VDD_SOC 1941mW/1740mW
10-08-2026 23:28:14 RAM 6123/7620MB (lfb 14x256kB) SWAP 559/5858MB (cached 0MB) CPU [37%@1510,41%@1510,42%@1510,44%@1510,74%@1510,44%@1510] GR3D_FREQ 0% cpu@53.937C soc2@52.531C soc0@50.718C gpu@53.031C tj@53.937C soc1@52.343C VDD_IN 7340mW/7116mW VDD_CPU_GPU_CV 2056mW/1911mW VDD_SOC 1743mW/1740mW
10-08-2026 23:28:15 RAM 6127/7620MB (lfb 1740x32kB) SWAP 559/5858MB (cached 0MB) CPU [37%@729,54%@729,41%@729,46%@1510,49%@883,47%@883] GR3D_FREQ 0% cpu@54.156C soc2@52.343C soc0@50.687C gpu@52.718C tj@54.156C soc1@52.562C VDD_IN 6547mW/7114mW VDD_CPU_GPU_CV 1621mW/1910mW VDD_SOC 1624mW/1739mW
10-08-2026 23:28:16 RAM 6127/7620MB (lfb 1739x32kB) SWAP 559/5858MB (cached 0MB) CPU [53%@1510,50%@1510,47%@1510,53%@1510,52%@883,51%@883] GR3D_FREQ 75% cpu@54.062C soc2@52.5C soc0@50.812C gpu@52.937C tj@54.062C soc1@52.468C VDD_IN 8094mW/7118mW VDD_CPU_GPU_CV 2610mW/1913mW VDD_SOC 1822mW/1740mW
10-08-2026 23:28:17 RAM 6127/7620MB (lfb 1739x32kB) SWAP 559/5858MB (cached 0MB) CPU [53%@1510,57%@1510,62%@1510,60%@1510,63%@1510,69%@1510] GR3D_FREQ 71% cpu@54.562C soc2@52.781C soc0@50.875C gpu@53.062C tj@54.562C soc1@52.25C VDD_IN 9285mW/7127mW VDD_CPU_GPU_CV 3401mW/1919mW VDD_SOC 1941mW/1740mW
10-08-2026 23:28:18 RAM 6061/7620MB (lfb 3x2MB) SWAP 559/5858MB (cached 0MB) CPU [44%@1036,60%@1036,41%@1036,52%@1036,48%@729,44%@729] GR3D_FREQ 57% cpu@53.937C soc2@52.687C soc0@50.906C gpu@53.156C tj@53.937C soc1@52.468C VDD_IN 7539mW/7129mW VDD_CPU_GPU_CV 2175mW/1920mW VDD_SOC 1743mW/1740mW
10-08-2026 23:28:19 RAM 6135/7620MB (lfb 8x128kB) SWAP 559/5858MB (cached 0MB) CPU [43%@1510,31%@1510,9%@1510,16%@1510,30%@729,56%@729] GR3D_FREQ 51% cpu@53.718C soc2@52.468C soc0@50.812C gpu@53.156C tj@53.718C soc1@52.593C VDD_IN 7301mW/7129mW VDD_CPU_GPU_CV 1941mW/1920mW VDD_SOC 1782mW/1741mW
10-08-2026 23:28:20 RAM 5990/7620MB (lfb 1x2MB) SWAP 559/5858MB (cached 0MB) CPU [22%@1510,15%@1510,64%@1510,11%@1510,8%@729,23%@729] GR3D_FREQ 45% cpu@53.656C soc2@52.375C soc0@50.875C gpu@53.125C tj@53.656C soc1@52.531C VDD_IN 6745mW/7128mW VDD_CPU_GPU_CV 1545mW/1919mW VDD_SOC 1706mW/1740mW
10-08-2026 23:28:21 RAM 5990/7620MB (lfb 1x2MB) SWAP 559/5858MB (cached 0MB) CPU [29%@729,6%@1510,32%@1510,11%@1510,4%@1510,40%@1510] GR3D_FREQ 31% cpu@53.875C soc2@52.281C soc0@50.843C gpu@52.843C tj@53.875C soc1@52.343C VDD_IN 6666mW/7126mW VDD_CPU_GPU_CV 1545mW/1917mW VDD_SOC 1666mW/1740mW
10-08-2026 23:28:22 RAM 5990/7620MB (lfb 1x2MB) SWAP 559/5858MB (cached 0MB) CPU [17%@1510,7%@1510,7%@1510,8%@1510,4%@1510,77%@1510] GR3D_FREQ 38% cpu@53.625C soc2@52.218C soc0@50.687C gpu@52.843C tj@53.625C soc1@52.25C VDD_IN 6666mW/7124mW VDD_CPU_GPU_CV 1545mW/1916mW VDD_SOC 1666mW/1740mW
10-08-2026 23:28:23 RAM 5990/7620MB (lfb 1x2MB) SWAP 559/5858MB (cached 0MB) CPU [22%@1510,6%@1510,7%@1510,4%@1510,13%@1510,72%@1510] GR3D_FREQ 38% cpu@53.687C soc2@52.187C soc0@50.687C gpu@52.812C tj@53.687C soc1@52.312C VDD_IN 6705mW/7122mW VDD_CPU_GPU_CV 1545mW/1914mW VDD_SOC 1666mW/1740mW
10-08-2026 23:28:24 RAM 5990/7620MB (lfb 1x2MB) SWAP 559/5858MB (cached 0MB) CPU [19%@1510,7%@1510,6%@1510,6%@1510,0%@1497,80%@1497] GR3D_FREQ 31% cpu@53.812C soc2@52.125C soc0@50.718C gpu@53.125C tj@53.812C soc1@52.375C VDD_IN 6666mW/7121mW VDD_CPU_GPU_CV 1545mW/1913mW VDD_SOC 1666mW/1739mW
10-08-2026 23:28:25 RAM 5990/7620MB (lfb 1x2MB) SWAP 559/5858MB (cached 0MB) CPU [20%@729,6%@729,9%@729,6%@729,8%@1510,73%@1510] GR3D_FREQ 69% cpu@53.687C soc2@52.187C soc0@50.687C gpu@53C tj@53.687C soc1@52.156C VDD_IN 6666mW/7119mW VDD_CPU_GPU_CV 1545mW/1911mW VDD_SOC 1663mW/1739mW
10-08-2026 23:28:26 RAM 5978/7620MB (lfb 2x512kB) SWAP 559/5858MB (cached 0MB) CPU [20%@1113,22%@1113,26%@1113,21%@1113,24%@806,51%@806] GR3D_FREQ 16% cpu@53.843C soc2@52.187C soc0@50.625C gpu@53.031C tj@53.843C soc1@52.25C VDD_IN 6586mW/7117mW VDD_CPU_GPU_CV 1624mW/1910mW VDD_SOC 1626mW/1738mW
10-08-2026 23:28:27 RAM 5980/7620MB (lfb 2x512kB) SWAP 559/5858MB (cached 0MB) CPU [38%@883,28%@883,44%@883,47%@883,37%@729,52%@729] GR3D_FREQ 1% cpu@53.656C soc2@52.156C soc0@50.593C gpu@52.687C tj@53.656C soc1@52.25C VDD_IN 6467mW/7114mW VDD_CPU_GPU_CV 1584mW/1909mW VDD_SOC 1584mW/1738mW
10-08-2026 23:28:28 RAM 5895/7620MB (lfb 38x512kB) SWAP 559/5858MB (cached 0MB) CPU [35%@1510,47%@1510,50%@1510,38%@1510,51%@883,61%@883] GR3D_FREQ 0% cpu@53.75C soc2@52.187C soc0@50.531C gpu@52.718C tj@53.75C soc1@52.187C VDD_IN 6586mW/7112mW VDD_CPU_GPU_CV 1624mW/1908mW VDD_SOC 1624mW/1737mW
10-08-2026 23:28:29 RAM 5682/7620MB (lfb 3x2MB) SWAP 559/5858MB (cached 0MB) CPU [41%@960,51%@960,57%@1510,39%@1510,50%@729,47%@729] GR3D_FREQ 0% cpu@53.687C soc2@52.187C soc0@50.437C gpu@52.968C tj@53.687C soc1@52.187C VDD_IN 6467mW/7109mW VDD_CPU_GPU_CV 1545mW/1906mW VDD_SOC 1587mW/1737mW
10-08-2026 23:28:30 RAM 5725/7620MB (lfb 3x2MB) SWAP 559/5858MB (cached 0MB) CPU [39%@1510,51%@1510,57%@1510,47%@1510,52%@1510,56%@1510] GR3D_FREQ 80% cpu@54.25C soc2@52.218C soc0@50.5C gpu@53.062C tj@54.25C soc1@52.218C VDD_IN 7142mW/7109mW VDD_CPU_GPU_CV 2060mW/1907mW VDD_SOC 1663mW/1737mW
10-08-2026 23:28:31 RAM 5874/7620MB (lfb 2x2MB) SWAP 559/5858MB (cached 0MB) CPU [61%@1510,59%@1510,62%@1510,58%@1510,64%@1510,63%@1510] GR3D_FREQ 59% cpu@54.218C soc2@52.625C soc0@50.781C gpu@53.031C tj@54.218C soc1@52.343C VDD_IN 9205mW/7118mW VDD_CPU_GPU_CV 3322mW/1912mW VDD_SOC 1941mW/1737mW
10-08-2026 23:28:32 RAM 5978/7620MB (lfb 2x2MB) SWAP 559/5858MB (cached 0MB) CPU [69%@1344,62%@1344,53%@1344,65%@1344,63%@729,63%@729] GR3D_FREQ 11% cpu@54.156C soc2@52.562C soc0@50.687C gpu@53.093C tj@54.156C soc1@52.25C VDD_IN 8967mW/7125mW VDD_CPU_GPU_CV 3203mW/1917mW VDD_SOC 1901mW/1738mW
10-08-2026 23:28:33 RAM 5988/7620MB (lfb 2x2MB) SWAP 559/5858MB (cached 0MB) CPU [48%@1267,49%@1267,48%@1267,37%@1267,42%@729,26%@729] GR3D_FREQ 28% cpu@54C soc2@52.468C soc0@50.625C gpu@53.187C tj@54C soc1@52.343C VDD_IN 6785mW/7124mW VDD_CPU_GPU_CV 1782mW/1917mW VDD_SOC 1624mW/1738mW
10-08-2026 23:28:34 RAM 6033/7620MB (lfb 2x2MB) SWAP 559/5858MB (cached 0MB) CPU [44%@1190,68%@1190,56%@1190,48%@1190,67%@1510,54%@1510] GR3D_FREQ 47% cpu@54.281C soc2@52.531C soc0@50.843C gpu@53.343C tj@54.281C soc1@52.437C VDD_IN 8570mW/7129mW VDD_CPU_GPU_CV 2926mW/1921mW VDD_SOC 1861mW/1738mW
10-08-2026 23:28:35 RAM 6123/7620MB (lfb 41x128kB) SWAP 559/5858MB (cached 0MB) CPU [60%@1510,57%@1510,52%@1510,58%@1510,74%@1510,72%@1510] GR3D_FREQ 1% cpu@54.406C soc2@52.593C soc0@51C gpu@53.125C tj@54.687C soc1@52.406C VDD_IN 9126mW/7137mW VDD_CPU_GPU_CV 3322mW/1926mW VDD_SOC 1941mW/1739mW
10-08-2026 23:28:36 RAM 6132/7620MB (lfb 22x128kB) SWAP 559/5858MB (cached 0MB) CPU [48%@960,65%@960,49%@960,51%@960,57%@1113,65%@1113] GR3D_FREQ 0% cpu@54.218C soc2@52.625C soc0@50.687C gpu@53.031C tj@54.218C soc1@52.5C VDD_IN 7856mW/7140mW VDD_CPU_GPU_CV 2531mW/1929mW VDD_SOC 1743mW/1739mW
10-08-2026 23:28:37 RAM 6138/7620MB (lfb 1x256kB) SWAP 559/5858MB (cached 0MB) CPU [46%@1510,48%@1510,60%@1510,55%@1510,47%@1344,39%@1344] GR3D_FREQ 50% cpu@54.531C soc2@52.562C soc0@50.843C gpu@52.968C tj@54.343C soc1@52.593C VDD_IN 7697mW/7142mW VDD_CPU_GPU_CV 2412mW/1930mW VDD_SOC 1743mW/1739mW
10-08-2026 23:28:38 RAM 6149/7620MB (lfb 1x256kB) SWAP 559/5858MB (cached 0MB) CPU [61%@1510,61%@1510,58%@1510,67%@1510,63%@1510,56%@1510] GR3D_FREQ 61% cpu@54.406C soc2@52.812C soc0@50.906C gpu@53.531C tj@54.406C soc1@52.437C VDD_IN 9126mW/7149mW VDD_CPU_GPU_CV 3322mW/1936mW VDD_SOC 1941mW/1740mW
10-08-2026 23:28:39 RAM 6175/7620MB (lfb 2x1MB) SWAP 559/5858MB (cached 0MB) CPU [62%@1510,61%@1510,77%@1510,65%@1510,51%@1190,41%@1190] GR3D_FREQ 7% cpu@54.718C soc2@52.687C soc0@50.968C gpu@53.093C tj@54.718C soc1@52.625C VDD_IN 8769mW/7155mW VDD_CPU_GPU_CV 3085mW/1940mW VDD_SOC 1861mW/1740mW
10-08-2026 23:28:40 RAM 6175/7620MB (lfb 2x1MB) SWAP 559/5858MB (cached 0MB) CPU [50%@1510,39%@1510,31%@1510,38%@1510,38%@1036,44%@1036] GR3D_FREQ 0% cpu@53.968C soc2@52.531C soc0@50.812C gpu@53.031C tj@53.968C soc1@52.593C VDD_IN 6586mW/7153mW VDD_CPU_GPU_CV 1663mW/1939mW VDD_SOC 1624mW/1740mW
10-08-2026 23:28:41 RAM 6175/7620MB (lfb 2x1MB) SWAP 559/5858MB (cached 0MB) CPU [46%@1510,54%@1510,57%@1510,54%@1510,67%@1510,57%@1510] GR3D_FREQ 0% cpu@54.5C soc2@52.687C soc0@51.062C gpu@53.156C tj@54.5C soc1@52.468C VDD_IN 8491mW/7158mW VDD_CPU_GPU_CV 2887mW/1943mW VDD_SOC 1861mW/1740mW
10-08-2026 23:28:42 RAM 6198/7620MB (lfb 46x64kB) SWAP 559/5858MB (cached 0MB) CPU [60%@1510,45%@1510,65%@1510,74%@1510,57%@1510,65%@1510] GR3D_FREQ 44% cpu@54.812C soc2@52.906C soc0@51C gpu@53.156C tj@54.812C soc1@52.531C VDD_IN 9285mW/7166mW VDD_CPU_GPU_CV 3401mW/1948mW VDD_SOC 1941mW/1741mW
10-08-2026 23:28:43 RAM 6201/7620MB (lfb 38x64kB) SWAP 559/5858MB (cached 0MB) CPU [47%@1190,44%@1190,38%@1190,40%@1190,46%@806,61%@806] GR3D_FREQ 0% cpu@54.031C soc2@52.562C soc0@50.875C gpu@53.062C tj@54.031C soc1@52.656C VDD_IN 6983mW/7166mW VDD_CPU_GPU_CV 1898mW/1948mW VDD_SOC 1663mW/1741mW
10-08-2026 23:28:44 RAM 6201/7620MB (lfb 38x64kB) SWAP 559/5858MB (cached 0MB) CPU [52%@1510,50%@1510,51%@1510,49%@1510,46%@1510,46%@1510] GR3D_FREQ 70% cpu@54.375C soc2@52.875C soc0@50.968C gpu@53C tj@54.375C soc1@52.625C VDD_IN 7816mW/7168mW VDD_CPU_GPU_CV 2452mW/1950mW VDD_SOC 1743mW/1741mW
10-08-2026 23:28:45 RAM 6202/7620MB (lfb 38x64kB) SWAP 559/5858MB (cached 0MB) CPU [55%@1510,67%@1510,63%@1510,53%@1510,66%@1510,60%@1510] GR3D_FREQ 87% cpu@54.843C soc2@52.906C soc0@51.156C gpu@53.187C tj@54.843C soc1@52.593C VDD_IN 9364mW/7176mW VDD_CPU_GPU_CV 3441mW/1955mW VDD_SOC 1980mW/1741mW
10-08-2026 23:28:46 RAM 6202/7620MB (lfb 38x64kB) SWAP 559/5858MB (cached 0MB) CPU [67%@806,62%@806,43%@806,46%@806,60%@729,60%@729] GR3D_FREQ 1% cpu@54.343C soc2@52.875C soc0@51C gpu@53.312C tj@54.281C soc1@52.656C VDD_IN 8213mW/7180mW VDD_CPU_GPU_CV 2689mW/1958mW VDD_SOC 1822mW/1742mW
10-08-2026 23:28:47 RAM 6202/7620MB (lfb 38x64kB) SWAP 559/5858MB (cached 0MB) CPU [29%@1510,38%@1510,23%@1510,40%@1510,40%@729,50%@729] GR3D_FREQ 1% cpu@54.125C soc2@52.5C soc0@50.906C gpu@53.187C tj@54.125C soc1@52.625C VDD_IN 6348mW/7177mW VDD_CPU_GPU_CV 1465mW/1956mW VDD_SOC 1584mW/1741mW
10-08-2026 23:28:48 RAM 6202/7620MB (lfb 38x64kB) SWAP 559/5858MB (cached 0MB) CPU [15%@1510,9%@1510,15%@1510,69%@1510,33%@729,18%@729] GR3D_FREQ 58% cpu@53.875C soc2@52.656C soc0@50.968C gpu@53.156C tj@53.875C soc1@52.656C VDD_IN 7102mW/7177mW VDD_CPU_GPU_CV 1822mW/1956mW VDD_SOC 1743mW/1741mW
10-08-2026 23:28:49 RAM 6202/7620MB (lfb 38x64kB) SWAP 559/5858MB (cached 0MB) CPU [16%@1510,26%@1510,31%@1510,31%@1510,12%@1190,61%@1190] GR3D_FREQ 41% cpu@53.875C soc2@52.687C soc0@51.062C gpu@53.093C tj@53.875C soc1@52.718C VDD_IN 7459mW/7178mW VDD_CPU_GPU_CV 2056mW/1956mW VDD_SOC 1782mW/1741mW
10-08-2026 23:28:50 RAM 5717/7620MB (lfb 1x2MB) SWAP 559/5858MB (cached 0MB) CPU [32%@729,17%@729,19%@729,14%@729,40%@1420,64%@1420] GR3D_FREQ 37% cpu@54.125C soc2@52.593C soc0@50.875C gpu@53.031C tj@54.125C soc1@52.468C VDD_IN 7340mW/7178mW VDD_CPU_GPU_CV 1898mW/1956mW VDD_SOC 1782mW/1741mW
10-08-2026 23:28:51 RAM 5725/7620MB (lfb 7x4MB) SWAP 559/5858MB (cached 0MB) CPU [12%@1510,23%@1510,12%@1510,10%@1510,19%@1497,80%@1497] GR3D_FREQ 40% cpu@53.781C soc2@52.375C soc0@50.812C gpu@53C tj@53.781C soc1@52.468C VDD_IN 6824mW/7177mW VDD_CPU_GPU_CV 1624mW/1955mW VDD_SOC 1706mW/1741mW
10-08-2026 23:28:52 RAM 5725/7620MB (lfb 7x4MB) SWAP 559/5858MB (cached 0MB) CPU [11%@729,5%@729,16%@729,8%@729,6%@1510,82%@1510] GR3D_FREQ 60% cpu@53.812C soc2@52.406C soc0@50.906C gpu@53.093C tj@53.812C soc1@52.625C VDD_IN 6745mW/7175mW VDD_CPU_GPU_CV 1584mW/1953mW VDD_SOC 1663mW/1741mW
10-08-2026 23:28:53 RAM 5725/7620MB (lfb 7x4MB) SWAP 559/5858MB (cached 0MB) CPU [8%@729,5%@729,14%@729,4%@729,7%@1497,79%@1497] GR3D_FREQ 58% cpu@53.875C soc2@52.375C soc0@50.968C gpu@53.093C tj@53.875C soc1@52.312C VDD_IN 6705mW/7174mW VDD_CPU_GPU_CV 1584mW/1952mW VDD_SOC 1663mW/1741mW
10-08-2026 23:28:54 RAM 5725/7620MB (lfb 7x4MB) SWAP 559/5858MB (cached 0MB) CPU [17%@1510,11%@1510,11%@1510,11%@1510,12%@1510,82%@1510] GR3D_FREQ 39% cpu@54.062C soc2@52.312C soc0@50.75C gpu@53.125C tj@54.062C soc1@52.406C VDD_IN 6785mW/7172mW VDD_CPU_GPU_CV 1584mW/1951mW VDD_SOC 1666mW/1740mW
10-08-2026 23:28:55 RAM 5725/7620MB (lfb 7x4MB) SWAP 559/5858MB (cached 0MB) CPU [12%@1510,8%@1510,10%@1510,11%@1510,18%@1497,79%@1497] GR3D_FREQ 48% cpu@53.812C soc2@52.281C soc0@50.75C gpu@52.812C tj@53.812C soc1@52.406C VDD_IN 6705mW/7171mW VDD_CPU_GPU_CV 1584mW/1949mW VDD_SOC 1706mW/1740mW
10-08-2026 23:28:56 RAM 5725/7620MB (lfb 7x4MB) SWAP 559/5858MB (cached 0MB) CPU [13%@1510,5%@1510,8%@1510,52%@1510,29%@729,15%@729] GR3D_FREQ 31% cpu@53.718C soc2@52.312C soc0@50.781C gpu@52.875C tj@53.718C soc1@52.406C VDD_IN 6745mW/7169mW VDD_CPU_GPU_CV 1584mW/1948mW VDD_SOC 1703mW/1740mW
10-08-2026 23:28:57 RAM 5725/7620MB (lfb 7x4MB) SWAP 559/5858MB (cached 0MB) CPU [9%@1510,39%@1510,9%@1510,42%@1510,5%@729,12%@729] GR3D_FREQ 33% cpu@53.781C soc2@52.25C soc0@50.812C gpu@52.843C tj@53.781C soc1@52.375C VDD_IN 6745mW/7168mW VDD_CPU_GPU_CV 1584mW/1947mW VDD_SOC 1703mW/1740mW
10-08-2026 23:28:58 RAM 5725/7620MB (lfb 7x4MB) SWAP 559/5858MB (cached 0MB) CPU [5%@1510,7%@1510,28%@1510,60%@1510,1%@729,14%@729] GR3D_FREQ 59% cpu@53.875C soc2@52.25C soc0@50.937C gpu@52.843C tj@53.875C soc1@52.281C VDD_IN 6785mW/7166mW VDD_CPU_GPU_CV 1582mW/1945mW VDD_SOC 1703mW/1740mW
10-08-2026 23:28:59 RAM 5725/7620MB (lfb 7x4MB) SWAP 559/5858MB (cached 0MB) CPU [6%@1510,22%@1510,6%@1510,65%@1510,2%@729,13%@729] GR3D_FREQ 62% cpu@53.968C soc2@52.375C soc0@50.687C gpu@52.906C tj@53.968C soc1@52.375C VDD_IN 6785mW/7165mW VDD_CPU_GPU_CV 1584mW/1944mW VDD_SOC 1703mW/1740mW
10-08-2026 23:29:00 RAM 5725/7620MB (lfb 7x4MB) SWAP 559/5858MB (cached 0MB) CPU [12%@1510,5%@1510,47%@1510,42%@1510,1%@729,3%@729] GR3D_FREQ 57% cpu@53.593C soc2@52.312C soc0@50.812C gpu@53.125C tj@53.593C soc1@52.312C VDD_IN 6785mW/7164mW VDD_CPU_GPU_CV 1584mW/1943mW VDD_SOC 1703mW/1740mW
10-08-2026 23:29:01 RAM 5725/7620MB (lfb 7x4MB) SWAP 559/5858MB (cached 0MB) CPU [22%@729,52%@1510,18%@1510,5%@1510,6%@1510,22%@1510] GR3D_FREQ 46% cpu@53.781C soc2@52.218C soc0@50.781C gpu@53.218C tj@53.781C soc1@52.5C VDD_IN 6785mW/7162mW VDD_CPU_GPU_CV 1624mW/1942mW VDD_SOC 1703mW/1740mW
10-08-2026 23:29:02 RAM 5751/7620MB (lfb 7x4MB) SWAP 559/5858MB (cached 0MB) CPU [13%@1510,10%@1510,20%@1510,9%@1510,5%@1510,80%@1510] GR3D_FREQ 47% cpu@53.875C soc2@52.25C soc0@50.75C gpu@53.125C tj@53.875C soc1@52.25C VDD_IN 6824mW/7161mW VDD_CPU_GPU_CV 1584mW/1940mW VDD_SOC 1703mW/1739mW
10-08-2026 23:29:03 RAM 5751/7620MB (lfb 7x4MB) SWAP 559/5858MB (cached 0MB) CPU [16%@729,10%@729,19%@729,8%@729,24%@1510,72%@1510] GR3D_FREQ 25% cpu@53.625C soc2@52.312C soc0@50.656C gpu@52.812C tj@53.625C soc1@52.312C VDD_IN 6785mW/7160mW VDD_CPU_GPU_CV 1624mW/1939mW VDD_SOC 1703mW/1739mW
10-08-2026 23:29:04 RAM 5894/7620MB (lfb 7x1MB) SWAP 559/5858MB (cached 0MB) CPU [28%@1510,23%@1510,31%@1510,30%@1510,17%@729,53%@729] GR3D_FREQ 0% cpu@53.687C soc2@52.187C soc0@50.625C gpu@52.812C tj@53.687C soc1@52.343C VDD_IN 6547mW/7158mW VDD_CPU_GPU_CV 1584mW/1938mW VDD_SOC 1624mW/1739mW
10-08-2026 23:29:05 RAM 5899/7620MB (lfb 1x4MB) SWAP 559/5858MB (cached 0MB) CPU [33%@1510,54%@1510,40%@1510,33%@1510,42%@729,26%@729] GR3D_FREQ 0% cpu@53.843C soc2@52.187C soc0@50.656C gpu@53.156C tj@53.843C soc1@52.218C VDD_IN 6309mW/7155mW VDD_CPU_GPU_CV 1465mW/1937mW VDD_SOC 1584mW/1738mW
10-08-2026 23:29:06 RAM 5900/7620MB (lfb 1x4MB) SWAP 559/5858MB (cached 0MB) CPU [37%@1036,28%@1036,29%@1036,40%@1036,33%@1036,48%@1036] GR3D_FREQ 8% cpu@53.687C soc2@52.093C soc0@50.468C gpu@53C tj@53.937C soc1@52.125C VDD_IN 6190mW/7151mW VDD_CPU_GPU_CV 1386mW/1935mW VDD_SOC 1545mW/1738mW
10-08-2026 23:29:07 RAM 5900/7620MB (lfb 1x4MB) SWAP 559/5858MB (cached 0MB) CPU [30%@806,44%@806,25%@806,45%@806,29%@729,38%@729] GR3D_FREQ 31% cpu@53.75C soc2@52.062C soc0@50.468C gpu@52.656C tj@53.75C soc1@52.125C VDD_IN 6071mW/7148mW VDD_CPU_GPU_CV 1307mW/1932mW VDD_SOC 1545mW/1737mW
10-08-2026 23:29:08 RAM 5900/7620MB (lfb 1x4MB) SWAP 559/5858MB (cached 0MB) CPU [23%@729,31%@729,42%@729,44%@729,55%@806,25%@806] GR3D_FREQ 0% cpu@53.375C soc2@52.125C soc0@50.468C gpu@52.687C tj@53.375C soc1@52.312C VDD_IN 6190mW/7144mW VDD_CPU_GPU_CV 1346mW/1930mW VDD_SOC 1624mW/1737mW
10-08-2026 23:29:09 RAM 5933/7620MB (lfb 7x1MB) SWAP 559/5858MB (cached 0MB) CPU [43%@1510,48%@1510,44%@1510,45%@1510,63%@1267,59%@1267] GR3D_FREQ 62% cpu@54.156C soc2@52.531C soc0@50.687C gpu@53C tj@54.156C soc1@52.156C VDD_IN 8729mW/7150mW VDD_CPU_GPU_CV 3005mW/1934mW VDD_SOC 1941mW/1737mW
10-08-2026 23:29:10 RAM 6024/7620MB (lfb 7x1MB) SWAP 559/5858MB (cached 0MB) CPU [31%@729,50%@1510,27%@1510,34%@1510,59%@1420,33%@1420] GR3D_FREQ 40% cpu@53.781C soc2@52.437C soc0@50.687C gpu@52.781C tj@53.781C soc1@52.218C VDD_IN 7936mW/7152mW VDD_CPU_GPU_CV 2333mW/1935mW VDD_SOC 1901mW/1738mW
10-08-2026 23:29:11 RAM 6106/7620MB (lfb 7x1MB) SWAP 559/5858MB (cached 0MB) CPU [18%@806,10%@806,35%@806,27%@806,21%@729,74%@729] GR3D_FREQ 35% cpu@53.843C soc2@52.218C soc0@50.781C gpu@52.718C tj@53.843C soc1@52.25C VDD_IN 7340mW/7153mW VDD_CPU_GPU_CV 1858mW/1935mW VDD_SOC 1861mW/1738mW
10-08-2026 23:29:13 RAM 6097/7620MB (lfb 8x1MB) SWAP 559/5858MB (cached 0MB) CPU [20%@729,2%@729,21%@729,7%@729,14%@1510,69%@1510] GR3D_FREQ 35% cpu@53.625C soc2@52.156C soc0@50.625C gpu@52.843C tj@53.625C soc1@52.375C VDD_IN 6626mW/7151mW VDD_CPU_GPU_CV 1426mW/1934mW VDD_SOC 1745mW/1738mW
10-08-2026 23:29:14 RAM 6097/7620MB (lfb 8x1MB) SWAP 559/5858MB (cached 0MB) CPU [18%@1510,2%@1510,5%@1510,2%@1510,1%@1497,81%@1497] GR3D_FREQ 58% cpu@53.656C soc2@52.187C soc0@50.531C gpu@52.812C tj@53.656C soc1@52.125C VDD_IN 6705mW/7150mW VDD_CPU_GPU_CV 1545mW/1932mW VDD_SOC 1703mW/1738mW
10-08-2026 23:29:15 RAM 6098/7620MB (lfb 8x1MB) SWAP 559/5858MB (cached 0MB) CPU [8%@729,2%@729,5%@729,7%@729,22%@1497,58%@1497] GR3D_FREQ 65% cpu@53.875C soc2@52.187C soc0@50.593C gpu@52.812C tj@53.875C soc1@52.125C VDD_IN 6705mW/7148mW VDD_CPU_GPU_CV 1545mW/1931mW VDD_SOC 1743mW/1738mW
10-08-2026 23:29:16 RAM 6098/7620MB (lfb 8x1MB) SWAP 559/5858MB (cached 0MB) CPU [14%@1510,1%@1510,5%@1510,39%@1510,28%@729,22%@729] GR3D_FREQ 44% cpu@53.406C soc2@52.062C soc0@50.562C gpu@52.687C tj@53.406C soc1@52.187C VDD_IN 6705mW/7147mW VDD_CPU_GPU_CV 1505mW/1930mW VDD_SOC 1743mW/1738mW
10-08-2026 23:29:17 RAM 6098/7620MB (lfb 8x1MB) SWAP 559/5858MB (cached 0MB) CPU [31%@1510,43%@1510,7%@1510,12%@1510,2%@729,3%@729] GR3D_FREQ 44% cpu@53.562C soc2@52.156C soc0@50.562C gpu@52.625C tj@53.562C soc1@52.187C VDD_IN 6705mW/7145mW VDD_CPU_GPU_CV 1545mW/1928mW VDD_SOC 1743mW/1738mW
10-08-2026 23:29:18 RAM 6098/7620MB (lfb 8x1MB) SWAP 559/5858MB (cached 0MB) CPU [22%@1510,39%@1510,31%@1510,4%@1510,1%@729,2%@729] GR3D_FREQ 33% cpu@53.593C soc2@52.093C soc0@50.531C gpu@52.593C tj@53.593C soc1@52.281C VDD_IN 6745mW/7144mW VDD_CPU_GPU_CV 1545mW/1927mW VDD_SOC 1743mW/1738mW
10-08-2026 23:29:19 RAM 5974/7620MB (lfb 28x1MB) SWAP 559/5858MB (cached 0MB) CPU [37%@1036,59%@1036,26%@1036,19%@1036,18%@729,38%@729] GR3D_FREQ 0% cpu@53.625C soc2@52.25C soc0@50.406C gpu@52.562C tj@53.625C soc1@52.156C VDD_IN 6586mW/7142mW VDD_CPU_GPU_CV 1584mW/1926mW VDD_SOC 1663mW/1738mW
10-08-2026 23:29:20 RAM 5749/7620MB (lfb 1x2MB) SWAP 559/5858MB (cached 0MB) CPU [27%@1510,42%@1510,39%@1510,37%@1510,40%@1036,51%@1036] GR3D_FREQ 3% cpu@53.75C soc2@52.031C soc0@50.5C gpu@52.687C tj@53.75C soc1@52.187C VDD_IN 6348mW/7140mW VDD_CPU_GPU_CV 1465mW/1924mW VDD_SOC 1624mW/1738mW
10-08-2026 23:29:21 RAM 5775/7620MB (lfb 29x1MB) SWAP 559/5858MB (cached 0MB) CPU [44%@1510,36%@1510,37%@1510,42%@1510,45%@729,39%@729] GR3D_FREQ 6% cpu@53.625C soc2@52.031C soc0@50.406C gpu@52.75C tj@53.625C soc1@52.156C VDD_IN 6269mW/7137mW VDD_CPU_GPU_CV 1386mW/1923mW VDD_SOC 1624mW/1737mW
10-08-2026 23:29:22 RAM 5789/7620MB (lfb 29x1MB) SWAP 559/5858MB (cached 0MB) CPU [36%@729,23%@729,50%@1510,40%@1510,42%@729,50%@729] GR3D_FREQ 27% cpu@53.531C soc2@52C soc0@50.531C gpu@52.468C tj@53.531C soc1@51.968C VDD_IN 6309mW/7134mW VDD_CPU_GPU_CV 1426mW/1921mW VDD_SOC 1624mW/1737mW
10-08-2026 23:29:23 RAM 5866/7620MB (lfb 29x1MB) SWAP 559/5858MB (cached 0MB) CPU [50%@1510,52%@1510,55%@1510,45%@1510,56%@1510,62%@1510] GR3D_FREQ 90% cpu@54.062C soc2@52.375C soc0@50.375C gpu@52.593C tj@54.062C soc1@52.093C VDD_IN 8174mW/7137mW VDD_CPU_GPU_CV 2649mW/1923mW VDD_SOC 1861mW/1737mW
10-08-2026 23:29:24 RAM 5971/7620MB (lfb 29x1MB) SWAP 559/5858MB (cached 0MB) CPU [60%@1510,67%@1510,57%@1510,58%@1510,67%@1267,47%@1267] GR3D_FREQ 43% cpu@54.437C soc2@52.468C soc0@50.656C gpu@52.875C tj@54.437C soc1@52.125C VDD_IN 9285mW/7144mW VDD_CPU_GPU_CV 3322mW/1928mW VDD_SOC 2020mW/1738mW
10-08-2026 23:29:25 RAM 6043/7620MB (lfb 28x1MB) SWAP 559/5858MB (cached 0MB) CPU [45%@1267,59%@1267,57%@1267,45%@1267,49%@1113,60%@1113] GR3D_FREQ 1% cpu@53.843C soc2@52.281C soc0@50.656C gpu@52.906C tj@53.843C soc1@52.312C VDD_IN 7816mW/7147mW VDD_CPU_GPU_CV 2373mW/1929mW VDD_SOC 1822mW/1739mW
10-08-2026 23:29:26 RAM 6043/7620MB (lfb 28x1MB) SWAP 559/5858MB (cached 0MB) CPU [30%@1113,39%@1113,42%@1113,57%@1113,33%@1497,47%@1497] GR3D_FREQ 0% cpu@53.812C soc2@52.125C soc0@50.625C gpu@52.875C tj@53.812C soc1@52.062C VDD_IN 6586mW/7145mW VDD_CPU_GPU_CV 1584mW/1928mW VDD_SOC 1663mW/1738mW
10-08-2026 23:29:27 RAM 6079/7620MB (lfb 28x1MB) SWAP 559/5858MB (cached 0MB) CPU [53%@1510,54%@1510,54%@1510,46%@1510,46%@1510,51%@1510] GR3D_FREQ 59% cpu@54.375C soc2@52.468C soc0@50.5C gpu@53.062C tj@54.375C soc1@52.125C VDD_IN 8332mW/7149mW VDD_CPU_GPU_CV 2729mW/1931mW VDD_SOC 1901mW/1739mW
10-08-2026 23:29:28 RAM 6201/7620MB (lfb 5x1MB) SWAP 559/5858MB (cached 0MB) CPU [43%@1510,45%@1510,24%@1510,62%@1510,59%@1267,68%@1267] GR3D_FREQ 46% cpu@53.75C soc2@52.375C soc0@50.781C gpu@52.875C tj@53.75C soc1@52.218C VDD_IN 8491mW/7153mW VDD_CPU_GPU_CV 2729mW/1933mW VDD_SOC 1941mW/1739mW
10-08-2026 23:29:29 RAM 6237/7620MB (lfb 3x64kB) SWAP 559/5858MB (cached 0MB) CPU [13%@1510,16%@1510,23%@1510,25%@1510,53%@883,58%@883] GR3D_FREQ 24% cpu@53.687C soc2@52.218C soc0@50.718C gpu@52.812C tj@53.687C soc1@52.312C VDD_IN 7420mW/7154mW VDD_CPU_GPU_CV 1941mW/1933mW VDD_SOC 1861mW/1740mW
10-08-2026 23:29:30 RAM 6206/7620MB (lfb 13x2MB) SWAP 559/5858MB (cached 0MB) CPU [8%@1510,14%@1510,19%@1510,18%@1510,12%@1497,63%@1497] GR3D_FREQ 69% cpu@53.75C soc2@52.156C soc0@50.625C gpu@52.937C tj@53.75C soc1@52.156C VDD_IN 6785mW/7153mW VDD_CPU_GPU_CV 1505mW/1932mW VDD_SOC 1743mW/1740mW
10-08-2026 23:29:31 RAM 6206/7620MB (lfb 13x2MB) SWAP 559/5858MB (cached 0MB) CPU [8%@729,2%@729,7%@729,9%@729,13%@1497,70%@1497] GR3D_FREQ 55% cpu@53.468C soc2@52.218C soc0@50.437C gpu@52.968C tj@53.468C soc1@52.218C VDD_IN 6705mW/7151mW VDD_CPU_GPU_CV 1505mW/1931mW VDD_SOC 1743mW/1740mW
10-08-2026 23:29:32 RAM 6207/7620MB (lfb 13x2MB) SWAP 559/5858MB (cached 0MB) CPU [12%@729,5%@729,5%@1510,6%@1510,9%@1510,74%@1510] GR3D_FREQ 33% cpu@53.781C soc2@52C soc0@50.5C gpu@52.937C tj@53.468C soc1@52.156C VDD_IN 6666mW/7150mW VDD_CPU_GPU_CV 1505mW/1929mW VDD_SOC 1743mW/1740mW
10-08-2026 23:29:33 RAM 6207/7620MB (lfb 13x2MB) SWAP 559/5858MB (cached 0MB) CPU [8%@1510,4%@1510,9%@1510,6%@1510,10%@1510,76%@1510] GR3D_FREQ 39% cpu@53.5C soc2@52.125C soc0@50.593C gpu@52.687C tj@53.5C soc1@52.218C VDD_IN 6745mW/7148mW VDD_CPU_GPU_CV 1545mW/1928mW VDD_SOC 1743mW/1740mW
10-08-2026 23:29:34 RAM 6170/7620MB (lfb 16x2MB) SWAP 559/5858MB (cached 0MB) CPU [13%@1510,9%@1510,11%@1510,9%@1510,1%@729,67%@729] GR3D_FREQ 0% cpu@53.406C soc2@52.093C soc0@50.562C gpu@52.625C tj@53.406C soc1@52.062C VDD_IN 6348mW/7146mW VDD_CPU_GPU_CV 1346mW/1926mW VDD_SOC 1666mW/1740mW
10-08-2026 23:29:35 RAM 6276/7620MB (lfb 5x1MB) SWAP 559/5858MB (cached 0MB) CPU [37%@1036,29%@1036,39%@1036,48%@1036,35%@729,47%@729] GR3D_FREQ 0% cpu@53.593C soc2@52.093C soc0@50.343C gpu@52.531C tj@53.593C soc1@52.125C VDD_IN 6467mW/7144mW VDD_CPU_GPU_CV 1505mW/1925mW VDD_SOC 1663mW/1739mW
10-08-2026 23:29:36 RAM 6283/7620MB (lfb 5x1MB) SWAP 559/5858MB (cached 0MB) CPU [47%@729,40%@729,47%@1510,44%@1510,29%@1113,60%@1113] GR3D_FREQ 36% cpu@53.562C soc2@52.062C soc0@50.375C gpu@52.937C tj@53.562C soc1@52.187C VDD_IN 6626mW/7142mW VDD_CPU_GPU_CV 1624mW/1924mW VDD_SOC 1663mW/1739mW
10-08-2026 23:29:37 RAM 6287/7620MB (lfb 5x1MB) SWAP 559/5858MB (cached 0MB) CPU [38%@1510,34%@1510,41%@1510,54%@1510,45%@1036,46%@1036] GR3D_FREQ 36% cpu@53.656C soc2@52C soc0@50.562C gpu@52.5C tj@53.656C soc1@52.031C VDD_IN 6547mW/7140mW VDD_CPU_GPU_CV 1545mW/1923mW VDD_SOC 1663mW/1739mW
10-08-2026 23:29:38 RAM 6294/7620MB (lfb 1x2MB) SWAP 559/5858MB (cached 0MB) CPU [50%@1510,43%@1510,43%@1510,42%@1510,39%@729,35%@729] GR3D_FREQ 0% cpu@53.562C soc2@52.093C soc0@50.281C gpu@52.593C tj@53.562C soc1@52.031C VDD_IN 6388mW/7138mW VDD_CPU_GPU_CV 1465mW/1921mW VDD_SOC 1663mW/1739mW
10-08-2026 23:29:39 RAM 6343/7620MB (lfb 2x128kB) SWAP 559/5858MB (cached 0MB) CPU [47%@1190,57%@1190,63%@1190,70%@1190,53%@1510,53%@1510] GR3D_FREQ 64% cpu@54.187C soc2@52.25C soc0@50.562C gpu@53.125C tj@54.187C soc1@52.125C VDD_IN 8848mW/7143mW VDD_CPU_GPU_CV 3045mW/1925mW VDD_SOC 1941mW/1739mW
10-08-2026 23:29:40 RAM 6356/7620MB (lfb 2x128kB) SWAP 559/5858MB (cached 0MB) CPU [72%@1190,50%@1190,55%@1190,52%@1190,69%@1510,64%@1510] GR3D_FREQ 50% cpu@54.062C soc2@52.5C soc0@50.718C gpu@53.281C tj@54.062C soc1@52.343C VDD_IN 9166mW/7149mW VDD_CPU_GPU_CV 3282mW/1929mW VDD_SOC 1980mW/1740mW
10-08-2026 23:29:41 RAM 6173/7620MB (lfb 1x1MB) SWAP 559/5858MB (cached 0MB) CPU [62%@729,46%@729,42%@729,44%@729,66%@1510,50%@1510] GR3D_FREQ 0% cpu@54.031C soc2@52.375C soc0@50.531C gpu@52.843C tj@54.031C soc1@52.281C VDD_IN 7499mW/7151mW VDD_CPU_GPU_CV 2214mW/1930mW VDD_SOC 1782mW/1740mW
10-08-2026 23:29:42 RAM 6188/7620MB (lfb 2x1MB) SWAP 559/5858MB (cached 0MB) CPU [46%@1510,46%@1510,33%@1510,36%@1510,50%@729,59%@729] GR3D_FREQ 0% cpu@53.781C soc2@52.156C soc0@50.437C gpu@52.687C tj@53.781C soc1@52.25C VDD_IN 6586mW/7149mW VDD_CPU_GPU_CV 1584mW/1929mW VDD_SOC 1663mW/1740mW
10-08-2026 23:29:43 RAM 6285/7620MB (lfb 2x1MB) SWAP 559/5858MB (cached 0MB) CPU [72%@1510,67%@1510,48%@1510,61%@1510,71%@960,66%@960] GR3D_FREQ 54% cpu@54.156C soc2@52.687C soc0@50.781C gpu@52.843C tj@54.218C soc1@52.156C VDD_IN 9047mW/7155mW VDD_CPU_GPU_CV 3203mW/1933mW VDD_SOC 1980mW/1741mW
10-08-2026 23:29:44 RAM 6362/7620MB (lfb 2x1MB) SWAP 559/5858MB (cached 0MB) CPU [64%@1510,68%@1510,58%@1510,59%@1510,70%@1344,65%@1344] GR3D_FREQ 56% cpu@54.5C soc2@52.687C soc0@50.812C gpu@53.312C tj@54.312C soc1@52.375C VDD_IN 9468mW/7162mW VDD_CPU_GPU_CV 3480mW/1937mW VDD_SOC 2060mW/1742mW
10-08-2026 23:29:45 RAM 6377/7620MB (lfb 2x1MB) SWAP 559/5858MB (cached 0MB) CPU [37%@1510,38%@1510,46%@1510,43%@1510,54%@1036,46%@1036] GR3D_FREQ 1% cpu@53.906C soc2@52.25C soc0@50.687C gpu@52.812C tj@54.093C soc1@52.312C VDD_IN 6824mW/7161mW VDD_CPU_GPU_CV 1779mW/1937mW VDD_SOC 1703mW/1742mW
10-08-2026 23:29:46 RAM 6389/7620MB (lfb 1865x32kB) SWAP 559/5858MB (cached 0MB) CPU [62%@1510,60%@1510,51%@1510,63%@1510,62%@960,66%@960] GR3D_FREQ 53% cpu@54.343C soc2@52.75C soc0@50.843C gpu@53C tj@54.343C soc1@52.343C VDD_IN 9007mW/7166mW VDD_CPU_GPU_CV 3164mW/1941mW VDD_SOC 1980mW/1742mW
10-08-2026 23:29:47 RAM 6389/7620MB (lfb 1865x32kB) SWAP 559/5858MB (cached 0MB) CPU [71%@1510,55%@1510,59%@1510,55%@1510,57%@960,76%@960] GR3D_FREQ 49% cpu@54.468C soc2@52.812C soc0@50.812C gpu@53.156C tj@54.468C soc1@52.406C VDD_IN 9364mW/7173mW VDD_CPU_GPU_CV 3401mW/1945mW VDD_SOC 1980mW/1743mW
10-08-2026 23:29:48 RAM 6333/7620MB (lfb 5x512kB) SWAP 559/5858MB (cached 0MB) CPU [51%@1510,40%@1510,43%@1510,37%@1510,41%@729,40%@729] GR3D_FREQ 0% cpu@53.718C soc2@52.281C soc0@50.687C gpu@52.812C tj@53.718C soc1@52.406C VDD_IN 6586mW/7171mW VDD_CPU_GPU_CV 1624mW/1944mW VDD_SOC 1624mW/1743mW
10-08-2026 23:29:49 RAM 6394/7620MB (lfb 7x128kB) SWAP 559/5858MB (cached 0MB) CPU [18%@1510,20%@1510,7%@1510,11%@1510,65%@1420,62%@1420] GR3D_FREQ 51% cpu@53.687C soc2@52.343C soc0@50.906C gpu@52.812C tj@53.687C soc1@52.375C VDD_IN 7340mW/7172mW VDD_CPU_GPU_CV 1941mW/1944mW VDD_SOC 1782mW/1743mW
10-08-2026 23:29:50 RAM 5957/7620MB (lfb 1x2MB) SWAP 559/5858MB (cached 0MB) CPU [12%@1510,15%@1510,30%@1510,13%@1510,23%@1036,81%@1036] GR3D_FREQ 51% cpu@53.718C soc2@52.343C soc0@50.812C gpu@52.781C tj@53.718C soc1@52.312C VDD_IN 7102mW/7171mW VDD_CPU_GPU_CV 1743mW/1944mW VDD_SOC 1785mW/1743mW
10-08-2026 23:29:51 RAM 5966/7620MB (lfb 2x4MB) SWAP 559/5858MB (cached 0MB) CPU [10%@1510,12%@1510,7%@1510,11%@1510,10%@1497,79%@1497] GR3D_FREQ 45% cpu@54C soc2@52.218C soc0@50.625C gpu@52.843C tj@54C soc1@52.343C VDD_IN 6705mW/7170mW VDD_CPU_GPU_CV 1545mW/1942mW VDD_SOC 1663mW/1743mW
10-08-2026 23:29:52 RAM 5967/7620MB (lfb 2x4MB) SWAP 559/5858MB (cached 0MB) CPU [9%@1510,6%@1510,6%@1510,12%@1510,0%@1510,81%@1510] GR3D_FREQ 39% cpu@53.625C soc2@52.156C soc0@50.687C gpu@52.937C tj@53.625C soc1@52.343C VDD_IN 6666mW/7169mW VDD_CPU_GPU_CV 1545mW/1941mW VDD_SOC 1666mW/1742mW
10-08-2026 23:29:53 RAM 5967/7620MB (lfb 2x4MB) SWAP 559/5858MB (cached 0MB) CPU [13%@729,9%@729,9%@1510,11%@1510,1%@1510,80%@1510] GR3D_FREQ 32% cpu@53.718C soc2@52.125C soc0@50.781C gpu@52.906C tj@53.718C soc1@52.343C VDD_IN 6666mW/7167mW VDD_CPU_GPU_CV 1545mW/1940mW VDD_SOC 1666mW/1742mW
10-08-2026 23:29:54 RAM 5967/7620MB (lfb 2x4MB) SWAP 559/5858MB (cached 0MB) CPU [10%@729,10%@729,5%@1510,12%@1510,12%@1510,66%@1510] GR3D_FREQ 39% cpu@53.75C soc2@52.156C soc0@50.625C gpu@52.687C tj@53.75C soc1@52.156C VDD_IN 6705mW/7166mW VDD_CPU_GPU_CV 1584mW/1939mW VDD_SOC 1666mW/1742mW
10-08-2026 23:29:55 RAM 5991/7620MB (lfb 9x2MB) SWAP 559/5858MB (cached 0MB) CPU [26%@1510,20%@1510,31%@1510,27%@1510,23%@729,49%@729] GR3D_FREQ 19% cpu@53.718C soc2@52.25C soc0@50.531C gpu@52.687C tj@53.718C soc1@52.25C VDD_IN 6626mW/7164mW VDD_CPU_GPU_CV 1663mW/1938mW VDD_SOC 1624mW/1742mW
10-08-2026 23:29:56 RAM 5997/7620MB (lfb 9x2MB) SWAP 559/5858MB (cached 0MB) CPU [47%@1510,40%@1510,41%@1510,39%@1510,38%@1267,52%@1267] GR3D_FREQ 3% cpu@53.843C soc2@52.125C soc0@50.5C gpu@52.562C tj@53.843C soc1@52.281C VDD_IN 6467mW/7162mW VDD_CPU_GPU_CV 1584mW/1937mW VDD_SOC 1584mW/1741mW
10-08-2026 23:29:57 RAM 5997/7620MB (lfb 9x2MB) SWAP 559/5858MB (cached 0MB) CPU [42%@729,41%@1510,42%@1510,43%@1510,28%@1190,68%@1190] GR3D_FREQ 22% cpu@53.75C soc2@52.156C soc0@50.625C gpu@52.75C tj@53.75C soc1@52.281C VDD_IN 6507mW/7160mW VDD_CPU_GPU_CV 1584mW/1936mW VDD_SOC 1624mW/1741mW
10-08-2026 23:29:58 RAM 5997/7620MB (lfb 9x2MB) SWAP 559/5858MB (cached 0MB) CPU [36%@1190,40%@1510,51%@1510,37%@1510,50%@729,43%@729] GR3D_FREQ 8% cpu@53.593C soc2@52.25C soc0@50.468C gpu@52.812C tj@53.875C soc1@52.218C VDD_IN 6467mW/7158mW VDD_CPU_GPU_CV 1545mW/1935mW VDD_SOC 1663mW/1741mW
10-08-2026 23:29:59 RAM 6056/7620MB (lfb 9x2MB) SWAP 559/5858MB (cached 0MB) CPU [38%@1267,50%@1510,52%@1510,53%@1510,58%@1497,58%@1497] GR3D_FREQ 55% cpu@53.906C soc2@52.406C soc0@50.625C gpu@52.75C tj@53.906C soc1@52.187C VDD_IN 8134mW/7161mW VDD_CPU_GPU_CV 2610mW/1937mW VDD_SOC 1861mW/1741mW
10-08-2026 23:30:00 RAM 6015/7620MB (lfb 18x2MB) SWAP 559/5858MB (cached 0MB) CPU [52%@1510,63%@1510,65%@1510,67%@1510,60%@1497,73%@1497] GR3D_FREQ 55% cpu@54.125C soc2@52.687C soc0@50.906C gpu@53.156C tj@54.125C soc1@52.406C VDD_IN 9523mW/7168mW VDD_CPU_GPU_CV 3480mW/1941mW VDD_SOC 2060mW/1742mW
10-08-2026 23:30:01 RAM 6091/7620MB (lfb 18x2MB) SWAP 559/5858MB (cached 0MB) CPU [63%@1113,55%@1113,59%@1510,50%@1510,62%@729,59%@729] GR3D_FREQ 0% cpu@54.25C soc2@52.5C soc0@50.75C gpu@53.125C tj@54.25C soc1@52.281C VDD_IN 8253mW/7171mW VDD_CPU_GPU_CV 2729mW/1944mW VDD_SOC 1822mW/1742mW
10-08-2026 23:30:02 RAM 6099/7620MB (lfb 18x2MB) SWAP 559/5858MB (cached 0MB) CPU [41%@1510,39%@1510,57%@1510,52%@1510,55%@883,54%@883] GR3D_FREQ 57% cpu@54.187C soc2@52.468C soc0@50.656C gpu@53.031C tj@54.187C soc1@52.312C VDD_IN 7380mW/7172mW VDD_CPU_GPU_CV 2214mW/1944mW VDD_SOC 1706mW/1742mW
10-08-2026 23:30:03 RAM 6202/7620MB (lfb 15x2MB) SWAP 559/5858MB (cached 0MB) CPU [57%@1510,53%@1510,63%@1510,75%@1510,61%@1510,67%@1510] GR3D_FREQ 78% cpu@54.343C soc2@52.781C soc0@50.812C gpu@53.031C tj@54.343C soc1@52.5C VDD_IN 9285mW/7178mW VDD_CPU_GPU_CV 3401mW/1949mW VDD_SOC 1941mW/1743mW
10-08-2026 23:30:04 RAM 6305/7620MB (lfb 15x2MB) SWAP 559/5858MB (cached 0MB) CPU [67%@1510,55%@1510,57%@1510,61%@1510,66%@1190,67%@1190] GR3D_FREQ 11% cpu@54.531C soc2@52.687C soc0@50.937C gpu@53.125C tj@54.531C soc1@52.406C VDD_IN 9007mW/7183mW VDD_CPU_GPU_CV 3243mW/1952mW VDD_SOC 1901mW/1743mW
10-08-2026 23:30:05 RAM 6313/7620MB (lfb 15x2MB) SWAP 559/5858MB (cached 0MB) CPU [34%@1190,29%@1190,27%@1190,27%@1190,68%@729,25%@729] GR3D_FREQ 11% cpu@54.25C soc2@52.468C soc0@50.625C gpu@53.062C tj@54.25C soc1@52.281C VDD_IN 6705mW/7181mW VDD_CPU_GPU_CV 1703mW/1952mW VDD_SOC 1624mW/1743mW
10-08-2026 23:30:06 RAM 6384/7620MB (lfb 7x512kB) SWAP 559/5858MB (cached 0MB) CPU [66%@1510,51%@1510,47%@1510,63%@1510,50%@1420,68%@1420] GR3D_FREQ 71% cpu@54.25C soc2@52.687C soc0@50.75C gpu@53.218C tj@54.25C soc1@52.406C VDD_IN 8848mW/7186mW VDD_CPU_GPU_CV 3124mW/1955mW VDD_SOC 1901mW/1743mW
10-08-2026 23:30:07 RAM 6418/7620MB (lfb 2039x32kB) SWAP 560/5858MB (cached 0MB) CPU [51%@1510,66%@1510,54%@1510,57%@1510,70%@1113,80%@1113] GR3D_FREQ 55% cpu@54.562C soc2@52.812C soc0@51C gpu@53.375C tj@54.562C soc1@52.625C VDD_IN 9245mW/7192mW VDD_CPU_GPU_CV 3401mW/1959mW VDD_SOC 1941mW/1744mW
10-08-2026 23:30:08 RAM 6458/7620MB (lfb 1x256kB) SWAP 560/5858MB (cached 0MB) CPU [57%@1510,44%@1510,63%@1510,52%@1510,43%@1036,69%@1036] GR3D_FREQ 0% cpu@54.125C soc2@52.593C soc0@50.906C gpu@53.062C tj@54.125C soc1@52.437C VDD_IN 7459mW/7193mW VDD_CPU_GPU_CV 2254mW/1960mW VDD_SOC 1703mW/1744mW
10-08-2026 23:30:09 RAM 6461/7620MB (lfb 1866x32kB) SWAP 560/5858MB (cached 0MB) CPU [34%@1510,56%@1510,48%@1510,54%@1510,53%@1113,58%@1113] GR3D_FREQ 59% cpu@54.375C soc2@52.562C soc0@50.875C gpu@53.281C tj@54.375C soc1@52.437C VDD_IN 7975mW/7195mW VDD_CPU_GPU_CV 2570mW/1962mW VDD_SOC 1782mW/1744mW
10-08-2026 23:30:10 RAM 6463/7620MB (lfb 1921x32kB) SWAP 560/5858MB (cached 0MB) CPU [66%@1510,59%@1510,57%@1510,62%@1510,77%@1420,47%@1420] GR3D_FREQ 83% cpu@54.656C soc2@52.875C soc0@51.031C gpu@53.531C tj@54.656C soc1@52.593C VDD_IN 9324mW/7201mW VDD_CPU_GPU_CV 3441mW/1966mW VDD_SOC 1941mW/1744mW
10-08-2026 23:30:11 RAM 6463/7620MB (lfb 1921x32kB) SWAP 560/5858MB (cached 0MB) CPU [53%@1510,54%@1510,51%@1510,61%@1510,68%@729,57%@729] GR3D_FREQ 1% cpu@54.343C soc2@52.687C soc0@51.125C gpu@53.125C tj@54.343C soc1@52.531C VDD_IN 8094mW/7204mW VDD_CPU_GPU_CV 2610mW/1968mW VDD_SOC 1782mW/1744mW
10-08-2026 23:30:12 RAM 6463/7620MB (lfb 1913x32kB) SWAP 560/5858MB (cached 0MB) CPU [58%@1510,47%@1510,35%@1510,36%@1510,38%@1190,54%@1190] GR3D_FREQ 74% cpu@54.281C soc2@52.593C soc0@50.781C gpu@53.062C tj@54.281C soc1@52.437C VDD_IN 7063mW/7203mW VDD_CPU_GPU_CV 2017mW/1968mW VDD_SOC 1663mW/1744mW
10-08-2026 23:30:13 RAM 6463/7620MB (lfb 1913x32kB) SWAP 560/5858MB (cached 0MB) CPU [21%@1510,38%@1510,16%@1510,65%@1510,15%@729,38%@729] GR3D_FREQ 45% cpu@54.125C soc2@52.875C soc0@50.968C gpu@53.062C tj@54.125C soc1@52.437C VDD_IN 7737mW/7205mW VDD_CPU_GPU_CV 2254mW/1969mW VDD_SOC 1822mW/1744mW
10-08-2026 23:30:14 RAM 6464/7620MB (lfb 1898x32kB) SWAP 560/5858MB (cached 0MB) CPU [14%@729,47%@729,29%@729,18%@729,20%@883,57%@883] GR3D_FREQ 21% cpu@53.812C soc2@52.5C soc0@50.968C gpu@53.093C tj@53.812C soc1@52.625C VDD_IN 7459mW/7205mW VDD_CPU_GPU_CV 2056mW/1969mW VDD_SOC 1782mW/1744mW
10-08-2026 23:30:15 RAM 6151/7620MB (lfb 1x4MB) SWAP 560/5858MB (cached 0MB) CPU [15%@729,35%@1510,29%@1510,18%@1510,23%@1420,44%@1420] GR3D_FREQ 38% cpu@53.843C soc2@52.375C soc0@51C gpu@53.25C tj@53.843C soc1@52.312C VDD_IN 7102mW/7205mW VDD_CPU_GPU_CV 1703mW/1968mW VDD_SOC 1782mW/1745mW
10-08-2026 23:30:16 RAM 6153/7620MB (lfb 1x4MB) SWAP 560/5858MB (cached 0MB) CPU [10%@1510,8%@1510,13%@1510,9%@1510,2%@1420,80%@1420] GR3D_FREQ 52% cpu@53.937C soc2@52.437C soc0@50.875C gpu@53.281C tj@53.937C soc1@52.406C VDD_IN 6705mW/7204mW VDD_CPU_GPU_CV 1545mW/1967mW VDD_SOC 1666mW/1744mW
10-08-2026 23:30:17 RAM 6153/7620MB (lfb 1x4MB) SWAP 560/5858MB (cached 0MB) CPU [19%@729,7%@729,10%@729,8%@729,0%@1420,80%@1420] GR3D_FREQ 55% cpu@53.75C soc2@52.218C soc0@50.75C gpu@53.25C tj@53.75C soc1@52.375C VDD_IN 6666mW/7202mW VDD_CPU_GPU_CV 1545mW/1966mW VDD_SOC 1663mW/1744mW
10-08-2026 23:30:18 RAM 6153/7620MB (lfb 1x4MB) SWAP 560/5858MB (cached 0MB) CPU [11%@1510,8%@1510,16%@1510,9%@1510,1%@1497,81%@1497] GR3D_FREQ 51% cpu@53.75C soc2@52.281C soc0@50.812C gpu@52.968C tj@53.75C soc1@52.406C VDD_IN 6705mW/7201mW VDD_CPU_GPU_CV 1545mW/1965mW VDD_SOC 1666mW/1744mW
10-08-2026 23:30:19 RAM 6153/7620MB (lfb 1x4MB) SWAP 560/5858MB (cached 0MB) CPU [9%@1510,9%@1510,16%@1510,7%@1510,2%@1497,79%@1497] GR3D_FREQ 43% cpu@53.843C soc2@52.218C soc0@50.906C gpu@52.937C tj@53.843C soc1@52.281C VDD_IN 6705mW/7200mW VDD_CPU_GPU_CV 1584mW/1964mW VDD_SOC 1663mW/1744mW
10-08-2026 23:30:20 RAM 6154/7620MB (lfb 1x4MB) SWAP 560/5858MB (cached 0MB) CPU [16%@1510,4%@1510,5%@1510,6%@1510,22%@1510,66%@1510] GR3D_FREQ 38% cpu@54.062C soc2@52.312C soc0@50.687C gpu@52.718C tj@54.062C soc1@52.343C VDD_IN 6705mW/7198mW VDD_CPU_GPU_CV 1584mW/1962mW VDD_SOC 1663mW/1743mW
10-08-2026 23:30:21 RAM 6154/7620MB (lfb 1x4MB) SWAP 560/5858MB (cached 0MB) CPU [10%@729,8%@1510,7%@1510,16%@1510,16%@1510,69%@1510] GR3D_FREQ 41% cpu@53.875C soc2@52.187C soc0@50.687C gpu@52.812C tj@53.781C soc1@52.281C VDD_IN 6705mW/7197mW VDD_CPU_GPU_CV 1584mW/1961mW VDD_SOC 1663mW/1743mW
10-08-2026 23:30:22 RAM 6154/7620MB (lfb 1x4MB) SWAP 560/5858MB (cached 0MB) CPU [8%@1510,7%@1510,12%@1510,10%@1510,4%@1510,80%@1510] GR3D_FREQ 39% cpu@53.656C soc2@52.156C soc0@50.781C gpu@52.812C tj@53.656C soc1@52.406C VDD_IN 6745mW/7196mW VDD_CPU_GPU_CV 1584mW/1960mW VDD_SOC 1663mW/1743mW
10-08-2026 23:30:23 RAM 6154/7620MB (lfb 1x4MB) SWAP 560/5858MB (cached 0MB) CPU [14%@1497,4%@1497,12%@1497,11%@1497,5%@729,69%@729] GR3D_FREQ 44% cpu@53.593C soc2@52.218C soc0@50.812C gpu@52.875C tj@53.593C soc1@52.312C VDD_IN 6705mW/7194mW VDD_CPU_GPU_CV 1545mW/1959mW VDD_SOC 1703mW/1743mW
10-08-2026 23:30:24 RAM 6230/7620MB (lfb 5x2MB) SWAP 560/5858MB (cached 0MB) CPU [32%@729,40%@729,31%@729,38%@729,31%@1190,33%@1190] GR3D_FREQ 1% cpu@53.843C soc2@52.218C soc0@50.562C gpu@52.937C tj@53.843C soc1@52.218C VDD_IN 6388mW/7192mW VDD_CPU_GPU_CV 1505mW/1958mW VDD_SOC 1584mW/1742mW
10-08-2026 23:30:25 RAM 6236/7620MB (lfb 5x2MB) SWAP 560/5858MB (cached 0MB) CPU [34%@806,39%@806,42%@806,36%@806,58%@1267,24%@1267] GR3D_FREQ 28% cpu@54.031C soc2@52.156C soc0@50.531C gpu@52.843C tj@54.031C soc1@52.218C VDD_IN 6348mW/7190mW VDD_CPU_GPU_CV 1505mW/1957mW VDD_SOC 1587mW/1742mW
10-08-2026 23:30:26 RAM 6236/7620MB (lfb 5x2MB) SWAP 560/5858MB (cached 0MB) CPU [34%@729,39%@729,43%@729,44%@729,38%@1190,35%@1190] GR3D_FREQ 14% cpu@53.687C soc2@52.156C soc0@50.468C gpu@52.562C tj@53.687C soc1@52.312C VDD_IN 6190mW/7187mW VDD_CPU_GPU_CV 1386mW/1955mW VDD_SOC 1587mW/1742mW
10-08-2026 23:30:27 RAM 6236/7620MB (lfb 5x2MB) SWAP 560/5858MB (cached 0MB) CPU [33%@1113,43%@1510,33%@1510,39%@1510,33%@1344,48%@1344] GR3D_FREQ 0% cpu@53.656C soc2@52.218C soc0@50.687C gpu@52.593C tj@53.656C soc1@52.218C VDD_IN 6269mW/7185mW VDD_CPU_GPU_CV 1426mW/1954mW VDD_SOC 1584mW/1741mW
10-08-2026 23:30:28 RAM 6167/7620MB (lfb 1x2MB) SWAP 560/5858MB (cached 0MB) CPU [55%@1344,51%@1344,48%@1344,58%@1344,57%@1510,49%@1510] GR3D_FREQ 62% cpu@54.437C soc2@52.656C soc0@50.656C gpu@52.968C tj@54.437C soc1@52.281C VDD_IN 8491mW/7188mW VDD_CPU_GPU_CV 2887mW/1956mW VDD_SOC 1861mW/1742mW
10-08-2026 23:30:29 RAM 6267/7620MB (lfb 2x2MB) SWAP 560/5858MB (cached 0MB) CPU [55%@1344,59%@1344,56%@1344,64%@1344,66%@729,64%@729] GR3D_FREQ 50% cpu@54.062C soc2@52.593C soc0@50.781C gpu@53C tj@54.062C soc1@52.312C VDD_IN 9126mW/7193mW VDD_CPU_GPU_CV 3282mW/1960mW VDD_SOC 1901mW/1742mW
10-08-2026 23:30:30 RAM 6331/7620MB (lfb 2x2MB) SWAP 560/5858MB (cached 0MB) CPU [40%@1190,36%@1190,53%@1190,50%@1190,61%@806,44%@806] GR3D_FREQ 24% cpu@53.875C soc2@52.406C soc0@50.75C gpu@52.843C tj@53.875C soc1@52.593C VDD_IN 7023mW/7193mW VDD_CPU_GPU_CV 1898mW/1960mW VDD_SOC 1663mW/1742mW
10-08-2026 23:30:31 RAM 6331/7620MB (lfb 2x2MB) SWAP 560/5858MB (cached 0MB) CPU [29%@729,22%@729,48%@729,35%@729,36%@1497,39%@1497] GR3D_FREQ 27% cpu@53.843C soc2@52.218C soc0@50.75C gpu@52.687C tj@53.843C soc1@52.343C VDD_IN 6150mW/7190mW VDD_CPU_GPU_CV 1346mW/1958mW VDD_SOC 1584mW/1741mW
10-08-2026 23:30:32 RAM 6377/7620MB (lfb 2x2MB) SWAP 560/5858MB (cached 0MB) CPU [40%@1510,50%@1510,53%@1510,53%@1510,57%@1190,40%@1190] GR3D_FREQ 69% cpu@54.468C soc2@52.718C soc0@50.75C gpu@52.937C tj@54.093C soc1@52.437C VDD_IN 8491mW/7194mW VDD_CPU_GPU_CV 2847mW/1960mW VDD_SOC 1861mW/1742mW
10-08-2026 23:30:33 RAM 6469/7620MB (lfb 3x1MB) SWAP 560/5858MB (cached 0MB) CPU [43%@1510,61%@1510,56%@1510,76%@1510,59%@1510,60%@1510] GR3D_FREQ 60% cpu@54.281C soc2@52.843C soc0@50.937C gpu@53.093C tj@54.375C soc1@52.625C VDD_IN 9126mW/7199mW VDD_CPU_GPU_CV 3322mW/1964mW VDD_SOC 1941mW/1742mW
10-08-2026 23:30:34 RAM 6522/7620MB (lfb 11x512kB) SWAP 560/5858MB (cached 0MB) CPU [50%@1510,47%@1510,55%@1510,33%@1510,45%@960,53%@960] GR3D_FREQ 0% cpu@53.968C soc2@52.468C soc0@50.75C gpu@52.843C tj@53.875C soc1@52.468C VDD_IN 6983mW/7198mW VDD_CPU_GPU_CV 1898mW/1964mW VDD_SOC 1663mW/1742mW
10-08-2026 23:30:35 RAM 6458/7620MB (lfb 1x2MB) SWAP 560/5858MB (cached 0MB) CPU [40%@1510,44%@1510,52%@1510,52%@1510,32%@729,56%@729] GR3D_FREQ 49% cpu@54.375C soc2@52.656C soc0@50.718C gpu@53.093C tj@54.125C soc1@52.406C VDD_IN 7261mW/7198mW VDD_CPU_GPU_CV 2096mW/1964mW VDD_SOC 1703mW/1742mW
10-08-2026 23:30:36 RAM 6527/7620MB (lfb 1x512kB) SWAP 560/5858MB (cached 0MB) CPU [49%@1510,60%@1510,68%@1510,55%@1510,64%@1510,69%@1510] GR3D_FREQ 34% cpu@54.531C soc2@52.906C soc0@51.062C gpu@53.281C tj@54.625C soc1@52.593C VDD_IN 9205mW/7204mW VDD_CPU_GPU_CV 3361mW/1968mW VDD_SOC 1941mW/1742mW
10-08-2026 23:30:37 RAM 6540/7620MB (lfb 2x64kB) SWAP 560/5858MB (cached 0MB) CPU [49%@1510,42%@1510,56%@1510,78%@1510,52%@729,58%@729] GR3D_FREQ 0% cpu@54.093C soc2@52.625C soc0@51C gpu@53.062C tj@54.093C soc1@52.437C VDD_IN 8451mW/7207mW VDD_CPU_GPU_CV 2847mW/1970mW VDD_SOC 1822mW/1743mW
10-08-2026 23:30:38 RAM 6502/7620MB (lfb 1x256kB) SWAP 560/5858MB (cached 0MB) CPU [60%@1510,47%@1510,38%@1510,27%@1510,37%@1344,41%@1344] GR3D_FREQ 26% cpu@54.25C soc2@52.5C soc0@50.75C gpu@52.906C tj@54.156C soc1@52.531C VDD_IN 6586mW/7205mW VDD_CPU_GPU_CV 1663mW/1969mW VDD_SOC 1624mW/1742mW
10-08-2026 23:30:39 RAM 6546/7620MB (lfb 1837x32kB) SWAP 560/5858MB (cached 0MB) CPU [48%@1510,48%@1510,63%@1510,59%@1510,63%@960,48%@960] GR3D_FREQ 55% cpu@54.281C soc2@52.687C soc0@51C gpu@53.375C tj@54.375C soc1@52.562C VDD_IN 8650mW/7209mW VDD_CPU_GPU_CV 2966mW/1972mW VDD_SOC 1901mW/1743mW
10-08-2026 23:30:40 RAM 6546/7620MB (lfb 1837x32kB) SWAP 560/5858MB (cached 0MB) CPU [41%@1344,57%@1344,65%@1344,46%@1344,69%@1190,73%@1190] GR3D_FREQ 0% cpu@54.375C soc2@52.812C soc0@51.093C gpu@53.437C tj@54.375C soc1@52.625C VDD_IN 9047mW/7214mW VDD_CPU_GPU_CV 3243mW/1975mW VDD_SOC 1941mW/1743mW
10-08-2026 23:30:41 RAM 6547/7620MB (lfb 1833x32kB) SWAP 560/5858MB (cached 0MB) CPU [27%@1510,19%@1510,31%@1510,39%@1510,48%@806,35%@806] GR3D_FREQ 0% cpu@54C soc2@52.562C soc0@50.812C gpu@53C tj@54C soc1@52.531C VDD_IN 6388mW/7212mW VDD_CPU_GPU_CV 1505mW/1974mW VDD_SOC 1584mW/1743mW
10-08-2026 23:30:42 RAM 6547/7620MB (lfb 1833x32kB) SWAP 560/5858MB (cached 0MB) CPU [36%@1510,24%@1510,41%@1510,54%@1510,54%@729,38%@729] GR3D_FREQ 58% cpu@54.343C soc2@52.656C soc0@50.781C gpu@53C tj@54.343C soc1@52.531C VDD_IN 7182mW/7212mW VDD_CPU_GPU_CV 2017mW/1974mW VDD_SOC 1703mW/1743mW
10-08-2026 23:30:43 RAM 6547/7620MB (lfb 1833x32kB) SWAP 560/5858MB (cached 0MB) CPU [64%@1510,41%@1510,45%@1510,52%@1510,55%@1420,58%@1420] GR3D_FREQ 71% cpu@54.437C soc2@52.718C soc0@51.062C gpu@53.187C tj@54.437C soc1@52.687C VDD_IN 8848mW/7216mW VDD_CPU_GPU_CV 3085mW/1977mW VDD_SOC 1901mW/1743mW
10-08-2026 23:30:44 RAM 6547/7620MB (lfb 1826x32kB) SWAP 560/5858MB (cached 0MB) CPU [76%@1190,28%@1510,46%@1510,42%@1510,53%@1113,49%@1113] GR3D_FREQ 27% cpu@54.187C soc2@52.687C soc0@51.093C gpu@53.343C tj@54.187C soc1@52.625C VDD_IN 7777mW/7217mW VDD_CPU_GPU_CV 2412mW/1978mW VDD_SOC 1782mW/1743mW
10-08-2026 23:30:45 RAM 6523/7620MB (lfb 9x128kB) SWAP 560/5858MB (cached 0MB) CPU [16%@960,35%@960,28%@960,35%@960,32%@729,36%@729] GR3D_FREQ 46% cpu@54C soc2@52.593C soc0@50.968C gpu@53.343C tj@54C soc1@52.593C VDD_IN 7221mW/7217mW VDD_CPU_GPU_CV 1861mW/1978mW VDD_SOC 1782mW/1743mW
10-08-2026 23:30:46 RAM 6037/7620MB (lfb 1x2MB) SWAP 560/5858MB (cached 0MB) CPU [21%@1510,11%@1510,32%@1510,37%@1510,41%@1190,34%@1190] GR3D_FREQ 50% cpu@53.843C soc2@52.406C soc0@51C gpu@53.093C tj@53.843C soc1@52.562C VDD_IN 6944mW/7216mW VDD_CPU_GPU_CV 1584mW/1977mW VDD_SOC 1743mW/1743mW
10-08-2026 23:30:47 RAM 6045/7620MB (lfb 4x4MB) SWAP 560/5858MB (cached 0MB) CPU [30%@1510,7%@1510,13%@1510,24%@1510,10%@1510,73%@1510] GR3D_FREQ 45% cpu@53.906C soc2@52.406C soc0@51.062C gpu@53C tj@53.906C soc1@52.687C VDD_IN 6824mW/7215mW VDD_CPU_GPU_CV 1584mW/1976mW VDD_SOC 1706mW/1743mW
10-08-2026 23:30:48 RAM 6045/7620MB (lfb 4x4MB) SWAP 560/5858MB (cached 0MB) CPU [16%@1510,9%@1510,45%@1510,24%@1510,4%@729,32%@729] GR3D_FREQ 25% cpu@53.906C soc2@52.437C soc0@51.031C gpu@53.031C tj@53.906C soc1@52.406C VDD_IN 6705mW/7214mW VDD_CPU_GPU_CV 1545mW/1975mW VDD_SOC 1703mW/1743mW
10-08-2026 23:30:49 RAM 6045/7620MB (lfb 4x4MB) SWAP 560/5858MB (cached 0MB) CPU [22%@1510,58%@1510,18%@1510,14%@1510,3%@729,9%@729] GR3D_FREQ 33% cpu@54C soc2@52.531C soc0@50.781C gpu@53.343C tj@54C soc1@52.5C VDD_IN 6705mW/7213mW VDD_CPU_GPU_CV 1584mW/1974mW VDD_SOC 1706mW/1743mW
10-08-2026 23:30:50 RAM 6045/7620MB (lfb 4x4MB) SWAP 560/5858MB (cached 0MB) CPU [22%@1510,7%@1510,9%@1510,12%@1510,7%@1510,80%@1510] GR3D_FREQ 42% cpu@53.906C soc2@52.343C soc0@50.906C gpu@53.281C tj@53.906C soc1@52.5C VDD_IN 6705mW/7212mW VDD_CPU_GPU_CV 1584mW/1973mW VDD_SOC 1663mW/1743mW
10-08-2026 23:30:51 RAM 6045/7620MB (lfb 4x4MB) SWAP 560/5858MB (cached 0MB) CPU [23%@729,10%@729,7%@729,8%@729,5%@1497,81%@1497] GR3D_FREQ 33% cpu@53.843C soc2@52.343C soc0@50.968C gpu@53.312C tj@53.906C soc1@52.593C VDD_IN 6745mW/7210mW VDD_CPU_GPU_CV 1584mW/1972mW VDD_SOC 1706mW/1743mW
10-08-2026 23:30:52 RAM 6045/7620MB (lfb 4x4MB) SWAP 560/5858MB (cached 0MB) CPU [13%@1510,8%@1510,22%@1510,12%@1510,6%@1497,81%@1497] GR3D_FREQ 63% cpu@53.906C soc2@52.281C soc0@50.937C gpu@52.906C tj@53.906C soc1@52.343C VDD_IN 6745mW/7209mW VDD_CPU_GPU_CV 1584mW/1971mW VDD_SOC 1663mW/1742mW
10-08-2026 23:30:53 RAM 6112/7620MB (lfb 5x4MB) SWAP 560/5858MB (cached 0MB) CPU [14%@1510,20%@1510,15%@1510,25%@1510,26%@1344,60%@1344] GR3D_FREQ 8% cpu@53.906C soc2@52.406C soc0@50.75C gpu@52.968C tj@53.906C soc1@52.531C VDD_IN 6626mW/7208mW VDD_CPU_GPU_CV 1624mW/1970mW VDD_SOC 1624mW/1742mW
10-08-2026 23:30:54 RAM 6123/7620MB (lfb 5x4MB) SWAP 560/5858MB (cached 0MB) CPU [27%@1267,42%@1267,53%@1267,42%@1267,33%@729,40%@729] GR3D_FREQ 6% cpu@54.125C soc2@52.468C soc0@50.718C gpu@52.937C tj@54.125C soc1@52.5C VDD_IN 6388mW/7206mW VDD_CPU_GPU_CV 1505mW/1969mW VDD_SOC 1584mW/1742mW
10-08-2026 23:30:55 RAM 6125/7620MB (lfb 5x4MB) SWAP 560/5858MB (cached 0MB) CPU [36%@1510,46%@1510,38%@1510,49%@1510,41%@883,56%@883] GR3D_FREQ 0% cpu@53.906C soc2@52.312C soc0@50.75C gpu@52.75C tj@53.906C soc1@52.531C VDD_IN 6547mW/7204mW VDD_CPU_GPU_CV 1624mW/1968mW VDD_SOC 1584mW/1741mW
10-08-2026 23:30:56 RAM 6125/7620MB (lfb 5x4MB) SWAP 560/5858MB (cached 0MB) CPU [44%@1267,47%@1510,42%@1510,51%@1510,43%@729,43%@729] GR3D_FREQ 0% cpu@54.156C soc2@52.468C soc0@50.812C gpu@52.875C tj@54.156C soc1@52.468C VDD_IN 6785mW/7203mW VDD_CPU_GPU_CV 1822mW/1968mW VDD_SOC 1624mW/1741mW
10-08-2026 23:30:57 RAM 6159/7620MB (lfb 5x4MB) SWAP 560/5858MB (cached 0MB) CPU [50%@1510,63%@1510,44%@1510,51%@1510,44%@1344,57%@1344] GR3D_FREQ 52% cpu@54.562C soc2@52.906C soc0@50.75C gpu@53C tj@54.562C soc1@52.437C VDD_IN 7816mW/7205mW VDD_CPU_GPU_CV 2531mW/1969mW VDD_SOC 1743mW/1741mW
10-08-2026 23:30:58 RAM 6258/7620MB (lfb 5x4MB) SWAP 560/5858MB (cached 0MB) CPU [60%@1510,53%@1510,63%@1510,65%@1510,70%@1510,70%@1510] GR3D_FREQ 70% cpu@54.562C soc2@53C soc0@51.031C gpu@53.25C tj@54.562C soc1@52.625C VDD_IN 9364mW/7210mW VDD_CPU_GPU_CV 3480mW/1973mW VDD_SOC 1941mW/1742mW
10-08-2026 23:30:59 RAM 6356/7620MB (lfb 5x4MB) SWAP 560/5858MB (cached 0MB) CPU [60%@883,49%@883,55%@883,54%@883,71%@729,67%@729] GR3D_FREQ 27% cpu@54.406C soc2@52.75C soc0@51.031C gpu@53.25C tj@54.406C soc1@52.687C VDD_IN 8451mW/7213mW VDD_CPU_GPU_CV 2887mW/1975mW VDD_SOC 1861mW/1742mW
10-08-2026 23:31:00 RAM 6356/7620MB (lfb 5x4MB) SWAP 560/5858MB (cached 0MB) CPU [42%@806,46%@806,39%@806,58%@806,47%@1510,35%@1510] GR3D_FREQ 8% cpu@54.375C soc2@52.593C soc0@50.937C gpu@53C tj@54.375C soc1@52.562C VDD_IN 6745mW/7212mW VDD_CPU_GPU_CV 1779mW/1975mW VDD_SOC 1624mW/1742mW
10-08-2026 23:31:01 RAM 6422/7620MB (lfb 5x4MB) SWAP 560/5858MB (cached 0MB) CPU [51%@1036,49%@1036,64%@1036,63%@1036,62%@1420,74%@1420] GR3D_FREQ 41% cpu@54.781C soc2@52.937C soc0@51.031C gpu@53.156C tj@54.781C soc1@52.625C VDD_IN 8967mW/7216mW VDD_CPU_GPU_CV 3203mW/1978mW VDD_SOC 1901mW/1742mW
10-08-2026 23:31:02 RAM 6531/7620MB (lfb 1x1MB) SWAP 560/5858MB (cached 0MB) CPU [60%@1510,55%@1497,58%@1497,58%@1497,62%@1510,73%@1510] GR3D_FREQ 61% cpu@54.75C soc2@53.031C soc0@51.187C gpu@53.343C tj@54.75C soc1@52.718C VDD_IN 9547mW/7222mW VDD_CPU_GPU_CV 3553mW/1981mW VDD_SOC 1980mW/1743mW
10-08-2026 23:31:03 RAM 6532/7620MB (lfb 1x1MB) SWAP 560/5858MB (cached 0MB) CPU [53%@1267,45%@1267,45%@1267,30%@1267,46%@729,50%@729] GR3D_FREQ 0% cpu@54.343C soc2@52.687C soc0@51.062C gpu@53.25C tj@54.343C soc1@52.875C VDD_IN 7023mW/7221mW VDD_CPU_GPU_CV 1938mW/1981mW VDD_SOC 1663mW/1742mW
10-08-2026 23:31:04 RAM 6453/7620MB (lfb 1x2MB) SWAP 560/5858MB (cached 0MB) CPU [42%@1510,53%@1510,66%@1510,60%@1510,44%@1510,57%@1510] GR3D_FREQ 34% cpu@54.781C soc2@52.875C soc0@51.062C gpu@53.187C tj@54.781C soc1@52.625C VDD_IN 8174mW/7224mW VDD_CPU_GPU_CV 2729mW/1983mW VDD_SOC 1782mW/1742mW
10-08-2026 23:31:05 RAM 6565/7620MB (lfb 1x1MB) SWAP 560/5858MB (cached 0MB) CPU [53%@1510,52%@1510,68%@1510,59%@1510,54%@1510,74%@1344] GR3D_FREQ 47% cpu@54.625C soc2@52.968C soc0@51.187C gpu@53.281C tj@54.625C soc1@52.781C VDD_IN 9151mW/7228mW VDD_CPU_GPU_CV 3361mW/1987mW VDD_SOC 1941mW/1743mW
10-08-2026 23:31:06 RAM 6633/7620MB (lfb 1x512kB) SWAP 560/5858MB (cached 0MB) CPU [49%@960,39%@960,56%@960,63%@960,55%@729,71%@729] GR3D_FREQ 28% cpu@54.375C soc2@52.875C soc0@51.25C gpu@53.281C tj@54.375C soc1@52.875C VDD_IN 8174mW/7231mW VDD_CPU_GPU_CV 2689mW/1988mW VDD_SOC 1822mW/1743mW
10-08-2026 23:31:07 RAM 6617/7620MB (lfb 1x2MB) SWAP 560/5858MB (cached 0MB) CPU [52%@1510,41%@1510,56%@1510,38%@1510,37%@1510,43%@1510] GR3D_FREQ 7% cpu@54.562C soc2@52.812C soc0@51.218C gpu@53.281C tj@54.562C soc1@52.625C VDD_IN 6824mW/7230mW VDD_CPU_GPU_CV 1822mW/1988mW VDD_SOC 1624mW/1743mW
10-08-2026 23:31:08 RAM 6657/7620MB (lfb 1828x32kB) SWAP 560/5858MB (cached 0MB) CPU [47%@1510,33%@1510,79%@1510,34%@1510,38%@1036,46%@1036] GR3D_FREQ 69% cpu@54.312C soc2@52.75C soc0@51.093C gpu@53.375C tj@54.312C soc1@52.75C VDD_IN 7261mW/7230mW VDD_CPU_GPU_CV 1977mW/1988mW VDD_SOC 1703mW/1743mW
10-08-2026 23:31:09 RAM 6590/7620MB (lfb 4x256kB) SWAP 560/5858MB (cached 0MB) CPU [52%@1510,57%@1510,53%@1510,66%@1510,59%@1497,68%@1497] GR3D_FREQ 49% cpu@54.687C soc2@52.968C soc0@51.25C gpu@53.375C tj@54.687C soc1@52.812C VDD_IN 8928mW/7234mW VDD_CPU_GPU_CV 3124mW/1991mW VDD_SOC 1901mW/1743mW
10-08-2026 23:31:10 RAM 6600/7620MB (lfb 1995x32kB) SWAP 560/5858MB (cached 0MB) CPU [33%@1510,44%@1510,55%@1510,53%@1510,60%@729,51%@729] GR3D_FREQ 0% cpu@54.375C soc2@52.968C soc0@51.312C gpu@53.187C tj@54.375C soc1@52.75C VDD_IN 7182mW/7234mW VDD_CPU_GPU_CV 2017mW/1991mW VDD_SOC 1703mW/1743mW
10-08-2026 23:31:11 RAM 6607/7620MB (lfb 1996x32kB) SWAP 560/5858MB (cached 0MB) CPU [58%@1510,41%@1510,50%@1510,60%@1510,49%@729,43%@729] GR3D_FREQ 61% cpu@54.875C soc2@52.937C soc0@51.125C gpu@53.437C tj@54.875C soc1@52.656C VDD_IN 7896mW/7235mW VDD_CPU_GPU_CV 2531mW/1992mW VDD_SOC 1782mW/1743mW
10-08-2026 23:31:12 RAM 6648/7620MB (lfb 1909x32kB) SWAP 560/5858MB (cached 0MB) CPU [70%@1510,54%@1510,69%@1510,61%@1510,75%@729,51%@729] GR3D_FREQ 68% cpu@54.875C soc2@53.125C soc0@51.281C gpu@53.687C tj@54.687C soc1@52.843C VDD_IN 9309mW/7240mW VDD_CPU_GPU_CV 3401mW/1995mW VDD_SOC 1941mW/1744mW
10-08-2026 23:31:13 RAM 6651/7620MB (lfb 1909x32kB) SWAP 560/5858MB (cached 0MB) CPU [34%@1113,39%@1113,12%@1113,38%@1113,45%@729,37%@729] GR3D_FREQ 67% cpu@54.156C soc2@52.968C soc0@51.375C gpu@53.656C tj@54.218C soc1@52.906C VDD_IN 7697mW/7242mW VDD_CPU_GPU_CV 2214mW/1996mW VDD_SOC 1822mW/1744mW
10-08-2026 23:31:14 RAM 6449/7620MB (lfb 1x1MB) SWAP 560/5858MB (cached 0MB) CPU [35%@1510,38%@1510,16%@1510,13%@1510,12%@960,73%@960] GR3D_FREQ 8% cpu@54.156C soc2@52.875C soc0@51.406C gpu@53.218C tj@54.156C soc1@52.687C VDD_IN 6864mW/7241mW VDD_CPU_GPU_CV 1624mW/1995mW VDD_SOC 1743mW/1744mW
10-08-2026 23:31:15 RAM 6240/7620MB (lfb 1x4MB) SWAP 560/5858MB (cached 0MB) CPU [21%@1510,11%@1510,4%@1510,14%@1510,31%@1510,77%@1510] GR3D_FREQ 45% cpu@54.25C soc2@52.75C soc0@51.093C gpu@53.281C tj@54.25C soc1@52.687C VDD_IN 6904mW/7240mW VDD_CPU_GPU_CV 1624mW/1994mW VDD_SOC 1743mW/1744mW
10-08-2026 23:31:16 RAM 6242/7620MB (lfb 1x4MB) SWAP 560/5858MB (cached 0MB) CPU [8%@729,15%@729,6%@729,9%@729,0%@1510,82%@1510] GR3D_FREQ 39% cpu@54.312C soc2@52.625C soc0@51.062C gpu@53.218C tj@54.312C soc1@52.75C VDD_IN 6705mW/7239mW VDD_CPU_GPU_CV 1584mW/1993mW VDD_SOC 1663mW/1744mW
10-08-2026 23:31:17 RAM 6242/7620MB (lfb 1x4MB) SWAP 560/5858MB (cached 0MB) CPU [16%@1510,9%@1510,8%@1510,6%@1510,28%@1510,55%@1510] GR3D_FREQ 44% cpu@54.062C soc2@52.593C soc0@51.156C gpu@53.437C tj@54.062C soc1@52.75C VDD_IN 6705mW/7237mW VDD_CPU_GPU_CV 1584mW/1992mW VDD_SOC 1703mW/1744mW
10-08-2026 23:31:18 RAM 6242/7620MB (lfb 1x4MB) SWAP 560/5858MB (cached 0MB) CPU [15%@1510,15%@1510,7%@1510,29%@1510,4%@729,47%@729] GR3D_FREQ 39% cpu@54.031C soc2@52.656C soc0@51.218C gpu@53.437C tj@54.031C soc1@52.625C VDD_IN 6705mW/7236mW VDD_CPU_GPU_CV 1584mW/1991mW VDD_SOC 1663mW/1743mW
10-08-2026 23:31:19 RAM 6243/7620MB (lfb 1x4MB) SWAP 560/5858MB (cached 0MB) CPU [24%@1510,9%@1510,9%@1510,66%@1510,7%@729,7%@729] GR3D_FREQ 66% cpu@54.25C soc2@52.687C soc0@51.031C gpu@53.5C tj@54.25C soc1@52.625C VDD_IN 6745mW/7235mW VDD_CPU_GPU_CV 1584mW/1990mW VDD_SOC 1663mW/1743mW
10-08-2026 23:31:20 RAM 6244/7620MB (lfb 1x4MB) SWAP 560/5858MB (cached 0MB) CPU [21%@729,37%@729,10%@729,19%@729,3%@1510,30%@1510] GR3D_FREQ 36% cpu@54.031C soc2@52.687C soc0@51C gpu@53.437C tj@54.031C soc1@52.75C VDD_IN 6745mW/7234mW VDD_CPU_GPU_CV 1584mW/1989mW VDD_SOC 1663mW/1743mW
10-08-2026 23:31:21 RAM 6244/7620MB (lfb 1x4MB) SWAP 560/5858MB (cached 0MB) CPU [15%@1510,15%@1510,17%@1510,10%@1510,14%@729,48%@729] GR3D_FREQ 42% cpu@54.343C soc2@52.625C soc0@51.125C gpu@53.156C tj@54.031C soc1@52.625C VDD_IN 6745mW/7233mW VDD_CPU_GPU_CV 1582mW/1988mW VDD_SOC 1663mW/1743mW
10-08-2026 23:31:22 RAM 6244/7620MB (lfb 1x4MB) SWAP 560/5858MB (cached 0MB) CPU [30%@1510,16%@1510,28%@1510,36%@1510,0%@729,6%@729] GR3D_FREQ 42% cpu@53.906C soc2@52.625C soc0@51.062C gpu@53.187C tj@53.906C soc1@52.812C VDD_IN 6745mW/7231mW VDD_CPU_GPU_CV 1584mW/1987mW VDD_SOC 1703mW/1743mW
10-08-2026 23:31:23 RAM 6308/7620MB (lfb 12x1MB) SWAP 560/5858MB (cached 0MB) CPU [48%@1510,45%@1510,21%@1510,33%@1510,21%@806,26%@806] GR3D_FREQ 1% cpu@53.937C soc2@52.531C soc0@51.156C gpu@53.125C tj@53.937C soc1@52.625C VDD_IN 6388mW/7229mW VDD_CPU_GPU_CV 1465mW/1986mW VDD_SOC 1587mW/1742mW
10-08-2026 23:31:24 RAM 6309/7620MB (lfb 12x1MB) SWAP 560/5858MB (cached 0MB) CPU [51%@729,45%@729,37%@729,41%@729,37%@729,23%@729] GR3D_FREQ 0% cpu@54.093C soc2@52.687C soc0@50.906C gpu@53.437C tj@54.093C soc1@52.625C VDD_IN 6269mW/7227mW VDD_CPU_GPU_CV 1426mW/1985mW VDD_SOC 1584mW/1742mW
10-08-2026 23:31:25 RAM 6310/7620MB (lfb 12x1MB) SWAP 560/5858MB (cached 0MB) CPU [40%@1113,37%@1113,41%@1113,40%@1113,40%@1036,41%@1036] GR3D_FREQ 0% cpu@53.906C soc2@52.468C soc0@50.968C gpu@52.906C tj@53.906C soc1@52.656C VDD_IN 6388mW/7225mW VDD_CPU_GPU_CV 1545mW/1984mW VDD_SOC 1584mW/1742mW
10-08-2026 23:31:26 RAM 6310/7620MB (lfb 12x1MB) SWAP 560/5858MB (cached 0MB) CPU [28%@729,29%@729,57%@729,39%@729,39%@960,27%@960] GR3D_FREQ 1% cpu@54C soc2@52.562C soc0@50.906C gpu@52.968C tj@54C soc1@52.812C VDD_IN 6348mW/7223mW VDD_CPU_GPU_CV 1505mW/1983mW VDD_SOC 1584mW/1741mW
10-08-2026 23:31:27 RAM 6311/7620MB (lfb 12x1MB) SWAP 560/5858MB (cached 0MB) CPU [21%@1510,51%@1510,39%@1510,36%@1510,42%@1344,42%@1344] GR3D_FREQ 31% cpu@54C soc2@52.5C soc0@51.093C gpu@53.031C tj@54C soc1@52.562C VDD_IN 6269mW/7221mW VDD_CPU_GPU_CV 1426mW/1981mW VDD_SOC 1584mW/1741mW
10-08-2026 23:31:28 RAM 6398/7620MB (lfb 4x1MB) SWAP 560/5858MB (cached 0MB) CPU [42%@1510,47%@1510,45%@1510,64%@1510,52%@1267,66%@1267] GR3D_FREQ 76% cpu@54.75C soc2@52.687C soc0@51.031C gpu@53.218C tj@54.75C soc1@52.562C VDD_IN 8213mW/7223mW VDD_CPU_GPU_CV 2729mW/1983mW VDD_SOC 1822mW/1741mW
10-08-2026 23:31:29 RAM 6492/7620MB (lfb 4x1MB) SWAP 560/5858MB (cached 0MB) CPU [33%@729,29%@729,30%@729,17%@1510,49%@960,20%@960] GR3D_FREQ 61% cpu@53.906C soc2@52.656C soc0@51.093C gpu@53.093C tj@53.906C soc1@52.718C VDD_IN 7658mW/7224mW VDD_CPU_GPU_CV 2214mW/1984mW VDD_SOC 1822mW/1741mW
10-08-2026 23:31:30 RAM 6554/7620MB (lfb 2x1MB) SWAP 560/5858MB (cached 0MB) CPU [23%@1510,26%@1510,34%@1510,9%@1510,31%@883,52%@883] GR3D_FREQ 37% cpu@53.906C soc2@52.625C soc0@51.218C gpu@53.125C tj@53.906C soc1@52.75C VDD_IN 7142mW/7224mW VDD_CPU_GPU_CV 1822mW/1983mW VDD_SOC 1743mW/1741mW
10-08-2026 23:31:31 RAM 6531/7620MB (lfb 1x2MB) SWAP 560/5858MB (cached 0MB) CPU [16%@1510,52%@1510,20%@1510,14%@1510,6%@729,7%@729] GR3D_FREQ 29% cpu@54C soc2@52.5C soc0@51.125C gpu@53.062C tj@54C soc1@52.5C VDD_IN 6626mW/7223mW VDD_CPU_GPU_CV 1505mW/1982mW VDD_SOC 1663mW/1741mW
10-08-2026 23:31:32 RAM 6532/7620MB (lfb 1x2MB) SWAP 560/5858MB (cached 0MB) CPU [9%@1510,12%@1510,4%@1510,75%@1510,0%@729,3%@729] GR3D_FREQ 37% cpu@53.968C soc2@52.687C soc0@50.937C gpu@53.062C tj@53.812C soc1@52.531C VDD_IN 6626mW/7221mW VDD_CPU_GPU_CV 1545mW/1981mW VDD_SOC 1663mW/1741mW
10-08-2026 23:31:33 RAM 6532/7620MB (lfb 1x2MB) SWAP 560/5858MB (cached 0MB) CPU [11%@729,6%@729,8%@1510,12%@1510,6%@1510,67%@1510] GR3D_FREQ 32% cpu@54.343C soc2@52.468C soc0@50.968C gpu@53.156C tj@53.937C soc1@52.625C VDD_IN 6626mW/7220mW VDD_CPU_GPU_CV 1545mW/1980mW VDD_SOC 1663mW/1741mW
10-08-2026 23:31:34 RAM 6545/7620MB (lfb 4x1MB) SWAP 560/5858MB (cached 0MB) CPU [52%@1420,33%@1420,32%@1420,24%@1420,33%@729,14%@729] GR3D_FREQ 17% cpu@54.062C soc2@52.437C soc0@50.937C gpu@53.093C tj@54.062C soc1@52.718C VDD_IN 6547mW/7218mW VDD_CPU_GPU_CV 1584mW/1979mW VDD_SOC 1624mW/1740mW
10-08-2026 23:31:35 RAM 6545/7620MB (lfb 4x1MB) SWAP 560/5858MB (cached 0MB) CPU [42%@1113,47%@1113,52%@1113,39%@1113,35%@1190,47%@1190] GR3D_FREQ 31% cpu@54.062C soc2@52.5C soc0@50.718C gpu@52.875C tj@54.062C soc1@52.531C VDD_IN 6547mW/7217mW VDD_CPU_GPU_CV 1624mW/1978mW VDD_SOC 1624mW/1740mW
10-08-2026 23:31:36 RAM 6545/7620MB (lfb 4x1MB) SWAP 560/5858MB (cached 0MB) CPU [37%@729,43%@729,50%@729,46%@729,34%@883,53%@883] GR3D_FREQ 11% cpu@54.187C soc2@52.437C soc0@50.843C gpu@52.906C tj@54.187C soc1@52.562C VDD_IN 6626mW/7216mW VDD_CPU_GPU_CV 1703mW/1978mW VDD_SOC 1624mW/1740mW
10-08-2026 23:31:37 RAM 6545/7620MB (lfb 4x1MB) SWAP 560/5858MB (cached 0MB) CPU [39%@1036,32%@1036,49%@1036,44%@1036,52%@729,38%@729] GR3D_FREQ 10% cpu@53.843C soc2@52.468C soc0@50.843C gpu@52.906C tj@53.843C soc1@52.625C VDD_IN 6507mW/7214mW VDD_CPU_GPU_CV 1624mW/1977mW VDD_SOC 1584mW/1740mW
10-08-2026 23:31:38 RAM 6325/7620MB (lfb 1x2MB) SWAP 560/5858MB (cached 0MB) CPU [43%@1510,47%@1510,71%@1510,50%@1510,47%@1510,68%@1510] GR3D_FREQ 50% cpu@54.375C soc2@52.687C soc0@51.093C gpu@53.218C tj@54.375C soc1@52.625C VDD_IN 8491mW/7217mW VDD_CPU_GPU_CV 2926mW/1979mW VDD_SOC 1822mW/1740mW
10-08-2026 23:31:39 RAM 6427/7620MB (lfb 2x2MB) SWAP 560/5858MB (cached 0MB) CPU [54%@1420,57%@1420,69%@1420,62%@1420,69%@1510,69%@1510] GR3D_FREQ 9% cpu@54.843C soc2@53.031C soc0@50.968C gpu@53.437C tj@54.843C soc1@52.625C VDD_IN 9507mW/7222mW VDD_CPU_GPU_CV 3559mW/1983mW VDD_SOC 1980mW/1740mW
10-08-2026 23:31:40 RAM 6495/7620MB (lfb 2x2MB) SWAP 560/5858MB (cached 0MB) CPU [60%@960,48%@960,59%@960,38%@960,61%@729,67%@729] GR3D_FREQ 0% cpu@54.25C soc2@52.625C soc0@51.156C gpu@53.343C tj@54.25C soc1@52.812C VDD_IN 7697mW/7223mW VDD_CPU_GPU_CV 2373mW/1984mW VDD_SOC 1743mW/1740mW
10-08-2026 23:31:42 RAM 6500/7620MB (lfb 2x2MB) SWAP 560/5858MB (cached 0MB) CPU [50%@1510,39%@1510,55%@1510,54%@1510,49%@729,47%@729] GR3D_FREQ 71% cpu@54.593C soc2@52.781C soc0@51.187C gpu@53.343C tj@54.593C soc1@52.593C VDD_IN 7658mW/7224mW VDD_CPU_GPU_CV 2373mW/1984mW VDD_SOC 1743mW/1740mW
10-08-2026 23:31:43 RAM 6585/7620MB (lfb 7x1MB) SWAP 560/5858MB (cached 0MB) CPU [59%@1510,54%@1510,65%@1510,66%@1510,62%@1267,63%@1267] GR3D_FREQ 57% cpu@54.718C soc2@53.25C soc0@51.093C gpu@53.5C tj@54.625C soc1@52.718C VDD_IN 9190mW/7228mW VDD_CPU_GPU_CV 3361mW/1988mW VDD_SOC 1941mW/1741mW
10-08-2026 23:31:44 RAM 6660/7620MB (lfb 10x1MB) SWAP 560/5858MB (cached 0MB) CPU [62%@1510,38%@1510,56%@1510,58%@1510,64%@729,57%@729] GR3D_FREQ 9% cpu@54.281C soc2@52.812C soc0@51.093C gpu@53.25C tj@54.281C soc1@52.812C VDD_IN 8319mW/7231mW VDD_CPU_GPU_CV 2768mW/1989mW VDD_SOC 1822mW/1741mW
10-08-2026 23:31:45 RAM 6660/7620MB (lfb 10x1MB) SWAP 560/5858MB (cached 0MB) CPU [34%@883,41%@1510,48%@1510,34%@1510,34%@1190,54%@1190] GR3D_FREQ 0% cpu@54.187C soc2@52.718C soc0@51.187C gpu@53.281C tj@54.187C soc1@52.656C VDD_IN 6467mW/7229mW VDD_CPU_GPU_CV 1542mW/1988mW VDD_SOC 1624mW/1741mW
10-08-2026 23:31:46 RAM 6747/7620MB (lfb 5x128kB) SWAP 560/5858MB (cached 0MB) CPU [22%@1510,47%@1510,15%@1510,29%@1510,27%@1344,58%@1344] GR3D_FREQ 44% cpu@54.312C soc2@52.75C soc0@51.062C gpu@53.375C tj@54.312C soc1@52.718C VDD_IN 7301mW/7229mW VDD_CPU_GPU_CV 1901mW/1988mW VDD_SOC 1782mW/1741mW
10-08-2026 23:31:47 RAM 6754/7620MB (lfb 2093x32kB) SWAP 560/5858MB (cached 0MB) CPU [24%@806,15%@806,44%@1510,12%@1510,60%@1510,25%@1510] GR3D_FREQ 35% cpu@54.125C soc2@52.812C soc0@51.218C gpu@53.187C tj@54.125C soc1@52.75C VDD_IN 7856mW/7231mW VDD_CPU_GPU_CV 2294mW/1989mW VDD_SOC 1822mW/1741mW
10-08-2026 23:31:48 RAM 6555/7620MB (lfb 3x2MB) SWAP 560/5858MB (cached 0MB) CPU [14%@729,9%@729,12%@729,18%@729,9%@1510,68%@1510] GR3D_FREQ 43% cpu@54.125C soc2@52.625C soc0@51.218C gpu@53.156C tj@54.125C soc1@52.75C VDD_IN 6745mW/7230mW VDD_CPU_GPU_CV 1545mW/1988mW VDD_SOC 1706mW/1741mW
10-08-2026 23:31:49 RAM 6556/7620MB (lfb 3x2MB) SWAP 560/5858MB (cached 0MB) CPU [11%@729,10%@729,4%@1510,5%@1510,0%@1497,80%@1497] GR3D_FREQ 61% cpu@54.281C soc2@52.625C soc0@50.937C gpu@53.375C tj@54.281C soc1@52.625C VDD_IN 6705mW/7229mW VDD_CPU_GPU_CV 1545mW/1987mW VDD_SOC 1663mW/1741mW
10-08-2026 23:31:50 RAM 6556/7620MB (lfb 3x2MB) SWAP 560/5858MB (cached 0MB) CPU [7%@1510,13%@1510,3%@1510,4%@1510,31%@1510,57%@1510] GR3D_FREQ 47% cpu@53.968C soc2@52.656C soc0@51C gpu@53.312C tj@53.968C soc1@52.625C VDD_IN 6705mW/7227mW VDD_CPU_GPU_CV 1545mW/1986mW VDD_SOC 1666mW/1741mW
10-08-2026 23:31:51 RAM 6556/7620MB (lfb 3x2MB) SWAP 560/5858MB (cached 0MB) CPU [5%@1510,5%@1510,12%@1510,5%@1510,10%@1497,78%@1497] GR3D_FREQ 60% cpu@54C soc2@52.406C soc0@51C gpu@53.312C tj@54C soc1@52.687C VDD_IN 6666mW/7226mW VDD_CPU_GPU_CV 1545mW/1985mW VDD_SOC 1663mW/1740mW
10-08-2026 23:31:52 RAM 6556/7620MB (lfb 3x2MB) SWAP 560/5858MB (cached 0MB) CPU [7%@729,10%@729,8%@1510,9%@1510,9%@1510,77%@1510] GR3D_FREQ 30% cpu@53.906C soc2@52.531C soc0@51.031C gpu@53.125C tj@53.906C soc1@52.656C VDD_IN 6705mW/7225mW VDD_CPU_GPU_CV 1584mW/1984mW VDD_SOC 1663mW/1740mW
10-08-2026 23:31:53 RAM 6556/7620MB (lfb 3x2MB) SWAP 560/5858MB (cached 0MB) CPU [31%@1510,20%@1510,8%@1510,4%@1510,3%@729,47%@729] GR3D_FREQ 38% cpu@53.906C soc2@52.656C soc0@51.125C gpu@53.031C tj@53.906C soc1@52.562C VDD_IN 6705mW/7224mW VDD_CPU_GPU_CV 1545mW/1983mW VDD_SOC 1663mW/1740mW
10-08-2026 23:31:54 RAM 6556/7620MB (lfb 3x2MB) SWAP 560/5858MB (cached 0MB) CPU [9%@1510,40%@1510,45%@1510,7%@1510,0%@729,6%@729] GR3D_FREQ 35% cpu@54C soc2@52.437C soc0@50.937C gpu@53.031C tj@54C soc1@52.562C VDD_IN 6705mW/7223mW VDD_CPU_GPU_CV 1584mW/1982mW VDD_SOC 1663mW/1740mW
10-08-2026 23:31:55 RAM 6576/7620MB (lfb 6x1MB) SWAP 560/5858MB (cached 0MB) CPU [17%@1510,73%@1510,10%@1510,12%@1510,5%@1344,7%@1344] GR3D_FREQ 12% cpu@54.031C soc2@52.406C soc0@51C gpu@53.343C tj@54.031C soc1@52.562C VDD_IN 6705mW/7222mW VDD_CPU_GPU_CV 1624mW/1981mW VDD_SOC 1663mW/1740mW
10-08-2026 23:31:56 RAM 6597/7620MB (lfb 2x1MB) SWAP 560/5858MB (cached 0MB) CPU [37%@1036,47%@1036,46%@1036,29%@1036,39%@729,44%@729] GR3D_FREQ 28% cpu@54.031C soc2@52.531C soc0@50.968C gpu@53.312C tj@54.031C soc1@52.687C VDD_IN 6705mW/7220mW VDD_CPU_GPU_CV 1740mW/1981mW VDD_SOC 1624mW/1739mW
10-08-2026 23:31:57 RAM 6597/7620MB (lfb 2x1MB) SWAP 560/5858MB (cached 0MB) CPU [44%@806,50%@806,61%@806,35%@806,33%@729,43%@729] GR3D_FREQ 34% cpu@53.968C soc2@52.593C soc0@50.781C gpu@53.343C tj@53.968C soc1@52.562C VDD_IN 6507mW/7219mW VDD_CPU_GPU_CV 1584mW/1980mW VDD_SOC 1624mW/1739mW
10-08-2026 23:31:58 RAM 6597/7620MB (lfb 2x1MB) SWAP 560/5858MB (cached 0MB) CPU [35%@729,35%@1510,53%@1510,44%@1510,53%@960,42%@960] GR3D_FREQ 0% cpu@54.156C soc2@52.625C soc0@50.812C gpu@53C tj@54.156C soc1@52.625C VDD_IN 6428mW/7217mW VDD_CPU_GPU_CV 1545mW/1979mW VDD_SOC 1584mW/1739mW
10-08-2026 23:31:59 RAM 6509/7620MB (lfb 8x512kB) SWAP 560/5858MB (cached 0MB) CPU [53%@1510,40%@1510,52%@1510,45%@1510,53%@1190,44%@1190] GR3D_FREQ 0% cpu@54.406C soc2@52.625C soc0@50.843C gpu@52.937C tj@54.375C soc1@52.5C VDD_IN 6626mW/7216mW VDD_CPU_GPU_CV 1700mW/1978mW VDD_SOC 1624mW/1739mW
10-08-2026 23:32:00 RAM 6252/7620MB (lfb 4x2MB) SWAP 560/5858MB (cached 0MB) CPU [65%@1510,70%@1510,60%@1510,64%@1510,72%@960,59%@960] GR3D_FREQ 55% cpu@54.656C soc2@52.843C soc0@51.187C gpu@53.593C tj@54.656C soc1@52.593C VDD_IN 9007mW/7220mW VDD_CPU_GPU_CV 3203mW/1981mW VDD_SOC 1901mW/1739mW
10-08-2026 23:32:01 RAM 6119/7620MB (lfb 1x4MB) SWAP 560/5858MB (cached 0MB) CPU [57%@1510,59%@1510,61%@1510,60%@1510,69%@883,63%@883] GR3D_FREQ 76% cpu@54.781C soc2@53.093C soc0@51.187C gpu@53.437C tj@54.781C soc1@52.656C VDD_IN 9190mW/7224mW VDD_CPU_GPU_CV 3322mW/1984mW VDD_SOC 1941mW/1739mW
10-08-2026 23:32:02 RAM 6151/7620MB (lfb 1x4MB) SWAP 560/5858MB (cached 0MB) CPU [40%@1510,51%@1510,46%@1510,52%@1510,43%@729,51%@729] GR3D_FREQ 10% cpu@54.125C soc2@52.718C soc0@51.125C gpu@53.156C tj@54.125C soc1@52.812C VDD_IN 7063mW/7224mW VDD_CPU_GPU_CV 2017mW/1984mW VDD_SOC 1663mW/1739mW
10-08-2026 23:32:03 RAM 6220/7620MB (lfb 1x4MB) SWAP 560/5858MB (cached 0MB) CPU [51%@1510,46%@1510,53%@1510,67%@1510,52%@729,48%@729] GR3D_FREQ 0% cpu@54.156C soc2@52.812C soc0@51.156C gpu@53.281C tj@54.156C soc1@52.687C VDD_IN 7737mW/7225mW VDD_CPU_GPU_CV 2294mW/1985mW VDD_SOC 1782mW/1739mW
10-08-2026 23:32:04 RAM 6319/7620MB (lfb 1x4MB) SWAP 560/5858MB (cached 0MB) CPU [57%@1510,55%@1510,44%@1510,66%@1510,56%@1510,63%@1510] GR3D_FREQ 10% cpu@54.75C soc2@53.156C soc0@51.218C gpu@53.656C tj@54.75C soc1@52.75C VDD_IN 8928mW/7228mW VDD_CPU_GPU_CV 3164mW/1987mW VDD_SOC 1901mW/1740mW
10-08-2026 23:32:05 RAM 6382/7620MB (lfb 1x4MB) SWAP 560/5858MB (cached 0MB) CPU [56%@1510,52%@1510,61%@1510,45%@1510,60%@960,56%@960] GR3D_FREQ 0% cpu@54.687C soc2@52.812C soc0@51.125C gpu@53.656C tj@54.687C soc1@52.843C VDD_IN 7658mW/7229mW VDD_CPU_GPU_CV 2373mW/1988mW VDD_SOC 1743mW/1740mW
10-08-2026 23:32:06 RAM 6398/7620MB (lfb 4x2MB) SWAP 560/5858MB (cached 0MB) CPU [55%@1510,35%@1510,47%@1510,54%@1510,58%@1510,48%@1510] GR3D_FREQ 58% cpu@54.625C soc2@53.031C soc0@51.156C gpu@53.718C tj@54.625C soc1@52.906C VDD_IN 8055mW/7231mW VDD_CPU_GPU_CV 2610mW/1989mW VDD_SOC 1782mW/1740mW
10-08-2026 23:32:07 RAM 6504/7620MB (lfb 13x1MB) SWAP 560/5858MB (cached 0MB) CPU [57%@1510,52%@1510,53%@1510,67%@1510,63%@1510,67%@1510] GR3D_FREQ 42% cpu@54.687C soc2@53.062C soc0@51.468C gpu@53.562C tj@54.687C soc1@52.75C VDD_IN 9151mW/7235mW VDD_CPU_GPU_CV 3282mW/1992mW VDD_SOC 1941mW/1740mW
10-08-2026 23:32:08 RAM 6579/7620MB (lfb 13x1MB) SWAP 560/5858MB (cached 0MB) CPU [65%@806,48%@806,57%@806,56%@806,58%@960,58%@960] GR3D_FREQ 28% cpu@54.718C soc2@53.093C soc0@51.218C gpu@53.843C tj@54.718C soc1@52.843C VDD_IN 8213mW/7237mW VDD_CPU_GPU_CV 2689mW/1994mW VDD_SOC 1822mW/1740mW
10-08-2026 23:32:09 RAM 6579/7620MB (lfb 13x1MB) SWAP 560/5858MB (cached 0MB) CPU [35%@883,48%@883,46%@883,52%@883,56%@1510,49%@1510] GR3D_FREQ 83% cpu@54.531C soc2@52.937C soc0@51.312C gpu@53.156C tj@54.531C soc1@52.937C VDD_IN 7182mW/7237mW VDD_CPU_GPU_CV 2096mW/1994mW VDD_SOC 1663mW/1740mW
10-08-2026 23:32:10 RAM 6668/7620MB (lfb 3193x32kB) SWAP 560/5858MB (cached 0MB) CPU [61%@1267,62%@1510,56%@1510,68%@1510,72%@1510,57%@1510] GR3D_FREQ 63% cpu@55C soc2@53.312C soc0@51.406C gpu@53.656C tj@55C soc1@53.093C VDD_IN 9349mW/7242mW VDD_CPU_GPU_CV 3441mW/1997mW VDD_SOC 1980mW/1741mW
10-08-2026 23:32:11 RAM 6669/7620MB (lfb 3193x32kB) SWAP 560/5858MB (cached 0MB) CPU [61%@883,55%@883,54%@1510,51%@1510,68%@729,55%@729] GR3D_FREQ 0% cpu@54.656C soc2@53.281C soc0@51.281C gpu@53.562C tj@54.656C soc1@52.937C VDD_IN 8769mW/7245mW VDD_CPU_GPU_CV 3045mW/1999mW VDD_SOC 1861mW/1741mW
10-08-2026 23:32:12 RAM 6683/7620MB (lfb 3193x32kB) SWAP 560/5858MB (cached 0MB) CPU [22%@1510,31%@1510,29%@1510,43%@1510,59%@729,48%@729] GR3D_FREQ 55% cpu@54.093C soc2@53.031C soc0@51.312C gpu@53.5C tj@54.093C soc1@52.875C VDD_IN 6824mW/7244mW VDD_CPU_GPU_CV 1703mW/1999mW VDD_SOC 1663mW/1741mW
10-08-2026 23:32:13 RAM 6684/7620MB (lfb 3193x32kB) SWAP 560/5858MB (cached 0MB) CPU [23%@1510,7%@1510,11%@1510,66%@1510,56%@729,12%@729] GR3D_FREQ 37% cpu@54.218C soc2@53.156C soc0@51.406C gpu@53.375C tj@54.218C soc1@52.906C VDD_IN 7539mW/7245mW VDD_CPU_GPU_CV 2096mW/1999mW VDD_SOC 1822mW/1741mW
10-08-2026 23:32:14 RAM 6656/7620MB (lfb 43x2MB) SWAP 560/5858MB (cached 0MB) CPU [44%@729,49%@729,8%@729,31%@729,12%@1344,23%@1344] GR3D_FREQ 53% cpu@54.343C soc2@52.906C soc0@51.406C gpu@53.25C tj@54.343C soc1@53.093C VDD_IN 7182mW/7244mW VDD_CPU_GPU_CV 1858mW/1998mW VDD_SOC 1782mW/1741mW
10-08-2026 23:32:15 RAM 6657/7620MB (lfb 43x2MB) SWAP 560/5858MB (cached 0MB) CPU [10%@729,18%@729,6%@729,15%@729,6%@1497,79%@1497] GR3D_FREQ 52% cpu@54.218C soc2@52.843C soc0@51.218C gpu@53.25C tj@54.5C soc1@52.812C VDD_IN 6745mW/7243mW VDD_CPU_GPU_CV 1545mW/1997mW VDD_SOC 1703mW/1741mW
10-08-2026 23:32:16 RAM 6659/7620MB (lfb 43x2MB) SWAP 560/5858MB (cached 0MB) CPU [10%@1510,15%@1510,9%@1510,7%@1510,5%@1497,80%@1497] GR3D_FREQ 58% cpu@54.375C soc2@52.812C soc0@51.25C gpu@53.343C tj@54.156C soc1@52.812C VDD_IN 6785mW/7242mW VDD_CPU_GPU_CV 1624mW/1997mW VDD_SOC 1663mW/1741mW
10-08-2026 23:32:17 RAM 6660/7620MB (lfb 43x2MB) SWAP 560/5858MB (cached 0MB) CPU [12%@729,8%@1510,7%@1510,10%@1510,27%@1497,58%@1497] GR3D_FREQ 57% cpu@54.156C soc2@52.656C soc0@51.218C gpu@53.312C tj@54.156C soc1@52.812C VDD_IN 6705mW/7241mW VDD_CPU_GPU_CV 1545mW/1996mW VDD_SOC 1663mW/1741mW
10-08-2026 23:32:18 RAM 6660/7620MB (lfb 43x2MB) SWAP 560/5858MB (cached 0MB) CPU [12%@1510,11%@1510,5%@1510,12%@1510,4%@1510,80%@1510] GR3D_FREQ 38% cpu@54.218C soc2@52.75C soc0@51.218C gpu@53.375C tj@54.218C soc1@52.718C VDD_IN 6705mW/7240mW VDD_CPU_GPU_CV 1584mW/1995mW VDD_SOC 1663mW/1740mW
10-08-2026 23:32:19 RAM 6660/7620MB (lfb 43x2MB) SWAP 560/5858MB (cached 0MB) CPU [14%@1510,8%@1510,1%@1510,11%@1510,15%@729,67%@729] GR3D_FREQ 39% cpu@54.187C soc2@52.687C soc0@51.312C gpu@53.343C tj@54.187C soc1@52.718C VDD_IN 6745mW/7239mW VDD_CPU_GPU_CV 1584mW/1994mW VDD_SOC 1663mW/1740mW
10-08-2026 23:32:20 RAM 6660/7620MB (lfb 43x2MB) SWAP 560/5858MB (cached 0MB) CPU [21%@729,8%@729,3%@1510,8%@1510,23%@1510,62%@1510] GR3D_FREQ 39% cpu@54.375C soc2@52.718C soc0@51.062C gpu@53.187C tj@54.375C soc1@52.781C VDD_IN 6745mW/7238mW VDD_CPU_GPU_CV 1584mW/1993mW VDD_SOC 1703mW/1740mW
10-08-2026 23:32:21 RAM 6660/7620MB (lfb 43x2MB) SWAP 560/5858MB (cached 0MB) CPU [18%@1510,10%@1510,7%@1510,8%@1510,9%@1510,72%@1510] GR3D_FREQ 37% cpu@54.062C soc2@52.687C soc0@51.125C gpu@53.125C tj@54.062C soc1@52.812C VDD_IN 6745mW/7237mW VDD_CPU_GPU_CV 1584mW/1992mW VDD_SOC 1663mW/1740mW
10-08-2026 23:32:22 RAM 6660/7620MB (lfb 43x2MB) SWAP 560/5858MB (cached 0MB) CPU [10%@1510,13%@1510,6%@1510,7%@1510,2%@1510,81%@1510] GR3D_FREQ 42% cpu@54.093C soc2@52.625C soc0@51.187C gpu@53.375C tj@54.093C soc1@52.625C VDD_IN 6745mW/7236mW VDD_CPU_GPU_CV 1545mW/1991mW VDD_SOC 1663mW/1740mW
10-08-2026 23:32:23 RAM 6722/7620MB (lfb 25x2MB) SWAP 560/5858MB (cached 0MB) CPU [46%@729,14%@729,15%@729,16%@729,34%@729,46%@729] GR3D_FREQ 28% cpu@54.218C soc2@52.718C soc0@51.062C gpu@53.312C tj@54.218C soc1@52.687C VDD_IN 6507mW/7235mW VDD_CPU_GPU_CV 1582mW/1991mW VDD_SOC 1624mW/1740mW
10-08-2026 23:32:24 RAM 6724/7620MB (lfb 25x2MB) SWAP 560/5858MB (cached 0MB) CPU [20%@1510,43%@1510,34%@1510,39%@1510,50%@883,50%@883] GR3D_FREQ 16% cpu@54.187C soc2@52.687C soc0@51.031C gpu@53.218C tj@54.187C soc1@52.625C VDD_IN 6348mW/7233mW VDD_CPU_GPU_CV 1502mW/1990mW VDD_SOC 1584mW/1739mW
10-08-2026 23:32:25 RAM 6724/7620MB (lfb 25x2MB) SWAP 560/5858MB (cached 0MB) CPU [17%@1510,38%@1510,30%@1510,40%@1510,39%@729,57%@729] GR3D_FREQ 0% cpu@54.031C soc2@52.468C soc0@51.031C gpu@53C tj@54.031C soc1@52.781C VDD_IN 6150mW/7231mW VDD_CPU_GPU_CV 1346mW/1988mW VDD_SOC 1584mW/1739mW
10-08-2026 23:32:26 RAM 6725/7620MB (lfb 25x2MB) SWAP 560/5858MB (cached 0MB) CPU [44%@729,38%@729,34%@729,29%@729,38%@883,42%@883] GR3D_FREQ 0% cpu@54C soc2@52.531C soc0@51.093C gpu@53.031C tj@54C soc1@52.625C VDD_IN 6150mW/7228mW VDD_CPU_GPU_CV 1346mW/1987mW VDD_SOC 1545mW/1739mW
10-08-2026 23:32:27 RAM 6725/7620MB (lfb 25x2MB) SWAP 560/5858MB (cached 0MB) CPU [36%@1113,36%@1113,31%@1113,49%@1113,51%@729,59%@729] GR3D_FREQ 0% cpu@54.312C soc2@52.593C soc0@50.906C gpu@53.156C tj@54.312C soc1@52.625C VDD_IN 6428mW/7227mW VDD_CPU_GPU_CV 1545mW/1986mW VDD_SOC 1584mW/1738mW
10-08-2026 23:32:28 RAM 6755/7620MB (lfb 25x2MB) SWAP 560/5858MB (cached 0MB) CPU [63%@1510,30%@1510,49%@1510,59%@1510,52%@960,58%@960] GR3D_FREQ 55% cpu@54.343C soc2@52.75C soc0@51.031C gpu@53.125C tj@54.343C soc1@52.687C VDD_IN 7658mW/7228mW VDD_CPU_GPU_CV 2373mW/1987mW VDD_SOC 1743mW/1738mW
10-08-2026 23:32:29 RAM 6811/7620MB (lfb 2003x32kB) SWAP 560/5858MB (cached 0MB) CPU [65%@1190,58%@1190,62%@1190,65%@1190,65%@1510,60%@1510] GR3D_FREQ 56% cpu@54.718C soc2@53.156C soc0@51.062C gpu@53.593C tj@54.718C soc1@52.593C VDD_IN 9230mW/7232mW VDD_CPU_GPU_CV 3401mW/1990mW VDD_SOC 1941mW/1739mW
10-08-2026 23:32:30 RAM 6808/7620MB (lfb 2x2MB) SWAP 560/5858MB (cached 0MB) CPU [50%@1510,63%@1510,60%@1510,69%@1510,50%@1344,65%@1344] GR3D_FREQ 20% cpu@54.593C soc2@53C soc0@51.156C gpu@53.593C tj@54.593C soc1@52.812C VDD_IN 8596mW/7234mW VDD_CPU_GPU_CV 2966mW/1992mW VDD_SOC 1861mW/1739mW
10-08-2026 23:32:31 RAM 6821/7620MB (lfb 2x2MB) SWAP 560/5858MB (cached 0MB) CPU [45%@1510,36%@1510,47%@1510,41%@1510,49%@1510,51%@1510] GR3D_FREQ 10% cpu@54.406C soc2@52.687C soc0@51.187C gpu@53.406C tj@54.406C soc1@52.968C VDD_IN 6705mW/7233mW VDD_CPU_GPU_CV 1740mW/1991mW VDD_SOC 1624mW/1739mW
10-08-2026 23:32:32 RAM 6809/7620MB (lfb 4x256kB) SWAP 568/5858MB (cached 0MB) CPU [56%@1497,60%@1497,56%@1497,68%@1497,64%@1344,63%@1344] GR3D_FREQ 49% cpu@55C soc2@53.156C soc0@51.156C gpu@53.656C tj@55C soc1@52.75C VDD_IN 8769mW/7236mW VDD_CPU_GPU_CV 3085mW/1993mW VDD_SOC 1901mW/1739mW
10-08-2026 23:32:33 RAM 6830/7620MB (lfb 4x128kB) SWAP 579/5858MB (cached 0MB) CPU [63%@1510,65%@1510,42%@1510,58%@1510,72%@1510,52%@1510] GR3D_FREQ 57% cpu@54.593C soc2@53.187C soc0@51.406C gpu@53.5C tj@54.593C soc1@52.875C VDD_IN 9111mW/7240mW VDD_CPU_GPU_CV 3282mW/1996mW VDD_SOC 1941mW/1739mW
10-08-2026 23:32:34 RAM 6816/7620MB (lfb 2x256kB) SWAP 579/5858MB (cached 0MB) CPU [49%@1510,39%@1510,37%@1510,50%@1510,27%@883,39%@883] GR3D_FREQ 8% cpu@54.312C soc2@52.75C soc0@51.312C gpu@53.218C tj@54.312C soc1@52.75C VDD_IN 6705mW/7239mW VDD_CPU_GPU_CV 1700mW/1995mW VDD_SOC 1624mW/1739mW
10-08-2026 23:32:35 RAM 6211/7620MB (lfb 2x2MB) SWAP 579/5858MB (cached 0MB) CPU [45%@729,32%@1510,31%@1510,50%@1510,51%@1036,52%@1036] GR3D_FREQ 25% cpu@54.343C soc2@52.687C soc0@51.093C gpu@53.5C tj@54.343C soc1@52.718C VDD_IN 6348mW/7237mW VDD_CPU_GPU_CV 1505mW/1994mW VDD_SOC 1584mW/1739mW
10-08-2026 23:32:36 RAM 6275/7620MB (lfb 1x4MB) SWAP 579/5858MB (cached 0MB) CPU [51%@1510,55%@1510,64%@1510,71%@1510,69%@1344,66%@1344] GR3D_FREQ 30% cpu@54.937C soc2@53.062C soc0@51.218C gpu@53.656C tj@54.937C soc1@52.812C VDD_IN 8769mW/7240mW VDD_CPU_GPU_CV 3085mW/1997mW VDD_SOC 1861mW/1739mW
10-08-2026 23:32:37 RAM 6311/7620MB (lfb 2x4MB) SWAP 579/5858MB (cached 0MB) CPU [62%@960,57%@1510,66%@1510,54%@1510,51%@1510,69%@1510] GR3D_FREQ 67% cpu@54.781C soc2@53.5C soc0@51.406C gpu@53.906C tj@54.781C soc1@52.968C VDD_IN 9230mW/7244mW VDD_CPU_GPU_CV 3322mW/1999mW VDD_SOC 1941mW/1740mW
10-08-2026 23:32:38 RAM 6339/7620MB (lfb 2x4MB) SWAP 579/5858MB (cached 0MB) CPU [45%@883,47%@883,48%@883,39%@883,36%@883,49%@883] GR3D_FREQ 0% cpu@54.406C soc2@52.906C soc0@51.343C gpu@53.406C tj@54.406C soc1@52.75C VDD_IN 6745mW/7243mW VDD_CPU_GPU_CV 1700mW/1999mW VDD_SOC 1624mW/1739mW
10-08-2026 23:32:39 RAM 6352/7620MB (lfb 2x4MB) SWAP 579/5858MB (cached 0MB) CPU [29%@729,40%@729,38%@729,25%@1510,35%@1344,48%@1344] GR3D_FREQ 53% cpu@54.218C soc2@52.937C soc0@51.218C gpu@53.343C tj@54.406C soc1@52.718C VDD_IN 6586mW/7242mW VDD_CPU_GPU_CV 1545mW/1998mW VDD_SOC 1663mW/1739mW
10-08-2026 23:32:40 RAM 6436/7620MB (lfb 2x4MB) SWAP 579/5858MB (cached 0MB) CPU [15%@1510,23%@1510,12%@1510,42%@1510,12%@1420,70%@1420] GR3D_FREQ 46% cpu@54.281C soc2@53.031C soc0@51.218C gpu@53.687C tj@54.281C soc1@52.75C VDD_IN 7301mW/7242mW VDD_CPU_GPU_CV 1901mW/1998mW VDD_SOC 1782mW/1739mW
10-08-2026 23:32:41 RAM 6467/7620MB (lfb 2x4MB) SWAP 579/5858MB (cached 0MB) CPU [14%@729,27%@729,21%@729,17%@729,23%@1420,62%@1420] GR3D_FREQ 49% cpu@54.031C soc2@52.687C soc0@51.187C gpu@53.656C tj@54.031C soc1@52.875C VDD_IN 7142mW/7242mW VDD_CPU_GPU_CV 1782mW/1997mW VDD_SOC 1782mW/1739mW
10-08-2026 23:32:42 RAM 6468/7620MB (lfb 2x4MB) SWAP 579/5858MB (cached 0MB) CPU [13%@1510,12%@1510,6%@729,6%@729,24%@1497,64%@1497] GR3D_FREQ 63% cpu@54.187C soc2@52.687C soc0@51.281C gpu@53.656C tj@54.187C soc1@52.906C VDD_IN 6705mW/7241mW VDD_CPU_GPU_CV 1545mW/1996mW VDD_SOC 1663mW/1739mW
10-08-2026 23:32:43 RAM 6468/7620MB (lfb 2x4MB) SWAP 579/5858MB (cached 0MB) CPU [12%@729,9%@729,11%@1510,6%@1510,1%@1497,81%@1497] GR3D_FREQ 66% cpu@54.218C soc2@52.687C soc0@51.062C gpu@53.156C tj@54.218C soc1@52.75C VDD_IN 6705mW/7240mW VDD_CPU_GPU_CV 1545mW/1995mW VDD_SOC 1663mW/1739mW
10-08-2026 23:32:44 RAM 6468/7620MB (lfb 2x4MB) SWAP 579/5858MB (cached 0MB) CPU [16%@1510,12%@1510,6%@1510,7%@1510,13%@1497,73%@1497] GR3D_FREQ 68% cpu@54.375C soc2@52.687C soc0@51.062C gpu@53.25C tj@54.375C soc1@52.718C VDD_IN 6666mW/7239mW VDD_CPU_GPU_CV 1545mW/1994mW VDD_SOC 1663mW/1739mW
10-08-2026 23:32:45 RAM 6468/7620MB (lfb 2x4MB) SWAP 579/5858MB (cached 0MB) CPU [11%@1510,11%@1510,13%@1510,6%@1510,7%@1510,81%@1510] GR3D_FREQ 47% cpu@54.093C soc2@52.687C soc0@51.25C gpu@53.25C tj@54.093C soc1@52.75C VDD_IN 6705mW/7238mW VDD_CPU_GPU_CV 1542mW/1994mW VDD_SOC 1663mW/1739mW
10-08-2026 23:32:46 RAM 6469/7620MB (lfb 2x4MB) SWAP 579/5858MB (cached 0MB) CPU [13%@729,8%@729,12%@729,10%@1510,6%@1510,79%@1510] GR3D_FREQ 47% cpu@54.062C soc2@52.656C soc0@51.218C gpu@53.156C tj@54.062C soc1@52.843C VDD_IN 6705mW/7237mW VDD_CPU_GPU_CV 1542mW/1993mW VDD_SOC 1663mW/1739mW
10-08-2026 23:32:47 RAM 6470/7620MB (lfb 2x4MB) SWAP 579/5858MB (cached 0MB) CPU [19%@1510,8%@1510,16%@1510,11%@1510,11%@729,70%@729] GR3D_FREQ 40% cpu@54.125C soc2@52.687C soc0@51.25C gpu@53.093C tj@54.125C soc1@52.625C VDD_IN 6705mW/7236mW VDD_CPU_GPU_CV 1584mW/1992mW VDD_SOC 1663mW/1738mW
10-08-2026 23:32:48 RAM 6588/7620MB (lfb 32x1MB) SWAP 579/5858MB (cached 0MB) CPU [44%@1190,19%@1190,37%@1190,41%@1190,25%@729,13%@729] GR3D_FREQ 0% cpu@54.031C soc2@52.656C soc0@51.093C gpu@53.031C tj@54.031C soc1@52.656C VDD_IN 6467mW/7234mW VDD_CPU_GPU_CV 1542mW/1991mW VDD_SOC 1624mW/1738mW
10-08-2026 23:32:49 RAM 6588/7620MB (lfb 32x1MB) SWAP 579/5858MB (cached 0MB) CPU [44%@1510,30%@1510,53%@1510,33%@1510,45%@960,37%@960] GR3D_FREQ 12% cpu@54.125C soc2@52.531C soc0@51.062C gpu@53.156C tj@54.125C soc1@52.781C VDD_IN 6348mW/7232mW VDD_CPU_GPU_CV 1505mW/1990mW VDD_SOC 1584mW/1738mW
10-08-2026 23:32:50 RAM 6588/7620MB (lfb 32x1MB) SWAP 579/5858MB (cached 0MB) CPU [23%@1510,14%@1510,52%@1510,52%@1510,33%@729,35%@729] GR3D_FREQ 0% cpu@53.937C soc2@52.625C soc0@51.093C gpu@53.187C tj@53.937C soc1@52.656C VDD_IN 6229mW/7230mW VDD_CPU_GPU_CV 1305mW/1989mW VDD_SOC 1584mW/1738mW
10-08-2026 23:32:51 RAM 6589/7620MB (lfb 32x1MB) SWAP 579/5858MB (cached 0MB) CPU [31%@1510,42%@1510,38%@1510,55%@1510,39%@729,50%@729] GR3D_FREQ 0% cpu@54.375C soc2@52.687C soc0@51C gpu@52.968C tj@54.375C soc1@52.718C VDD_IN 6547mW/7229mW VDD_CPU_GPU_CV 1584mW/1988mW VDD_SOC 1624mW/1737mW
10-08-2026 23:32:52 RAM 6590/7620MB (lfb 32x1MB) SWAP 579/5858MB (cached 0MB) CPU [39%@1344,51%@1344,39%@1344,36%@1344,40%@729,34%@729] GR3D_FREQ 0% cpu@54.25C soc2@52.656C soc0@51C gpu@53.062C tj@54.25C soc1@52.718C VDD_IN 6586mW/7228mW VDD_CPU_GPU_CV 1661mW/1987mW VDD_SOC 1584mW/1737mW
10-08-2026 23:32:53 RAM 6647/7620MB (lfb 19x1MB) SWAP 579/5858MB (cached 0MB) CPU [56%@1510,45%@1510,53%@1510,53%@1510,51%@1510,43%@1510] GR3D_FREQ 52% cpu@54.687C soc2@53C soc0@51.156C gpu@53.375C tj@54.687C soc1@52.875C VDD_IN 8253mW/7230mW VDD_CPU_GPU_CV 2729mW/1989mW VDD_SOC 1822mW/1737mW
10-08-2026 23:32:54 RAM 6749/7620MB (lfb 6x1MB) SWAP 579/5858MB (cached 0MB) CPU [41%@1510,69%@1510,62%@1510,59%@1510,63%@1497,55%@1497] GR3D_FREQ 74% cpu@54.718C soc2@53.062C soc0@51.156C gpu@53.531C tj@54.718C soc1@52.687C VDD_IN 8967mW/7233mW VDD_CPU_GPU_CV 3164mW/1991mW VDD_SOC 1901mW/1738mW
10-08-2026 23:32:55 RAM 6821/7620MB (lfb 6x1MB) SWAP 579/5858MB (cached 0MB) CPU [44%@1510,65%@1510,48%@1510,47%@1510,49%@729,53%@729] GR3D_FREQ 0% cpu@54.5C soc2@52.843C soc0@51.156C gpu@53.281C tj@54.5C soc1@52.843C VDD_IN 7658mW/7234mW VDD_CPU_GPU_CV 2373mW/1992mW VDD_SOC 1743mW/1738mW
10-08-2026 23:32:56 RAM 6821/7620MB (lfb 6x1MB) SWAP 579/5858MB (cached 0MB) CPU [39%@729,51%@729,32%@729,34%@729,33%@729,31%@729] GR3D_FREQ 42% cpu@54.156C soc2@52.687C soc0@51.093C gpu@53.093C tj@54.156C soc1@52.781C VDD_IN 6309mW/7232mW VDD_CPU_GPU_CV 1463mW/1991mW VDD_SOC 1584mW/1737mW
10-08-2026 23:32:57 RAM 6821/7620MB (lfb 6x1MB) SWAP 579/5858MB (cached 0MB) CPU [34%@1497,35%@1497,54%@1497,43%@1497,45%@1267,35%@1267] GR3D_FREQ 40% cpu@54.375C soc2@52.656C soc0@51.187C gpu@53.187C tj@54.375C soc1@52.625C VDD_IN 6388mW/7231mW VDD_CPU_GPU_CV 1505mW/1990mW VDD_SOC 1584mW/1737mW
10-08-2026 23:32:58 RAM 6891/7620MB (lfb 12x128kB) SWAP 579/5858MB (cached 0MB) CPU [58%@1510,64%@1510,46%@1510,62%@1510,67%@1190,59%@1190] GR3D_FREQ 68% cpu@54.562C soc2@53.031C soc0@51.187C gpu@53.562C tj@54.437C soc1@52.656C VDD_IN 8715mW/7234mW VDD_CPU_GPU_CV 3005mW/1992mW VDD_SOC 1901mW/1737mW
10-08-2026 23:32:59 RAM 6898/7620MB (lfb 2026x32kB) SWAP 579/5858MB (cached 0MB) CPU [66%@1510,65%@1510,54%@1510,50%@1510,75%@1510,61%@1510] GR3D_FREQ 55% cpu@54.906C soc2@53.156C soc0@51.312C gpu@53.687C tj@54.718C soc1@52.843C VDD_IN 9388mW/7238mW VDD_CPU_GPU_CV 3435mW/1994mW VDD_SOC 1980mW/1738mW
10-08-2026 23:33:00 RAM 6895/7620MB (lfb 3x128kB) SWAP 579/5858MB (cached 0MB) CPU [36%@883,34%@883,45%@883,40%@883,38%@729,44%@729] GR3D_FREQ 0% cpu@54.187C soc2@52.718C soc0@51.156C gpu@53.187C tj@54.187C soc1@52.968C VDD_IN 6586mW/7236mW VDD_CPU_GPU_CV 1621mW/1994mW VDD_SOC 1624mW/1738mW
10-08-2026 23:33:01 RAM 6143/7620MB (lfb 4x2MB) SWAP 579/5858MB (cached 0MB) CPU [60%@1510,43%@1510,41%@1510,58%@1510,37%@1036,47%@1036] GR3D_FREQ 55% cpu@54.875C soc2@53.062C soc0@51.156C gpu@53.406C tj@54.875C soc1@52.75C VDD_IN 7221mW/7236mW VDD_CPU_GPU_CV 2135mW/1994mW VDD_SOC 1663mW/1737mW
10-08-2026 23:33:02 RAM 6258/7620MB (lfb 2x4MB) SWAP 579/5858MB (cached 0MB) CPU [54%@1510,59%@1510,60%@1510,59%@1510,66%@1510,61%@1510] GR3D_FREQ 43% cpu@54.718C soc2@53.125C soc0@51.25C gpu@53.687C tj@54.718C soc1@52.875C VDD_IN 9047mW/7240mW VDD_CPU_GPU_CV 3243mW/1996mW VDD_SOC 1941mW/1738mW
10-08-2026 23:33:03 RAM 6344/7620MB (lfb 2x4MB) SWAP 579/5858MB (cached 0MB) CPU [48%@1113,65%@1113,60%@1113,57%@1113,59%@960,64%@960] GR3D_FREQ 1% cpu@54.718C soc2@53.093C soc0@51.343C gpu@53.5C tj@54.718C soc1@53.031C VDD_IN 8953mW/7243mW VDD_CPU_GPU_CV 3164mW/1999mW VDD_SOC 1901mW/1738mW
10-08-2026 23:33:04 RAM 6377/7620MB (lfb 2x4MB) SWAP 579/5858MB (cached 0MB) CPU [16%@1510,25%@1510,23%@1510,58%@883,61%@729,17%@729] GR3D_FREQ 64% cpu@54.156C soc2@52.937C soc0@51.437C gpu@53.312C tj@54.406C soc1@52.812C VDD_IN 7340mW/7243mW VDD_CPU_GPU_CV 1977mW/1999mW VDD_SOC 1743mW/1738mW
10-08-2026 23:33:05 RAM 6428/7620MB (lfb 2x4MB) SWAP 579/5858MB (cached 0MB) CPU [12%@1510,53%@1510,11%@1510,32%@1510,47%@729,19%@729] GR3D_FREQ 12% cpu@54.218C soc2@52.843C soc0@51.312C gpu@53.343C tj@54.031C soc1@52.812C VDD_IN 7261mW/7243mW VDD_CPU_GPU_CV 1858mW/1998mW VDD_SOC 1782mW/1738mW
10-08-2026 23:33:06 RAM 6428/7620MB (lfb 2x4MB) SWAP 579/5858MB (cached 0MB) CPU [12%@1510,7%@1510,15%@1510,67%@1510,0%@729,3%@729] GR3D_FREQ 39% cpu@54.375C soc2@52.75C soc0@51.25C gpu@53.468C tj@54.375C soc1@52.906C VDD_IN 6785mW/7242mW VDD_CPU_GPU_CV 1584mW/1998mW VDD_SOC 1703mW/1738mW
10-08-2026 23:33:07 RAM 6428/7620MB (lfb 2x4MB) SWAP 579/5858MB (cached 0MB) CPU [7%@1510,21%@1510,9%@1510,31%@1510,27%@1510,18%@1510] GR3D_FREQ 33% cpu@54.156C soc2@52.687C soc0@51.25C gpu@53.562C tj@54.156C soc1@52.875C VDD_IN 6705mW/7241mW VDD_CPU_GPU_CV 1545mW/1997mW VDD_SOC 1663mW/1738mW
10-08-2026 23:33:08 RAM 6428/7620MB (lfb 2x4MB) SWAP 579/5858MB (cached 0MB) CPU [12%@1510,8%@1510,12%@1510,13%@1510,7%@1510,79%@1510] GR3D_FREQ 39% cpu@54.156C soc2@52.687C soc0@51.312C gpu@53.5C tj@54.156C soc1@52.687C VDD_IN 6745mW/7240mW VDD_CPU_GPU_CV 1584mW/1996mW VDD_SOC 1663mW/1738mW
10-08-2026 23:33:09 RAM 6428/7620MB (lfb 2x4MB) SWAP 579/5858MB (cached 0MB) CPU [10%@729,4%@729,7%@729,6%@729,7%@1510,81%@1510] GR3D_FREQ 35% cpu@54.281C soc2@52.718C soc0@51.093C gpu@53.218C tj@54.281C soc1@52.656C VDD_IN 6666mW/7239mW VDD_CPU_GPU_CV 1545mW/1995mW VDD_SOC 1663mW/1738mW
10-08-2026 23:33:10 RAM 6460/7620MB (lfb 1x4MB) SWAP 579/5858MB (cached 0MB) CPU [30%@1510,16%@1510,13%@1510,29%@1510,24%@1497,63%@1497] GR3D_FREQ 35% cpu@54.218C soc2@52.687C soc0@51.031C gpu@53.156C tj@54.218C soc1@52.781C VDD_IN 6705mW/7238mW VDD_CPU_GPU_CV 1703mW/1995mW VDD_SOC 1624mW/1738mW
10-08-2026 23:33:11 RAM 6463/7620MB (lfb 1x4MB) SWAP 579/5858MB (cached 0MB) CPU [36%@1036,44%@1036,58%@1036,46%@1036,54%@1190,30%@1190] GR3D_FREQ 36% cpu@54.25C soc2@52.687C soc0@51.156C gpu@53.156C tj@54.25C soc1@52.875C VDD_IN 6745mW/7237mW VDD_CPU_GPU_CV 1819mW/1994mW VDD_SOC 1624mW/1737mW
10-08-2026 23:33:12 RAM 6464/7620MB (lfb 1x4MB) SWAP 579/5858MB (cached 0MB) CPU [39%@883,42%@883,38%@883,45%@883,44%@729,56%@729] GR3D_FREQ 28% cpu@54.125C soc2@52.593C soc0@51.218C gpu@53.375C tj@54.125C soc1@52.656C VDD_IN 6348mW/7236mW VDD_CPU_GPU_CV 1505mW/1993mW VDD_SOC 1584mW/1737mW
10-08-2026 23:33:13 RAM 6464/7620MB (lfb 1x4MB) SWAP 579/5858MB (cached 0MB) CPU [37%@1510,56%@1510,33%@1510,44%@1510,47%@1344,50%@1344] GR3D_FREQ 0% cpu@54.5C soc2@52.687C soc0@50.937C gpu@53.437C tj@54.5C soc1@52.656C VDD_IN 6586mW/7235mW VDD_CPU_GPU_CV 1663mW/1993mW VDD_SOC 1624mW/1737mW
10-08-2026 23:33:14 RAM 6543/7620MB (lfb 1x4MB) SWAP 579/5858MB (cached 0MB) CPU [44%@1510,50%@1510,59%@1510,66%@1510,52%@1510,44%@1510] GR3D_FREQ 62% cpu@54.5C soc2@53.062C soc0@51.187C gpu@53.75C tj@54.5C soc1@52.656C VDD_IN 8213mW/7236mW VDD_CPU_GPU_CV 2729mW/1994mW VDD_SOC 1822mW/1737mW
10-08-2026 23:33:15 RAM 6642/7620MB (lfb 1x4MB) SWAP 579/5858MB (cached 0MB) CPU [76%@1510,56%@1510,67%@1510,62%@1510,67%@729,62%@729] GR3D_FREQ 1% cpu@54.843C soc2@53.125C soc0@51.312C gpu@53.468C tj@54.843C soc1@52.937C VDD_IN 9349mW/7240mW VDD_CPU_GPU_CV 3401mW/1997mW VDD_SOC 1941mW/1737mW
10-08-2026 23:33:16 RAM 6718/7620MB (lfb 1x4MB) SWAP 579/5858MB (cached 0MB) CPU [45%@1510,52%@1510,65%@1510,60%@1510,57%@960,56%@960] GR3D_FREQ 0% cpu@54.781C soc2@52.937C soc0@51.468C gpu@53.375C tj@54.781C soc1@52.812C VDD_IN 7777mW/7241mW VDD_CPU_GPU_CV 2412mW/1997mW VDD_SOC 1743mW/1737mW
10-08-2026 23:33:17 RAM 6718/7620MB (lfb 1x4MB) SWAP 579/5858MB (cached 0MB) CPU [31%@1510,44%@1510,43%@1510,66%@1510,44%@729,42%@729] GR3D_FREQ 97% cpu@54.656C soc2@52.968C soc0@51.093C gpu@53.625C tj@54.656C soc1@52.812C VDD_IN 7261mW/7241mW VDD_CPU_GPU_CV 2175mW/1998mW VDD_SOC 1663mW/1737mW
10-08-2026 23:33:18 RAM 6801/7620MB (lfb 21x1MB) SWAP 579/5858MB (cached 0MB) CPU [64%@1510,54%@1510,56%@1510,56%@1510,67%@1267,66%@1267] GR3D_FREQ 84% cpu@55.031C soc2@53.156C soc0@51.25C gpu@53.468C tj@55.031C soc1@52.875C VDD_IN 9072mW/7245mW VDD_CPU_GPU_CV 3282mW/2000mW VDD_SOC 1901mW/1738mW
10-08-2026 23:33:19 RAM 6684/7620MB (lfb 1x2MB) SWAP 579/5858MB (cached 0MB) CPU [49%@1344,57%@1344,53%@1344,52%@1344,74%@1036,53%@1036] GR3D_FREQ 35% cpu@54.562C soc2@53.156C soc0@51.406C gpu@53.406C tj@54.562C soc1@53.062C VDD_IN 8794mW/7248mW VDD_CPU_GPU_CV 3045mW/2002mW VDD_SOC 1901mW/1738mW
10-08-2026 23:33:20 RAM 6745/7620MB (lfb 4x512kB) SWAP 579/5858MB (cached 0MB) CPU [11%@729,6%@729,13%@729,9%@729,67%@1190,65%@1190] GR3D_FREQ 46% cpu@54.375C soc2@53C soc0@51.437C gpu@53.593C tj@54.375C soc1@52.937C VDD_IN 7618mW/7248mW VDD_CPU_GPU_CV 2135mW/2002mW VDD_SOC 1822mW/1738mW
10-08-2026 23:33:21 RAM 6664/7620MB (lfb 23x2MB) SWAP 579/5858MB (cached 0MB) CPU [10%@1510,11%@1510,8%@1510,6%@1510,26%@1497,66%@1497] GR3D_FREQ 36% cpu@54.468C soc2@52.781C soc0@51.312C gpu@53.375C tj@54.468C soc1@52.875C VDD_IN 6745mW/7247mW VDD_CPU_GPU_CV 1505mW/2001mW VDD_SOC 1703mW/1738mW
10-08-2026 23:33:22 RAM 6664/7620MB (lfb 23x2MB) SWAP 579/5858MB (cached 0MB) CPU [6%@1510,9%@1510,4%@1510,8%@1510,6%@1510,76%@1510] GR3D_FREQ 29% cpu@54.156C soc2@52.718C soc0@51.218C gpu@53.406C tj@54.156C soc1@52.968C VDD_IN 6666mW/7246mW VDD_CPU_GPU_CV 1545mW/2001mW VDD_SOC 1663mW/1738mW
10-08-2026 23:33:23 RAM 6664/7620MB (lfb 23x2MB) SWAP 579/5858MB (cached 0MB) CPU [8%@729,6%@729,5%@729,13%@1510,10%@1510,73%@1510] GR3D_FREQ 39% cpu@54.187C soc2@52.718C soc0@51.218C gpu@53.187C tj@54.187C soc1@53.062C VDD_IN 6666mW/7245mW VDD_CPU_GPU_CV 1545mW/2000mW VDD_SOC 1663mW/1738mW
10-08-2026 23:33:24 RAM 6664/7620MB (lfb 23x2MB) SWAP 579/5858MB (cached 0MB) CPU [18%@1497,3%@1497,24%@1497,7%@1497,3%@729,45%@729] GR3D_FREQ 56% cpu@54.093C soc2@52.718C soc0@51.187C gpu@53.156C tj@54.093C soc1@52.75C VDD_IN 6666mW/7244mW VDD_CPU_GPU_CV 1545mW/1999mW VDD_SOC 1663mW/1738mW
10-08-2026 23:33:25 RAM 6664/7620MB (lfb 23x2MB) SWAP 579/5858MB (cached 0MB) CPU [10%@1510,10%@1510,7%@729,9%@729,17%@1420,64%@1420] GR3D_FREQ 49% cpu@54.468C soc2@52.75C soc0@51.156C gpu@53.218C tj@54.468C soc1@52.843C VDD_IN 6745mW/7243mW VDD_CPU_GPU_CV 1545mW/1998mW VDD_SOC 1663mW/1737mW
10-08-2026 23:33:26 RAM 6766/7620MB (lfb 9x2MB) SWAP 579/5858MB (cached 0MB) CPU [21%@1510,30%@1510,36%@1510,30%@1510,24%@729,53%@729] GR3D_FREQ 8% cpu@54.187C soc2@52.656C soc0@51.187C gpu@53.25C tj@54.187C soc1@52.75C VDD_IN 6666mW/7242mW VDD_CPU_GPU_CV 1703mW/1998mW VDD_SOC 1624mW/1737mW
10-08-2026 23:33:27 RAM 6769/7620MB (lfb 9x2MB) SWAP 579/5858MB (cached 0MB) CPU [44%@1344,44%@1344,36%@1510,62%@1510,37%@729,34%@729] GR3D_FREQ 0% cpu@54.375C soc2@52.75C soc0@51.187C gpu@53.25C tj@54.375C soc1@52.968C VDD_IN 6705mW/7241mW VDD_CPU_GPU_CV 1743mW/1997mW VDD_SOC 1624mW/1737mW
10-08-2026 23:33:28 RAM 6770/7620MB (lfb 9x2MB) SWAP 579/5858MB (cached 0MB) CPU [46%@1190,38%@1190,36%@1190,43%@1190,44%@729,43%@729] GR3D_FREQ 0% cpu@54.25C soc2@52.781C soc0@51.062C gpu@53.281C tj@54.437C soc1@52.812C VDD_IN 6428mW/7240mW VDD_CPU_GPU_CV 1545mW/1996mW VDD_SOC 1584mW/1737mW
10-08-2026 23:33:29 RAM 6775/7620MB (lfb 7x2MB) SWAP 579/5858MB (cached 0MB) CPU [34%@1510,44%@1510,34%@1510,43%@1510,58%@1036,51%@1036] GR3D_FREQ 0% cpu@54.281C soc2@52.656C soc0@51C gpu@53.031C tj@54.093C soc1@52.75C VDD_IN 6467mW/7238mW VDD_CPU_GPU_CV 1584mW/1995mW VDD_SOC 1584mW/1736mW
10-08-2026 23:33:30 RAM 6807/7620MB (lfb 7x2MB) SWAP 579/5858MB (cached 0MB) CPU [26%@729,33%@729,32%@729,23%@729,45%@1510,68%@1510] GR3D_FREQ 0% cpu@54.375C soc2@52.656C soc0@51.093C gpu@53.125C tj@54.093C soc1@52.75C VDD_IN 6388mW/7237mW VDD_CPU_GPU_CV 1426mW/1994mW VDD_SOC 1624mW/1736mW
10-08-2026 23:33:31 RAM 6834/7620MB (lfb 5x2MB) SWAP 579/5858MB (cached 0MB) CPU [64%@1510,39%@1510,61%@1510,54%@1510,50%@1267,71%@1267] GR3D_FREQ 37% cpu@54.593C soc2@53.031C soc0@51.187C gpu@53.468C tj@54.593C soc1@52.906C VDD_IN 8332mW/7239mW VDD_CPU_GPU_CV 2768mW/1996mW VDD_SOC 1822mW/1736mW
10-08-2026 23:33:32 RAM 6848/7620MB (lfb 5x2MB) SWAP 579/5858MB (cached 0MB) CPU [50%@1510,76%@1510,50%@1510,53%@1510,55%@1420,62%@1420] GR3D_FREQ 13% cpu@54.968C soc2@52.968C soc0@51.125C gpu@53.562C tj@54.968C soc1@52.812C VDD_IN 8650mW/7241mW VDD_CPU_GPU_CV 3045mW/1998mW VDD_SOC 1861mW/1737mW
10-08-2026 23:33:33 RAM 6858/7620MB (lfb 2x2MB) SWAP 579/5858MB (cached 0MB) CPU [59%@1510,42%@1510,53%@1510,47%@1510,70%@729,51%@729] GR3D_FREQ 12% cpu@54.718C soc2@53.062C soc0@51.218C gpu@53.593C tj@54.718C soc1@52.812C VDD_IN 8213mW/7243mW VDD_CPU_GPU_CV 2729mW/1999mW VDD_SOC 1822mW/1737mW
10-08-2026 23:33:34 RAM 6876/7620MB (lfb 2x1MB) SWAP 579/5858MB (cached 0MB) CPU [55%@1510,50%@1510,56%@1510,62%@1510,44%@1510,61%@1510] GR3D_FREQ 58% cpu@54.812C soc2@53.156C soc0@51.343C gpu@53.437C tj@54.812C soc1@53.031C VDD_IN 8769mW/7246mW VDD_CPU_GPU_CV 3085mW/2001mW VDD_SOC 1861mW/1737mW
10-08-2026 23:33:35 RAM 6865/7620MB (lfb 1x1MB) SWAP 579/5858MB (cached 0MB) CPU [60%@1510,67%@1510,54%@1510,53%@1510,67%@729,60%@729] GR3D_FREQ 1% cpu@55C soc2@53.156C soc0@51.468C gpu@53.531C tj@55C soc1@53.156C VDD_IN 8729mW/7248mW VDD_CPU_GPU_CV 3045mW/2003mW VDD_SOC 1861mW/1737mW
10-08-2026 23:33:36 RAM 6855/7620MB (lfb 1x4MB) SWAP 579/5858MB (cached 0MB) CPU [37%@960,64%@960,54%@960,51%@1510,72%@1267,44%@1267] GR3D_FREQ 0% cpu@54.781C soc2@53.156C soc0@51.312C gpu@53.468C tj@54.781C soc1@53C VDD_IN 7737mW/7249mW VDD_CPU_GPU_CV 2412mW/2004mW VDD_SOC 1743mW/1737mW
10-08-2026 23:33:37 RAM 6908/7620MB (lfb 1x4MB) SWAP 579/5858MB (cached 0MB) CPU [44%@1510,44%@1510,43%@1510,40%@1510,55%@1420,64%@1420] GR3D_FREQ 36% cpu@54.937C soc2@53.125C soc0@51.343C gpu@53.656C tj@54.937C soc1@52.968C VDD_IN 7618mW/7250mW VDD_CPU_GPU_CV 2373mW/2004mW VDD_SOC 1703mW/1737mW
10-08-2026 23:33:38 RAM 6914/7620MB (lfb 6x1MB) SWAP 579/5858MB (cached 0MB) CPU [44%@1510,65%@1510,60%@1510,61%@1510,58%@1420,62%@1420] GR3D_FREQ 40% cpu@54.968C soc2@53.312C soc0@51.468C gpu@53.718C tj@54.968C soc1@53.093C VDD_IN 8570mW/7252mW VDD_CPU_GPU_CV 2966mW/2006mW VDD_SOC 1822mW/1737mW
10-08-2026 23:33:39 RAM 6888/7620MB (lfb 7x1MB) SWAP 579/5858MB (cached 0MB) CPU [52%@1113,66%@1113,40%@1113,50%@1510,67%@1344,56%@1344] GR3D_FREQ 55% cpu@54.875C soc2@53.218C soc0@51.656C gpu@53.562C tj@54.875C soc1@53.218C VDD_IN 8570mW/7255mW VDD_CPU_GPU_CV 2926mW/2008mW VDD_SOC 1861mW/1738mW
10-08-2026 23:33:40 RAM 6860/7620MB (lfb 6x1MB) SWAP 579/5858MB (cached 0MB) CPU [13%@1510,35%@1510,50%@1510,16%@1510,18%@729,27%@729] GR3D_FREQ 32% cpu@54.656C soc2@53.125C soc0@51.437C gpu@53.625C tj@54.656C soc1@53C VDD_IN 7340mW/7255mW VDD_CPU_GPU_CV 2096mW/2008mW VDD_SOC 1743mW/1738mW
10-08-2026 23:33:41 RAM 6885/7620MB (lfb 1x2MB) SWAP 579/5858MB (cached 0MB) CPU [31%@1510,45%@1510,14%@1510,19%@1510,20%@729,9%@729] GR3D_FREQ 51% cpu@54.343C soc2@53.062C soc0@51.406C gpu@53.437C tj@54.343C soc1@52.968C VDD_IN 7261mW/7255mW VDD_CPU_GPU_CV 2017mW/2008mW VDD_SOC 1743mW/1738mW
10-08-2026 23:33:42 RAM 6220/7620MB (lfb 1x2MB) SWAP 579/5858MB (cached 0MB) CPU [10%@1267,9%@1267,47%@1510,38%@1510,10%@1510,21%@1510] GR3D_FREQ 29% cpu@54.312C soc2@52.968C soc0@51.437C gpu@53.656C tj@54.5C soc1@53C VDD_IN 6824mW/7254mW VDD_CPU_GPU_CV 1703mW/2007mW VDD_SOC 1663mW/1737mW
10-08-2026 23:33:43 RAM 5911/7620MB (lfb 1x4MB) SWAP 579/5858MB (cached 0MB) CPU [20%@1510,24%@1510,33%@1510,24%@1510,4%@729,16%@729] GR3D_FREQ 33% cpu@54.156C soc2@52.937C soc0@51.406C gpu@53.75C tj@54.156C soc1@52.812C VDD_IN 6745mW/7253mW VDD_CPU_GPU_CV 1584mW/2007mW VDD_SOC 1663mW/1737mW
10-08-2026 23:33:44 RAM 5911/7620MB (lfb 1x4MB) SWAP 579/5858MB (cached 0MB) CPU [45%@1510,46%@1510,2%@1510,7%@1510,1%@729,6%@729] GR3D_FREQ 36% cpu@54.218C soc2@52.906C soc0@51.218C gpu@53.718C tj@54.218C soc1@52.906C VDD_IN 6705mW/7252mW VDD_CPU_GPU_CV 1584mW/2006mW VDD_SOC 1663mW/1737mW
10-08-2026 23:33:45 RAM 5911/7620MB (lfb 1x4MB) SWAP 579/5858MB (cached 0MB) CPU [25%@1510,28%@1510,16%@1510,28%@1510,0%@729,5%@729] GR3D_FREQ 38% cpu@54.437C soc2@52.906C soc0@51.218C gpu@53.687C tj@54.437C soc1@52.906C VDD_IN 6705mW/7251mW VDD_CPU_GPU_CV 1545mW/2005mW VDD_SOC 1663mW/1737mW
10-08-2026 23:33:46 RAM 5911/7620MB (lfb 1x4MB) SWAP 579/5858MB (cached 0MB) CPU [32%@1510,56%@1510,3%@1510,6%@1510,0%@729,7%@729] GR3D_FREQ 35% cpu@54.187C soc2@52.781C soc0@51.312C gpu@53.656C tj@54.187C soc1@52.906C VDD_IN 6666mW/7250mW VDD_CPU_GPU_CV 1584mW/2004mW VDD_SOC 1663mW/1737mW
10-08-2026 23:33:47 RAM 5911/7620MB (lfb 1x4MB) SWAP 579/5858MB (cached 0MB) CPU [25%@1510,60%@1510,4%@1510,7%@1510,0%@729,6%@729] GR3D_FREQ 63% cpu@54.281C soc2@52.843C soc0@51.343C gpu@53.312C tj@54.281C soc1@52.906C VDD_IN 6745mW/7249mW VDD_CPU_GPU_CV 1582mW/2003mW VDD_SOC 1663mW/1737mW
10-08-2026 23:33:48 RAM 5912/7620MB (lfb 1x4MB) SWAP 579/5858MB (cached 0MB) CPU [8%@1510,80%@1510,5%@1510,7%@1510,0%@729,8%@729] GR3D_FREQ 49% cpu@54.25C soc2@52.75C soc0@51.312C gpu@53.343C tj@54.281C soc1@53.062C VDD_IN 6745mW/7248mW VDD_CPU_GPU_CV 1584mW/2003mW VDD_SOC 1663mW/1737mW
10-08-2026 23:33:49 RAM 5990/7620MB (lfb 11x2MB) SWAP 579/5858MB (cached 0MB) CPU [35%@1344,46%@1344,32%@1344,35%@1344,36%@960,30%@960] GR3D_FREQ 9% cpu@54.468C soc2@52.718C soc0@51.062C gpu@53.218C tj@54.468C soc1@52.843C VDD_IN 6507mW/7247mW VDD_CPU_GPU_CV 1582mW/2002mW VDD_SOC 1584mW/1736mW
10-08-2026 23:33:50 RAM 5991/7620MB (lfb 11x2MB) SWAP 579/5858MB (cached 0MB) CPU [28%@1510,59%@1510,51%@1510,22%@1510,31%@960,43%@960] GR3D_FREQ 0% cpu@54.531C soc2@52.687C soc0@51.093C gpu@53.218C tj@54.531C soc1@52.781C VDD_IN 6666mW/7246mW VDD_CPU_GPU_CV 1700mW/2001mW VDD_SOC 1624mW/1736mW
10-08-2026 23:33:51 RAM 5994/7620MB (lfb 11x2MB) SWAP 579/5858MB (cached 0MB) CPU [41%@729,42%@883,37%@883,34%@883,32%@1036,45%@1036] GR3D_FREQ 0% cpu@54.093C soc2@52.687C soc0@51.125C gpu@53.125C tj@54.093C soc1@52.812C VDD_IN 6309mW/7245mW VDD_CPU_GPU_CV 1463mW/2001mW VDD_SOC 1584mW/1736mW
10-08-2026 23:33:52 RAM 5994/7620MB (lfb 11x2MB) SWAP 579/5858MB (cached 0MB) CPU [39%@729,52%@729,38%@729,42%@729,47%@729,34%@729] GR3D_FREQ 0% cpu@54.187C soc2@52.687C soc0@51.031C gpu@53.156C tj@54.187C soc1@52.656C VDD_IN 6388mW/7243mW VDD_CPU_GPU_CV 1502mW/2000mW VDD_SOC 1584mW/1736mW
10-08-2026 23:33:53 RAM 6099/7620MB (lfb 11x2MB) SWAP 579/5858MB (cached 0MB) CPU [51%@1510,55%@1510,53%@1510,42%@1510,40%@1510,54%@1510] GR3D_FREQ 43% cpu@54.75C soc2@53.156C soc0@51.062C gpu@53.343C tj@54.75C soc1@52.656C VDD_IN 7459mW/7243mW VDD_CPU_GPU_CV 2254mW/2000mW VDD_SOC 1703mW/1736mW
10-08-2026 23:33:54 RAM 6204/7620MB (lfb 11x2MB) SWAP 579/5858MB (cached 0MB) CPU [46%@1510,67%@1510,57%@1510,60%@1510,79%@1267,55%@1267] GR3D_FREQ 72% cpu@54.437C soc2@53.125C soc0@51.187C gpu@53.562C tj@54.437C soc1@52.843C VDD_IN 9086mW/7247mW VDD_CPU_GPU_CV 3282mW/2002mW VDD_SOC 1941mW/1736mW
10-08-2026 23:33:55 RAM 6313/7620MB (lfb 11x2MB) SWAP 579/5858MB (cached 0MB) CPU [64%@1510,75%@1510,46%@1510,46%@1510,61%@960,57%@960] GR3D_FREQ 6% cpu@54.687C soc2@53.093C soc0@51.375C gpu@53.375C tj@54.687C soc1@53C VDD_IN 8953mW/7250mW VDD_CPU_GPU_CV 3203mW/2004mW VDD_SOC 1901mW/1736mW
10-08-2026 23:33:56 RAM 6321/7620MB (lfb 11x2MB) SWAP 579/5858MB (cached 0MB) CPU [30%@1510,33%@1510,37%@1510,45%@1510,47%@729,46%@729] GR3D_FREQ 10% cpu@54.375C soc2@52.812C soc0@51.125C gpu@53.156C tj@54.375C soc1@52.812C VDD_IN 6467mW/7248mW VDD_CPU_GPU_CV 1542mW/2004mW VDD_SOC 1624mW/1736mW
10-08-2026 23:33:57 RAM 6372/7620MB (lfb 11x2MB) SWAP 579/5858MB (cached 0MB) CPU [55%@1510,61%@1510,49%@1510,51%@1510,57%@960,63%@960] GR3D_FREQ 62% cpu@54.812C soc2@53.281C soc0@51.156C gpu@53.343C tj@54.812C soc1@52.75C VDD_IN 8438mW/7250mW VDD_CPU_GPU_CV 2808mW/2005mW VDD_SOC 1861mW/1736mW
10-08-2026 23:33:58 RAM 6445/7620MB (lfb 14x2MB) SWAP 579/5858MB (cached 0MB) CPU [56%@1420,56%@1420,62%@1420,52%@1420,67%@1510,66%@1510] GR3D_FREQ 36% cpu@54.875C soc2@53.281C soc0@51.343C gpu@53.562C tj@54.875C soc1@52.968C VDD_IN 9032mW/7253mW VDD_CPU_GPU_CV 3243mW/2007mW VDD_SOC 1901mW/1737mW
10-08-2026 23:33:59 RAM 6400/7620MB (lfb 17x2MB) SWAP 579/5858MB (cached 0MB) CPU [52%@1510,44%@1510,67%@1510,53%@1510,69%@1036,39%@1036] GR3D_FREQ 0% cpu@54.593C soc2@52.937C soc0@51.312C gpu@53.468C tj@54.593C soc1@52.812C VDD_IN 7539mW/7254mW VDD_CPU_GPU_CV 2254mW/2008mW VDD_SOC 1743mW/1737mW
10-08-2026 23:34:00 RAM 6406/7620MB (lfb 17x2MB) SWAP 579/5858MB (cached 0MB) CPU [41%@1113,39%@1510,29%@1510,55%@1510,55%@1036,29%@1036] GR3D_FREQ 27% cpu@54.437C soc2@52.781C soc0@51.125C gpu@53.187C tj@54.437C soc1@52.875C VDD_IN 6467mW/7252mW VDD_CPU_GPU_CV 1542mW/2007mW VDD_SOC 1624mW/1736mW
10-08-2026 23:34:01 RAM 6473/7620MB (lfb 17x2MB) SWAP 579/5858MB (cached 0MB) CPU [60%@1510,51%@1510,58%@1510,54%@1510,54%@1267,67%@1267] GR3D_FREQ 55% cpu@54.781C soc2@53.093C soc0@51.25C gpu@53.406C tj@54.781C soc1@52.906C VDD_IN 8873mW/7255mW VDD_CPU_GPU_CV 3164mW/2009mW VDD_SOC 1901mW/1737mW
10-08-2026 23:34:02 RAM 6571/7620MB (lfb 17x2MB) SWAP 579/5858MB (cached 0MB) CPU [48%@1510,59%@1510,60%@1510,67%@1510,63%@1510,63%@1510] GR3D_FREQ 63% cpu@54.75C soc2@53.125C soc0@51.5C gpu@53.687C tj@54.75C soc1@53.031C VDD_IN 9230mW/7259mW VDD_CPU_GPU_CV 3361mW/2011mW VDD_SOC 1941mW/1737mW
10-08-2026 23:34:03 RAM 6622/7620MB (lfb 12x2MB) SWAP 579/5858MB (cached 0MB) CPU [35%@1510,37%@1510,40%@1510,54%@1510,69%@883,46%@883] GR3D_FREQ 0% cpu@54.5C soc2@52.937C soc0@51.312C gpu@53.531C tj@54.5C soc1@52.781C VDD_IN 6983mW/7258mW VDD_CPU_GPU_CV 1858mW/2011mW VDD_SOC 1663mW/1737mW
10-08-2026 23:34:04 RAM 6622/7620MB (lfb 12x2MB) SWAP 579/5858MB (cached 0MB) CPU [54%@1510,26%@1510,21%@1510,37%@1510,25%@729,31%@729] GR3D_FREQ 7% cpu@54.375C soc2@52.875C soc0@51.125C gpu@53.375C tj@54.375C soc1@52.843C VDD_IN 6150mW/7256mW VDD_CPU_GPU_CV 1267mW/2010mW VDD_SOC 1584mW/1737mW
10-08-2026 23:34:05 RAM 6660/7620MB (lfb 12x2MB) SWAP 579/5858MB (cached 0MB) CPU [76%@1510,57%@1510,42%@1510,47%@1510,49%@1510,49%@1510] GR3D_FREQ 0% cpu@54.968C soc2@53.156C soc0@51.25C gpu@53.562C tj@54.968C soc1@52.906C VDD_IN 8531mW/7258mW VDD_CPU_GPU_CV 2887mW/2011mW VDD_SOC 1861mW/1737mW
10-08-2026 23:34:06 RAM 6764/7620MB (lfb 12x2MB) SWAP 579/5858MB (cached 0MB) CPU [50%@1510,61%@1510,62%@1510,54%@1510,57%@1420,60%@1420] GR3D_FREQ 48% cpu@54.718C soc2@53.25C soc0@51.406C gpu@53.531C tj@54.718C soc1@52.968C VDD_IN 9111mW/7262mW VDD_CPU_GPU_CV 3243mW/2013mW VDD_SOC 1941mW/1737mW
10-08-2026 23:34:07 RAM 6812/7620MB (lfb 12x2MB) SWAP 579/5858MB (cached 0MB) CPU [36%@729,54%@729,49%@729,44%@729,50%@729,48%@729] GR3D_FREQ 60% cpu@54.25C soc2@52.812C soc0@51.375C gpu@53.343C tj@54.25C soc1@53.093C VDD_IN 6904mW/7261mW VDD_CPU_GPU_CV 1819mW/2013mW VDD_SOC 1663mW/1737mW
10-08-2026 23:34:08 RAM 6830/7620MB (lfb 12x2MB) SWAP 579/5858MB (cached 0MB) CPU [16%@1510,35%@1510,16%@1510,35%@1510,29%@806,42%@806] GR3D_FREQ 23% cpu@54.312C soc2@52.968C soc0@51.218C gpu@53.375C tj@54.312C soc1@52.781C VDD_IN 7063mW/7261mW VDD_CPU_GPU_CV 1740mW/2012mW VDD_SOC 1743mW/1737mW
10-08-2026 23:34:09 RAM 6793/7620MB (lfb 2x4MB) SWAP 579/5858MB (cached 0MB) CPU [17%@1420,30%@1420,29%@1510,25%@1510,49%@729,22%@729] GR3D_FREQ 56% cpu@54.531C soc2@52.812C soc0@51.218C gpu@53.656C tj@54.531C soc1@52.843C VDD_IN 6944mW/7260mW VDD_CPU_GPU_CV 1700mW/2012mW VDD_SOC 1743mW/1737mW
10-08-2026 23:34:11 RAM 6821/7620MB (lfb 16x2MB) SWAP 579/5858MB (cached 0MB) CPU [10%@1510,6%@1510,72%@1510,17%@1510,1%@729,21%@729] GR3D_FREQ 46% cpu@54.031C soc2@52.718C soc0@51.125C gpu@53.531C tj@54.031C soc1@52.875C VDD_IN 6785mW/7259mW VDD_CPU_GPU_CV 1582mW/2011mW VDD_SOC 1703mW/1737mW
10-08-2026 23:34:12 RAM 6821/7620MB (lfb 16x2MB) SWAP 579/5858MB (cached 0MB) CPU [13%@1510,9%@1510,56%@1510,28%@1510,0%@729,2%@729] GR3D_FREQ 46% cpu@54.062C soc2@52.781C soc0@51.187C gpu@53.593C tj@54.062C soc1@52.968C VDD_IN 6705mW/7258mW VDD_CPU_GPU_CV 1584mW/2010mW VDD_SOC 1663mW/1737mW
10-08-2026 23:34:13 RAM 6821/7620MB (lfb 16x2MB) SWAP 579/5858MB (cached 0MB) CPU [8%@1510,7%@1510,81%@1510,7%@1510,3%@729,5%@729] GR3D_FREQ 33% cpu@54.062C soc2@52.687C soc0@51.218C gpu@53.593C tj@54.062C soc1@52.718C VDD_IN 6666mW/7257mW VDD_CPU_GPU_CV 1545mW/2010mW VDD_SOC 1663mW/1737mW
10-08-2026 23:34:14 RAM 6821/7620MB (lfb 16x2MB) SWAP 579/5858MB (cached 0MB) CPU [24%@1510,39%@1510,25%@1510,7%@1510,5%@729,6%@729] GR3D_FREQ 33% cpu@54.281C soc2@52.625C soc0@51.125C gpu@53.562C tj@54.281C soc1@52.718C VDD_IN 6666mW/7256mW VDD_CPU_GPU_CV 1545mW/2009mW VDD_SOC 1663mW/1737mW
10-08-2026 23:34:15 RAM 6821/7620MB (lfb 16x2MB) SWAP 579/5858MB (cached 0MB) CPU [24%@1510,23%@1510,39%@1510,9%@1510,10%@729,9%@729] GR3D_FREQ 52% cpu@54.187C soc2@52.75C soc0@51.125C gpu@53.25C tj@54.187C soc1@52.687C VDD_IN 6705mW/7255mW VDD_CPU_GPU_CV 1545mW/2008mW VDD_SOC 1663mW/1736mW
10-08-2026 23:34:16 RAM 6821/7620MB (lfb 16x2MB) SWAP 579/5858MB (cached 0MB) CPU [12%@729,4%@729,30%@729,7%@729,6%@1420,51%@1420] GR3D_FREQ 34% cpu@54.125C soc2@52.625C soc0@51.187C gpu@53.187C tj@54.125C soc1@52.906C VDD_IN 6705mW/7255mW VDD_CPU_GPU_CV 1545mW/2007mW VDD_SOC 1663mW/1736mW
10-08-2026 23:34:17 RAM 6821/7620MB (lfb 16x2MB) SWAP 579/5858MB (cached 0MB) CPU [10%@1510,9%@1510,8%@1510,8%@1510,5%@1497,79%@1497] GR3D_FREQ 58% cpu@54.156C soc2@52.625C soc0@51.156C gpu@53.218C tj@54.156C soc1@52.625C VDD_IN 6705mW/7254mW VDD_CPU_GPU_CV 1582mW/2007mW VDD_SOC 1703mW/1736mW
10-08-2026 23:34:18 RAM 6821/7620MB (lfb 16x2MB) SWAP 579/5858MB (cached 0MB) CPU [11%@1510,8%@1510,10%@1510,11%@1510,5%@1497,76%@1497] GR3D_FREQ 60% cpu@54.218C soc2@52.625C soc0@51.031C gpu@53.093C tj@54.218C soc1@52.625C VDD_IN 6705mW/7253mW VDD_CPU_GPU_CV 1584mW/2006mW VDD_SOC 1663mW/1736mW
10-08-2026 23:34:19 RAM 6821/7620MB (lfb 16x2MB) SWAP 579/5858MB (cached 0MB) CPU [8%@1510,7%@1510,11%@1510,11%@1510,9%@1497,71%@1497] GR3D_FREQ 64% cpu@54C soc2@52.531C soc0@51.031C gpu@53.062C tj@54C soc1@52.625C VDD_IN 6705mW/7252mW VDD_CPU_GPU_CV 1545mW/2005mW VDD_SOC 1703mW/1736mW
10-08-2026 23:34:20 RAM 6899/7620MB (lfb 60x1MB) SWAP 579/5858MB (cached 0MB) CPU [37%@1510,46%@1510,31%@1510,25%@1510,19%@1036,52%@1036] GR3D_FREQ 1% cpu@53.968C soc2@52.562C soc0@50.937C gpu@53C tj@53.968C soc1@52.687C VDD_IN 6428mW/7250mW VDD_CPU_GPU_CV 1545mW/2004mW VDD_SOC 1584mW/1736mW
10-08-2026 23:34:21 RAM 6900/7620MB (lfb 60x1MB) SWAP 579/5858MB (cached 0MB) CPU [43%@1113,38%@1113,25%@1113,35%@1113,44%@1036,39%@1036] GR3D_FREQ 1% cpu@54C soc2@52.656C soc0@51.031C gpu@52.937C tj@54C soc1@52.843C VDD_IN 6269mW/7249mW VDD_CPU_GPU_CV 1423mW/2003mW VDD_SOC 1584mW/1736mW
10-08-2026 23:34:22 RAM 6901/7620MB (lfb 60x1MB) SWAP 579/5858MB (cached 0MB) CPU [36%@1267,44%@1510,35%@1510,36%@1510,55%@729,40%@729] GR3D_FREQ 0% cpu@54.062C soc2@52.531C soc0@50.875C gpu@53.062C tj@54.062C soc1@52.593C VDD_IN 6428mW/7247mW VDD_CPU_GPU_CV 1545mW/2003mW VDD_SOC 1584mW/1735mW
10-08-2026 23:34:23 RAM 6901/7620MB (lfb 60x1MB) SWAP 579/5858MB (cached 0MB) CPU [23%@1510,41%@1510,44%@1510,35%@1510,53%@883,38%@883] GR3D_FREQ 5% cpu@54.125C soc2@52.406C soc0@50.906C gpu@53.062C tj@54.125C soc1@52.562C VDD_IN 6269mW/7246mW VDD_CPU_GPU_CV 1426mW/2002mW VDD_SOC 1584mW/1735mW
10-08-2026 23:34:24 RAM 6939/7620MB (lfb 2x2MB) SWAP 579/5858MB (cached 0MB) CPU [30%@1510,38%@1510,15%@1510,33%@1510,24%@729,11%@729] GR3D_FREQ 62% cpu@53.75C soc2@52.5C soc0@50.875C gpu@52.968C tj@53.75C soc1@52.625C VDD_IN 6666mW/7245mW VDD_CPU_GPU_CV 1545mW/2001mW VDD_SOC 1703mW/1735mW
10-08-2026 23:34:25 RAM 6964/7620MB (lfb 2x2MB) SWAP 579/5858MB (cached 0MB) CPU [16%@1510,38%@1510,47%@1510,11%@1510,9%@729,16%@729] GR3D_FREQ 36% cpu@53.781C soc2@52.625C soc0@51.062C gpu@52.937C tj@53.781C soc1@52.468C VDD_IN 6824mW/7244mW VDD_CPU_GPU_CV 1663mW/2000mW VDD_SOC 1703mW/1735mW
10-08-2026 23:34:26 RAM 6868/7620MB (lfb 3x2MB) SWAP 579/5858MB (cached 0MB) CPU [16%@729,12%@729,26%@729,11%@729,18%@1420,47%@1420] GR3D_FREQ 45% cpu@54C soc2@52.437C soc0@50.812C gpu@53.156C tj@54C soc1@52.437C VDD_IN 6428mW/7243mW VDD_CPU_GPU_CV 1346mW/1999mW VDD_SOC 1663mW/1735mW
10-08-2026 23:34:27 RAM 6868/7620MB (lfb 3x2MB) SWAP 579/5858MB (cached 0MB) CPU [10%@1510,9%@1510,9%@1510,11%@1510,17%@1510,64%@1510] GR3D_FREQ 37% cpu@54.25C soc2@52.343C soc0@50.843C gpu@53.062C tj@54.25C soc1@52.5C VDD_IN 6626mW/7242mW VDD_CPU_GPU_CV 1505mW/1998mW VDD_SOC 1663mW/1735mW
10-08-2026 23:34:28 RAM 6900/7620MB (lfb 50x1MB) SWAP 579/5858MB (cached 0MB) CPU [43%@1113,41%@1113,38%@1510,46%@1510,40%@729,38%@729] GR3D_FREQ 0% cpu@54C soc2@52.5C soc0@50.75C gpu@53.093C tj@54C soc1@52.562C VDD_IN 6467mW/7241mW VDD_CPU_GPU_CV 1542mW/1998mW VDD_SOC 1624mW/1735mW
10-08-2026 23:34:29 RAM 6901/7620MB (lfb 50x1MB) SWAP 579/5858MB (cached 0MB) CPU [39%@960,36%@1510,54%@1510,37%@1510,40%@729,32%@729] GR3D_FREQ 0% cpu@53.906C soc2@52.406C soc0@50.906C gpu@52.937C tj@53.906C soc1@52.375C VDD_IN 6388mW/7239mW VDD_CPU_GPU_CV 1502mW/1997mW VDD_SOC 1584mW/1734mW
10-08-2026 23:34:30 RAM 6901/7620MB (lfb 50x1MB) SWAP 579/5858MB (cached 0MB) CPU [41%@1113,41%@1113,50%@1113,48%@1113,46%@960,46%@960] GR3D_FREQ 31% cpu@54.312C soc2@52.437C soc0@50.687C gpu@52.812C tj@54.312C soc1@52.406C VDD_IN 6626mW/7238mW VDD_CPU_GPU_CV 1700mW/1996mW VDD_SOC 1624mW/1734mW
10-08-2026 23:34:31 RAM 6901/7620MB (lfb 50x1MB) SWAP 579/5858MB (cached 0MB) CPU [38%@1510,52%@1510,36%@1510,27%@1510,36%@729,48%@729] GR3D_FREQ 42% cpu@53.812C soc2@52.281C soc0@50.718C gpu@52.875C tj@53.812C soc1@52.406C VDD_IN 6309mW/7237mW VDD_CPU_GPU_CV 1465mW/1995mW VDD_SOC 1584mW/1734mW
10-08-2026 23:34:32 RAM 6958/7620MB (lfb 31x1MB) SWAP 579/5858MB (cached 0MB) CPU [59%@1344,33%@1344,49%@1344,30%@1344,58%@729,50%@729] GR3D_FREQ 72% cpu@53.843C soc2@52.531C soc0@50.875C gpu@53.062C tj@53.843C soc1@52.5C VDD_IN 7340mW/7237mW VDD_CPU_GPU_CV 2096mW/1996mW VDD_SOC 1743mW/1734mW
10-08-2026 23:34:33 RAM 6997/7620MB (lfb 1x2MB) SWAP 579/5858MB (cached 0MB) CPU [19%@1510,14%@1510,4%@1510,14%@1510,24%@1344,68%@1344] GR3D_FREQ 28% cpu@53.906C soc2@52.343C soc0@50.937C gpu@53.156C tj@53.906C soc1@52.375C VDD_IN 6904mW/7236mW VDD_CPU_GPU_CV 1743mW/1995mW VDD_SOC 1743mW/1734mW
10-08-2026 23:34:34 RAM 6988/7620MB (lfb 15x1MB) SWAP 579/5858MB (cached 0MB) CPU [15%@729,17%@729,14%@729,10%@729,22%@1267,66%@1267] GR3D_FREQ 27% cpu@53.562C soc2@52.531C soc0@50.812C gpu@52.937C tj@53.562C soc1@52.343C VDD_IN 7023mW/7236mW VDD_CPU_GPU_CV 1822mW/1995mW VDD_SOC 1743mW/1734mW
10-08-2026 23:34:35 RAM 6913/7620MB (lfb 2x2MB) SWAP 579/5858MB (cached 0MB) CPU [10%@1510,18%@1510,16%@1510,6%@1510,12%@1420,75%@1420] GR3D_FREQ 29% cpu@53.937C soc2@52.187C soc0@50.781C gpu@52.812C tj@53.75C soc1@52.343C VDD_IN 6507mW/7235mW VDD_CPU_GPU_CV 1426mW/1994mW VDD_SOC 1666mW/1734mW
10-08-2026 23:34:36 RAM 6913/7620MB (lfb 2x2MB) SWAP 579/5858MB (cached 0MB) CPU [12%@729,10%@729,11%@729,5%@729,4%@1510,80%@1510] GR3D_FREQ 28% cpu@53.75C soc2@52.281C soc0@50.718C gpu@52.875C tj@53.75C soc1@52.468C VDD_IN 6626mW/7234mW VDD_CPU_GPU_CV 1505mW/1993mW VDD_SOC 1663mW/1734mW
10-08-2026 23:34:37 RAM 6913/7620MB (lfb 2x2MB) SWAP 579/5858MB (cached 0MB) CPU [9%@729,9%@729,16%@729,1%@729,6%@1510,81%@1510] GR3D_FREQ 39% cpu@53.687C soc2@52.281C soc0@50.843C gpu@53.093C tj@53.687C soc1@52.187C VDD_IN 6666mW/7233mW VDD_CPU_GPU_CV 1545mW/1993mW VDD_SOC 1663mW/1734mW
10-08-2026 23:34:38 RAM 6913/7620MB (lfb 2x2MB) SWAP 579/5858MB (cached 0MB) CPU [10%@1510,5%@1510,13%@1510,5%@1510,9%@1420,77%@1420] GR3D_FREQ 60% cpu@53.843C soc2@52.312C soc0@50.625C gpu@53.093C tj@53.843C soc1@52.156C VDD_IN 6626mW/7232mW VDD_CPU_GPU_CV 1545mW/1992mW VDD_SOC 1663mW/1734mW
10-08-2026 23:34:39 RAM 6191/7620MB (lfb 4x2MB) SWAP 579/5858MB (cached 0MB) CPU [26%@1267,31%@1267,36%@1267,42%@1267,20%@729,63%@729] GR3D_FREQ 36% cpu@53.843C soc2@52.218C soc0@50.593C gpu@53.031C tj@53.843C soc1@52.25C VDD_IN 6904mW/7231mW VDD_CPU_GPU_CV 1861mW/1992mW VDD_SOC 1624mW/1733mW
10-08-2026 23:34:40 RAM 6194/7620MB (lfb 4x2MB) SWAP 579/5858MB (cached 0MB) CPU [40%@1497,55%@1510,45%@1510,47%@1510,53%@729,35%@729] GR3D_FREQ 0% cpu@54.031C soc2@52.343C soc0@50.593C gpu@53.125C tj@54.031C soc1@52.343C VDD_IN 6983mW/7231mW VDD_CPU_GPU_CV 1938mW/1992mW VDD_SOC 1624mW/1733mW
10-08-2026 23:34:41 RAM 6194/7620MB (lfb 4x2MB) SWAP 579/5858MB (cached 0MB) CPU [39%@1510,56%@1510,46%@1510,53%@1510,54%@1113,33%@1113] GR3D_FREQ 0% cpu@53.968C soc2@52.25C soc0@50.656C gpu@52.687C tj@53.968C soc1@52.187C VDD_IN 6666mW/7230mW VDD_CPU_GPU_CV 1700mW/1991mW VDD_SOC 1624mW/1733mW
10-08-2026 23:34:42 RAM 6200/7620MB (lfb 4x2MB) SWAP 579/5858MB (cached 0MB) CPU [50%@1510,57%@1510,41%@1510,45%@1510,50%@1497,48%@1497] GR3D_FREQ 0% cpu@54.343C soc2@52.312C soc0@50.5C gpu@52.687C tj@54.343C soc1@52.25C VDD_IN 6785mW/7229mW VDD_CPU_GPU_CV 1819mW/1991mW VDD_SOC 1624mW/1733mW
10-08-2026 23:34:43 RAM 6365/7620MB (lfb 4x2MB) SWAP 579/5858MB (cached 0MB) CPU [61%@1420,66%@1420,58%@1420,48%@1420,58%@1510,76%@1510] GR3D_FREQ 59% cpu@54.218C soc2@52.625C soc0@50.687C gpu@53.281C tj@54.218C soc1@52.437C VDD_IN 8967mW/7232mW VDD_CPU_GPU_CV 3243mW/1993mW VDD_SOC 1901mW/1733mW
10-08-2026 23:34:44 RAM 6473/7620MB (lfb 4x2MB) SWAP 579/5858MB (cached 0MB) CPU [64%@1510,66%@1510,57%@1510,70%@1510,80%@1510,56%@1510] GR3D_FREQ 53% cpu@54.5C soc2@52.875C soc0@50.968C gpu@53.406C tj@54.5C soc1@52.593C VDD_IN 9547mW/7236mW VDD_CPU_GPU_CV 3632mW/1995mW VDD_SOC 1980mW/1733mW
10-08-2026 23:34:45 RAM 6489/7620MB (lfb 4x2MB) SWAP 579/5858MB (cached 0MB) CPU [48%@1510,28%@1510,41%@1510,41%@1510,44%@729,47%@729] GR3D_FREQ 35% cpu@53.968C soc2@52.343C soc0@50.687C gpu@52.968C tj@53.968C soc1@52.375C VDD_IN 6626mW/7235mW VDD_CPU_GPU_CV 1661mW/1995mW VDD_SOC 1624mW/1733mW
10-08-2026 23:34:46 RAM 6317/7620MB (lfb 2x4MB) SWAP 579/5858MB (cached 0MB) CPU [56%@1510,58%@1510,47%@1510,69%@1510,62%@1344,68%@1344] GR3D_FREQ 63% cpu@54.375C soc2@52.625C soc0@50.812C gpu@53.093C tj@54.375C soc1@52.406C VDD_IN 8729mW/7237mW VDD_CPU_GPU_CV 3045mW/1997mW VDD_SOC 1861mW/1734mW
10-08-2026 23:34:47 RAM 6412/7620MB (lfb 2x4MB) SWAP 579/5858MB (cached 0MB) CPU [54%@1510,68%@1510,49%@1510,64%@1510,69%@729,61%@729] GR3D_FREQ 66% cpu@54.437C soc2@52.875C soc0@51.093C gpu@53.531C tj@54.437C soc1@52.625C VDD_IN 9309mW/7240mW VDD_CPU_GPU_CV 3441mW/1999mW VDD_SOC 1941mW/1734mW
10-08-2026 23:34:48 RAM 6489/7620MB (lfb 2x4MB) SWAP 579/5858MB (cached 0MB) CPU [60%@1510,46%@1510,42%@1510,22%@1510,59%@729,50%@729] GR3D_FREQ 1% cpu@54.093C soc2@52.468C soc0@50.781C gpu@53.031C tj@54.093C soc1@52.468C VDD_IN 7023mW/7240mW VDD_CPU_GPU_CV 1938mW/1999mW VDD_SOC 1663mW/1734mW
10-08-2026 23:34:49 RAM 6491/7620MB (lfb 2x4MB) SWAP 579/5858MB (cached 0MB) CPU [39%@1510,59%@1510,36%@1510,51%@1510,61%@960,43%@960] GR3D_FREQ 54% cpu@54.468C soc2@52.531C soc0@50.843C gpu@53.062C tj@54.468C soc1@52.375C VDD_IN 7459mW/7240mW VDD_CPU_GPU_CV 2254mW/1999mW VDD_SOC 1703mW/1734mW
10-08-2026 23:34:50 RAM 6583/7620MB (lfb 2x4MB) SWAP 579/5858MB (cached 0MB) CPU [63%@1510,66%@1510,66%@1510,55%@1510,57%@960,66%@960] GR3D_FREQ 44% cpu@54.531C soc2@52.781C soc0@50.937C gpu@53.562C tj@54.531C soc1@52.625C VDD_IN 9270mW/7244mW VDD_CPU_GPU_CV 3401mW/2001mW VDD_SOC 1941mW/1734mW
10-08-2026 23:34:51 RAM 6660/7620MB (lfb 2x4MB) SWAP 579/5858MB (cached 0MB) CPU [61%@960,41%@960,56%@960,55%@960,49%@1497,74%@1497] GR3D_FREQ 53% cpu@54.281C soc2@52.812C soc0@51.031C gpu@53.093C tj@54.281C soc1@52.468C VDD_IN 8729mW/7246mW VDD_CPU_GPU_CV 3005mW/2003mW VDD_SOC 1901mW/1734mW
10-08-2026 23:34:52 RAM 6735/7620MB (lfb 3x2MB) SWAP 579/5858MB (cached 0MB) CPU [28%@1510,14%@1510,41%@1510,23%@1510,37%@729,43%@729] GR3D_FREQ 56% cpu@54.062C soc2@52.687C soc0@50.937C gpu@53.062C tj@54.062C soc1@52.5C VDD_IN 7539mW/7247mW VDD_CPU_GPU_CV 2056mW/2003mW VDD_SOC 1822mW/1734mW
10-08-2026 23:34:53 RAM 6716/7620MB (lfb 10x2MB) SWAP 579/5858MB (cached 0MB) CPU [10%@1497,6%@1497,16%@1497,40%@1497,9%@729,52%@729] GR3D_FREQ 58% cpu@53.812C soc2@52.312C soc0@50.875C gpu@52.937C tj@53.812C soc1@52.468C VDD_IN 6745mW/7246mW VDD_CPU_GPU_CV 1505mW/2002mW VDD_SOC 1703mW/1734mW
10-08-2026 23:34:54 RAM 6716/7620MB (lfb 10x2MB) SWAP 579/5858MB (cached 0MB) CPU [17%@1510,67%@1510,15%@1510,7%@1510,3%@729,6%@729] GR3D_FREQ 52% cpu@54.062C soc2@52.406C soc0@50.843C gpu@53.031C tj@54.062C soc1@52.468C VDD_IN 6626mW/7245mW VDD_CPU_GPU_CV 1545mW/2002mW VDD_SOC 1663mW/1734mW
10-08-2026 23:34:55 RAM 6716/7620MB (lfb 10x2MB) SWAP 579/5858MB (cached 0MB) CPU [32%@1510,42%@1510,19%@1510,8%@1510,6%@729,9%@729] GR3D_FREQ 31% cpu@53.812C soc2@52.375C soc0@50.843C gpu@53.062C tj@53.812C soc1@52.468C VDD_IN 6705mW/7244mW VDD_CPU_GPU_CV 1545mW/2001mW VDD_SOC 1663mW/1734mW
10-08-2026 23:34:56 RAM 6717/7620MB (lfb 10x2MB) SWAP 579/5858MB (cached 0MB) CPU [12%@1510,15%@1510,46%@1510,10%@1510,8%@1510,36%@1510] GR3D_FREQ 39% cpu@53.875C soc2@52.312C soc0@50.906C gpu@53C tj@53.875C soc1@52.375C VDD_IN 6705mW/7243mW VDD_CPU_GPU_CV 1545mW/2000mW VDD_SOC 1663mW/1734mW
10-08-2026 23:34:57 RAM 6717/7620MB (lfb 10x2MB) SWAP 579/5858MB (cached 0MB) CPU [11%@729,9%@729,11%@729,8%@729,1%@1510,79%@1510] GR3D_FREQ 37% cpu@54.031C soc2@52.343C soc0@50.781C gpu@52.968C tj@54.031C soc1@52.375C VDD_IN 6705mW/7242mW VDD_CPU_GPU_CV 1584mW/1999mW VDD_SOC 1663mW/1734mW
10-08-2026 23:34:58 RAM 6717/7620MB (lfb 10x2MB) SWAP 579/5858MB (cached 0MB) CPU [16%@729,10%@729,10%@729,8%@729,37%@1510,48%@1510] GR3D_FREQ 39% cpu@53.75C soc2@52.187C soc0@50.781C gpu@52.781C tj@53.75C soc1@52.343C VDD_IN 6705mW/7241mW VDD_CPU_GPU_CV 1584mW/1999mW VDD_SOC 1663mW/1734mW
10-08-2026 23:34:59 RAM 6717/7620MB (lfb 10x2MB) SWAP 579/5858MB (cached 0MB) CPU [12%@729,7%@729,4%@729,7%@729,7%@1510,79%@1510] GR3D_FREQ 68% cpu@53.812C soc2@52.281C soc0@50.843C gpu@52.875C tj@53.812C soc1@52.531C VDD_IN 6745mW/7241mW VDD_CPU_GPU_CV 1545mW/1998mW VDD_SOC 1663mW/1734mW
10-08-2026 23:35:00 RAM 6717/7620MB (lfb 10x2MB) SWAP 579/5858MB (cached 0MB) CPU [14%@1510,8%@1510,9%@1510,6%@1510,32%@1510,61%@1510] GR3D_FREQ 59% cpu@53.875C soc2@52.25C soc0@50.812C gpu@52.781C tj@53.875C soc1@52.25C VDD_IN 6705mW/7240mW VDD_CPU_GPU_CV 1584mW/1997mW VDD_SOC 1663mW/1734mW
10-08-2026 23:35:01 RAM 6717/7620MB (lfb 10x2MB) SWAP 579/5858MB (cached 0MB) CPU [12%@1510,10%@1510,13%@1510,7%@1510,7%@1510,79%@1510] GR3D_FREQ 40% cpu@53.718C soc2@52.312C soc0@50.656C gpu@53.031C tj@53.718C soc1@52.406C VDD_IN 6705mW/7239mW VDD_CPU_GPU_CV 1584mW/1997mW VDD_SOC 1663mW/1733mW
10-08-2026 23:35:02 RAM 6846/7620MB (lfb 31x1MB) SWAP 579/5858MB (cached 0MB) CPU [21%@729,25%@1510,25%@1510,23%@1510,42%@1113,28%@1113] GR3D_FREQ 6% cpu@53.781C soc2@52.187C soc0@50.656C gpu@53C tj@53.781C soc1@52.406C VDD_IN 6507mW/7238mW VDD_CPU_GPU_CV 1545mW/1996mW VDD_SOC 1624mW/1733mW
10-08-2026 23:35:03 RAM 6858/7620MB (lfb 31x1MB) SWAP 579/5858MB (cached 0MB) CPU [37%@1190,38%@1190,31%@1190,29%@1190,33%@1190,54%@1190] GR3D_FREQ 0% cpu@53.75C soc2@52.218C soc0@50.687C gpu@53.031C tj@53.812C soc1@52.437C VDD_IN 6309mW/7236mW VDD_CPU_GPU_CV 1505mW/1995mW VDD_SOC 1584mW/1733mW
10-08-2026 23:35:04 RAM 6861/7620MB (lfb 31x1MB) SWAP 579/5858MB (cached 0MB) CPU [35%@729,18%@729,42%@729,38%@729,42%@1190,48%@1190] GR3D_FREQ 0% cpu@53.968C soc2@52.312C soc0@50.531C gpu@52.687C tj@53.968C soc1@52.281C VDD_IN 6150mW/7235mW VDD_CPU_GPU_CV 1346mW/1994mW VDD_SOC 1545mW/1733mW
10-08-2026 23:35:05 RAM 6861/7620MB (lfb 31x1MB) SWAP 579/5858MB (cached 0MB) CPU [45%@883,26%@883,41%@883,30%@883,49%@1113,34%@1113] GR3D_FREQ 0% cpu@53.781C soc2@52.25C soc0@50.531C gpu@52.968C tj@53.781C soc1@52.25C VDD_IN 6269mW/7233mW VDD_CPU_GPU_CV 1465mW/1994mW VDD_SOC 1584mW/1733mW
10-08-2026 23:35:06 RAM 6861/7620MB (lfb 31x1MB) SWAP 579/5858MB (cached 0MB) CPU [28%@960,28%@960,42%@960,33%@960,40%@729,33%@729] GR3D_FREQ 31% cpu@53.562C soc2@52.125C soc0@50.531C gpu@52.968C tj@53.562C soc1@52.375C VDD_IN 6071mW/7231mW VDD_CPU_GPU_CV 1307mW/1992mW VDD_SOC 1545mW/1732mW
10-08-2026 23:35:07 RAM 6933/7620MB (lfb 26x1MB) SWAP 579/5858MB (cached 0MB) CPU [38%@1190,45%@1510,44%@1510,45%@1510,62%@1510,52%@1510] GR3D_FREQ 75% cpu@54.187C soc2@52.593C soc0@50.843C gpu@52.937C tj@54.187C soc1@52.218C VDD_IN 8174mW/7233mW VDD_CPU_GPU_CV 2689mW/1994mW VDD_SOC 1822mW/1732mW
10-08-2026 23:35:08 RAM 6935/7620MB (lfb 2x2MB) SWAP 579/5858MB (cached 0MB) CPU [34%@1510,57%@1510,43%@1510,43%@1510,33%@729,33%@729] GR3D_FREQ 57% cpu@53.718C soc2@52.437C soc0@50.718C gpu@52.968C tj@53.718C soc1@52.218C VDD_IN 7737mW/7234mW VDD_CPU_GPU_CV 2294mW/1994mW VDD_SOC 1782mW/1732mW
10-08-2026 23:35:09 RAM 6957/7620MB (lfb 1x2MB) SWAP 579/5858MB (cached 0MB) CPU [31%@1510,24%@1510,28%@1510,41%@1510,3%@729,8%@729] GR3D_FREQ 34% cpu@53.906C soc2@52.343C soc0@50.75C gpu@52.781C tj@53.906C soc1@52.343C VDD_IN 7221mW/7234mW VDD_CPU_GPU_CV 1977mW/1994mW VDD_SOC 1743mW/1732mW
10-08-2026 23:35:10 RAM 6912/7620MB (lfb 2x2MB) SWAP 579/5858MB (cached 0MB) CPU [24%@1510,10%@1510,45%@1510,16%@1510,18%@1036,31%@1036] GR3D_FREQ 38% cpu@53.531C soc2@52.156C soc0@50.781C gpu@53.093C tj@53.531C soc1@52.375C VDD_IN 6705mW/7233mW VDD_CPU_GPU_CV 1545mW/1993mW VDD_SOC 1706mW/1732mW
10-08-2026 23:35:11 RAM 6911/7620MB (lfb 2x2MB) SWAP 579/5858MB (cached 0MB) CPU [13%@729,9%@729,9%@1510,12%@1510,6%@1510,80%@1510] GR3D_FREQ 37% cpu@53.75C soc2@52.187C soc0@50.781C gpu@53.093C tj@53.75C soc1@52.25C VDD_IN 6626mW/7232mW VDD_CPU_GPU_CV 1505mW/1993mW VDD_SOC 1663mW/1732mW
10-08-2026 23:35:12 RAM 6911/7620MB (lfb 2x2MB) SWAP 579/5858MB (cached 0MB) CPU [10%@1510,7%@1510,8%@1510,13%@1510,2%@1510,80%@1510] GR3D_FREQ 35% cpu@53.843C soc2@52.218C soc0@50.593C gpu@52.687C tj@53.843C soc1@52.187C VDD_IN 6626mW/7231mW VDD_CPU_GPU_CV 1545mW/1992mW VDD_SOC 1663mW/1732mW
10-08-2026 23:35:13 RAM 6908/7620MB (lfb 2x2MB) SWAP 579/5858MB (cached 0MB) CPU [13%@729,6%@729,10%@729,12%@729,9%@1497,75%@1497] GR3D_FREQ 64% cpu@53.531C soc2@52.156C soc0@50.625C gpu@52.75C tj@53.531C soc1@52.343C VDD_IN 6666mW/7230mW VDD_CPU_GPU_CV 1545mW/1991mW VDD_SOC 1663mW/1732mW
10-08-2026 23:35:14 RAM 6908/7620MB (lfb 2x2MB) SWAP 579/5858MB (cached 0MB) CPU [12%@1510,5%@1510,9%@1510,5%@1510,19%@1420,68%@1420] GR3D_FREQ 63% cpu@53.656C soc2@52.156C soc0@50.687C gpu@52.75C tj@53.656C soc1@52.343C VDD_IN 6626mW/7229mW VDD_CPU_GPU_CV 1505mW/1990mW VDD_SOC 1663mW/1732mW
10-08-2026 23:35:15 RAM 6908/7620MB (lfb 2x2MB) SWAP 579/5858MB (cached 0MB) CPU [10%@729,4%@729,9%@729,10%@729,4%@1497,77%@1497] GR3D_FREQ 46% cpu@53.656C soc2@52.218C soc0@50.656C gpu@52.968C tj@53.656C soc1@52.156C VDD_IN 6626mW/7228mW VDD_CPU_GPU_CV 1545mW/1990mW VDD_SOC 1663mW/1732mW
10-08-2026 23:35:16 RAM 6914/7620MB (lfb 26x1MB) SWAP 579/5858MB (cached 0MB) CPU [15%@1510,8%@1510,17%@1510,24%@1510,14%@1510,62%@1510] GR3D_FREQ 1% cpu@53.968C soc2@52.218C soc0@50.5C gpu@53.062C tj@53.968C soc1@52.218C VDD_IN 6507mW/7227mW VDD_CPU_GPU_CV 1545mW/1989mW VDD_SOC 1624mW/1732mW
10-08-2026 23:35:17 RAM 6915/7620MB (lfb 26x1MB) SWAP 579/5858MB (cached 0MB) CPU [31%@1190,35%@1190,32%@1510,26%@1510,44%@729,40%@729] GR3D_FREQ 0% cpu@53.656C soc2@52.187C soc0@50.656C gpu@53C tj@53.656C soc1@52.187C VDD_IN 6269mW/7226mW VDD_CPU_GPU_CV 1465mW/1988mW VDD_SOC 1584mW/1732mW
10-08-2026 23:35:18 RAM 6916/7620MB (lfb 26x1MB) SWAP 579/5858MB (cached 0MB) CPU [24%@729,43%@729,29%@729,35%@729,38%@729,48%@729] GR3D_FREQ 0% cpu@53.593C soc2@52C soc0@50.562C gpu@52.687C tj@53.593C soc1@52.125C VDD_IN 6190mW/7224mW VDD_CPU_GPU_CV 1346mW/1987mW VDD_SOC 1624mW/1731mW
10-08-2026 23:35:19 RAM 6916/7620MB (lfb 26x1MB) SWAP 579/5858MB (cached 0MB) CPU [27%@1497,32%@1497,38%@1497,43%@1036,47%@729,25%@729] GR3D_FREQ 0% cpu@53.812C soc2@52.156C soc0@50.437C gpu@52.656C tj@53.812C soc1@52.156C VDD_IN 6309mW/7223mW VDD_CPU_GPU_CV 1426mW/1986mW VDD_SOC 1624mW/1731mW
10-08-2026 23:35:20 RAM 6917/7620MB (lfb 26x1MB) SWAP 579/5858MB (cached 0MB) CPU [41%@806,32%@806,32%@806,25%@806,45%@1190,37%@1190] GR3D_FREQ 33% cpu@53.656C soc2@52.125C soc0@50.562C gpu@52.625C tj@53.656C soc1@52.281C VDD_IN 6309mW/7221mW VDD_CPU_GPU_CV 1426mW/1986mW VDD_SOC 1624mW/1731mW
10-08-2026 23:35:21 RAM 6969/7620MB (lfb 19x1MB) SWAP 579/5858MB (cached 0MB) CPU [39%@729,44%@1510,44%@1510,39%@1510,57%@1510,51%@1510] GR3D_FREQ 58% cpu@54.062C soc2@52.281C soc0@50.437C gpu@52.781C tj@54.062C soc1@52.125C VDD_IN 7539mW/7222mW VDD_CPU_GPU_CV 2254mW/1986mW VDD_SOC 1782mW/1731mW
10-08-2026 23:35:22 RAM 6999/7620MB (lfb 1x2MB) SWAP 579/5858MB (cached 0MB) CPU [56%@1420,34%@1420,49%@1420,54%@1420,44%@729,55%@729] GR3D_FREQ 24% cpu@53.968C soc2@52.5C soc0@50.687C gpu@53.156C tj@53.968C soc1@52.25C VDD_IN 8134mW/7223mW VDD_CPU_GPU_CV 2610mW/1987mW VDD_SOC 1861mW/1731mW
10-08-2026 23:35:23 RAM 6986/7620MB (lfb 13x1MB) SWAP 579/5858MB (cached 0MB) CPU [54%@1510,43%@1510,62%@1510,52%@1510,53%@1497,56%@1497] GR3D_FREQ 35% cpu@54.5C soc2@52.5C soc0@50.687C gpu@53.281C tj@54.5C soc1@52.406C VDD_IN 8451mW/7225mW VDD_CPU_GPU_CV 2847mW/1988mW VDD_SOC 1901mW/1732mW
10-08-2026 23:35:24 RAM 6951/7620MB (lfb 15x1MB) SWAP 579/5858MB (cached 0MB) CPU [37%@1510,51%@1510,25%@1510,50%@1510,43%@1497,57%@1497] GR3D_FREQ 1% cpu@53.781C soc2@52.25C soc0@50.718C gpu@52.781C tj@53.781C soc1@52.406C VDD_IN 6983mW/7225mW VDD_CPU_GPU_CV 1858mW/1988mW VDD_SOC 1703mW/1732mW
10-08-2026 23:35:25 RAM 6988/7620MB (lfb 15x1MB) SWAP 579/5858MB (cached 0MB) CPU [53%@1113,45%@1113,57%@1113,43%@1113,45%@1510,47%@1510] GR3D_FREQ 55% cpu@54.125C soc2@52.531C soc0@50.656C gpu@52.937C tj@54.125C soc1@52.25C VDD_IN 8174mW/7226mW VDD_CPU_GPU_CV 2649mW/1989mW VDD_SOC 1861mW/1732mW
10-08-2026 23:35:26 RAM 6998/7620MB (lfb 15x1MB) SWAP 579/5858MB (cached 0MB) CPU [47%@1420,57%@1420,44%@1420,37%@1420,62%@883,56%@883] GR3D_FREQ 32% cpu@54.25C soc2@52.687C soc0@50.75C gpu@53C tj@54.25C soc1@52.281C VDD_IN 8253mW/7228mW VDD_CPU_GPU_CV 2689mW/1990mW VDD_SOC 1901mW/1732mW
10-08-2026 23:35:27 RAM 6981/7620MB (lfb 15x1MB) SWAP 579/5858MB (cached 0MB) CPU [42%@1510,49%@1510,34%@1510,64%@1510,44%@729,59%@729] GR3D_FREQ 66% cpu@54.031C soc2@52.562C soc0@50.843C gpu@52.906C tj@54.031C soc1@52.5C VDD_IN 8213mW/7229mW VDD_CPU_GPU_CV 2649mW/1991mW VDD_SOC 1901mW/1732mW
10-08-2026 23:35:28 RAM 6959/7620MB (lfb 15x1MB) SWAP 579/5858MB (cached 0MB) CPU [28%@1510,31%@1510,43%@1510,28%@1510,32%@960,41%@960] GR3D_FREQ 34% cpu@53.781C soc2@52.281C soc0@50.812C gpu@52.781C tj@53.781C soc1@52.5C VDD_IN 6348mW/7228mW VDD_CPU_GPU_CV 1463mW/1990mW VDD_SOC 1624mW/1732mW
10-08-2026 23:35:29 RAM 6871/7620MB (lfb 15x1MB) SWAP 579/5858MB (cached 0MB) CPU [41%@1113,48%@1113,36%@1113,28%@1510,24%@883,43%@883] GR3D_FREQ 55% cpu@54.093C soc2@52.406C soc0@50.625C gpu@52.906C tj@54.093C soc1@52.312C VDD_IN 6745mW/7227mW VDD_CPU_GPU_CV 1703mW/1990mW VDD_SOC 1703mW/1732mW
10-08-2026 23:35:30 RAM 6981/7620MB (lfb 15x1MB) SWAP 579/5858MB (cached 0MB) CPU [50%@1497,61%@1497,54%@1497,55%@1497,62%@1420,51%@1420] GR3D_FREQ 52% cpu@54.187C soc2@52.593C soc0@50.843C gpu@53.062C tj@54.187C soc1@52.468C VDD_IN 8913mW/7230mW VDD_CPU_GPU_CV 3124mW/1992mW VDD_SOC 1980mW/1732mW
10-08-2026 23:35:31 RAM 7027/7620MB (lfb 15x1MB) SWAP 579/5858MB (cached 0MB) CPU [41%@1420,56%@1420,58%@1420,55%@1420,54%@1420,61%@1420] GR3D_FREQ 22% cpu@54.218C soc2@52.75C soc0@51.031C gpu@52.968C tj@54.218C soc1@52.312C VDD_IN 8769mW/7232mW VDD_CPU_GPU_CV 2966mW/1993mW VDD_SOC 1941mW/1733mW
10-08-2026 23:35:32 RAM 6977/7620MB (lfb 15x1MB) SWAP 579/5858MB (cached 0MB) CPU [20%@1510,32%@1510,50%@1510,22%@1510,24%@729,15%@729] GR3D_FREQ 30% cpu@53.906C soc2@52.468C soc0@50.75C gpu@53.125C tj@53.906C soc1@52.375C VDD_IN 7340mW/7232mW VDD_CPU_GPU_CV 2017mW/1993mW VDD_SOC 1822mW/1733mW
10-08-2026 23:35:33 RAM 6626/7620MB (lfb 1x2MB) SWAP 579/5858MB (cached 0MB) CPU [20%@960,44%@960,19%@960,28%@960,11%@1113,13%@1113] GR3D_FREQ 0% cpu@53.968C soc2@52.281C soc0@50.718C gpu@52.968C tj@53.968C soc1@52.375C VDD_IN 6944mW/7232mW VDD_CPU_GPU_CV 1700mW/1993mW VDD_SOC 1782mW/1733mW
10-08-2026 23:35:34 RAM 6383/7620MB (lfb 2x2MB) SWAP 579/5858MB (cached 0MB) CPU [8%@1510,9%@1510,59%@1510,29%@1510,11%@729,5%@729] GR3D_FREQ 53% cpu@53.656C soc2@52.312C soc0@50.875C gpu@53.031C tj@53.656C soc1@52.437C VDD_IN 6864mW/7231mW VDD_CPU_GPU_CV 1584mW/1992mW VDD_SOC 1743mW/1733mW
10-08-2026 23:35:35 RAM 6383/7620MB (lfb 2x2MB) SWAP 579/5858MB (cached 0MB) CPU [7%@1510,8%@1510,80%@1510,4%@1510,0%@729,3%@729] GR3D_FREQ 45% cpu@53.75C soc2@52.312C soc0@50.843C gpu@52.968C tj@53.75C soc1@52.281C VDD_IN 6745mW/7230mW VDD_CPU_GPU_CV 1545mW/1991mW VDD_SOC 1743mW/1733mW
10-08-2026 23:35:36 RAM 6383/7620MB (lfb 2x2MB) SWAP 579/5858MB (cached 0MB) CPU [6%@1510,7%@1510,77%@1510,11%@1510,3%@729,4%@729] GR3D_FREQ 39% cpu@53.875C soc2@52.312C soc0@50.656C gpu@52.75C tj@53.875C soc1@52.375C VDD_IN 6745mW/7230mW VDD_CPU_GPU_CV 1542mW/1991mW VDD_SOC 1743mW/1733mW
10-08-2026 23:35:37 RAM 6383/7620MB (lfb 2x2MB) SWAP 579/5858MB (cached 0MB) CPU [5%@1510,1%@1510,12%@1510,68%@1510,11%@729,11%@729] GR3D_FREQ 42% cpu@53.687C soc2@52.25C soc0@50.687C gpu@52.812C tj@53.687C soc1@52.25C VDD_IN 6705mW/7229mW VDD_CPU_GPU_CV 1545mW/1990mW VDD_SOC 1743mW/1733mW
10-08-2026 23:35:38 RAM 6383/7620MB (lfb 2x2MB) SWAP 579/5858MB (cached 0MB) CPU [6%@1510,0%@1510,74%@1510,8%@1510,12%@729,11%@729] GR3D_FREQ 35% cpu@53.562C soc2@52.218C soc0@50.718C gpu@52.812C tj@53.562C soc1@52.375C VDD_IN 6745mW/7228mW VDD_CPU_GPU_CV 1545mW/1989mW VDD_SOC 1743mW/1733mW
10-08-2026 23:35:39 RAM 6383/7620MB (lfb 2x2MB) SWAP 579/5858MB (cached 0MB) CPU [4%@1510,4%@1510,37%@1510,45%@1510,7%@729,8%@729] GR3D_FREQ 35% cpu@53.781C soc2@52.25C soc0@50.718C gpu@53C tj@53.781C soc1@52.25C VDD_IN 6745mW/7227mW VDD_CPU_GPU_CV 1545mW/1989mW VDD_SOC 1743mW/1733mW
10-08-2026 23:35:40 RAM 6383/7620MB (lfb 2x2MB) SWAP 579/5858MB (cached 0MB) CPU [12%@1510,6%@1510,53%@1510,33%@1510,0%@729,0%@729] GR3D_FREQ 38% cpu@53.625C soc2@52.312C soc0@50.625C gpu@53.031C tj@53.968C soc1@52.281C VDD_IN 6785mW/7227mW VDD_CPU_GPU_CV 1584mW/1988mW VDD_SOC 1743mW/1733mW
10-08-2026 23:35:41 RAM 6385/7620MB (lfb 2x2MB) SWAP 579/5858MB (cached 0MB) CPU [16%@1510,29%@1510,23%@1510,30%@1510,1%@729,2%@729] GR3D_FREQ 61% cpu@53.718C soc2@52.218C soc0@50.687C gpu@53C tj@53.718C soc1@52.218C VDD_IN 6785mW/7226mW VDD_CPU_GPU_CV 1545mW/1987mW VDD_SOC 1743mW/1733mW
10-08-2026 23:35:42 RAM 6426/7620MB (lfb 29x1MB) SWAP 579/5858MB (cached 0MB) CPU [44%@1113,27%@1113,37%@1113,32%@1113,25%@1113,37%@1113] GR3D_FREQ 28% cpu@53.656C soc2@52.187C soc0@50.625C gpu@52.687C tj@53.656C soc1@52.343C VDD_IN 6388mW/7225mW VDD_CPU_GPU_CV 1465mW/1987mW VDD_SOC 1663mW/1733mW
10-08-2026 23:35:43 RAM 6429/7620MB (lfb 29x1MB) SWAP 579/5858MB (cached 0MB) CPU [55%@1267,44%@1267,38%@1267,30%@1267,43%@1113,48%@1113] GR3D_FREQ 0% cpu@53.906C soc2@52.187C soc0@50.687C gpu@52.687C tj@53.906C soc1@52.25C VDD_IN 6467mW/7224mW VDD_CPU_GPU_CV 1505mW/1986mW VDD_SOC 1663mW/1733mW
10-08-2026 23:35:44 RAM 6430/7620MB (lfb 29x1MB) SWAP 579/5858MB (cached 0MB) CPU [44%@1510,41%@1510,33%@1510,39%@1510,25%@729,43%@729] GR3D_FREQ 8% cpu@53.812C soc2@52.218C soc0@50.531C gpu@52.875C tj@53.812C soc1@52.343C VDD_IN 6269mW/7222mW VDD_CPU_GPU_CV 1386mW/1985mW VDD_SOC 1624mW/1733mW
10-08-2026 23:35:45 RAM 6438/7620MB (lfb 25x1MB) SWAP 579/5858MB (cached 0MB) CPU [29%@1510,41%@1510,42%@1510,38%@1510,47%@1190,63%@1190] GR3D_FREQ 0% cpu@54.062C soc2@52.156C soc0@50.531C gpu@52.843C tj@54.062C soc1@52.187C VDD_IN 6586mW/7221mW VDD_CPU_GPU_CV 1621mW/1985mW VDD_SOC 1663mW/1733mW
10-08-2026 23:35:46 RAM 6102/7620MB (lfb 14x2MB) SWAP 579/5858MB (cached 0MB) CPU [46%@1510,44%@1510,30%@1510,62%@1510,55%@1344,52%@1344] GR3D_FREQ 0% cpu@54.281C soc2@52.281C soc0@50.593C gpu@53C tj@54.281C soc1@52.281C VDD_IN 7102mW/7221mW VDD_CPU_GPU_CV 2017mW/1985mW VDD_SOC 1703mW/1733mW
10-08-2026 23:35:47 RAM 6240/7620MB (lfb 14x2MB) SWAP 579/5858MB (cached 0MB) CPU [40%@1510,42%@1510,78%@1510,33%@1510,43%@1510,47%@1510] GR3D_FREQ 70% cpu@54.343C soc2@52.531C soc0@50.75C gpu@52.906C tj@54.343C soc1@52.187C VDD_IN 8491mW/7223mW VDD_CPU_GPU_CV 2808mW/1986mW VDD_SOC 1901mW/1733mW
10-08-2026 23:35:48 RAM 6338/7620MB (lfb 14x2MB) SWAP 579/5858MB (cached 0MB) CPU [62%@1510,51%@1510,67%@1510,58%@1510,60%@806,74%@806] GR3D_FREQ 98% cpu@54.593C soc2@52.687C soc0@50.781C gpu@53.062C tj@54.593C soc1@52.312C VDD_IN 9166mW/7226mW VDD_CPU_GPU_CV 3322mW/1988mW VDD_SOC 1980mW/1733mW
10-08-2026 23:35:49 RAM 6409/7620MB (lfb 14x2MB) SWAP 579/5858MB (cached 0MB) CPU [46%@806,62%@806,57%@806,52%@806,66%@1420,48%@1420] GR3D_FREQ 33% cpu@53.968C soc2@52.5C soc0@50.781C gpu@53.218C tj@53.968C soc1@52.437C VDD_IN 7777mW/7227mW VDD_CPU_GPU_CV 2452mW/1988mW VDD_SOC 1743mW/1733mW
10-08-2026 23:35:50 RAM 6337/7620MB (lfb 15x2MB) SWAP 579/5858MB (cached 0MB) CPU [61%@1510,56%@1510,61%@1510,53%@1510,65%@883,52%@883] GR3D_FREQ 51% cpu@54.375C soc2@52.812C soc0@50.843C gpu@53.343C tj@54.375C soc1@52.468C VDD_IN 8808mW/7229mW VDD_CPU_GPU_CV 3085mW/1990mW VDD_SOC 1861mW/1733mW
10-08-2026 23:35:51 RAM 6424/7620MB (lfb 15x2MB) SWAP 579/5858MB (cached 0MB) CPU [58%@1267,70%@1267,45%@1267,56%@1267,66%@1510,64%@1510] GR3D_FREQ 64% cpu@54.531C soc2@52.968C soc0@51C gpu@53.406C tj@54.531C soc1@52.375C VDD_IN 9007mW/7232mW VDD_CPU_GPU_CV 3203mW/1992mW VDD_SOC 1901mW/1734mW
10-08-2026 23:35:52 RAM 6508/7620MB (lfb 15x2MB) SWAP 579/5858MB (cached 0MB) CPU [61%@1510,61%@1510,40%@1510,58%@1510,54%@960,55%@960] GR3D_FREQ 0% cpu@54.125C soc2@52.687C soc0@50.781C gpu@53.093C tj@54.125C soc1@52.593C VDD_IN 7618mW/7232mW VDD_CPU_GPU_CV 2333mW/1992mW VDD_SOC 1743mW/1734mW
10-08-2026 23:35:53 RAM 6518/7620MB (lfb 15x2MB) SWAP 579/5858MB (cached 0MB) CPU [45%@1510,55%@1510,52%@1510,37%@1510,55%@1113,41%@1113] GR3D_FREQ 0% cpu@54.343C soc2@52.5C soc0@50.781C gpu@52.968C tj@54.343C soc1@52.593C VDD_IN 6864mW/7232mW VDD_CPU_GPU_CV 1858mW/1992mW VDD_SOC 1624mW/1733mW
10-08-2026 23:35:54 RAM 6600/7620MB (lfb 15x2MB) SWAP 579/5858MB (cached 0MB) CPU [57%@1510,57%@1510,59%@1510,50%@1510,71%@1510,60%@1510] GR3D_FREQ 58% cpu@54.5C soc2@52.843C soc0@51C gpu@53.25C tj@54.531C soc1@52.593C VDD_IN 8928mW/7234mW VDD_CPU_GPU_CV 3164mW/1994mW VDD_SOC 1901mW/1734mW
10-08-2026 23:35:55 RAM 6741/7620MB (lfb 15x2MB) SWAP 579/5858MB (cached 0MB) CPU [60%@1190,57%@1190,58%@1190,69%@1190,68%@1510,71%@1510] GR3D_FREQ 79% cpu@54.687C soc2@53.031C soc0@51.156C gpu@53.687C tj@54.687C soc1@52.531C VDD_IN 9547mW/7237mW VDD_CPU_GPU_CV 3593mW/1996mW VDD_SOC 1980mW/1734mW
10-08-2026 23:35:56 RAM 6745/7620MB (lfb 15x2MB) SWAP 579/5858MB (cached 0MB) CPU [35%@1190,41%@1190,43%@1190,30%@1190,47%@1190,50%@1190] GR3D_FREQ 29% cpu@54.187C soc2@52.562C soc0@50.875C gpu@53.406C tj@54.187C soc1@52.5C VDD_IN 6705mW/7237mW VDD_CPU_GPU_CV 1700mW/1996mW VDD_SOC 1624mW/1734mW
10-08-2026 23:35:57 RAM 6754/7620MB (lfb 15x2MB) SWAP 579/5858MB (cached 0MB) CPU [43%@1510,38%@1510,61%@1510,36%@1510,62%@1510,51%@1510] GR3D_FREQ 60% cpu@54.718C soc2@52.906C soc0@50.968C gpu@53.062C tj@54.718C soc1@52.562C VDD_IN 8015mW/7238mW VDD_CPU_GPU_CV 2570mW/1996mW VDD_SOC 1782mW/1734mW
10-08-2026 23:35:58 RAM 6845/7620MB (lfb 2x2MB) SWAP 579/5858MB (cached 0MB) CPU [69%@1510,69%@1510,51%@1510,42%@1510,71%@806,71%@806] GR3D_FREQ 60% cpu@54.531C soc2@52.875C soc0@51.093C gpu@53.312C tj@54.531C soc1@52.656C VDD_IN 9190mW/7241mW VDD_CPU_GPU_CV 3322mW/1998mW VDD_SOC 1941mW/1734mW
10-08-2026 23:35:59 RAM 6937/7620MB (lfb 2x2MB) SWAP 579/5858MB (cached 0MB) CPU [37%@1113,70%@1113,56%@1113,42%@1113,54%@729,74%@729] GR3D_FREQ 1% cpu@54.312C soc2@52.812C soc0@51.218C gpu@53.312C tj@54.312C soc1@52.562C VDD_IN 7962mW/7242mW VDD_CPU_GPU_CV 2570mW/1999mW VDD_SOC 1782mW/1734mW
10-08-2026 23:36:00 RAM 6937/7620MB (lfb 2x2MB) SWAP 579/5858MB (cached 0MB) CPU [49%@1510,26%@1510,48%@1510,38%@1510,52%@1113,40%@1113] GR3D_FREQ 0% cpu@54.343C soc2@52.625C soc0@50.937C gpu@53.156C tj@54.343C soc1@52.625C VDD_IN 6467mW/7240mW VDD_CPU_GPU_CV 1582mW/1999mW VDD_SOC 1584mW/1734mW
10-08-2026 23:36:01 RAM 7008/7620MB (lfb 2x2MB) SWAP 579/5858MB (cached 0MB) CPU [59%@1510,51%@1510,68%@1510,57%@1267,77%@1113,58%@1113] GR3D_FREQ 64% cpu@54.406C soc2@52.906C soc0@51.031C gpu@53.156C tj@54.406C soc1@52.625C VDD_IN 8689mW/7243mW VDD_CPU_GPU_CV 3005mW/2000mW VDD_SOC 1861mW/1734mW
10-08-2026 23:36:02 RAM 7005/7620MB (lfb 2x2MB) SWAP 579/5858MB (cached 0MB) CPU [64%@1510,65%@1510,50%@1510,49%@1510,68%@1344,57%@1344] GR3D_FREQ 35% cpu@54.656C soc2@52.968C soc0@51.125C gpu@53.187C tj@54.656C soc1@52.812C VDD_IN 8689mW/7245mW VDD_CPU_GPU_CV 3005mW/2001mW VDD_SOC 1861mW/1734mW
10-08-2026 23:36:03 RAM 6981/7620MB (lfb 2x2MB) SWAP 579/5858MB (cached 0MB) CPU [45%@1344,57%@1344,65%@1344,32%@1510,54%@729,46%@729] GR3D_FREQ 35% cpu@54.5C soc2@52.687C soc0@51.156C gpu@53.093C tj@54.5C soc1@52.625C VDD_IN 7261mW/7245mW VDD_CPU_GPU_CV 2096mW/2002mW VDD_SOC 1703mW/1734mW
10-08-2026 23:36:04 RAM 7005/7620MB (lfb 2x2MB) SWAP 579/5858MB (cached 0MB) CPU [56%@1190,51%@1190,48%@1190,47%@1190,59%@1420,56%@1420] GR3D_FREQ 51% cpu@54.468C soc2@52.906C soc0@51.125C gpu@53.375C tj@54.468C soc1@52.656C VDD_IN 8134mW/7246mW VDD_CPU_GPU_CV 2649mW/2002mW VDD_SOC 1782mW/1734mW
10-08-2026 23:36:05 RAM 7008/7620MB (lfb 2x2MB) SWAP 579/5858MB (cached 0MB) CPU [64%@1510,48%@1510,52%@1510,46%@1510,57%@1510,65%@1510] GR3D_FREQ 39% cpu@54.687C soc2@52.875C soc0@51.125C gpu@53.406C tj@54.437C soc1@52.75C VDD_IN 8557mW/7248mW VDD_CPU_GPU_CV 2966mW/2004mW VDD_SOC 1861mW/1735mW
10-08-2026 23:36:06 RAM 7050/7620MB (lfb 2x2MB) SWAP 579/5858MB (cached 0MB) CPU [30%@1344,18%@1344,23%@1344,54%@1344,26%@729,31%@729] GR3D_FREQ 37% cpu@54C soc2@52.906C soc0@51.281C gpu@53.406C tj@54C soc1@52.812C VDD_IN 7261mW/7248mW VDD_CPU_GPU_CV 1977mW/2004mW VDD_SOC 1743mW/1735mW
10-08-2026 23:36:07 RAM 7004/7620MB (lfb 2x2MB) SWAP 579/5858MB (cached 0MB) CPU [16%@1420,11%@1420,36%@1420,48%@1420,17%@729,24%@729] GR3D_FREQ 23% cpu@54.031C soc2@52.781C soc0@51.312C gpu@53.187C tj@54.031C soc1@52.625C VDD_IN 7063mW/7247mW VDD_CPU_GPU_CV 1858mW/2004mW VDD_SOC 1743mW/1735mW
10-08-2026 23:36:08 RAM 6947/7620MB (lfb 48x1MB) SWAP 579/5858MB (cached 0MB) CPU [23%@1510,17%@1510,31%@1510,21%@1510,23%@729,29%@729] GR3D_FREQ 0% cpu@54.093C soc2@52.75C soc0@51.218C gpu@53.125C tj@54.093C soc1@52.531C VDD_IN 6983mW/7247mW VDD_CPU_GPU_CV 1819mW/2003mW VDD_SOC 1703mW/1735mW
10-08-2026 23:36:09 RAM 6822/7620MB (lfb 6x2MB) SWAP 579/5858MB (cached 0MB) CPU [20%@1510,43%@1510,31%@1510,30%@1510,9%@729,24%@729] GR3D_FREQ 49% cpu@53.906C soc2@52.687C soc0@51.062C gpu@53.312C tj@53.906C soc1@52.625C VDD_IN 6983mW/7247mW VDD_CPU_GPU_CV 1624mW/2003mW VDD_SOC 1743mW/1735mW
10-08-2026 23:36:10 RAM 6823/7620MB (lfb 6x2MB) SWAP 579/5858MB (cached 0MB) CPU [11%@1510,7%@1510,21%@1510,12%@1510,16%@1497,65%@1497] GR3D_FREQ 57% cpu@54.062C soc2@52.593C soc0@51.062C gpu@53.312C tj@54.062C soc1@52.687C VDD_IN 6745mW/7246mW VDD_CPU_GPU_CV 1584mW/2002mW VDD_SOC 1703mW/1735mW
10-08-2026 23:36:11 RAM 6823/7620MB (lfb 6x2MB) SWAP 579/5858MB (cached 0MB) CPU [6%@1510,30%@1510,10%@1510,11%@1510,16%@729,45%@729] GR3D_FREQ 48% cpu@53.968C soc2@52.562C soc0@51.218C gpu@53.25C tj@53.968C soc1@52.531C VDD_IN 6745mW/7245mW VDD_CPU_GPU_CV 1584mW/2002mW VDD_SOC 1663mW/1734mW
10-08-2026 23:36:12 RAM 6823/7620MB (lfb 6x2MB) SWAP 579/5858MB (cached 0MB) CPU [8%@1510,46%@1510,10%@1510,25%@1510,7%@1510,29%@1510] GR3D_FREQ 55% cpu@54.312C soc2@52.656C soc0@50.906C gpu@53.25C tj@54.312C soc1@52.562C VDD_IN 6785mW/7245mW VDD_CPU_GPU_CV 1582mW/2001mW VDD_SOC 1663mW/1734mW
10-08-2026 23:36:13 RAM 6823/7620MB (lfb 6x2MB) SWAP 579/5858MB (cached 0MB) CPU [12%@729,5%@729,12%@729,6%@729,30%@1510,65%@1510] GR3D_FREQ 41% cpu@53.968C soc2@52.531C soc0@50.906C gpu@53C tj@53.968C soc1@52.593C VDD_IN 6745mW/7244mW VDD_CPU_GPU_CV 1584mW/2000mW VDD_SOC 1663mW/1734mW
10-08-2026 23:36:14 RAM 6824/7620MB (lfb 6x2MB) SWAP 579/5858MB (cached 0MB) CPU [20%@1510,7%@1510,9%@1510,7%@1510,21%@1510,59%@1510] GR3D_FREQ 37% cpu@53.968C soc2@52.468C soc0@51.031C gpu@53.031C tj@53.968C soc1@52.656C VDD_IN 6785mW/7243mW VDD_CPU_GPU_CV 1584mW/2000mW VDD_SOC 1663mW/1734mW
10-08-2026 23:36:15 RAM 6824/7620MB (lfb 6x2MB) SWAP 579/5858MB (cached 0MB) CPU [9%@729,7%@729,10%@729,11%@729,6%@1510,74%@1510] GR3D_FREQ 36% cpu@54.093C soc2@52.468C soc0@50.906C gpu@53.218C tj@54.093C soc1@52.468C VDD_IN 6745mW/7243mW VDD_CPU_GPU_CV 1584mW/1999mW VDD_SOC 1703mW/1734mW
10-08-2026 23:36:16 RAM 6824/7620MB (lfb 6x2MB) SWAP 579/5858MB (cached 0MB) CPU [10%@1510,9%@1510,5%@1510,12%@1510,3%@1420,80%@1420] GR3D_FREQ 38% cpu@53.906C soc2@52.562C soc0@50.906C gpu@53.312C tj@53.906C soc1@52.593C VDD_IN 6745mW/7242mW VDD_CPU_GPU_CV 1584mW/1999mW VDD_SOC 1703mW/1734mW
10-08-2026 23:36:17 RAM 6921/7620MB (lfb 33x1MB) SWAP 579/5858MB (cached 0MB) CPU [23%@1497,24%@1497,18%@1497,15%@1497,21%@729,55%@729] GR3D_FREQ 32% cpu@54.062C soc2@52.468C soc0@50.937C gpu@52.968C tj@54.062C soc1@52.593C VDD_IN 6626mW/7241mW VDD_CPU_GPU_CV 1621mW/1998mW VDD_SOC 1624mW/1734mW
10-08-2026 23:36:18 RAM 6806/7620MB (lfb 1x2MB) SWAP 579/5858MB (cached 0MB) CPU [35%@1510,31%@1510,33%@1510,45%@1510,44%@729,49%@729] GR3D_FREQ 27% cpu@53.843C soc2@52.406C soc0@50.937C gpu@52.968C tj@54C soc1@52.625C VDD_IN 6229mW/7240mW VDD_CPU_GPU_CV 1386mW/1997mW VDD_SOC 1584mW/1734mW
10-08-2026 23:36:19 RAM 6806/7620MB (lfb 34x1MB) SWAP 579/5858MB (cached 0MB) CPU [36%@960,44%@1510,45%@1510,36%@1510,42%@1497,41%@1497] GR3D_FREQ 11% cpu@54.031C soc2@52.5C soc0@50.812C gpu@52.906C tj@54.031C soc1@52.468C VDD_IN 6388mW/7239mW VDD_CPU_GPU_CV 1545mW/1997mW VDD_SOC 1584mW/1734mW
10-08-2026 23:36:20 RAM 6703/7620MB (lfb 33x1MB) SWAP 579/5858MB (cached 0MB) CPU [21%@1267,66%@1267,20%@1267,31%@1267,26%@1113,25%@1113] GR3D_FREQ 0% cpu@53.968C soc2@52.468C soc0@50.75C gpu@53.156C tj@53.968C soc1@52.437C VDD_IN 6269mW/7237mW VDD_CPU_GPU_CV 1386mW/1996mW VDD_SOC 1584mW/1733mW
10-08-2026 23:36:21 RAM 6704/7620MB (lfb 33x1MB) SWAP 579/5858MB (cached 0MB) CPU [26%@1510,36%@1510,36%@1510,48%@1510,43%@883,47%@883] GR3D_FREQ 0% cpu@53.843C soc2@52.343C soc0@50.718C gpu@53.156C tj@53.843C soc1@52.562C VDD_IN 6309mW/7236mW VDD_CPU_GPU_CV 1465mW/1995mW VDD_SOC 1584mW/1733mW
10-08-2026 23:36:22 RAM 6704/7620MB (lfb 33x1MB) SWAP 579/5858MB (cached 0MB) CPU [44%@1267,50%@1267,38%@1510,27%@1510,41%@729,36%@729] GR3D_FREQ 0% cpu@53.906C soc2@52.437C soc0@50.781C gpu@53.125C tj@53.906C soc1@52.625C VDD_IN 6269mW/7235mW VDD_CPU_GPU_CV 1423mW/1994mW VDD_SOC 1584mW/1733mW
10-08-2026 23:36:23 RAM 6463/7620MB (lfb 56x1MB) SWAP 579/5858MB (cached 0MB) CPU [54%@1510,56%@1510,51%@1510,53%@1510,65%@1344,63%@1344] GR3D_FREQ 54% cpu@54.625C soc2@52.687C soc0@51.031C gpu@53.125C tj@54.625C soc1@52.406C VDD_IN 8610mW/7236mW VDD_CPU_GPU_CV 2966mW/1996mW VDD_SOC 1861mW/1733mW
10-08-2026 23:36:24 RAM 6528/7620MB (lfb 1x2MB) SWAP 579/5858MB (cached 0MB) CPU [63%@1113,55%@1113,63%@1113,63%@1113,72%@1510,69%@1510] GR3D_FREQ 64% cpu@54.875C soc2@52.906C soc0@51C gpu@53.531C tj@54.593C soc1@52.656C VDD_IN 9245mW/7239mW VDD_CPU_GPU_CV 3401mW/1998mW VDD_SOC 1941mW/1733mW
10-08-2026 23:36:25 RAM 6422/7620MB (lfb 8x2MB) SWAP 579/5858MB (cached 0MB) CPU [42%@1510,45%@1510,68%@1510,61%@1510,47%@806,59%@806] GR3D_FREQ 8% cpu@54.125C soc2@52.687C soc0@51.156C gpu@53.156C tj@54.125C soc1@52.625C VDD_IN 7368mW/7239mW VDD_CPU_GPU_CV 2175mW/1998mW VDD_SOC 1703mW/1733mW
10-08-2026 23:36:26 RAM 6451/7620MB (lfb 6x2MB) SWAP 579/5858MB (cached 0MB) CPU [45%@1510,47%@1510,50%@1510,49%@1510,65%@960,47%@960] GR3D_FREQ 64% cpu@54.437C soc2@52.968C soc0@50.906C gpu@53.156C tj@54.437C soc1@52.531C VDD_IN 7658mW/7240mW VDD_CPU_GPU_CV 2373mW/1998mW VDD_SOC 1743mW/1733mW
10-08-2026 23:36:27 RAM 6565/7620MB (lfb 6x2MB) SWAP 579/5858MB (cached 0MB) CPU [60%@1510,49%@1510,57%@1510,64%@1510,78%@1510,62%@1510] GR3D_FREQ 52% cpu@54.593C soc2@53.156C soc0@51.187C gpu@53.593C tj@54.593C soc1@52.75C VDD_IN 9349mW/7243mW VDD_CPU_GPU_CV 3441mW/2000mW VDD_SOC 1941mW/1734mW
10-08-2026 23:36:28 RAM 6636/7620MB (lfb 6x2MB) SWAP 579/5858MB (cached 0MB) CPU [55%@729,34%@1510,60%@1510,62%@1510,61%@729,62%@729] GR3D_FREQ 0% cpu@54.281C soc2@52.812C soc0@51.093C gpu@53.593C tj@54.187C soc1@52.656C VDD_IN 8042mW/7244mW VDD_CPU_GPU_CV 2570mW/2001mW VDD_SOC 1782mW/1734mW
10-08-2026 23:36:29 RAM 6636/7620MB (lfb 6x2MB) SWAP 579/5858MB (cached 0MB) CPU [37%@1267,45%@1267,56%@1267,33%@1267,44%@1113,36%@1113] GR3D_FREQ 12% cpu@54.406C soc2@52.531C soc0@50.968C gpu@53.406C tj@54.281C soc1@52.625C VDD_IN 6785mW/7243mW VDD_CPU_GPU_CV 1819mW/2001mW VDD_SOC 1624mW/1734mW
10-08-2026 23:36:30 RAM 6691/7620MB (lfb 6x2MB) SWAP 579/5858MB (cached 0MB) CPU [62%@1510,50%@1510,44%@1510,45%@1510,55%@883,59%@883] GR3D_FREQ 74% cpu@54.437C soc2@52.843C soc0@51.156C gpu@53.625C tj@54.437C soc1@52.812C VDD_IN 8570mW/7245mW VDD_CPU_GPU_CV 2887mW/2002mW VDD_SOC 1861mW/1734mW
10-08-2026 23:36:31 RAM 6785/7620MB (lfb 6x2MB) SWAP 579/5858MB (cached 0MB) CPU [59%@1510,53%@1510,54%@1510,58%@1510,72%@1510,63%@1510] GR3D_FREQ 76% cpu@54.656C soc2@53.062C soc0@51.281C gpu@53.406C tj@54.656C soc1@52.656C VDD_IN 9111mW/7248mW VDD_CPU_GPU_CV 3282mW/2004mW VDD_SOC 1941mW/1734mW
10-08-2026 23:36:32 RAM 6829/7620MB (lfb 6x2MB) SWAP 579/5858MB (cached 0MB) CPU [30%@1344,36%@1344,48%@1344,44%@1344,61%@729,49%@729] GR3D_FREQ 11% cpu@54.375C soc2@52.75C soc0@51C gpu@53.156C tj@54.375C soc1@52.625C VDD_IN 6904mW/7247mW VDD_CPU_GPU_CV 1858mW/2004mW VDD_SOC 1663mW/1734mW
10-08-2026 23:36:33 RAM 6830/7620MB (lfb 6x2MB) SWAP 579/5858MB (cached 0MB) CPU [34%@1190,53%@1190,42%@1190,28%@1190,40%@729,20%@729] GR3D_FREQ 10% cpu@54.031C soc2@52.593C soc0@50.937C gpu@53.062C tj@54.031C soc1@52.718C VDD_IN 6190mW/7246mW VDD_CPU_GPU_CV 1386mW/2003mW VDD_SOC 1584mW/1734mW
10-08-2026 23:36:34 RAM 6859/7620MB (lfb 6x2MB) SWAP 579/5858MB (cached 0MB) CPU [34%@1510,50%@1510,33%@1510,41%@1510,51%@1190,58%@1190] GR3D_FREQ 55% cpu@54.5C soc2@52.812C soc0@51.156C gpu@53.093C tj@54.5C soc1@52.718C VDD_IN 7737mW/7246mW VDD_CPU_GPU_CV 2373mW/2003mW VDD_SOC 1782mW/1734mW
10-08-2026 23:36:35 RAM 6909/7620MB (lfb 33x1MB) SWAP 579/5858MB (cached 0MB) CPU [50%@1510,32%@1510,35%@1510,37%@1510,76%@1344,61%@1344] GR3D_FREQ 31% cpu@54.281C soc2@52.875C soc0@51.093C gpu@53.312C tj@54.281C soc1@52.593C VDD_IN 8412mW/7248mW VDD_CPU_GPU_CV 2729mW/2004mW VDD_SOC 1861mW/1734mW
10-08-2026 23:36:36 RAM 6915/7620MB (lfb 33x1MB) SWAP 579/5858MB (cached 0MB) CPU [17%@1510,28%@1510,17%@1510,11%@1510,43%@1190,48%@1190] GR3D_FREQ 66% cpu@54.312C soc2@52.531C soc0@51.062C gpu@53.25C tj@54.312C soc1@52.687C VDD_IN 7023mW/7248mW VDD_CPU_GPU_CV 1782mW/2004mW VDD_SOC 1743mW/1734mW
10-08-2026 23:36:37 RAM 6757/7620MB (lfb 45x2MB) SWAP 579/5858MB (cached 0MB) CPU [19%@729,51%@729,16%@729,16%@729,19%@1510,39%@1510] GR3D_FREQ 28% cpu@53.906C soc2@52.531C soc0@51.125C gpu@52.968C tj@53.906C soc1@52.687C VDD_IN 6467mW/7247mW VDD_CPU_GPU_CV 1465mW/2003mW VDD_SOC 1663mW/1734mW
10-08-2026 23:36:38 RAM 6768/7620MB (lfb 45x2MB) SWAP 579/5858MB (cached 0MB) CPU [10%@1510,7%@1510,15%@1510,12%@1510,15%@1497,75%@1497] GR3D_FREQ 68% cpu@54.062C soc2@52.625C soc0@50.968C gpu@53.031C tj@54.062C soc1@52.562C VDD_IN 6785mW/7246mW VDD_CPU_GPU_CV 1584mW/2003mW VDD_SOC 1703mW/1734mW
10-08-2026 23:36:39 RAM 6768/7620MB (lfb 45x2MB) SWAP 579/5858MB (cached 0MB) CPU [13%@1510,6%@1510,8%@1510,18%@1510,2%@1510,81%@1510] GR3D_FREQ 41% cpu@54.187C soc2@52.531C soc0@50.968C gpu@53C tj@54.187C soc1@52.531C VDD_IN 6705mW/7245mW VDD_CPU_GPU_CV 1584mW/2002mW VDD_SOC 1663mW/1734mW
10-08-2026 23:36:40 RAM 6768/7620MB (lfb 45x2MB) SWAP 579/5858MB (cached 0MB) CPU [15%@729,6%@729,11%@729,8%@729,27%@1510,59%@1510] GR3D_FREQ 46% cpu@53.906C soc2@52.5C soc0@51.031C gpu@53.031C tj@53.906C soc1@52.562C VDD_IN 6666mW/7245mW VDD_CPU_GPU_CV 1545mW/2001mW VDD_SOC 1663mW/1734mW
10-08-2026 23:36:42 RAM 6768/7620MB (lfb 45x2MB) SWAP 579/5858MB (cached 0MB) CPU [12%@729,8%@729,20%@729,8%@729,1%@1510,81%@1510] GR3D_FREQ 38% cpu@54C soc2@52.437C soc0@51.031C gpu@53.156C tj@54C soc1@52.625C VDD_IN 6705mW/7244mW VDD_CPU_GPU_CV 1545mW/2001mW VDD_SOC 1663mW/1734mW
10-08-2026 23:36:43 RAM 6769/7620MB (lfb 45x2MB) SWAP 579/5858MB (cached 0MB) CPU [14%@729,4%@729,9%@729,12%@729,18%@1510,63%@1510] GR3D_FREQ 41% cpu@54.125C soc2@52.437C soc0@51.062C gpu@53.093C tj@54.125C soc1@52.562C VDD_IN 6705mW/7243mW VDD_CPU_GPU_CV 1584mW/2000mW VDD_SOC 1663mW/1733mW
10-08-2026 23:36:44 RAM 6769/7620MB (lfb 45x2MB) SWAP 579/5858MB (cached 0MB) CPU [19%@1510,10%@1510,10%@1510,8%@1510,59%@1497,27%@1497] GR3D_FREQ 52% cpu@53.937C soc2@52.375C soc0@50.812C gpu@53.156C tj@53.937C soc1@52.5C VDD_IN 6666mW/7242mW VDD_CPU_GPU_CV 1545mW/2000mW VDD_SOC 1663mW/1733mW
10-08-2026 23:36:45 RAM 6769/7620MB (lfb 45x2MB) SWAP 579/5858MB (cached 0MB) CPU [14%@1497,18%@1497,10%@1497,10%@1497,23%@729,58%@729] GR3D_FREQ 64% cpu@54.062C soc2@52.468C soc0@50.812C gpu@52.937C tj@54.062C soc1@52.531C VDD_IN 6666mW/7242mW VDD_CPU_GPU_CV 1545mW/1999mW VDD_SOC 1666mW/1733mW
10-08-2026 23:36:46 RAM 6776/7620MB (lfb 45x2MB) SWAP 579/5858MB (cached 0MB) CPU [25%@1497,33%@1497,14%@1497,46%@1510,7%@729,6%@729] GR3D_FREQ 47% cpu@53.812C soc2@52.468C soc0@50.906C gpu@52.937C tj@53.812C soc1@52.531C VDD_IN 6745mW/7241mW VDD_CPU_GPU_CV 1545mW/1998mW VDD_SOC 1666mW/1733mW
10-08-2026 23:36:47 RAM 6776/7620MB (lfb 45x2MB) SWAP 579/5858MB (cached 0MB) CPU [24%@1510,58%@1510,16%@1510,13%@1510,6%@729,6%@729] GR3D_FREQ 38% cpu@53.812C soc2@52.5C soc0@50.968C gpu@52.937C tj@53.812C soc1@52.625C VDD_IN 6705mW/7240mW VDD_CPU_GPU_CV 1584mW/1998mW VDD_SOC 1663mW/1733mW
10-08-2026 23:36:48 RAM 6815/7620MB (lfb 32x2MB) SWAP 579/5858MB (cached 0MB) CPU [47%@960,30%@960,33%@960,28%@960,25%@729,23%@729] GR3D_FREQ 0% cpu@54.031C soc2@52.343C soc0@50.781C gpu@52.906C tj@54.031C soc1@52.5C VDD_IN 6309mW/7239mW VDD_CPU_GPU_CV 1426mW/1997mW VDD_SOC 1584mW/1733mW
10-08-2026 23:36:49 RAM 6821/7620MB (lfb 32x2MB) SWAP 579/5858MB (cached 0MB) CPU [35%@1113,40%@1113,41%@1113,34%@1113,21%@806,41%@806] GR3D_FREQ 0% cpu@54C soc2@52.375C soc0@50.687C gpu@53.093C tj@54C soc1@52.468C VDD_IN 6110mW/7237mW VDD_CPU_GPU_CV 1307mW/1996mW VDD_SOC 1545mW/1733mW
10-08-2026 23:36:50 RAM 6832/7620MB (lfb 32x2MB) SWAP 579/5858MB (cached 0MB) CPU [50%@1036,32%@1036,39%@1036,29%@1036,36%@729,27%@729] GR3D_FREQ 0% cpu@53.781C soc2@52.375C soc0@50.687C gpu@53.062C tj@53.781C soc1@52.531C VDD_IN 6190mW/7236mW VDD_CPU_GPU_CV 1386mW/1995mW VDD_SOC 1584mW/1732mW
10-08-2026 23:36:51 RAM 6842/7620MB (lfb 32x2MB) SWAP 579/5858MB (cached 0MB) CPU [41%@1036,27%@1036,44%@1036,46%@1036,35%@960,30%@960] GR3D_FREQ 20% cpu@53.843C soc2@52.312C soc0@50.875C gpu@52.843C tj@53.843C soc1@52.593C VDD_IN 6150mW/7235mW VDD_CPU_GPU_CV 1346mW/1995mW VDD_SOC 1545mW/1732mW
10-08-2026 23:36:52 RAM 6848/7620MB (lfb 32x2MB) SWAP 579/5858MB (cached 0MB) CPU [40%@729,41%@729,32%@729,35%@729,52%@806,30%@806] GR3D_FREQ 35% cpu@53.906C soc2@52.437C soc0@50.625C gpu@52.812C tj@53.906C soc1@52.406C VDD_IN 6150mW/7233mW VDD_CPU_GPU_CV 1346mW/1994mW VDD_SOC 1545mW/1732mW
10-08-2026 23:36:53 RAM 6952/7620MB (lfb 3x2MB) SWAP 579/5858MB (cached 0MB) CPU [47%@1510,40%@1510,34%@1510,48%@1510,39%@883,41%@883] GR3D_FREQ 69% cpu@54C soc2@52.406C soc0@50.718C gpu@53.093C tj@54C soc1@52.343C VDD_IN 7261mW/7233mW VDD_CPU_GPU_CV 2096mW/1994mW VDD_SOC 1703mW/1732mW
10-08-2026 23:36:54 RAM 6942/7620MB (lfb 5x2MB) SWAP 579/5858MB (cached 0MB) CPU [45%@1510,53%@1510,42%@1510,47%@1510,53%@1036,46%@1036] GR3D_FREQ 28% cpu@54.281C soc2@52.687C soc0@50.843C gpu@53.312C tj@54.281C soc1@52.593C VDD_IN 7975mW/7234mW VDD_CPU_GPU_CV 2570mW/1995mW VDD_SOC 1782mW/1732mW
10-08-2026 23:36:55 RAM 6958/7620MB (lfb 6x2MB) SWAP 579/5858MB (cached 0MB) CPU [40%@1510,55%@1510,43%@1510,62%@1510,47%@729,63%@729] GR3D_FREQ 47% cpu@54.312C soc2@52.812C soc0@50.937C gpu@53.343C tj@54.531C soc1@52.656C VDD_IN 8213mW/7235mW VDD_CPU_GPU_CV 2729mW/1996mW VDD_SOC 1822mW/1732mW
10-08-2026 23:36:56 RAM 6915/7620MB (lfb 4x2MB) SWAP 579/5858MB (cached 0MB) CPU [38%@729,53%@729,45%@729,47%@729,55%@729,41%@729] GR3D_FREQ 8% cpu@54C soc2@52.656C soc0@50.843C gpu@52.937C tj@53.937C soc1@52.5C VDD_IN 7142mW/7235mW VDD_CPU_GPU_CV 2017mW/1996mW VDD_SOC 1663mW/1732mW
10-08-2026 23:36:57 RAM 6936/7620MB (lfb 5x2MB) SWAP 579/5858MB (cached 0MB) CPU [48%@1113,43%@1113,48%@1510,26%@1510,54%@1267,44%@1267] GR3D_FREQ 33% cpu@54.312C soc2@52.656C soc0@50.781C gpu@53.25C tj@54.312C soc1@52.593C VDD_IN 7182mW/7235mW VDD_CPU_GPU_CV 2056mW/1996mW VDD_SOC 1663mW/1732mW
10-08-2026 23:36:58 RAM 6959/7620MB (lfb 1x2MB) SWAP 579/5858MB (cached 0MB) CPU [57%@1510,46%@1510,45%@1510,57%@1510,50%@1036,53%@1036] GR3D_FREQ 29% cpu@54.375C soc2@52.687C soc0@51C gpu@53.468C tj@54.375C soc1@52.468C VDD_IN 8253mW/7237mW VDD_CPU_GPU_CV 2729mW/1997mW VDD_SOC 1822mW/1732mW
10-08-2026 23:36:59 RAM 6952/7620MB (lfb 1x2MB) SWAP 579/5858MB (cached 0MB) CPU [66%@1510,40%@1510,58%@1510,34%@1510,46%@1510,62%@1510] GR3D_FREQ 68% cpu@54.5C soc2@52.843C soc0@50.875C gpu@53.468C tj@54.5C soc1@52.437C VDD_IN 8293mW/7238mW VDD_CPU_GPU_CV 2768mW/1998mW VDD_SOC 1822mW/1732mW
10-08-2026 23:37:00 RAM 6921/7620MB (lfb 1x2MB) SWAP 579/5858MB (cached 0MB) CPU [44%@1510,51%@1510,40%@1510,42%@1510,34%@883,45%@883] GR3D_FREQ 39% cpu@53.968C soc2@52.531C soc0@50.843C gpu@53.062C tj@53.968C soc1@52.531C VDD_IN 6944mW/7238mW VDD_CPU_GPU_CV 1898mW/1998mW VDD_SOC 1663mW/1732mW
10-08-2026 23:37:01 RAM 6948/7620MB (lfb 1x2MB) SWAP 579/5858MB (cached 0MB) CPU [48%@1510,50%@1510,40%@1510,34%@1510,48%@729,45%@729] GR3D_FREQ 46% cpu@54.343C soc2@52.687C soc0@50.937C gpu@53.156C tj@54.343C soc1@52.562C VDD_IN 7499mW/7238mW VDD_CPU_GPU_CV 2214mW/1998mW VDD_SOC 1743mW/1732mW
10-08-2026 23:37:02 RAM 6948/7620MB (lfb 1x2MB) SWAP 579/5858MB (cached 0MB) CPU [48%@1510,32%@1510,64%@1510,24%@1510,48%@960,59%@960] GR3D_FREQ 42% cpu@54.312C soc2@52.687C soc0@51.156C gpu@53.406C tj@54.312C soc1@52.5C VDD_IN 7975mW/7239mW VDD_CPU_GPU_CV 2531mW/1999mW VDD_SOC 1782mW/1732mW
10-08-2026 23:37:03 RAM 6993/7620MB (lfb 1x2MB) SWAP 579/5858MB (cached 0MB) CPU [50%@1497,41%@1497,43%@1497,54%@1497,59%@1036,36%@1036] GR3D_FREQ 36% cpu@54.218C soc2@52.75C soc0@51C gpu@53.468C tj@54.218C soc1@52.531C VDD_IN 8213mW/7240mW VDD_CPU_GPU_CV 2729mW/1999mW VDD_SOC 1822mW/1732mW
10-08-2026 23:37:04 RAM 6913/7620MB (lfb 1x2MB) SWAP 579/5858MB (cached 0MB) CPU [31%@1510,36%@1510,33%@1510,44%@1510,57%@806,30%@806] GR3D_FREQ 0% cpu@54.281C soc2@52.5C soc0@50.937C gpu@53.125C tj@54.281C soc1@52.625C VDD_IN 6705mW/7239mW VDD_CPU_GPU_CV 1740mW/1999mW VDD_SOC 1624mW/1732mW
10-08-2026 23:37:05 RAM 6969/7620MB (lfb 1x2MB) SWAP 579/5858MB (cached 0MB) CPU [30%@1510,27%@1510,36%@1510,39%@1510,23%@729,39%@729] GR3D_FREQ 36% cpu@53.875C soc2@52.625C soc0@51C gpu@52.937C tj@53.875C soc1@52.625C VDD_IN 6269mW/7238mW VDD_CPU_GPU_CV 1426mW/1998mW VDD_SOC 1584mW/1732mW
10-08-2026 23:37:06 RAM 6971/7620MB (lfb 1x2MB) SWAP 579/5858MB (cached 0MB) CPU [19%@1510,26%@1510,16%@1510,16%@1510,10%@729,62%@729] GR3D_FREQ 45% cpu@53.781C soc2@52.562C soc0@51.093C gpu@53.062C tj@53.781C soc1@52.406C VDD_IN 6626mW/7237mW VDD_CPU_GPU_CV 1505mW/1998mW VDD_SOC 1706mW/1732mW
10-08-2026 23:37:07 RAM 6960/7620MB (lfb 1x2MB) SWAP 579/5858MB (cached 0MB) CPU [24%@729,20%@1510,10%@1510,33%@1510,13%@1267,52%@1267] GR3D_FREQ 45% cpu@53.937C soc2@52.562C soc0@50.843C gpu@52.937C tj@53.937C soc1@52.5C VDD_IN 6785mW/7237mW VDD_CPU_GPU_CV 1624mW/1997mW VDD_SOC 1706mW/1732mW
10-08-2026 23:37:08 RAM 6885/7620MB (lfb 2x2MB) SWAP 579/5858MB (cached 0MB) CPU [16%@1510,30%@1510,20%@1510,17%@1510,8%@729,45%@729] GR3D_FREQ 61% cpu@53.687C soc2@52.562C soc0@50.875C gpu@52.843C tj@53.687C soc1@52.437C VDD_IN 6864mW/7236mW VDD_CPU_GPU_CV 1584mW/1997mW VDD_SOC 1745mW/1732mW
10-08-2026 23:37:09 RAM 6885/7620MB (lfb 2x2MB) SWAP 579/5858MB (cached 0MB) CPU [24%@1510,35%@1510,8%@1510,10%@1510,18%@1510,18%@1510] GR3D_FREQ 39% cpu@53.906C soc2@52.312C soc0@50.937C gpu@52.875C tj@53.906C soc1@52.593C VDD_IN 6705mW/7236mW VDD_CPU_GPU_CV 1545mW/1996mW VDD_SOC 1666mW/1732mW
10-08-2026 23:37:10 RAM 6886/7620MB (lfb 2x2MB) SWAP 579/5858MB (cached 0MB) CPU [11%@1510,7%@1510,10%@1510,12%@1510,7%@1510,81%@1510] GR3D_FREQ 32% cpu@53.968C soc2@52.406C soc0@50.937C gpu@53C tj@53.968C soc1@52.437C VDD_IN 6705mW/7235mW VDD_CPU_GPU_CV 1584mW/1996mW VDD_SOC 1663mW/1732mW
10-08-2026 23:37:11 RAM 6886/7620MB (lfb 2x2MB) SWAP 579/5858MB (cached 0MB) CPU [12%@729,9%@1510,9%@1510,10%@1510,5%@1510,80%@1510] GR3D_FREQ 40% cpu@54.187C soc2@52.375C soc0@50.687C gpu@52.968C tj@54.187C soc1@52.468C VDD_IN 6705mW/7234mW VDD_CPU_GPU_CV 1584mW/1995mW VDD_SOC 1663mW/1732mW
10-08-2026 23:37:12 RAM 6886/7620MB (lfb 2x2MB) SWAP 579/5858MB (cached 0MB) CPU [12%@729,10%@729,13%@729,9%@729,23%@1497,65%@1497] GR3D_FREQ 31% cpu@53.75C soc2@52.343C soc0@50.812C gpu@52.812C tj@53.75C soc1@52.531C VDD_IN 6626mW/7233mW VDD_CPU_GPU_CV 1505mW/1994mW VDD_SOC 1663mW/1731mW
10-08-2026 23:37:13 RAM 6886/7620MB (lfb 2x2MB) SWAP 579/5858MB (cached 0MB) CPU [12%@729,7%@729,8%@729,41%@729,4%@1497,38%@1497] GR3D_FREQ 63% cpu@53.781C soc2@52.312C soc0@50.843C gpu@52.843C tj@53.781C soc1@52.281C VDD_IN 6666mW/7233mW VDD_CPU_GPU_CV 1545mW/1994mW VDD_SOC 1663mW/1731mW
10-08-2026 23:37:14 RAM 6890/7620MB (lfb 1x4MB) SWAP 579/5858MB (cached 0MB) CPU [38%@1036,40%@1036,28%@1036,39%@1036,22%@1113,63%@1113] GR3D_FREQ 28% cpu@54.25C soc2@52.437C soc0@50.656C gpu@52.968C tj@54.25C soc1@52.406C VDD_IN 6626mW/7232mW VDD_CPU_GPU_CV 1703mW/1993mW VDD_SOC 1624mW/1731mW
10-08-2026 23:37:15 RAM 6892/7620MB (lfb 1x4MB) SWAP 579/5858MB (cached 0MB) CPU [38%@960,47%@960,36%@960,48%@960,47%@729,41%@729] GR3D_FREQ 37% cpu@53.906C soc2@52.281C soc0@50.718C gpu@52.968C tj@53.906C soc1@52.343C VDD_IN 6428mW/7231mW VDD_CPU_GPU_CV 1545mW/1993mW VDD_SOC 1584mW/1731mW
10-08-2026 23:37:16 RAM 6892/7620MB (lfb 1x4MB) SWAP 579/5858MB (cached 0MB) CPU [35%@1190,47%@1190,47%@1190,41%@1190,46%@729,32%@729] GR3D_FREQ 0% cpu@53.875C soc2@52.312C soc0@50.687C gpu@52.937C tj@53.875C soc1@52.437C VDD_IN 6428mW/7230mW VDD_CPU_GPU_CV 1545mW/1992mW VDD_SOC 1584mW/1731mW
10-08-2026 23:37:17 RAM 6892/7620MB (lfb 1x4MB) SWAP 579/5858MB (cached 0MB) CPU [46%@883,37%@1510,45%@1510,39%@1510,42%@960,43%@960] GR3D_FREQ 0% cpu@53.906C soc2@52.406C soc0@50.625C gpu@52.75C tj@53.906C soc1@52.25C VDD_IN 6388mW/7229mW VDD_CPU_GPU_CV 1505mW/1992mW VDD_SOC 1584mW/1731mW
10-08-2026 23:37:18 RAM 6943/7620MB (lfb 3x2MB) SWAP 579/5858MB (cached 0MB) CPU [44%@1510,58%@1510,48%@1510,43%@1510,67%@960,62%@960] GR3D_FREQ 53% cpu@54.156C soc2@52.656C soc0@50.75C gpu@53.156C tj@54.156C soc1@52.468C VDD_IN 8094mW/7230mW VDD_CPU_GPU_CV 2689mW/1993mW VDD_SOC 1782mW/1731mW
10-08-2026 23:37:19 RAM 6986/7620MB (lfb 3x2MB) SWAP 579/5858MB (cached 0MB) CPU [54%@1510,63%@1510,57%@1510,52%@1510,63%@1497,45%@1497] GR3D_FREQ 16% cpu@54.406C soc2@52.687C soc0@50.875C gpu@53.187C tj@54.406C soc1@52.562C VDD_IN 8610mW/7232mW VDD_CPU_GPU_CV 3005mW/1994mW VDD_SOC 1861mW/1731mW
10-08-2026 23:37:20 RAM 6974/7620MB (lfb 3x2MB) SWAP 579/5858MB (cached 0MB) CPU [49%@1510,58%@1510,50%@1510,62%@1510,62%@1510,66%@1510] GR3D_FREQ 51% cpu@54.5C soc2@52.843C soc0@51.031C gpu@53.281C tj@54.5C soc1@52.625C VDD_IN 8610mW/7233mW VDD_CPU_GPU_CV 3005mW/1995mW VDD_SOC 1822mW/1731mW
10-08-2026 23:37:21 RAM 6959/7620MB (lfb 3x2MB) SWAP 579/5858MB (cached 0MB) CPU [54%@1510,55%@1510,52%@1510,60%@1510,62%@806,73%@806] GR3D_FREQ 53% cpu@54.625C soc2@52.75C soc0@50.875C gpu@53.062C tj@54.625C soc1@52.5C VDD_IN 8491mW/7235mW VDD_CPU_GPU_CV 2966mW/1996mW VDD_SOC 1822mW/1731mW
10-08-2026 23:37:22 RAM 6887/7620MB (lfb 3x2MB) SWAP 579/5858MB (cached 0MB) CPU [54%@1510,53%@1510,62%@1510,52%@1510,57%@1510,61%@1510] GR3D_FREQ 46% cpu@54.375C soc2@52.75C soc0@51.031C gpu@53.25C tj@54.375C soc1@52.593C VDD_IN 8610mW/7237mW VDD_CPU_GPU_CV 3005mW/1998mW VDD_SOC 1861mW/1731mW
10-08-2026 23:37:23 RAM 6881/7620MB (lfb 3x2MB) SWAP 579/5858MB (cached 0MB) CPU [53%@1510,58%@1510,53%@1510,42%@1510,46%@1344,74%@1344] GR3D_FREQ 24% cpu@54.406C soc2@52.875C soc0@51.125C gpu@53.343C tj@54.406C soc1@52.718C VDD_IN 8491mW/7238mW VDD_CPU_GPU_CV 2926mW/1999mW VDD_SOC 1822mW/1731mW
10-08-2026 23:37:24 RAM 6851/7620MB (lfb 3x2MB) SWAP 579/5858MB (cached 0MB) CPU [54%@1510,59%@1510,38%@1510,60%@1510,71%@1497,40%@1497] GR3D_FREQ 0% cpu@54.718C soc2@52.75C soc0@51.093C gpu@53.343C tj@54.718C soc1@52.593C VDD_IN 7539mW/7239mW VDD_CPU_GPU_CV 2333mW/1999mW VDD_SOC 1703mW/1731mW
10-08-2026 23:37:25 RAM 6876/7620MB (lfb 3x2MB) SWAP 579/5858MB (cached 0MB) CPU [43%@960,56%@1036,57%@1036,52%@1036,58%@1190,61%@1190] GR3D_FREQ 66% cpu@54.375C soc2@52.968C soc0@50.968C gpu@53.25C tj@54.375C soc1@52.625C VDD_IN 8253mW/7240mW VDD_CPU_GPU_CV 2729mW/2000mW VDD_SOC 1822mW/1732mW
10-08-2026 23:37:26 RAM 6889/7620MB (lfb 3x2MB) SWAP 579/5858MB (cached 0MB) CPU [31%@1420,44%@1420,26%@1420,34%@1420,66%@1344,42%@1344] GR3D_FREQ 43% cpu@54.562C soc2@52.781C soc0@51.031C gpu@53.187C tj@54.312C soc1@52.593C VDD_IN 7697mW/7241mW VDD_CPU_GPU_CV 2333mW/2001mW VDD_SOC 1743mW/1732mW
10-08-2026 23:37:27 RAM 6888/7620MB (lfb 3x2MB) SWAP 579/5858MB (cached 0MB) CPU [21%@729,8%@729,20%@729,15%@729,42%@1510,48%@1510] GR3D_FREQ 18% cpu@53.875C soc2@52.687C soc0@51.031C gpu@53.156C tj@53.875C soc1@52.687C VDD_IN 7063mW/7240mW VDD_CPU_GPU_CV 1822mW/2000mW VDD_SOC 1743mW/1732mW
10-08-2026 23:37:28 RAM 6879/7620MB (lfb 3x2MB) SWAP 579/5858MB (cached 0MB) CPU [24%@729,16%@729,25%@729,11%@729,10%@1190,67%@1190] GR3D_FREQ 55% cpu@53.906C soc2@52.593C soc0@51C gpu@53.343C tj@53.906C soc1@52.468C VDD_IN 6904mW/7240mW VDD_CPU_GPU_CV 1703mW/2000mW VDD_SOC 1743mW/1732mW
10-08-2026 23:37:29 RAM 6799/7620MB (lfb 1x4MB) SWAP 579/5858MB (cached 0MB) CPU [12%@1510,6%@1510,27%@1510,12%@1510,42%@729,34%@729] GR3D_FREQ 58% cpu@53.906C soc2@52.625C soc0@50.937C gpu@53.281C tj@53.906C soc1@52.562C VDD_IN 6705mW/7239mW VDD_CPU_GPU_CV 1545mW/2000mW VDD_SOC 1706mW/1732mW
10-08-2026 23:37:30 RAM 6799/7620MB (lfb 1x4MB) SWAP 579/5858MB (cached 0MB) CPU [10%@1510,8%@1510,11%@1510,8%@1510,12%@1510,65%@1510] GR3D_FREQ 41% cpu@53.906C soc2@52.375C soc0@50.937C gpu@53.281C tj@53.906C soc1@52.625C VDD_IN 6626mW/7239mW VDD_CPU_GPU_CV 1505mW/1999mW VDD_SOC 1663mW/1731mW
10-08-2026 23:37:31 RAM 6799/7620MB (lfb 1x4MB) SWAP 579/5858MB (cached 0MB) CPU [7%@729,2%@729,4%@1510,15%@1510,16%@1510,64%@1510] GR3D_FREQ 29% cpu@53.906C soc2@52.375C soc0@51C gpu@52.968C tj@53.906C soc1@52.656C VDD_IN 6666mW/7238mW VDD_CPU_GPU_CV 1545mW/1998mW VDD_SOC 1666mW/1731mW
10-08-2026 23:37:32 RAM 6799/7620MB (lfb 1x4MB) SWAP 579/5858MB (cached 0MB) CPU [8%@1510,14%@1510,20%@1510,3%@1510,19%@729,38%@729] GR3D_FREQ 42% cpu@53.875C soc2@52.468C soc0@51C gpu@53.062C tj@53.875C soc1@52.406C VDD_IN 6666mW/7237mW VDD_CPU_GPU_CV 1545mW/1998mW VDD_SOC 1666mW/1731mW
10-08-2026 23:37:33 RAM 6799/7620MB (lfb 1x4MB) SWAP 579/5858MB (cached 0MB) CPU [20%@1510,2%@1510,67%@1510,6%@1510,5%@729,2%@729] GR3D_FREQ 38% cpu@54.062C soc2@52.5C soc0@50.875C gpu@53C tj@54.062C soc1@52.406C VDD_IN 6666mW/7236mW VDD_CPU_GPU_CV 1545mW/1997mW VDD_SOC 1666mW/1731mW
10-08-2026 23:37:34 RAM 6799/7620MB (lfb 1x4MB) SWAP 579/5858MB (cached 0MB) CPU [6%@1510,60%@1510,22%@1510,2%@1510,9%@729,9%@729] GR3D_FREQ 63% cpu@53.75C soc2@52.406C soc0@50.781C gpu@53.031C tj@53.75C soc1@52.5C VDD_IN 6666mW/7236mW VDD_CPU_GPU_CV 1545mW/1997mW VDD_SOC 1663mW/1731mW
10-08-2026 23:37:35 RAM 6799/7620MB (lfb 1x4MB) SWAP 579/5858MB (cached 0MB) CPU [5%@1510,42%@1510,3%@1510,38%@1510,8%@729,10%@729] GR3D_FREQ 61% cpu@53.812C soc2@52.375C soc0@50.843C gpu@53.25C tj@53.906C soc1@52.531C VDD_IN 6705mW/7235mW VDD_CPU_GPU_CV 1545mW/1996mW VDD_SOC 1663mW/1731mW
10-08-2026 23:37:36 RAM 6800/7620MB (lfb 1x4MB) SWAP 579/5858MB (cached 0MB) CPU [17%@1510,49%@1510,5%@1510,8%@1510,5%@729,25%@729] GR3D_FREQ 47% cpu@53.843C soc2@52.437C soc0@50.875C gpu@53.187C tj@53.843C soc1@52.343C VDD_IN 6705mW/7234mW VDD_CPU_GPU_CV 1545mW/1995mW VDD_SOC 1666mW/1731mW
10-08-2026 23:37:37 RAM 6800/7620MB (lfb 1x4MB) SWAP 579/5858MB (cached 0MB) CPU [11%@1510,18%@1510,62%@1510,9%@1510,2%@729,1%@729] GR3D_FREQ 39% cpu@53.75C soc2@52.406C soc0@50.687C gpu@53.25C tj@53.75C soc1@52.375C VDD_IN 6705mW/7234mW VDD_CPU_GPU_CV 1545mW/1995mW VDD_SOC 1663mW/1731mW
10-08-2026 23:37:38 RAM 6904/7620MB (lfb 61x1MB) SWAP 579/5858MB (cached 0MB) CPU [13%@1510,13%@1510,26%@1510,56%@1510,20%@729,18%@729] GR3D_FREQ 0% cpu@54.125C soc2@52.406C soc0@50.718C gpu@52.812C tj@54.125C soc1@52.406C VDD_IN 6705mW/7233mW VDD_CPU_GPU_CV 1703mW/1995mW VDD_SOC 1624mW/1731mW
10-08-2026 23:37:39 RAM 6914/7620MB (lfb 1x2MB) SWAP 579/5858MB (cached 0MB) CPU [43%@1113,43%@1113,45%@1113,37%@1113,38%@729,51%@729] GR3D_FREQ 0% cpu@53.906C soc2@52.312C soc0@50.75C gpu@52.843C tj@53.906C soc1@52.468C VDD_IN 6547mW/7232mW VDD_CPU_GPU_CV 1624mW/1994mW VDD_SOC 1584mW/1731mW
10-08-2026 23:37:40 RAM 6916/7620MB (lfb 1x2MB) SWAP 579/5858MB (cached 0MB) CPU [44%@729,32%@729,41%@729,40%@729,36%@729,55%@729] GR3D_FREQ 0% cpu@53.906C soc2@52.25C soc0@50.875C gpu@52.781C tj@53.906C soc1@52.25C VDD_IN 6348mW/7231mW VDD_CPU_GPU_CV 1465mW/1993mW VDD_SOC 1584mW/1730mW
10-08-2026 23:37:41 RAM 6916/7620MB (lfb 1x2MB) SWAP 579/5858MB (cached 0MB) CPU [40%@1510,45%@1510,41%@1510,45%@1510,35%@806,42%@806] GR3D_FREQ 25% cpu@53.968C soc2@52.218C soc0@50.687C gpu@52.843C tj@53.968C soc1@52.312C VDD_IN 6428mW/7230mW VDD_CPU_GPU_CV 1545mW/1993mW VDD_SOC 1584mW/1730mW
10-08-2026 23:37:42 RAM 6916/7620MB (lfb 1x2MB) SWAP 579/5858MB (cached 0MB) CPU [35%@806,40%@806,40%@806,51%@806,39%@883,47%@883] GR3D_FREQ 38% cpu@53.75C soc2@52.312C soc0@50.687C gpu@52.843C tj@53.75C soc1@52.468C VDD_IN 6547mW/7229mW VDD_CPU_GPU_CV 1624mW/1992mW VDD_SOC 1584mW/1730mW
10-08-2026 23:37:43 RAM 6973/7620MB (lfb 1x2MB) SWAP 579/5858MB (cached 0MB) CPU [56%@1113,36%@1113,63%@1113,42%@1113,57%@1510,67%@1510] GR3D_FREQ 44% cpu@54.187C soc2@52.531C soc0@50.937C gpu@53.062C tj@54.187C soc1@52.343C VDD_IN 8055mW/7230mW VDD_CPU_GPU_CV 2649mW/1993mW VDD_SOC 1782mW/1730mW
10-08-2026 23:37:44 RAM 6977/7620MB (lfb 2x2MB) SWAP 579/5858MB (cached 0MB) CPU [63%@1510,52%@1510,53%@1510,50%@1510,49%@1510,58%@1510] GR3D_FREQ 38% cpu@54.468C soc2@52.687C soc0@50.843C gpu@53.156C tj@54.468C soc1@52.312C VDD_IN 8531mW/7232mW VDD_CPU_GPU_CV 2966mW/1994mW VDD_SOC 1861mW/1730mW
10-08-2026 23:37:45 RAM 7019/7620MB (lfb 3x2MB) SWAP 579/5858MB (cached 0MB) CPU [58%@1036,40%@1036,62%@1036,50%@1036,57%@1510,64%@1510] GR3D_FREQ 51% cpu@54.625C soc2@52.781C soc0@50.875C gpu@53.062C tj@54.625C soc1@52.468C VDD_IN 8531mW/7233mW VDD_CPU_GPU_CV 2926mW/1996mW VDD_SOC 1861mW/1730mW
10-08-2026 23:37:46 RAM 7027/7620MB (lfb 3x2MB) SWAP 579/5858MB (cached 0MB) CPU [45%@1510,45%@1510,50%@1510,55%@1510,46%@729,59%@729] GR3D_FREQ 15% cpu@54.312C soc2@52.593C soc0@50.906C gpu@53.031C tj@54.312C soc1@52.625C VDD_IN 7697mW/7234mW VDD_CPU_GPU_CV 2412mW/1996mW VDD_SOC 1743mW/1730mW
10-08-2026 23:37:47 RAM 6996/7620MB (lfb 3x2MB) SWAP 579/5858MB (cached 0MB) CPU [19%@1510,8%@1510,30%@1510,40%@1510,23%@729,30%@729] GR3D_FREQ 39% cpu@53.781C soc2@52.687C soc0@51.062C gpu@52.968C tj@53.781C soc1@52.625C VDD_IN 7023mW/7234mW VDD_CPU_GPU_CV 1822mW/1996mW VDD_SOC 1703mW/1730mW
10-08-2026 23:37:48 RAM 7009/7620MB (lfb 3x2MB) SWAP 579/5858MB (cached 0MB) CPU [22%@1510,38%@1510,28%@1510,30%@1510,11%@729,3%@729] GR3D_FREQ 65% cpu@54.062C soc2@52.593C soc0@50.875C gpu@53.093C tj@54.062C soc1@52.343C VDD_IN 7063mW/7234mW VDD_CPU_GPU_CV 1861mW/1996mW VDD_SOC 1743mW/1730mW
10-08-2026 23:37:49 RAM 6738/7620MB (lfb 4x2MB) SWAP 579/5858MB (cached 0MB) CPU [17%@729,16%@729,14%@729,13%@729,28%@883,53%@883] GR3D_FREQ 60% cpu@53.75C soc2@52.281C soc0@50.843C gpu@53.031C tj@53.75C soc1@52.375C VDD_IN 6626mW/7233mW VDD_CPU_GPU_CV 1545mW/1995mW VDD_SOC 1666mW/1730mW
10-08-2026 23:37:50 RAM 6738/7620MB (lfb 4x2MB) SWAP 579/5858MB (cached 0MB) CPU [11%@1510,5%@1510,6%@1510,12%@1510,3%@1497,79%@1497] GR3D_FREQ 35% cpu@54.093C soc2@52.281C soc0@50.75C gpu@52.781C tj@53.812C soc1@52.468C VDD_IN 6586mW/7232mW VDD_CPU_GPU_CV 1505mW/1995mW VDD_SOC 1666mW/1730mW
10-08-2026 23:37:51 RAM 6738/7620MB (lfb 4x2MB) SWAP 579/5858MB (cached 0MB) CPU [20%@1510,5%@1510,49%@1510,23%@1510,3%@729,10%@729] GR3D_FREQ 39% cpu@53.687C soc2@52.281C soc0@50.812C gpu@52.812C tj@53.687C soc1@52.437C VDD_IN 6626mW/7231mW VDD_CPU_GPU_CV 1505mW/1994mW VDD_SOC 1663mW/1730mW
10-08-2026 23:37:52 RAM 6739/7620MB (lfb 4x2MB) SWAP 579/5858MB (cached 0MB) CPU [9%@1510,2%@1510,80%@1510,3%@1510,3%@729,8%@729] GR3D_FREQ 37% cpu@53.656C soc2@52.343C soc0@50.687C gpu@52.875C tj@53.656C soc1@52.343C VDD_IN 6666mW/7231mW VDD_CPU_GPU_CV 1545mW/1993mW VDD_SOC 1663mW/1730mW
10-08-2026 23:37:53 RAM 6739/7620MB (lfb 4x2MB) SWAP 579/5858MB (cached 0MB) CPU [12%@1510,3%@1510,69%@1510,16%@1510,3%@729,1%@729] GR3D_FREQ 42% cpu@53.812C soc2@52.281C soc0@50.625C gpu@52.843C tj@53.812C soc1@52.375C VDD_IN 6705mW/7230mW VDD_CPU_GPU_CV 1545mW/1993mW VDD_SOC 1663mW/1730mW
10-08-2026 23:37:54 RAM 6519/7620MB (lfb 37x1MB) SWAP 579/5858MB (cached 0MB) CPU [46%@729,31%@729,40%@729,49%@729,41%@806,31%@806] GR3D_FREQ 0% cpu@53.718C soc2@52.281C soc0@50.687C gpu@52.812C tj@53.718C soc1@52.406C VDD_IN 6626mW/7229mW VDD_CPU_GPU_CV 1703mW/1992mW VDD_SOC 1624mW/1730mW
10-08-2026 23:37:55 RAM 6169/7620MB (lfb 6x2MB) SWAP 579/5858MB (cached 0MB) CPU [31%@729,41%@729,45%@729,49%@729,57%@1113,41%@1113] GR3D_FREQ 27% cpu@53.843C soc2@52.25C soc0@50.718C gpu@53.031C tj@53.843C soc1@52.5C VDD_IN 6428mW/7228mW VDD_CPU_GPU_CV 1545mW/1992mW VDD_SOC 1584mW/1730mW
10-08-2026 23:37:56 RAM 6169/7620MB (lfb 6x2MB) SWAP 579/5858MB (cached 0MB) CPU [30%@1036,44%@1036,43%@1036,30%@1036,58%@883,51%@883] GR3D_FREQ 31% cpu@54C soc2@52.187C soc0@50.593C gpu@52.968C tj@54C soc1@52.25C VDD_IN 6467mW/7227mW VDD_CPU_GPU_CV 1584mW/1991mW VDD_SOC 1584mW/1729mW
10-08-2026 23:37:57 RAM 6169/7620MB (lfb 6x2MB) SWAP 579/5858MB (cached 0MB) CPU [37%@1510,45%@1510,52%@1510,39%@1510,34%@729,44%@729] GR3D_FREQ 11% cpu@53.718C soc2@52.218C soc0@50.656C gpu@52.718C tj@53.718C soc1@52.281C VDD_IN 6467mW/7226mW VDD_CPU_GPU_CV 1584mW/1991mW VDD_SOC 1584mW/1729mW
10-08-2026 23:37:58 RAM 6284/7620MB (lfb 105x1MB) SWAP 579/5858MB (cached 0MB) CPU [52%@1420,47%@1420,66%@1420,45%@1420,53%@1497,51%@1497] GR3D_FREQ 61% cpu@54.031C soc2@52.687C soc0@50.75C gpu@52.937C tj@54.031C soc1@52.343C VDD_IN 8332mW/7228mW VDD_CPU_GPU_CV 2808mW/1992mW VDD_SOC 1822mW/1729mW
10-08-2026 23:37:59 RAM 6361/7620MB (lfb 2x2MB) SWAP 579/5858MB (cached 0MB) CPU [67%@1510,68%@1510,47%@1510,73%@1510,67%@1510,61%@1510] GR3D_FREQ 0% cpu@54.593C soc2@52.718C soc0@51C gpu@53.218C tj@54.593C soc1@52.625C VDD_IN 9245mW/7230mW VDD_CPU_GPU_CV 3361mW/1994mW VDD_SOC 1941mW/1730mW
10-08-2026 23:38:00 RAM 6303/7620MB (lfb 16x2MB) SWAP 579/5858MB (cached 0MB) CPU [38%@1510,60%@1510,52%@1510,47%@1510,65%@729,64%@729] GR3D_FREQ 0% cpu@54.187C soc2@52.687C soc0@50.781C gpu@53.218C tj@54.187C soc1@52.468C VDD_IN 7777mW/7231mW VDD_CPU_GPU_CV 2452mW/1994mW VDD_SOC 1743mW/1730mW
10-08-2026 23:38:01 RAM 6303/7620MB (lfb 16x2MB) SWAP 579/5858MB (cached 0MB) CPU [40%@729,40%@729,38%@729,46%@729,42%@960,49%@960] GR3D_FREQ 0% cpu@53.906C soc2@52.375C soc0@50.718C gpu@52.937C tj@53.906C soc1@52.406C VDD_IN 6507mW/7230mW VDD_CPU_GPU_CV 1584mW/1994mW VDD_SOC 1624mW/1730mW
10-08-2026 23:38:02 RAM 6365/7620MB (lfb 16x2MB) SWAP 579/5858MB (cached 0MB) CPU [60%@1113,57%@1113,59%@1113,58%@1113,64%@1420,62%@1420] GR3D_FREQ 54% cpu@54.312C soc2@52.812C soc0@51C gpu@53.125C tj@54.312C soc1@52.562C VDD_IN 8769mW/7232mW VDD_CPU_GPU_CV 3045mW/1995mW VDD_SOC 1861mW/1730mW
10-08-2026 23:38:03 RAM 6476/7620MB (lfb 16x2MB) SWAP 579/5858MB (cached 0MB) CPU [74%@1510,55%@1510,48%@1510,50%@1510,71%@1510,62%@1510] GR3D_FREQ 70% cpu@54.718C soc2@52.875C soc0@51.187C gpu@53.312C tj@54.718C soc1@52.468C VDD_IN 9428mW/7234mW VDD_CPU_GPU_CV 3514mW/1997mW VDD_SOC 1980mW/1730mW
10-08-2026 23:38:04 RAM 6495/7620MB (lfb 16x2MB) SWAP 579/5858MB (cached 0MB) CPU [32%@1510,30%@1510,44%@1510,50%@1510,43%@1420,53%@1420] GR3D_FREQ 39% cpu@53.906C soc2@52.468C soc0@50.875C gpu@53.187C tj@53.906C soc1@52.531C VDD_IN 6586mW/7234mW VDD_CPU_GPU_CV 1661mW/1996mW VDD_SOC 1624mW/1730mW
10-08-2026 23:38:05 RAM 6495/7620MB (lfb 16x2MB) SWAP 579/5858MB (cached 0MB) CPU [30%@1113,47%@1113,55%@1113,48%@1113,46%@1267,53%@1267] GR3D_FREQ 74% cpu@54.125C soc2@52.625C soc0@50.812C gpu@52.906C tj@54.125C soc1@52.562C VDD_IN 6944mW/7233mW VDD_CPU_GPU_CV 1901mW/1996mW VDD_SOC 1624mW/1730mW
10-08-2026 23:38:06 RAM 6382/7620MB (lfb 1x4MB) SWAP 579/5858MB (cached 0MB) CPU [66%@1510,57%@1510,58%@1510,58%@1510,53%@1344,67%@1344] GR3D_FREQ 54% cpu@54.625C soc2@52.812C soc0@51.062C gpu@53.25C tj@54.625C soc1@52.468C VDD_IN 8888mW/7235mW VDD_CPU_GPU_CV 3124mW/1998mW VDD_SOC 1901mW/1730mW
10-08-2026 23:38:07 RAM 6504/7620MB (lfb 1x4MB) SWAP 579/5858MB (cached 0MB) CPU [61%@1510,68%@1510,64%@1510,48%@1510,52%@1510,60%@1510] GR3D_FREQ 57% cpu@54.875C soc2@53C soc0@51.031C gpu@53.625C tj@54.875C soc1@52.625C VDD_IN 9270mW/7238mW VDD_CPU_GPU_CV 3401mW/1999mW VDD_SOC 1980mW/1730mW
10-08-2026 23:38:08 RAM 6506/7620MB (lfb 1x4MB) SWAP 579/5858MB (cached 0MB) CPU [49%@729,47%@729,34%@729,31%@729,35%@883,45%@883] GR3D_FREQ 7% cpu@54.031C soc2@52.593C soc0@50.937C gpu@53.343C tj@54.031C soc1@52.625C VDD_IN 6705mW/7237mW VDD_CPU_GPU_CV 1743mW/1999mW VDD_SOC 1624mW/1730mW
10-08-2026 23:38:09 RAM 6536/7620MB (lfb 1x4MB) SWAP 579/5858MB (cached 0MB) CPU [53%@1510,45%@1510,36%@1510,61%@1510,58%@1420,46%@1420] GR3D_FREQ 76% cpu@54.468C soc2@52.875C soc0@51.093C gpu@53.25C tj@54.468C soc1@52.562C VDD_IN 8412mW/7239mW VDD_CPU_GPU_CV 2808mW/2000mW VDD_SOC 1861mW/1730mW
10-08-2026 23:38:10 RAM 6655/7620MB (lfb 1x4MB) SWAP 579/5858MB (cached 0MB) CPU [21%@1510,45%@1510,27%@1510,68%@1510,23%@729,33%@729] GR3D_FREQ 75% cpu@54.187C soc2@52.75C soc0@51C gpu@53.218C tj@54.187C soc1@52.687C VDD_IN 7975mW/7239mW VDD_CPU_GPU_CV 2373mW/2000mW VDD_SOC 1861mW/1730mW
10-08-2026 23:38:11 RAM 6684/7620MB (lfb 1x4MB) SWAP 579/5858MB (cached 0MB) CPU [29%@883,7%@883,43%@883,20%@883,10%@883,71%@883] GR3D_FREQ 46% cpu@53.906C soc2@52.531C soc0@50.937C gpu@53.468C tj@53.906C soc1@52.562C VDD_IN 7102mW/7239mW VDD_CPU_GPU_CV 1822mW/2000mW VDD_SOC 1743mW/1730mW
10-08-2026 23:38:12 RAM 6653/7620MB (lfb 1x4MB) SWAP 579/5858MB (cached 0MB) CPU [28%@1510,18%@1510,25%@1510,40%@1510,10%@729,22%@729] GR3D_FREQ 34% cpu@54.031C soc2@52.5C soc0@50.937C gpu@53.031C tj@54.031C soc1@52.656C VDD_IN 6785mW/7239mW VDD_CPU_GPU_CV 1545mW/2000mW VDD_SOC 1703mW/1730mW
10-08-2026 23:38:13 RAM 6653/7620MB (lfb 1x4MB) SWAP 579/5858MB (cached 0MB) CPU [44%@1510,44%@1510,8%@1510,10%@1510,1%@729,2%@729] GR3D_FREQ 42% cpu@53.906C soc2@52.468C soc0@51.062C gpu@52.968C tj@53.906C soc1@52.718C VDD_IN 6705mW/7238mW VDD_CPU_GPU_CV 1545mW/1999mW VDD_SOC 1663mW/1730mW
10-08-2026 23:38:14 RAM 6653/7620MB (lfb 1x4MB) SWAP 579/5858MB (cached 0MB) CPU [15%@1510,76%@1510,4%@1510,8%@1510,6%@729,0%@729] GR3D_FREQ 40% cpu@54C soc2@52.468C soc0@50.781C gpu@52.937C tj@54C soc1@52.468C VDD_IN 6705mW/7237mW VDD_CPU_GPU_CV 1584mW/1999mW VDD_SOC 1663mW/1730mW
10-08-2026 23:38:15 RAM 6653/7620MB (lfb 1x4MB) SWAP 579/5858MB (cached 0MB) CPU [8%@1510,8%@1510,6%@1510,7%@1510,10%@1510,74%@1510] GR3D_FREQ 39% cpu@54.062C soc2@52.406C soc0@50.875C gpu@53.125C tj@54.062C soc1@52.437C VDD_IN 6785mW/7237mW VDD_CPU_GPU_CV 1584mW/1998mW VDD_SOC 1663mW/1730mW
10-08-2026 23:38:16 RAM 6653/7620MB (lfb 1x4MB) SWAP 579/5858MB (cached 0MB) CPU [10%@1510,38%@1510,39%@1510,7%@1510,0%@729,11%@729] GR3D_FREQ 57% cpu@53.875C soc2@52.406C soc0@50.906C gpu@53.093C tj@53.875C soc1@52.531C VDD_IN 6705mW/7236mW VDD_CPU_GPU_CV 1545mW/1998mW VDD_SOC 1666mW/1730mW
10-08-2026 23:38:17 RAM 6653/7620MB (lfb 1x4MB) SWAP 579/5858MB (cached 0MB) CPU [11%@1510,29%@1510,21%@1510,43%@1510,1%@729,6%@729] GR3D_FREQ 52% cpu@53.875C soc2@52.375C soc0@50.906C gpu@53.125C tj@53.875C soc1@52.562C VDD_IN 6705mW/7236mW VDD_CPU_GPU_CV 1584mW/1997mW VDD_SOC 1666mW/1730mW
10-08-2026 23:38:18 RAM 6653/7620MB (lfb 1x4MB) SWAP 579/5858MB (cached 0MB) CPU [9%@1510,37%@1510,9%@1510,47%@1510,1%@729,6%@729] GR3D_FREQ 52% cpu@53.906C soc2@52.437C soc0@50.875C gpu@53.156C tj@53.906C soc1@52.375C VDD_IN 6705mW/7235mW VDD_CPU_GPU_CV 1584mW/1997mW VDD_SOC 1663mW/1730mW
10-08-2026 23:38:19 RAM 6653/7620MB (lfb 1x4MB) SWAP 579/5858MB (cached 0MB) CPU [8%@1510,13%@1510,18%@1510,62%@1510,2%@729,6%@729] GR3D_FREQ 47% cpu@53.75C soc2@52.468C soc0@50.781C gpu@53.031C tj@54.062C soc1@52.406C VDD_IN 6705mW/7234mW VDD_CPU_GPU_CV 1584mW/1996mW VDD_SOC 1706mW/1730mW
10-08-2026 23:38:20 RAM 6653/7620MB (lfb 1x4MB) SWAP 579/5858MB (cached 0MB) CPU [8%@1510,8%@1510,38%@1510,51%@1510,3%@729,8%@729] GR3D_FREQ 43% cpu@53.906C soc2@52.343C soc0@50.812C gpu@52.812C tj@53.906C soc1@52.437C VDD_IN 6745mW/7234mW VDD_CPU_GPU_CV 1545mW/1996mW VDD_SOC 1703mW/1730mW
10-08-2026 23:38:21 RAM 6666/7620MB (lfb 1x4MB) SWAP 579/5858MB (cached 0MB) CPU [11%@1510,13%@1510,16%@1510,16%@1510,6%@729,60%@729] GR3D_FREQ 0% cpu@53.718C soc2@52.312C soc0@50.75C gpu@52.812C tj@53.718C soc1@52.375C VDD_IN 6586mW/7233mW VDD_CPU_GPU_CV 1505mW/1995mW VDD_SOC 1663mW/1730mW
10-08-2026 23:38:22 RAM 6720/7620MB (lfb 20x2MB) SWAP 579/5858MB (cached 0MB) CPU [30%@729,41%@729,28%@729,38%@729,20%@1510,36%@1510] GR3D_FREQ 0% cpu@53.718C soc2@52.312C soc0@50.812C gpu@52.781C tj@53.718C soc1@52.562C VDD_IN 6150mW/7232mW VDD_CPU_GPU_CV 1228mW/1994mW VDD_SOC 1584mW/1730mW
10-08-2026 23:38:23 RAM 6729/7620MB (lfb 20x2MB) SWAP 579/5858MB (cached 0MB) CPU [31%@1510,48%@1510,51%@1510,34%@1510,42%@729,46%@729] GR3D_FREQ 0% cpu@53.875C soc2@52.406C soc0@50.687C gpu@53C tj@53.875C soc1@52.312C VDD_IN 6348mW/7231mW VDD_CPU_GPU_CV 1465mW/1993mW VDD_SOC 1584mW/1729mW
10-08-2026 23:38:24 RAM 6740/7620MB (lfb 20x2MB) SWAP 579/5858MB (cached 0MB) CPU [37%@1510,36%@1510,53%@1510,33%@1510,56%@729,39%@729] GR3D_FREQ 0% cpu@54.312C soc2@52.375C soc0@50.593C gpu@52.968C tj@54.312C soc1@52.281C VDD_IN 6507mW/7230mW VDD_CPU_GPU_CV 1624mW/1993mW VDD_SOC 1584mW/1729mW
10-08-2026 23:38:25 RAM 6746/7620MB (lfb 20x2MB) SWAP 579/5858MB (cached 0MB) CPU [43%@1113,52%@1113,37%@1113,32%@1113,60%@1036,35%@1036] GR3D_FREQ 11% cpu@53.968C soc2@52.343C soc0@50.687C gpu@53.062C tj@53.968C soc1@52.437C VDD_IN 6547mW/7229mW VDD_CPU_GPU_CV 1624mW/1993mW VDD_SOC 1584mW/1729mW
10-08-2026 23:38:26 RAM 6844/7620MB (lfb 20x2MB) SWAP 579/5858MB (cached 0MB) CPU [55%@1510,54%@1510,51%@1510,57%@1510,56%@729,51%@729] GR3D_FREQ 86% cpu@54.218C soc2@52.687C soc0@50.75C gpu@53.187C tj@54.218C soc1@52.562C VDD_IN 7936mW/7230mW VDD_CPU_GPU_CV 2570mW/1993mW VDD_SOC 1782mW/1729mW
10-08-2026 23:38:27 RAM 6939/7620MB (lfb 21x2MB) SWAP 579/5858MB (cached 0MB) CPU [55%@1510,63%@1510,55%@1510,66%@1510,52%@1190,72%@1190] GR3D_FREQ 55% cpu@54.718C soc2@52.843C soc0@50.875C gpu@53.125C tj@54.718C soc1@52.437C VDD_IN 9324mW/7232mW VDD_CPU_GPU_CV 3441mW/1995mW VDD_SOC 1941mW/1729mW
10-08-2026 23:38:28 RAM 6945/7620MB (lfb 21x2MB) SWAP 579/5858MB (cached 0MB) CPU [54%@729,48%@1510,50%@1510,50%@1510,48%@1190,77%@1190] GR3D_FREQ 0% cpu@54.125C soc2@52.593C soc0@50.937C gpu@53.093C tj@54.125C soc1@52.625C VDD_IN 8174mW/7233mW VDD_CPU_GPU_CV 2729mW/1996mW VDD_SOC 1782mW/1730mW
10-08-2026 23:38:29 RAM 6954/7620MB (lfb 21x2MB) SWAP 579/5858MB (cached 0MB) CPU [38%@729,42%@729,43%@729,35%@729,46%@729,53%@729] GR3D_FREQ 0% cpu@53.937C soc2@52.406C soc0@50.906C gpu@53.156C tj@53.937C soc1@52.562C VDD_IN 6507mW/7233mW VDD_CPU_GPU_CV 1584mW/1995mW VDD_SOC 1624mW/1729mW
10-08-2026 23:38:30 RAM 6987/7620MB (lfb 21x2MB) SWAP 579/5858MB (cached 0MB) CPU [47%@1510,37%@1510,50%@1510,49%@1510,32%@1036,65%@1036] GR3D_FREQ 58% cpu@54.312C soc2@52.593C soc0@50.718C gpu@53C tj@54.312C soc1@52.406C VDD_IN 7023mW/7232mW VDD_CPU_GPU_CV 1941mW/1995mW VDD_SOC 1663mW/1729mW
10-08-2026 23:38:31 RAM 7003/7620MB (lfb 21x2MB) SWAP 579/5858MB (cached 0MB) CPU [53%@1267,53%@1267,53%@1267,52%@1267,70%@1510,54%@1510] GR3D_FREQ 78% cpu@54.187C soc2@52.562C soc0@50.937C gpu@53.281C tj@54.187C soc1@52.562C VDD_IN 8253mW/7234mW VDD_CPU_GPU_CV 2729mW/1996mW VDD_SOC 1822mW/1729mW
10-08-2026 23:38:32 RAM 7008/7620MB (lfb 21x2MB) SWAP 579/5858MB (cached 0MB) CPU [37%@1497,48%@1497,65%@1497,53%@1497,57%@1510,58%@1510] GR3D_FREQ 65% cpu@54.531C soc2@52.687C soc0@51.062C gpu@53.343C tj@54.531C soc1@52.5C VDD_IN 8332mW/7235mW VDD_CPU_GPU_CV 2808mW/1997mW VDD_SOC 1822mW/1730mW
10-08-2026 23:38:33 RAM 6994/7620MB (lfb 21x2MB) SWAP 579/5858MB (cached 0MB) CPU [41%@1190,52%@1190,50%@1190,64%@1190,55%@1344,58%@1344] GR3D_FREQ 1% cpu@54.375C soc2@52.781C soc0@50.875C gpu@53.093C tj@54.375C soc1@52.531C VDD_IN 7697mW/7235mW VDD_CPU_GPU_CV 2452mW/1998mW VDD_SOC 1743mW/1730mW
10-08-2026 23:38:34 RAM 7018/7620MB (lfb 21x2MB) SWAP 579/5858MB (cached 0MB) CPU [44%@1344,42%@1344,50%@1344,45%@1344,49%@1267,43%@1267] GR3D_FREQ 39% cpu@54.468C soc2@52.562C soc0@50.875C gpu@53.031C tj@54.468C soc1@52.593C VDD_IN 6983mW/7235mW VDD_CPU_GPU_CV 1941mW/1998mW VDD_SOC 1663mW/1729mW
10-08-2026 23:38:35 RAM 7017/7620MB (lfb 21x2MB) SWAP 579/5858MB (cached 0MB) CPU [60%@1267,56%@1267,46%@1267,56%@1267,58%@1267,50%@1267] GR3D_FREQ 0% cpu@54.343C soc2@52.687C soc0@50.906C gpu@53.406C tj@54.343C soc1@52.656C VDD_IN 8094mW/7236mW VDD_CPU_GPU_CV 2649mW/1998mW VDD_SOC 1782mW/1730mW
10-08-2026 23:38:36 RAM 7040/7620MB (lfb 21x2MB) SWAP 579/5858MB (cached 0MB) CPU [35%@1113,49%@1113,62%@1113,58%@1113,62%@1190,51%@1190] GR3D_FREQ 61% cpu@54.375C soc2@52.75C soc0@51.187C gpu@53.437C tj@54.375C soc1@52.5C VDD_IN 8253mW/7237mW VDD_CPU_GPU_CV 2729mW/1999mW VDD_SOC 1822mW/1730mW
10-08-2026 23:38:37 RAM 7013/7620MB (lfb 21x2MB) SWAP 579/5858MB (cached 0MB) CPU [47%@1510,52%@1510,56%@1510,54%@1510,64%@729,50%@729] GR3D_FREQ 0% cpu@54.75C soc2@52.843C soc0@50.937C gpu@53.156C tj@54.75C soc1@52.625C VDD_IN 8094mW/7238mW VDD_CPU_GPU_CV 2649mW/2000mW VDD_SOC 1782mW/1730mW
10-08-2026 23:38:38 RAM 7044/7620MB (lfb 21x2MB) SWAP 579/5858MB (cached 0MB) CPU [59%@1510,46%@1510,53%@1510,52%@1510,44%@1036,56%@1036] GR3D_FREQ 63% cpu@54.5C soc2@52.843C soc0@51C gpu@53.218C tj@54.5C soc1@52.656C VDD_IN 8015mW/7239mW VDD_CPU_GPU_CV 2610mW/2001mW VDD_SOC 1782mW/1730mW
10-08-2026 23:38:39 RAM 7077/7620MB (lfb 21x2MB) SWAP 579/5858MB (cached 0MB) CPU [63%@1510,46%@1510,49%@1510,57%@1510,57%@1510,50%@1510] GR3D_FREQ 25% cpu@54.593C soc2@52.843C soc0@51.125C gpu@53.593C tj@54.593C soc1@52.562C VDD_IN 8332mW/7240mW VDD_CPU_GPU_CV 2808mW/2002mW VDD_SOC 1822mW/1730mW
10-08-2026 23:38:40 RAM 7033/7620MB (lfb 21x2MB) SWAP 579/5858MB (cached 0MB) CPU [46%@1510,59%@1510,46%@1510,49%@1510,48%@1497,60%@1497] GR3D_FREQ 36% cpu@54.5C soc2@53.062C soc0@51.031C gpu@53.687C tj@54.5C soc1@52.625C VDD_IN 8412mW/7242mW VDD_CPU_GPU_CV 2847mW/2003mW VDD_SOC 1822mW/1730mW
10-08-2026 23:38:41 RAM 7001/7620MB (lfb 21x2MB) SWAP 579/5858MB (cached 0MB) CPU [43%@1510,51%@1510,46%@1510,50%@1510,52%@806,38%@806] GR3D_FREQ 0% cpu@54.437C soc2@52.718C soc0@50.968C gpu@53.187C tj@54.437C soc1@52.625C VDD_IN 6983mW/7242mW VDD_CPU_GPU_CV 1898mW/2002mW VDD_SOC 1663mW/1730mW
10-08-2026 23:38:42 RAM 7038/7620MB (lfb 21x2MB) SWAP 579/5858MB (cached 0MB) CPU [48%@1497,44%@1497,56%@1497,52%@1497,61%@1113,46%@1113] GR3D_FREQ 45% cpu@54.406C soc2@52.937C soc0@51.156C gpu@53.375C tj@54.406C soc1@52.906C VDD_IN 8174mW/7243mW VDD_CPU_GPU_CV 2729mW/2003mW VDD_SOC 1822mW/1730mW
10-08-2026 23:38:43 RAM 7044/7620MB (lfb 21x2MB) SWAP 579/5858MB (cached 0MB) CPU [60%@1190,48%@1190,60%@1190,55%@1190,48%@1510,55%@1510] GR3D_FREQ 35% cpu@54.75C soc2@52.937C soc0@51.25C gpu@53.718C tj@54.75C soc1@52.656C VDD_IN 8412mW/7244mW VDD_CPU_GPU_CV 2847mW/2004mW VDD_SOC 1822mW/1730mW
10-08-2026 23:38:44 RAM 7035/7620MB (lfb 21x2MB) SWAP 579/5858MB (cached 0MB) CPU [50%@1510,49%@1510,54%@1510,58%@1510,55%@1344,56%@1344] GR3D_FREQ 49% cpu@54.843C soc2@53C soc0@51.156C gpu@53.75C tj@54.843C soc1@52.75C VDD_IN 8531mW/7245mW VDD_CPU_GPU_CV 2966mW/2005mW VDD_SOC 1861mW/1730mW
10-08-2026 23:38:45 RAM 6918/7620MB (lfb 21x2MB) SWAP 579/5858MB (cached 0MB) CPU [39%@1036,51%@1036,58%@1036,62%@1036,58%@1510,47%@1510] GR3D_FREQ 83% cpu@54.687C soc2@52.843C soc0@51.218C gpu@53.343C tj@54.687C soc1@52.843C VDD_IN 7618mW/7246mW VDD_CPU_GPU_CV 2412mW/2006mW VDD_SOC 1703mW/1730mW
10-08-2026 23:38:46 RAM 6920/7620MB (lfb 21x2MB) SWAP 579/5858MB (cached 0MB) CPU [47%@1190,65%@1190,49%@1190,43%@1190,53%@1510,57%@1510] GR3D_FREQ 0% cpu@54.593C soc2@52.968C soc0@51.281C gpu@53.656C tj@54.593C soc1@52.781C VDD_IN 8055mW/7247mW VDD_CPU_GPU_CV 2610mW/2007mW VDD_SOC 1782mW/1730mW
10-08-2026 23:38:47 RAM 6964/7620MB (lfb 21x2MB) SWAP 579/5858MB (cached 0MB) CPU [46%@1420,57%@1510,33%@1510,50%@1510,45%@729,41%@729] GR3D_FREQ 34% cpu@54.375C soc2@53.125C soc0@51.187C gpu@53.312C tj@54.375C soc1@52.843C VDD_IN 7777mW/7247mW VDD_CPU_GPU_CV 2412mW/2007mW VDD_SOC 1782mW/1730mW
10-08-2026 23:38:48 RAM 6952/7620MB (lfb 21x2MB) SWAP 579/5858MB (cached 0MB) CPU [25%@1420,22%@1510,15%@1510,71%@1510,14%@729,11%@729] GR3D_FREQ 36% cpu@54.5C soc2@53C soc0@51.312C gpu@53.312C tj@54.5C soc1@52.781C VDD_IN 7261mW/7247mW VDD_CPU_GPU_CV 2017mW/2007mW VDD_SOC 1743mW/1730mW
10-08-2026 23:38:49 RAM 6957/7620MB (lfb 21x2MB) SWAP 579/5858MB (cached 0MB) CPU [19%@729,9%@729,24%@729,40%@729,24%@1344,23%@1344] GR3D_FREQ 35% cpu@54.062C soc2@52.812C soc0@51.25C gpu@53.343C tj@54.062C soc1@52.656C VDD_IN 7142mW/7247mW VDD_CPU_GPU_CV 1901mW/2007mW VDD_SOC 1743mW/1730mW
10-08-2026 23:38:50 RAM 6893/7620MB (lfb 61x2MB) SWAP 579/5858MB (cached 0MB) CPU [18%@1344,14%@1344,9%@1344,60%@1344,30%@729,22%@729] GR3D_FREQ 63% cpu@54.218C soc2@52.75C soc0@51.062C gpu@53.312C tj@54.218C soc1@52.687C VDD_IN 7142mW/7247mW VDD_CPU_GPU_CV 1743mW/2007mW VDD_SOC 1782mW/1730mW
10-08-2026 23:38:51 RAM 6898/7620MB (lfb 52x2MB) SWAP 579/5858MB (cached 0MB) CPU [8%@1510,9%@1510,6%@1510,82%@1510,7%@729,6%@729] GR3D_FREQ 67% cpu@54.218C soc2@52.625C soc0@51C gpu@53.125C tj@54.218C soc1@52.718C VDD_IN 6666mW/7247mW VDD_CPU_GPU_CV 1545mW/2006mW VDD_SOC 1663mW/1730mW
10-08-2026 23:38:52 RAM 6911/7620MB (lfb 49x2MB) SWAP 579/5858MB (cached 0MB) CPU [51%@1510,31%@1510,7%@1510,19%@1510,6%@1510,13%@1510] GR3D_FREQ 37% cpu@54.062C soc2@52.687C soc0@51.093C gpu@53C tj@54.062C soc1@52.812C VDD_IN 6666mW/7246mW VDD_CPU_GPU_CV 1545mW/2006mW VDD_SOC 1663mW/1730mW
10-08-2026 23:38:53 RAM 6924/7620MB (lfb 47x2MB) SWAP 579/5858MB (cached 0MB) CPU [12%@1510,8%@1510,12%@1510,12%@1510,0%@1510,82%@1510] GR3D_FREQ 37% cpu@54.031C soc2@52.593C soc0@51.093C gpu@53.062C tj@54.031C soc1@52.75C VDD_IN 6666mW/7245mW VDD_CPU_GPU_CV 1545mW/2005mW VDD_SOC 1663mW/1730mW
10-08-2026 23:38:54 RAM 6921/7620MB (lfb 48x2MB) SWAP 579/5858MB (cached 0MB) CPU [10%@1510,10%@1510,13%@1510,11%@1510,4%@1510,82%@1510] GR3D_FREQ 28% cpu@54.187C soc2@52.625C soc0@51.093C gpu@53.187C tj@54.187C soc1@52.562C VDD_IN 6666mW/7245mW VDD_CPU_GPU_CV 1545mW/2004mW VDD_SOC 1663mW/1730mW
10-08-2026 23:38:55 RAM 6928/7620MB (lfb 45x2MB) SWAP 579/5858MB (cached 0MB) CPU [12%@729,11%@729,7%@729,14%@729,17%@1510,68%@1510] GR3D_FREQ 39% cpu@53.937C soc2@52.625C soc0@50.937C gpu@53.218C tj@53.937C soc1@52.625C VDD_IN 6745mW/7244mW VDD_CPU_GPU_CV 1545mW/2004mW VDD_SOC 1703mW/1730mW
10-08-2026 23:38:56 RAM 6927/7620MB (lfb 45x2MB) SWAP 579/5858MB (cached 0MB) CPU [10%@1510,4%@1510,11%@1510,14%@1510,32%@1510,56%@1510] GR3D_FREQ 40% cpu@53.906C soc2@52.531C soc0@51.093C gpu@53C tj@53.906C soc1@52.687C VDD_IN 6745mW/7243mW VDD_CPU_GPU_CV 1545mW/2003mW VDD_SOC 1703mW/1730mW
10-08-2026 23:38:57 RAM 6927/7620MB (lfb 45x2MB) SWAP 579/5858MB (cached 0MB) CPU [13%@729,8%@729,10%@729,9%@729,7%@1510,78%@1510] GR3D_FREQ 37% cpu@54.093C soc2@52.468C soc0@51.093C gpu@53.062C tj@54.093C soc1@52.531C VDD_IN 6745mW/7243mW VDD_CPU_GPU_CV 1545mW/2003mW VDD_SOC 1703mW/1730mW
10-08-2026 23:38:58 RAM 6930/7620MB (lfb 45x2MB) SWAP 579/5858MB (cached 0MB) CPU [10%@1510,5%@1510,8%@1510,10%@1510,7%@1420,79%@1420] GR3D_FREQ 53% cpu@54.343C soc2@52.5C soc0@50.937C gpu@53C tj@54.343C soc1@52.562C VDD_IN 6785mW/7242mW VDD_CPU_GPU_CV 1582mW/2002mW VDD_SOC 1663mW/1730mW
10-08-2026 23:38:59 RAM 6930/7620MB (lfb 45x2MB) SWAP 579/5858MB (cached 0MB) CPU [12%@729,7%@729,9%@729,5%@729,12%@1510,74%@1510] GR3D_FREQ 52% cpu@53.937C soc2@52.406C soc0@50.937C gpu@53.218C tj@53.937C soc1@52.5C VDD_IN 6745mW/7242mW VDD_CPU_GPU_CV 1545mW/2002mW VDD_SOC 1703mW/1730mW
10-08-2026 23:39:00 RAM 6927/7620MB (lfb 45x2MB) SWAP 579/5858MB (cached 0MB) CPU [17%@1510,33%@1510,12%@1510,9%@1510,24%@729,33%@729] GR3D_FREQ 64% cpu@53.906C soc2@52.5C soc0@50.937C gpu@53.218C tj@53.906C soc1@52.562C VDD_IN 6745mW/7241mW VDD_CPU_GPU_CV 1582mW/2001mW VDD_SOC 1703mW/1730mW
10-08-2026 23:39:01 RAM 6979/7620MB (lfb 19x2MB) SWAP 579/5858MB (cached 0MB) CPU [26%@1510,61%@1510,16%@1510,12%@1510,22%@729,19%@729] GR3D_FREQ 1% cpu@54C soc2@52.531C soc0@51.093C gpu@53.156C tj@54C soc1@52.468C VDD_IN 6507mW/7240mW VDD_CPU_GPU_CV 1545mW/2001mW VDD_SOC 1624mW/1730mW
10-08-2026 23:39:02 RAM 6987/7620MB (lfb 15x2MB) SWAP 579/5858MB (cached 0MB) CPU [28%@729,34%@729,45%@729,37%@729,47%@1113,53%@1113] GR3D_FREQ 0% cpu@53.906C soc2@52.531C soc0@50.843C gpu@52.906C tj@53.906C soc1@52.625C VDD_IN 6348mW/7239mW VDD_CPU_GPU_CV 1505mW/2000mW VDD_SOC 1584mW/1730mW
10-08-2026 23:39:03 RAM 6988/7620MB (lfb 15x2MB) SWAP 579/5858MB (cached 0MB) CPU [51%@1510,29%@1510,30%@1510,27%@1510,38%@729,57%@729] GR3D_FREQ 0% cpu@54.156C soc2@52.406C soc0@50.812C gpu@52.906C tj@54.156C soc1@52.562C VDD_IN 6269mW/7238mW VDD_CPU_GPU_CV 1426mW/2000mW VDD_SOC 1584mW/1729mW
10-08-2026 23:39:04 RAM 6988/7620MB (lfb 15x2MB) SWAP 579/5858MB (cached 0MB) CPU [39%@1420,23%@1420,21%@1420,33%@1420,65%@960,37%@960] GR3D_FREQ 0% cpu@54C soc2@52.343C soc0@50.812C gpu@53.093C tj@54C soc1@52.656C VDD_IN 6467mW/7237mW VDD_CPU_GPU_CV 1545mW/1999mW VDD_SOC 1624mW/1729mW
10-08-2026 23:39:05 RAM 6988/7620MB (lfb 14x2MB) SWAP 579/5858MB (cached 0MB) CPU [29%@1510,33%@1510,37%@1510,41%@1510,44%@1190,53%@1190] GR3D_FREQ 2% cpu@54.031C soc2@52.406C soc0@50.875C gpu@53.093C tj@54.031C soc1@52.375C VDD_IN 6388mW/7236mW VDD_CPU_GPU_CV 1505mW/1999mW VDD_SOC 1584mW/1729mW
10-08-2026 23:39:06 RAM 7055/7620MB (lfb 3x2MB) SWAP 579/5858MB (cached 0MB) CPU [52%@1510,41%@1510,35%@1510,50%@1510,42%@883,64%@883] GR3D_FREQ 48% cpu@54.625C soc2@52.687C soc0@50.718C gpu@53.218C tj@54.625C soc1@52.468C VDD_IN 7658mW/7237mW VDD_CPU_GPU_CV 2373mW/1999mW VDD_SOC 1743mW/1729mW
10-08-2026 23:39:07 RAM 7058/7620MB (lfb 5x2MB) SWAP 579/5858MB (cached 0MB) CPU [35%@1510,33%@1510,53%@1510,29%@1510,33%@1113,41%@1113] GR3D_FREQ 24% cpu@53.75C soc2@52.5C soc0@50.843C gpu@53.062C tj@53.75C soc1@52.562C VDD_IN 7182mW/7237mW VDD_CPU_GPU_CV 1898mW/1999mW VDD_SOC 1743mW/1729mW
10-08-2026 23:39:08 RAM 7065/7620MB (lfb 3x2MB) SWAP 579/5858MB (cached 0MB) CPU [16%@729,9%@729,21%@1510,16%@1510,10%@1190,75%@1190] GR3D_FREQ 36% cpu@53.75C soc2@52.406C soc0@50.937C gpu@52.968C tj@53.75C soc1@52.468C VDD_IN 6864mW/7236mW VDD_CPU_GPU_CV 1663mW/1999mW VDD_SOC 1703mW/1729mW
10-08-2026 23:39:09 RAM 7041/7620MB (lfb 3x2MB) SWAP 579/5858MB (cached 0MB) CPU [22%@729,21%@729,15%@1510,21%@1510,28%@1344,44%@1344] GR3D_FREQ 30% cpu@53.937C soc2@52.5C soc0@50.937C gpu@52.937C tj@53.937C soc1@52.5C VDD_IN 6983mW/7236mW VDD_CPU_GPU_CV 1779mW/1998mW VDD_SOC 1703mW/1729mW
10-08-2026 23:39:10 RAM 6941/7620MB (lfb 9x2MB) SWAP 579/5858MB (cached 0MB) CPU [17%@1510,58%@1510,15%@1510,21%@1510,1%@729,7%@729] GR3D_FREQ 35% cpu@54.218C soc2@52.437C soc0@50.781C gpu@53.218C tj@54.218C soc1@52.468C VDD_IN 6666mW/7235mW VDD_CPU_GPU_CV 1545mW/1998mW VDD_SOC 1663mW/1729mW
10-08-2026 23:39:11 RAM 6941/7620MB (lfb 9x2MB) SWAP 579/5858MB (cached 0MB) CPU [61%@1497,31%@1497,2%@1497,5%@1497,0%@729,6%@729] GR3D_FREQ 56% cpu@54.031C soc2@52.375C soc0@50.781C gpu@53.156C tj@54.031C soc1@52.5C VDD_IN 6626mW/7235mW VDD_CPU_GPU_CV 1545mW/1997mW VDD_SOC 1663mW/1729mW
10-08-2026 23:39:12 RAM 6941/7620MB (lfb 9x2MB) SWAP 579/5858MB (cached 0MB) CPU [5%@1510,26%@1510,61%@1510,5%@1510,1%@729,5%@729] GR3D_FREQ 61% cpu@53.718C soc2@52.406C soc0@50.75C gpu@53.25C tj@53.718C soc1@52.468C VDD_IN 6666mW/7234mW VDD_CPU_GPU_CV 1545mW/1997mW VDD_SOC 1663mW/1729mW
10-08-2026 23:39:13 RAM 6941/7620MB (lfb 9x2MB) SWAP 579/5858MB (cached 0MB) CPU [9%@1497,20%@1497,64%@1510,8%@1510,1%@729,6%@729] GR3D_FREQ 60% cpu@53.843C soc2@52.343C soc0@50.875C gpu@52.906C tj@53.843C soc1@52.312C VDD_IN 6705mW/7234mW VDD_CPU_GPU_CV 1545mW/1996mW VDD_SOC 1663mW/1729mW
10-08-2026 23:39:15 RAM 7006/7620MB (lfb 3x2MB) SWAP 579/5858MB (cached 0MB) CPU [37%@1510,53%@1510,23%@1510,44%@1510,30%@729,17%@729] GR3D_FREQ 11% cpu@54.062C soc2@52.437C soc0@50.75C gpu@52.906C tj@54.062C soc1@52.406C VDD_IN 6824mW/7233mW VDD_CPU_GPU_CV 1819mW/1996mW VDD_SOC 1624mW/1729mW
10-08-2026 23:39:16 RAM 7008/7620MB (lfb 3x2MB) SWAP 579/5858MB (cached 0MB) CPU [48%@806,55%@806,52%@806,35%@806,47%@1113,31%@1113] GR3D_FREQ 8% cpu@54.218C soc2@52.437C soc0@50.687C gpu@52.937C tj@54.218C soc1@52.468C VDD_IN 6745mW/7233mW VDD_CPU_GPU_CV 1782mW/1996mW VDD_SOC 1624mW/1729mW
10-08-2026 23:39:17 RAM 7008/7620MB (lfb 3x2MB) SWAP 579/5858MB (cached 0MB) CPU [40%@729,41%@729,41%@729,47%@729,39%@1113,54%@1113] GR3D_FREQ 0% cpu@53.906C soc2@52.343C soc0@50.656C gpu@53.156C tj@53.906C soc1@52.593C VDD_IN 6428mW/7232mW VDD_CPU_GPU_CV 1584mW/1995mW VDD_SOC 1584mW/1728mW
10-08-2026 23:39:18 RAM 7008/7620MB (lfb 3x2MB) SWAP 579/5858MB (cached 0MB) CPU [35%@960,36%@960,47%@1036,48%@1036,40%@1113,60%@1113] GR3D_FREQ 0% cpu@53.906C soc2@52.281C soc0@50.687C gpu@53.218C tj@53.906C soc1@52.281C VDD_IN 6507mW/7231mW VDD_CPU_GPU_CV 1584mW/1995mW VDD_SOC 1584mW/1728mW
10-08-2026 23:39:19 RAM 6904/7620MB (lfb 57x1MB) SWAP 579/5858MB (cached 0MB) CPU [63%@1510,62%@1510,62%@1510,61%@1510,64%@1510,68%@1510] GR3D_FREQ 56% cpu@54.687C soc2@52.75C soc0@50.875C gpu@53.156C tj@54.687C soc1@52.406C VDD_IN 9047mW/7233mW VDD_CPU_GPU_CV 3243mW/1996mW VDD_SOC 1901mW/1728mW
10-08-2026 23:39:20 RAM 6620/7620MB (lfb 1x2MB) SWAP 579/5858MB (cached 0MB) CPU [65%@1510,50%@1510,59%@1510,55%@1510,77%@806,59%@806] GR3D_FREQ 65% cpu@54.406C soc2@52.75C soc0@50.875C gpu@53.281C tj@54.406C soc1@52.625C VDD_IN 9230mW/7235mW VDD_CPU_GPU_CV 3401mW/1998mW VDD_SOC 1941mW/1729mW
10-08-2026 23:39:21 RAM 6669/7620MB (lfb 1x2MB) SWAP 579/5858MB (cached 0MB) CPU [44%@1036,65%@1036,42%@1036,43%@1036,51%@729,45%@729] GR3D_FREQ 30% cpu@54.187C soc2@52.531C soc0@50.906C gpu@53.156C tj@54.187C soc1@52.656C VDD_IN 7182mW/7235mW VDD_CPU_GPU_CV 2056mW/1998mW VDD_SOC 1663mW/1729mW
10-08-2026 23:39:22 RAM 6691/7620MB (lfb 1x2MB) SWAP 579/5858MB (cached 0MB) CPU [44%@1510,51%@1510,55%@1510,53%@1510,53%@1510,48%@1510] GR3D_FREQ 80% cpu@54.5C soc2@52.781C soc0@50.875C gpu@53.062C tj@54.5C soc1@52.406C VDD_IN 8253mW/7236mW VDD_CPU_GPU_CV 2768mW/1999mW VDD_SOC 1822mW/1729mW
10-08-2026 23:39:23 RAM 6781/7620MB (lfb 1x2MB) SWAP 579/5858MB (cached 0MB) CPU [27%@806,35%@806,25%@806,51%@806,68%@1113,15%@1113] GR3D_FREQ 0% cpu@53.906C soc2@52.593C soc0@51.031C gpu@53.062C tj@53.906C soc1@52.562C VDD_IN 7777mW/7237mW VDD_CPU_GPU_CV 2294mW/1999mW VDD_SOC 1822mW/1729mW
10-08-2026 23:39:24 RAM 6871/7620MB (lfb 1x2MB) SWAP 579/5858MB (cached 0MB) CPU [12%@883,18%@883,15%@883,34%@883,55%@960,57%@960] GR3D_FREQ 21% cpu@53.906C soc2@52.656C soc0@50.968C gpu@53.218C tj@53.906C soc1@52.593C VDD_IN 7380mW/7237mW VDD_CPU_GPU_CV 1977mW/1999mW VDD_SOC 1782mW/1729mW
10-08-2026 23:39:25 RAM 6771/7620MB (lfb 8x2MB) SWAP 579/5858MB (cached 0MB) CPU [9%@1510,18%@1510,56%@1510,23%@1510,3%@729,15%@729] GR3D_FREQ 38% cpu@53.875C soc2@52.5C soc0@50.937C gpu@53.156C tj@53.875C soc1@52.718C VDD_IN 6626mW/7236mW VDD_CPU_GPU_CV 1465mW/1999mW VDD_SOC 1703mW/1729mW
10-08-2026 23:39:26 RAM 6771/7620MB (lfb 8x2MB) SWAP 579/5858MB (cached 0MB) CPU [22%@1497,1%@1497,65%@1497,6%@1497,2%@729,2%@729] GR3D_FREQ 27% cpu@53.906C soc2@52.468C soc0@50.781C gpu@53.062C tj@53.906C soc1@52.437C VDD_IN 6626mW/7236mW VDD_CPU_GPU_CV 1505mW/1998mW VDD_SOC 1663mW/1729mW
10-08-2026 23:39:27 RAM 6772/7620MB (lfb 8x2MB) SWAP 579/5858MB (cached 0MB) CPU [23%@1420,2%@1420,59%@1420,13%@1420,4%@729,5%@729] GR3D_FREQ 39% cpu@53.906C soc2@52.406C soc0@50.812C gpu@53.031C tj@53.906C soc1@52.343C VDD_IN 6666mW/7235mW VDD_CPU_GPU_CV 1545mW/1997mW VDD_SOC 1663mW/1729mW
10-08-2026 23:39:28 RAM 6772/7620MB (lfb 8x2MB) SWAP 579/5858MB (cached 0MB) CPU [9%@1510,52%@1510,26%@1510,9%@1510,3%@729,3%@729] GR3D_FREQ 59% cpu@53.75C soc2@52.312C soc0@50.781C gpu@52.843C tj@53.75C soc1@52.406C VDD_IN 6666mW/7234mW VDD_CPU_GPU_CV 1545mW/1997mW VDD_SOC 1663mW/1729mW
10-08-2026 23:39:29 RAM 6820/7620MB (lfb 9x2MB) SWAP 579/5858MB (cached 0MB) CPU [22%@1510,58%@1510,29%@1510,24%@1510,21%@1510,19%@1510] GR3D_FREQ 28% cpu@53.843C soc2@52.218C soc0@50.75C gpu@52.812C tj@53.843C soc1@52.5C VDD_IN 6507mW/7234mW VDD_CPU_GPU_CV 1584mW/1997mW VDD_SOC 1624mW/1729mW
10-08-2026 23:39:30 RAM 6822/7620MB (lfb 9x2MB) SWAP 579/5858MB (cached 0MB) CPU [42%@729,43%@729,37%@729,44%@729,45%@1113,45%@1113] GR3D_FREQ 8% cpu@53.875C soc2@52.281C soc0@50.781C gpu@52.687C tj@53.875C soc1@52.312C VDD_IN 6348mW/7233mW VDD_CPU_GPU_CV 1465mW/1996mW VDD_SOC 1584mW/1728mW
10-08-2026 23:39:31 RAM 6823/7620MB (lfb 9x2MB) SWAP 579/5858MB (cached 0MB) CPU [38%@729,36%@729,34%@729,36%@729,36%@729,54%@729] GR3D_FREQ 0% cpu@53.968C soc2@52.375C soc0@50.687C gpu@52.968C tj@53.968C soc1@52.343C VDD_IN 6229mW/7231mW VDD_CPU_GPU_CV 1426mW/1995mW VDD_SOC 1584mW/1728mW
10-08-2026 23:39:32 RAM 6823/7620MB (lfb 9x2MB) SWAP 579/5858MB (cached 0MB) CPU [36%@729,43%@729,38%@729,21%@729,44%@1510,35%@1510] GR3D_FREQ 0% cpu@53.812C soc2@52.187C soc0@50.718C gpu@53C tj@53.812C soc1@52.406C VDD_IN 6150mW/7230mW VDD_CPU_GPU_CV 1386mW/1995mW VDD_SOC 1545mW/1728mW
10-08-2026 23:39:33 RAM 6823/7620MB (lfb 9x2MB) SWAP 579/5858MB (cached 0MB) CPU [26%@729,38%@729,28%@729,42%@729,38%@1267,46%@1267] GR3D_FREQ 0% cpu@53.843C soc2@52.218C soc0@50.625C gpu@52.937C tj@53.843C soc1@52.343C VDD_IN 6110mW/7229mW VDD_CPU_GPU_CV 1346mW/1994mW VDD_SOC 1584mW/1728mW
10-08-2026 23:39:34 RAM 6871/7620MB (lfb 6x2MB) SWAP 579/5858MB (cached 0MB) CPU [45%@883,45%@883,43%@1510,35%@1510,44%@1510,36%@1510] GR3D_FREQ 59% cpu@54.062C soc2@52.468C soc0@50.687C gpu@53C tj@54.062C soc1@52.25C VDD_IN 7102mW/7229mW VDD_CPU_GPU_CV 1980mW/1994mW VDD_SOC 1703mW/1728mW
10-08-2026 23:39:35 RAM 6962/7620MB (lfb 6x2MB) SWAP 579/5858MB (cached 0MB) CPU [42%@1510,45%@1510,12%@1510,21%@1510,37%@729,32%@729] GR3D_FREQ 69% cpu@53.781C soc2@52.531C soc0@50.75C gpu@53.156C tj@53.781C soc1@52.375C VDD_IN 7578mW/7229mW VDD_CPU_GPU_CV 2135mW/1994mW VDD_SOC 1782mW/1728mW
10-08-2026 23:39:36 RAM 6995/7620MB (lfb 6x2MB) SWAP 579/5858MB (cached 0MB) CPU [31%@729,7%@729,27%@729,26%@729,45%@806,29%@806] GR3D_FREQ 63% cpu@53.656C soc2@52.375C soc0@50.812C gpu@52.937C tj@53.656C soc1@52.437C VDD_IN 7221mW/7229mW VDD_CPU_GPU_CV 1901mW/1994mW VDD_SOC 1782mW/1728mW
10-08-2026 23:39:37 RAM 6976/7620MB (lfb 6x2MB) SWAP 579/5858MB (cached 0MB) CPU [17%@806,9%@806,15%@806,15%@806,15%@1510,54%@1510] GR3D_FREQ 41% cpu@53.781C soc2@52.312C soc0@50.687C gpu@52.781C tj@53.781C soc1@52.25C VDD_IN 6626mW/7229mW VDD_CPU_GPU_CV 1505mW/1993mW VDD_SOC 1666mW/1728mW
10-08-2026 23:39:38 RAM 6976/7620MB (lfb 6x2MB) SWAP 579/5858MB (cached 0MB) CPU [16%@729,3%@729,5%@729,5%@1510,5%@1510,77%@1510] GR3D_FREQ 27% cpu@53.968C soc2@52.156C soc0@50.718C gpu@52.781C tj@53.968C soc1@52.25C VDD_IN 6586mW/7228mW VDD_CPU_GPU_CV 1505mW/1993mW VDD_SOC 1663mW/1728mW
10-08-2026 23:39:39 RAM 6976/7620MB (lfb 6x2MB) SWAP 579/5858MB (cached 0MB) CPU [12%@1510,6%@1510,8%@1510,9%@1510,2%@1510,79%@1510] GR3D_FREQ 34% cpu@53.75C soc2@52.187C soc0@50.687C gpu@53.031C tj@53.75C soc1@52.375C VDD_IN 6626mW/7227mW VDD_CPU_GPU_CV 1505mW/1992mW VDD_SOC 1666mW/1728mW
10-08-2026 23:39:40 RAM 6970/7620MB (lfb 7x2MB) SWAP 579/5858MB (cached 0MB) CPU [10%@1510,5%@1510,20%@1510,8%@1510,4%@729,47%@729] GR3D_FREQ 0% cpu@53.468C soc2@52.093C soc0@50.687C gpu@52.937C tj@53.468C soc1@52.156C VDD_IN 6001mW/7226mW VDD_CPU_GPU_CV 1111mW/1991mW VDD_SOC 1589mW/1728mW
10-08-2026 23:39:41 RAM 6970/7620MB (lfb 7x2MB) SWAP 579/5858MB (cached 0MB) CPU [0%@1510,1%@1510,99%@1510,0%@1510,0%@729,0%@729] GR3D_FREQ 0% cpu@53.625C soc2@52.187C soc0@50.781C gpu@53C tj@53.625C soc1@52.125C VDD_IN 5793mW/7224mW VDD_CPU_GPU_CV 950mW/1990mW VDD_SOC 1547mW/1727mW
10-08-2026 23:39:42 RAM 5549/7620MB (lfb 67x4MB) SWAP 579/5858MB (cached 0MB) CPU [2%@1510,0%@1510,100%@1510,0%@1510,0%@729,1%@729] GR3D_FREQ 0% cpu@53.312C soc2@52.187C soc0@50.468C gpu@52.843C tj@53.312C soc1@52.156C VDD_IN 5753mW/7223mW VDD_CPU_GPU_CV 990mW/1989mW VDD_SOC 1584mW/1727mW
10-08-2026 23:39:43 RAM 2667/7620MB (lfb 120x4MB) SWAP 560/5858MB (cached 0MB) CPU [9%@729,9%@729,33%@1510,1%@1510,38%@1510,0%@1510] GR3D_FREQ 0% cpu@53.687C soc2@51.968C soc0@50.406C gpu@52.562C tj@53.687C soc1@52.218C VDD_IN 5713mW/7221mW VDD_CPU_GPU_CV 990mW/1988mW VDD_SOC 1584mW/1727mW
