10-08-2026 20:57:26 RAM 3297/7620MB (lfb 68x4MB) SWAP 27/5858MB (cached 0MB) CPU [31%@1267,35%@1267,22%@1267,21%@1267,13%@1510,99%@1510] GR3D_FREQ 0% cpu@51.906C soc2@50.062C soc0@48.218C gpu@50.718C tj@51.906C soc1@49.968C VDD_IN 6467mW/6467mW VDD_CPU_GPU_CV 1624mW/1624mW VDD_SOC 1624mW/1624mW
10-08-2026 20:57:27 RAM 3334/7620MB (lfb 68x4MB) SWAP 27/5858MB (cached 0MB) CPU [6%@729,1%@729,2%@729,0%@729,0%@1510,100%@1510] GR3D_FREQ 0% cpu@51.437C soc2@49.937C soc0@48.281C gpu@50.718C tj@51.437C soc1@50.031C VDD_IN 5912mW/6190mW VDD_CPU_GPU_CV 1267mW/1446mW VDD_SOC 1545mW/1585mW
10-08-2026 20:57:28 RAM 3364/7620MB (lfb 68x4MB) SWAP 27/5858MB (cached 0MB) CPU [13%@1510,2%@1510,3%@1510,4%@1510,0%@1510,100%@1510] GR3D_FREQ 0% cpu@51.875C soc2@50.031C soc0@48.312C gpu@50.687C tj@51.593C soc1@50.031C VDD_IN 6031mW/6137mW VDD_CPU_GPU_CV 1307mW/1399mW VDD_SOC 1584mW/1584mW
10-08-2026 20:57:29 RAM 3378/7620MB (lfb 68x4MB) SWAP 27/5858MB (cached 0MB) CPU [8%@1510,34%@1510,6%@1510,3%@1510,4%@729,47%@729] GR3D_FREQ 0% cpu@51.343C soc2@49.968C soc0@48.343C gpu@50.843C tj@51.343C soc1@50.187C VDD_IN 5723mW/6033mW VDD_CPU_GPU_CV 992mW/1298mW VDD_SOC 1587mW/1585mW
10-08-2026 20:57:30 RAM 3416/7620MB (lfb 68x4MB) SWAP 27/5858MB (cached 0MB) CPU [1%@1510,100%@1510,1%@1510,0%@1510,0%@729,1%@729] GR3D_FREQ 0% cpu@51.437C soc2@50.031C soc0@48.375C gpu@50.875C tj@51.437C soc1@49.937C VDD_IN 5872mW/6001mW VDD_CPU_GPU_CV 1109mW/1260mW VDD_SOC 1587mW/1585mW
10-08-2026 20:57:31 RAM 3442/7620MB (lfb 68x4MB) SWAP 27/5858MB (cached 0MB) CPU [1%@1510,100%@1510,0%@1510,1%@1510,0%@729,0%@729] GR3D_FREQ 0% cpu@51.75C soc2@50.093C soc0@48.281C gpu@50.875C tj@51.75C soc1@49.906C VDD_IN 5832mW/5973mW VDD_CPU_GPU_CV 1228mW/1255mW VDD_SOC 1547mW/1579mW
10-08-2026 20:57:32 RAM 3467/7620MB (lfb 68x4MB) SWAP 27/5858MB (cached 0MB) CPU [0%@1510,100%@1510,0%@1510,0%@1510,0%@729,0%@729] GR3D_FREQ 0% cpu@51.468C soc2@49.937C soc0@48.25C gpu@50.906C tj@51.468C soc1@49.968C VDD_IN 5832mW/5953mW VDD_CPU_GPU_CV 1148mW/1239mW VDD_SOC 1545mW/1574mW
10-08-2026 20:57:33 RAM 3511/7620MB (lfb 68x4MB) SWAP 27/5858MB (cached 0MB) CPU [1%@1510,100%@1510,1%@1510,1%@1510,0%@729,0%@729] GR3D_FREQ 0% cpu@51.75C soc2@50.031C soc0@48.312C gpu@51C tj@51.468C soc1@50C VDD_IN 5872mW/5943mW VDD_CPU_GPU_CV 1228mW/1238mW VDD_SOC 1545mW/1571mW
10-08-2026 20:57:34 RAM 3525/7620MB (lfb 68x4MB) SWAP 27/5858MB (cached 0MB) CPU [0%@1510,87%@1510,0%@1510,0%@1510,0%@729,0%@729] GR3D_FREQ 0% cpu@51.218C soc2@49.937C soc0@48.312C gpu@50.906C tj@51.218C soc1@50.125C VDD_IN 5643mW/5909mW VDD_CPU_GPU_CV 1031mW/1215mW VDD_SOC 1550mW/1568mW
10-08-2026 20:57:35 RAM 3621/7620MB (lfb 62x4MB) SWAP 27/5858MB (cached 0MB) CPU [47%@1510,75%@1510,42%@1510,48%@1510,56%@1510,55%@1510] GR3D_FREQ 53% cpu@51.937C soc2@50.218C soc0@48.25C gpu@50.843C tj@51.937C soc1@49.937C VDD_IN 7182mW/6037mW VDD_CPU_GPU_CV 2218mW/1315mW VDD_SOC 1626mW/1574mW
10-08-2026 20:57:36 RAM 3660/7620MB (lfb 57x4MB) SWAP 27/5858MB (cached 0MB) CPU [29%@1510,45%@1510,22%@1510,43%@1510,29%@729,20%@729] GR3D_FREQ 10% cpu@51.812C soc2@50.062C soc0@48.343C gpu@50.718C tj@51.812C soc1@50.125C VDD_IN 6190mW/6051mW VDD_CPU_GPU_CV 1346mW/1318mW VDD_SOC 1626mW/1579mW
10-08-2026 20:57:37 RAM 3667/7620MB (lfb 56x4MB) SWAP 27/5858MB (cached 0MB) CPU [48%@1510,55%@1510,49%@1510,51%@1510,60%@729,64%@729] GR3D_FREQ 20% cpu@51.562C soc2@50.062C soc0@48.375C gpu@51.218C tj@51.562C soc1@50.187C VDD_IN 6388mW/6079mW VDD_CPU_GPU_CV 1663mW/1347mW VDD_SOC 1587mW/1579mW
10-08-2026 20:57:38 RAM 4131/7620MB (lfb 14x4MB) SWAP 27/5858MB (cached 0MB) CPU [28%@1510,41%@1510,19%@1510,17%@1510,25%@1510,43%@1510] GR3D_FREQ 0% cpu@51.593C soc2@50.125C soc0@48.531C gpu@51.187C tj@51.593C soc1@49.968C VDD_IN 6428mW/6106mW VDD_CPU_GPU_CV 1346mW/1347mW VDD_SOC 1706mW/1589mW
10-08-2026 20:57:39 RAM 4552/7620MB (lfb 22x1MB) SWAP 27/5858MB (cached 0MB) CPU [20%@1510,25%@1510,7%@1510,9%@1510,24%@1510,89%@1510] GR3D_FREQ 0% cpu@51.843C soc2@50.156C soc0@48.375C gpu@50.812C tj@51.843C soc1@50.125C VDD_IN 6467mW/6131mW VDD_CPU_GPU_CV 1426mW/1352mW VDD_SOC 1703mW/1597mW
10-08-2026 20:57:40 RAM 4626/7620MB (lfb 23x1MB) SWAP 27/5858MB (cached 0MB) CPU [12%@729,18%@729,17%@729,12%@729,98%@1510,0%@1510] GR3D_FREQ 0% cpu@51.468C soc2@50.062C soc0@48.406C gpu@50.812C tj@51.468C soc1@50.187C VDD_IN 6071mW/6127mW VDD_CPU_GPU_CV 1386mW/1355mW VDD_SOC 1584mW/1596mW
10-08-2026 20:57:41 RAM 4662/7620MB (lfb 33x1MB) SWAP 27/5858MB (cached 0MB) CPU [12%@729,9%@729,11%@729,12%@1510,99%@1510,1%@1510] GR3D_FREQ 25% cpu@51.531C soc2@50.062C soc0@48.437C gpu@50.843C tj@51.531C soc1@50.218C VDD_IN 5912mW/6114mW VDD_CPU_GPU_CV 1307mW/1352mW VDD_SOC 1545mW/1593mW
10-08-2026 20:57:42 RAM 4662/7620MB (lfb 33x1MB) SWAP 27/5858MB (cached 0MB) CPU [13%@1510,8%@1510,2%@1510,6%@1510,100%@1510,5%@1510] GR3D_FREQ 27% cpu@51.625C soc2@49.968C soc0@48.562C gpu@51.156C tj@51.625C soc1@50C VDD_IN 5832mW/6097mW VDD_CPU_GPU_CV 1267mW/1347mW VDD_SOC 1545mW/1590mW
10-08-2026 20:57:43 RAM 4662/7620MB (lfb 33x1MB) SWAP 27/5858MB (cached 0MB) CPU [8%@1510,14%@1510,5%@1510,6%@1510,100%@1510,4%@1510] GR3D_FREQ 40% cpu@51.75C soc2@50.062C soc0@48.312C gpu@51.218C tj@51.75C soc1@50.031C VDD_IN 5832mW/6083mW VDD_CPU_GPU_CV 1267mW/1342mW VDD_SOC 1545mW/1588mW
10-08-2026 20:57:44 RAM 4663/7620MB (lfb 33x1MB) SWAP 27/5858MB (cached 0MB) CPU [4%@729,7%@729,14%@729,5%@729,100%@1510,5%@1510] GR3D_FREQ 0% cpu@51.375C soc2@49.968C soc0@48.343C gpu@50.718C tj@51.375C soc1@50.156C VDD_IN 5832mW/6069mW VDD_CPU_GPU_CV 1228mW/1336mW VDD_SOC 1545mW/1586mW
10-08-2026 20:57:45 RAM 4714/7620MB (lfb 37x1MB) SWAP 27/5858MB (cached 0MB) CPU [5%@729,7%@729,17%@729,7%@729,99%@1510,10%@1510] GR3D_FREQ 0% cpu@51.562C soc2@50.031C soc0@48.437C gpu@50.875C tj@51.562C soc1@50.187C VDD_IN 5991mW/6065mW VDD_CPU_GPU_CV 1346mW/1337mW VDD_SOC 1545mW/1584mW
10-08-2026 20:57:46 RAM 4815/7620MB (lfb 40x1MB) SWAP 27/5858MB (cached 0MB) CPU [5%@1510,4%@1510,14%@1510,10%@1510,99%@1510,10%@1510] GR3D_FREQ 0% cpu@51.531C soc2@50.031C soc0@48.437C gpu@50.906C tj@51.656C soc1@50.031C VDD_IN 5991mW/6062mW VDD_CPU_GPU_CV 1346mW/1337mW VDD_SOC 1545mW/1582mW
10-08-2026 20:57:47 RAM 4943/7620MB (lfb 43x1MB) SWAP 27/5858MB (cached 0MB) CPU [9%@1510,11%@1510,12%@1510,14%@1510,100%@1510,5%@1510] GR3D_FREQ 0% cpu@51.656C soc2@50.156C soc0@48.375C gpu@50.906C tj@51.531C soc1@49.968C VDD_IN 6031mW/6061mW VDD_CPU_GPU_CV 1386mW/1339mW VDD_SOC 1545mW/1580mW
10-08-2026 20:57:48 RAM 5059/7620MB (lfb 43x1MB) SWAP 27/5858MB (cached 0MB) CPU [8%@1510,17%@1510,13%@1510,12%@1510,100%@1510,6%@1510] GR3D_FREQ 0% cpu@51.781C soc2@49.968C soc0@48.312C gpu@50.718C tj@51.781C soc1@50.125C VDD_IN 6071mW/6061mW VDD_CPU_GPU_CV 1386mW/1341mW VDD_SOC 1545mW/1579mW
10-08-2026 20:57:49 RAM 5237/7620MB (lfb 40x1MB) SWAP 27/5858MB (cached 0MB) CPU [8%@1510,12%@1510,14%@1510,15%@1510,100%@1510,4%@1510] GR3D_FREQ 0% cpu@51.5C soc2@50C soc0@48.468C gpu@50.75C tj@51.5C soc1@50.218C VDD_IN 6071mW/6061mW VDD_CPU_GPU_CV 1386mW/1343mW VDD_SOC 1545mW/1577mW
10-08-2026 20:57:50 RAM 5415/7620MB (lfb 39x1MB) SWAP 27/5858MB (cached 0MB) CPU [4%@1510,21%@1510,15%@1510,12%@1510,99%@1510,6%@1510] GR3D_FREQ 34% cpu@51.687C soc2@50.125C soc0@48.343C gpu@50.968C tj@51.687C soc1@50.031C VDD_IN 6071mW/6062mW VDD_CPU_GPU_CV 1426mW/1347mW VDD_SOC 1545mW/1576mW
10-08-2026 20:57:51 RAM 5532/7620MB (lfb 36x1MB) SWAP 27/5858MB (cached 0MB) CPU [17%@806,24%@806,21%@806,27%@806,98%@1510,17%@1510] GR3D_FREQ 29% cpu@51.968C soc2@50.062C soc0@48.312C gpu@50.906C tj@51.968C soc1@50.031C VDD_IN 6547mW/6080mW VDD_CPU_GPU_CV 1624mW/1357mW VDD_SOC 1663mW/1579mW
10-08-2026 20:57:52 RAM 4222/7620MB (lfb 34x4MB) SWAP 27/5858MB (cached 0MB) CPU [11%@729,18%@729,15%@729,18%@729,65%@1510,34%@1510] GR3D_FREQ 32% cpu@51.625C soc2@50.125C soc0@48.406C gpu@51.062C tj@51.625C soc1@50.218C VDD_IN 6547mW/6098mW VDD_CPU_GPU_CV 1307mW/1355mW VDD_SOC 1782mW/1587mW
10-08-2026 20:57:53 RAM 4545/7620MB (lfb 30x4MB) SWAP 27/5858MB (cached 0MB) CPU [45%@1420,27%@1420,28%@1420,49%@1420,46%@729,39%@729] GR3D_FREQ 0% cpu@51.812C soc2@50.343C soc0@48.468C gpu@50.843C tj@51.812C soc1@50.062C VDD_IN 6944mW/6128mW VDD_CPU_GPU_CV 1861mW/1373mW VDD_SOC 1703mW/1591mW
10-08-2026 20:57:54 RAM 4559/7620MB (lfb 30x4MB) SWAP 27/5858MB (cached 0MB) CPU [41%@1036,53%@1036,34%@1036,45%@1036,30%@729,54%@729] GR3D_FREQ 0% cpu@51.718C soc2@50.187C soc0@48.375C gpu@50.843C tj@51.718C soc1@50.093C VDD_IN 6348mW/6136mW VDD_CPU_GPU_CV 1465mW/1377mW VDD_SOC 1624mW/1592mW
10-08-2026 20:57:55 RAM 4654/7620MB (lfb 30x4MB) SWAP 27/5858MB (cached 0MB) CPU [40%@1510,30%@1510,50%@1510,52%@1510,42%@1510,56%@1510] GR3D_FREQ 33% cpu@52.468C soc2@50.218C soc0@48.406C gpu@51C tj@52.468C soc1@50.281C VDD_IN 6983mW/6164mW VDD_CPU_GPU_CV 1901mW/1394mW VDD_SOC 1706mW/1596mW
10-08-2026 20:57:56 RAM 4676/7620MB (lfb 30x4MB) SWAP 27/5858MB (cached 0MB) CPU [55%@1510,71%@1510,66%@1510,68%@1510,89%@1510,72%@1510] GR3D_FREQ 36% cpu@52.468C soc2@50.468C soc0@48.5C gpu@51.093C tj@52.468C soc1@50.437C VDD_IN 8412mW/6236mW VDD_CPU_GPU_CV 2971mW/1445mW VDD_SOC 1785mW/1602mW
10-08-2026 20:57:57 RAM 5141/7620MB (lfb 2x4MB) SWAP 27/5858MB (cached 0MB) CPU [60%@1510,68%@1510,63%@1510,46%@1510,71%@1510,65%@1510] GR3D_FREQ 73% cpu@52.656C soc2@50.656C soc0@48.562C gpu@51.218C tj@52.656C soc1@50.281C VDD_IN 8650mW/6312mW VDD_CPU_GPU_CV 3005mW/1494mW VDD_SOC 1861mW/1610mW
10-08-2026 20:57:58 RAM 5256/7620MB (lfb 16x2MB) SWAP 27/5858MB (cached 0MB) CPU [70%@1510,74%@1510,75%@1510,72%@1510,87%@1497,71%@1497] GR3D_FREQ 37% cpu@53.125C soc2@50.781C soc0@48.75C gpu@51.531C tj@52.875C soc1@50.406C VDD_IN 9959mW/6422mW VDD_CPU_GPU_CV 3876mW/1566mW VDD_SOC 2060mW/1624mW
10-08-2026 20:57:59 RAM 5368/7620MB (lfb 71x1MB) SWAP 27/5858MB (cached 0MB) CPU [68%@1510,75%@1510,63%@1510,61%@1510,68%@1113,73%@1113] GR3D_FREQ 1% cpu@52.593C soc2@50.968C soc0@48.968C gpu@51.687C tj@52.843C soc1@50.656C VDD_IN 9285mW/6506mW VDD_CPU_GPU_CV 3401mW/1620mW VDD_SOC 1980mW/1634mW
10-08-2026 20:58:00 RAM 5460/7620MB (lfb 28x1MB) SWAP 27/5858MB (cached 0MB) CPU [65%@1510,63%@1510,60%@1510,62%@1510,72%@1510,60%@1510] GR3D_FREQ 38% cpu@53.25C soc2@50.968C soc0@48.968C gpu@51.687C tj@53.25C soc1@50.531C VDD_IN 9745mW/6599mW VDD_CPU_GPU_CV 3711mW/1680mW VDD_SOC 2060mW/1646mW
10-08-2026 20:58:01 RAM 5528/7620MB (lfb 15x1MB) SWAP 27/5858MB (cached 0MB) CPU [77%@1510,89%@1510,72%@1510,62%@1510,66%@729,83%@729] GR3D_FREQ 0% cpu@52.531C soc2@51.031C soc0@49.062C gpu@51.625C tj@52.531C soc1@50.875C VDD_IN 9047mW/6667mW VDD_CPU_GPU_CV 3203mW/1722mW VDD_SOC 1941mW/1654mW
10-08-2026 20:58:02 RAM 5610/7620MB (lfb 44x512kB) SWAP 27/5858MB (cached 0MB) CPU [56%@1510,83%@1510,54%@1510,59%@1510,62%@1510,58%@1510] GR3D_FREQ 60% cpu@53.031C soc2@51.093C soc0@49.218C gpu@51.687C tj@53.031C soc1@50.781C VDD_IN 9166mW/6735mW VDD_CPU_GPU_CV 3322mW/1765mW VDD_SOC 1980mW/1663mW
10-08-2026 20:58:03 RAM 5553/7620MB (lfb 2x2MB) SWAP 27/5858MB (cached 0MB) CPU [74%@1510,78%@1510,87%@1510,84%@1510,81%@1510,75%@1510] GR3D_FREQ 41% cpu@53.531C soc2@51.375C soc0@49.218C gpu@51.968C tj@53.531C soc1@50.812C VDD_IN 10078mW/6823mW VDD_CPU_GPU_CV 3994mW/1824mW VDD_SOC 2060mW/1674mW
10-08-2026 20:58:04 RAM 5495/7620MB (lfb 2x2MB) SWAP 27/5858MB (cached 0MB) CPU [66%@1510,66%@1510,75%@1510,67%@1510,74%@1267,72%@1267] GR3D_FREQ 28% cpu@53.031C soc2@51.281C soc0@49.312C gpu@52.062C tj@53.031C soc1@50.968C VDD_IN 9642mW/6895mW VDD_CPU_GPU_CV 3599mW/1869mW VDD_SOC 2020mW/1683mW
10-08-2026 20:58:05 RAM 5590/7620MB (lfb 2x2MB) SWAP 27/5858MB (cached 0MB) CPU [60%@1510,63%@1510,68%@1510,81%@1510,75%@1510,77%@1510] GR3D_FREQ 52% cpu@53.437C soc2@51.406C soc0@49.437C gpu@51.843C tj@53.437C soc1@51.125C VDD_IN 9761mW/6966mW VDD_CPU_GPU_CV 3717mW/1916mW VDD_SOC 2020mW/1691mW
10-08-2026 20:58:06 RAM 5518/7620MB (lfb 2x2MB) SWAP 27/5858MB (cached 0MB) CPU [66%@1510,62%@1510,66%@1510,75%@1510,75%@1510,69%@1510] GR3D_FREQ 50% cpu@53.375C soc2@51.437C soc0@49.406C gpu@52.031C tj@53.375C soc1@51.125C VDD_IN 9483mW/7028mW VDD_CPU_GPU_CV 3520mW/1955mW VDD_SOC 2020mW/1699mW
10-08-2026 20:58:07 RAM 5642/7620MB (lfb 2x2MB) SWAP 27/5858MB (cached 0MB) CPU [57%@1510,76%@1510,64%@1510,56%@1510,68%@1190,62%@1190] GR3D_FREQ 53% cpu@53.156C soc2@51.5C soc0@49.531C gpu@52.187C tj@53.156C soc1@51.187C VDD_IN 9483mW/7086mW VDD_CPU_GPU_CV 3480mW/1991mW VDD_SOC 2020mW/1707mW
10-08-2026 20:58:08 RAM 5689/7620MB (lfb 2x2MB) SWAP 27/5858MB (cached 0MB) CPU [40%@729,33%@729,22%@729,24%@729,47%@1510,59%@1510] GR3D_FREQ 72% cpu@52.781C soc2@51.468C soc0@49.75C gpu@51.968C tj@52.937C soc1@51.312C VDD_IN 8174mW/7112mW VDD_CPU_GPU_CV 2491mW/2003mW VDD_SOC 1941mW/1712mW
10-08-2026 20:58:09 RAM 5453/7620MB (lfb 2x2MB) SWAP 27/5858MB (cached 0MB) CPU [18%@1267,55%@1267,23%@1267,10%@1267,41%@729,42%@729] GR3D_FREQ 75% cpu@52.937C soc2@51.281C soc0@49.531C gpu@51.906C tj@52.937C soc1@51.156C VDD_IN 7459mW/7119mW VDD_CPU_GPU_CV 1980mW/2002mW VDD_SOC 1861mW/1716mW
10-08-2026 20:58:10 RAM 5557/7620MB (lfb 14x1MB) SWAP 27/5858MB (cached 0MB) CPU [19%@1510,14%@1510,18%@1510,80%@1510,33%@883,17%@883] GR3D_FREQ 7% cpu@52.562C soc2@51C soc0@49.468C gpu@52.031C tj@52.562C soc1@51.218C VDD_IN 6745mW/7111mW VDD_CPU_GPU_CV 1621mW/1994mW VDD_SOC 1703mW/1715mW
10-08-2026 20:58:11 RAM 5850/7620MB (lfb 15x1MB) SWAP 27/5858MB (cached 0MB) CPU [31%@1510,33%@1510,7%@1510,37%@1510,37%@729,19%@729] GR3D_FREQ 45% cpu@52.593C soc2@51.156C soc0@49.531C gpu@52C tj@52.593C soc1@51.25C VDD_IN 6745mW/7103mW VDD_CPU_GPU_CV 1584mW/1985mW VDD_SOC 1703mW/1715mW
10-08-2026 20:58:12 RAM 5851/7620MB (lfb 1x2MB) SWAP 27/5858MB (cached 0MB) CPU [11%@1510,15%@1510,4%@1510,77%@1510,5%@729,17%@729] GR3D_FREQ 37% cpu@52.5C soc2@51.093C soc0@49.531C gpu@52.093C tj@52.5C soc1@51C VDD_IN 6745mW/7096mW VDD_CPU_GPU_CV 1545mW/1975mW VDD_SOC 1743mW/1716mW
10-08-2026 20:58:13 RAM 5851/7620MB (lfb 1x2MB) SWAP 27/5858MB (cached 0MB) CPU [17%@1510,7%@1510,17%@1510,76%@1510,4%@729,4%@729] GR3D_FREQ 40% cpu@52.625C soc2@51.156C soc0@49.406C gpu@51.812C tj@52.625C soc1@51.062C VDD_IN 6745mW/7088mW VDD_CPU_GPU_CV 1545mW/1966mW VDD_SOC 1743mW/1716mW
10-08-2026 20:58:14 RAM 5852/7620MB (lfb 1x2MB) SWAP 27/5858MB (cached 0MB) CPU [35%@1510,49%@1510,12%@1510,21%@1510,13%@729,8%@729] GR3D_FREQ 42% cpu@53C soc2@51.093C soc0@49.5C gpu@51.843C tj@53C soc1@51.218C VDD_IN 6745mW/7081mW VDD_CPU_GPU_CV 1584mW/1959mW VDD_SOC 1743mW/1717mW
10-08-2026 20:58:15 RAM 5852/7620MB (lfb 1x2MB) SWAP 27/5858MB (cached 0MB) CPU [17%@1497,38%@1497,13%@1497,47%@1497,5%@729,5%@729] GR3D_FREQ 59% cpu@52.531C soc2@51.156C soc0@49.562C gpu@52.062C tj@52.531C soc1@51.218C VDD_IN 6785mW/7075mW VDD_CPU_GPU_CV 1545mW/1950mW VDD_SOC 1743mW/1717mW
10-08-2026 20:58:16 RAM 5852/7620MB (lfb 1x2MB) SWAP 27/5858MB (cached 0MB) CPU [18%@1497,24%@1497,8%@1497,66%@1497,10%@729,2%@729] GR3D_FREQ 63% cpu@52.656C soc2@51.218C soc0@49.562C gpu@52.093C tj@52.656C soc1@51.093C VDD_IN 6745mW/7069mW VDD_CPU_GPU_CV 1584mW/1943mW VDD_SOC 1743mW/1718mW
10-08-2026 20:58:17 RAM 5852/7620MB (lfb 1x2MB) SWAP 27/5858MB (cached 0MB) CPU [43%@1510,8%@1510,13%@1510,44%@1510,6%@729,1%@729] GR3D_FREQ 45% cpu@52.781C soc2@51.25C soc0@49.406C gpu@52.187C tj@52.781C soc1@51.062C VDD_IN 6785mW/7063mW VDD_CPU_GPU_CV 1584mW/1936mW VDD_SOC 1743mW/1718mW
10-08-2026 20:58:18 RAM 5852/7620MB (lfb 1x2MB) SWAP 27/5858MB (cached 0MB) CPU [37%@1510,50%@1510,14%@1510,10%@1510,5%@729,1%@729] GR3D_FREQ 44% cpu@52.687C soc2@51.093C soc0@49.593C gpu@51.843C tj@52.687C soc1@51.187C VDD_IN 6785mW/7058mW VDD_CPU_GPU_CV 1584mW/1930mW VDD_SOC 1743mW/1719mW
10-08-2026 20:58:19 RAM 5852/7620MB (lfb 1x2MB) SWAP 27/5858MB (cached 0MB) CPU [16%@1510,28%@1510,56%@1510,7%@1510,3%@729,5%@729] GR3D_FREQ 40% cpu@52.531C soc2@51.218C soc0@49.593C gpu@51.843C tj@52.531C soc1@51.25C VDD_IN 6824mW/7054mW VDD_CPU_GPU_CV 1584mW/1923mW VDD_SOC 1743mW/1719mW
10-08-2026 20:58:20 RAM 5852/7620MB (lfb 1x2MB) SWAP 27/5858MB (cached 0MB) CPU [24%@1510,12%@1510,64%@1510,7%@1510,4%@729,6%@729] GR3D_FREQ 38% cpu@52.718C soc2@51.218C soc0@49.687C gpu@51.968C tj@52.718C soc1@51.031C VDD_IN 6824mW/7050mW VDD_CPU_GPU_CV 1584mW/1917mW VDD_SOC 1743mW/1720mW
10-08-2026 20:58:21 RAM 5852/7620MB (lfb 1x2MB) SWAP 27/5858MB (cached 0MB) CPU [41%@1510,15%@1510,46%@1510,1%@1510,4%@729,4%@729] GR3D_FREQ 40% cpu@52.5C soc2@51.218C soc0@49.5C gpu@52C tj@52.5C soc1@51.125C VDD_IN 6785mW/7045mW VDD_CPU_GPU_CV 1584mW/1911mW VDD_SOC 1743mW/1720mW
10-08-2026 20:58:22 RAM 5978/7620MB (lfb 20x1MB) SWAP 27/5858MB (cached 0MB) CPU [46%@1510,33%@1510,55%@1510,26%@1510,31%@883,41%@883] GR3D_FREQ 0% cpu@52.781C soc2@51.187C soc0@49.562C gpu@51.718C tj@52.781C soc1@51.218C VDD_IN 6785mW/7040mW VDD_CPU_GPU_CV 1743mW/1908mW VDD_SOC 1663mW/1719mW
10-08-2026 20:58:23 RAM 5991/7620MB (lfb 2x2MB) SWAP 27/5858MB (cached 0MB) CPU [54%@1510,24%@1510,50%@1510,47%@1510,39%@883,46%@883] GR3D_FREQ 0% cpu@52.781C soc2@51.156C soc0@49.625C gpu@51.875C tj@52.781C soc1@51.125C VDD_IN 6507mW/7031mW VDD_CPU_GPU_CV 1545mW/1902mW VDD_SOC 1663mW/1718mW
10-08-2026 20:58:24 RAM 6064/7620MB (lfb 13x1MB) SWAP 27/5858MB (cached 0MB) CPU [77%@1510,55%@1510,59%@1510,49%@1510,63%@1510,56%@1510] GR3D_FREQ 4% cpu@53.562C soc2@51.437C soc0@49.562C gpu@52.062C tj@53.843C soc1@51.156C VDD_IN 8134mW/7050mW VDD_CPU_GPU_CV 2773mW/1917mW VDD_SOC 1785mW/1719mW
10-08-2026 20:58:25 RAM 5994/7620MB (lfb 15x2MB) SWAP 27/5858MB (cached 0MB) CPU [65%@1510,73%@1510,67%@1510,75%@1510,82%@1510,70%@1510] GR3D_FREQ 7% cpu@53.687C soc2@51.625C soc0@49.75C gpu@52.156C tj@53.687C soc1@51.406C VDD_IN 8729mW/7078mW VDD_CPU_GPU_CV 3164mW/1937mW VDD_SOC 1864mW/1722mW
10-08-2026 20:58:26 RAM 6150/7620MB (lfb 16x1MB) SWAP 27/5858MB (cached 0MB) CPU [74%@1510,80%@1510,77%@1510,84%@1510,77%@1510,73%@1510] GR3D_FREQ 57% cpu@53.875C soc2@51.906C soc0@49.968C gpu@52.281C tj@53.875C soc1@51.375C VDD_IN 9959mW/7125mW VDD_CPU_GPU_CV 3915mW/1970mW VDD_SOC 2020mW/1726mW
10-08-2026 20:58:27 RAM 6223/7620MB (lfb 1x512kB) SWAP 27/5858MB (cached 0MB) CPU [50%@1344,47%@1344,42%@1510,75%@1510,47%@729,45%@729] GR3D_FREQ 50% cpu@53.187C soc2@51.812C soc0@49.906C gpu@52.218C tj@53.187C soc1@51.531C VDD_IN 8372mW/7145mW VDD_CPU_GPU_CV 2649mW/1981mW VDD_SOC 1941mW/1730mW
10-08-2026 20:58:28 RAM 6223/7620MB (lfb 1x512kB) SWAP 27/5858MB (cached 0MB) CPU [22%@1510,24%@1510,41%@1510,84%@1510,9%@729,12%@729] GR3D_FREQ 33% cpu@53.093C soc2@51.687C soc0@50.031C gpu@52.218C tj@53.093C soc1@51.625C VDD_IN 8358mW/7164mW VDD_CPU_GPU_CV 2610mW/1991mW VDD_SOC 1941mW/1733mW
10-08-2026 20:58:29 RAM 6224/7620MB (lfb 1x512kB) SWAP 27/5858MB (cached 0MB) CPU [20%@1510,24%@1510,31%@1510,85%@1510,8%@729,6%@729] GR3D_FREQ 83% cpu@53.093C soc2@51.812C soc0@50.125C gpu@52.312C tj@53.093C soc1@51.687C VDD_IN 8412mW/7184mW VDD_CPU_GPU_CV 2610mW/2000mW VDD_SOC 1980mW/1737mW
10-08-2026 20:58:30 RAM 6030/7620MB (lfb 18x2MB) SWAP 27/5858MB (cached 0MB) CPU [22%@960,17%@960,9%@960,65%@960,27%@729,43%@729] GR3D_FREQ 66% cpu@52.906C soc2@51.625C soc0@49.906C gpu@52.281C tj@52.906C soc1@51.593C VDD_IN 6944mW/7180mW VDD_CPU_GPU_CV 1663mW/1995mW VDD_SOC 1782mW/1738mW
10-08-2026 20:58:31 RAM 6030/7620MB (lfb 18x2MB) SWAP 27/5858MB (cached 0MB) CPU [9%@1510,3%@1510,8%@1510,20%@1510,22%@1497,48%@1497] GR3D_FREQ 44% cpu@53.343C soc2@51.468C soc0@49.843C gpu@52.281C tj@53.343C soc1@51.468C VDD_IN 6666mW/7172mW VDD_CPU_GPU_CV 1505mW/1988mW VDD_SOC 1743mW/1738mW
10-08-2026 20:58:32 RAM 6030/7620MB (lfb 18x2MB) SWAP 27/5858MB (cached 0MB) CPU [7%@1510,8%@1510,6%@1510,9%@1510,26%@1510,57%@1510] GR3D_FREQ 42% cpu@52.906C soc2@51.375C soc0@49.937C gpu@52.25C tj@52.906C soc1@51.625C VDD_IN 6666mW/7165mW VDD_CPU_GPU_CV 1505mW/1981mW VDD_SOC 1703mW/1737mW
10-08-2026 20:58:33 RAM 6031/7620MB (lfb 18x2MB) SWAP 27/5858MB (cached 0MB) CPU [6%@729,10%@1510,3%@1510,11%@1510,26%@1510,54%@1510] GR3D_FREQ 38% cpu@53.031C soc2@51.406C soc0@50.062C gpu@52.062C tj@53.031C soc1@51.625C VDD_IN 6666mW/7158mW VDD_CPU_GPU_CV 1545mW/1974mW VDD_SOC 1743mW/1737mW
10-08-2026 20:58:34 RAM 6177/7620MB (lfb 47x256kB) SWAP 27/5858MB (cached 0MB) CPU [32%@1510,24%@1510,36%@1510,17%@1510,30%@960,50%@960] GR3D_FREQ 0% cpu@53.437C soc2@51.656C soc0@49.75C gpu@52.062C tj@53.437C soc1@51.5C VDD_IN 7102mW/7157mW VDD_CPU_GPU_CV 1941mW/1974mW VDD_SOC 1703mW/1737mW
10-08-2026 20:58:35 RAM 6181/7620MB (lfb 43x256kB) SWAP 27/5858MB (cached 0MB) CPU [49%@1510,39%@1510,39%@1510,46%@1510,42%@729,47%@729] GR3D_FREQ 23% cpu@53C soc2@51.468C soc0@49.812C gpu@52.25C tj@53C soc1@51.593C VDD_IN 6745mW/7151mW VDD_CPU_GPU_CV 1703mW/1970mW VDD_SOC 1663mW/1736mW
10-08-2026 20:58:36 RAM 6221/7620MB (lfb 1x2MB) SWAP 27/5858MB (cached 0MB) CPU [51%@1510,55%@1510,42%@1510,58%@1510,46%@1267,62%@1267] GR3D_FREQ 23% cpu@53.906C soc2@51.625C soc0@49.781C gpu@52.375C tj@53.718C soc1@51.718C VDD_IN 7618mW/7157mW VDD_CPU_GPU_CV 2376mW/1976mW VDD_SOC 1745mW/1736mW
10-08-2026 20:58:37 RAM 6229/7620MB (lfb 1x2MB) SWAP 27/5858MB (cached 0MB) CPU [62%@1510,69%@1510,65%@1510,71%@1510,80%@1420,75%@1420] GR3D_FREQ 33% cpu@53.875C soc2@51.843C soc0@50.062C gpu@52.25C tj@53.875C soc1@51.656C VDD_IN 8412mW/7175mW VDD_CPU_GPU_CV 2966mW/1989mW VDD_SOC 1825mW/1737mW
10-08-2026 20:58:38 RAM 6327/7620MB (lfb 25x256kB) SWAP 27/5858MB (cached 0MB) CPU [65%@1510,66%@1510,51%@1510,58%@1510,61%@1113,57%@1113] GR3D_FREQ 1% cpu@53.687C soc2@52.062C soc0@50C gpu@52.343C tj@53.531C soc1@51.687C VDD_IN 8808mW/7197mW VDD_CPU_GPU_CV 3085mW/2004mW VDD_SOC 1941mW/1740mW
10-08-2026 20:58:39 RAM 6342/7620MB (lfb 17x64kB) SWAP 27/5858MB (cached 0MB) CPU [36%@729,49%@729,30%@729,33%@729,53%@1510,25%@1510] GR3D_FREQ 60% cpu@53.281C soc2@51.812C soc0@50.187C gpu@52.687C tj@53.281C soc1@51.75C VDD_IN 8253mW/7212mW VDD_CPU_GPU_CV 2531mW/2011mW VDD_SOC 1941mW/1743mW
10-08-2026 20:58:40 RAM 6362/7620MB (lfb 2x512kB) SWAP 27/5858MB (cached 0MB) CPU [36%@1510,26%@1510,47%@1510,15%@1510,67%@729,24%@729] GR3D_FREQ 49% cpu@53.343C soc2@51.968C soc0@50.312C gpu@52.687C tj@53.343C soc1@51.968C VDD_IN 7896mW/7221mW VDD_CPU_GPU_CV 2294mW/2015mW VDD_SOC 1901mW/1745mW
10-08-2026 20:58:41 RAM 6322/7620MB (lfb 6x2MB) SWAP 27/5858MB (cached 0MB) CPU [13%@1510,38%@1510,32%@1510,27%@1510,15%@729,26%@729] GR3D_FREQ 36% cpu@53.125C soc2@51.718C soc0@50.218C gpu@52.656C tj@53.125C soc1@51.75C VDD_IN 7142mW/7220mW VDD_CPU_GPU_CV 1822mW/2013mW VDD_SOC 1782mW/1745mW
10-08-2026 20:58:42 RAM 6322/7620MB (lfb 6x2MB) SWAP 27/5858MB (cached 0MB) CPU [10%@729,4%@729,42%@729,12%@1510,26%@1510,18%@1510] GR3D_FREQ 46% cpu@53.281C soc2@51.718C soc0@50.093C gpu@52.25C tj@53.281C soc1@51.656C VDD_IN 6705mW/7213mW VDD_CPU_GPU_CV 1545mW/2007mW VDD_SOC 1743mW/1745mW
10-08-2026 20:58:44 RAM 6318/7620MB (lfb 10x2MB) SWAP 27/5858MB (cached 0MB) CPU [28%@729,22%@729,17%@729,15%@729,39%@1497,55%@1497] GR3D_FREQ 57% cpu@53.125C soc2@51.593C soc0@50.062C gpu@52.406C tj@53.125C soc1@51.75C VDD_IN 6904mW/7209mW VDD_CPU_GPU_CV 1624mW/2002mW VDD_SOC 1743mW/1745mW
10-08-2026 20:58:45 RAM 6300/7620MB (lfb 10x2MB) SWAP 26/5858MB (cached 0MB) CPU [21%@729,4%@729,7%@729,13%@729,19%@1510,70%@1510] GR3D_FREQ 50% cpu@53.125C soc2@51.656C soc0@50.156C gpu@52.312C tj@53.125C soc1@51.781C VDD_IN 6785mW/7204mW VDD_CPU_GPU_CV 1584mW/1996mW VDD_SOC 1743mW/1745mW
10-08-2026 20:58:46 RAM 6300/7620MB (lfb 10x2MB) SWAP 26/5858MB (cached 0MB) CPU [10%@729,4%@729,13%@729,8%@729,1%@1497,81%@1497] GR3D_FREQ 56% cpu@53.187C soc2@51.656C soc0@50.187C gpu@52.312C tj@53.187C soc1@51.656C VDD_IN 6745mW/7198mW VDD_CPU_GPU_CV 1545mW/1991mW VDD_SOC 1745mW/1745mW
10-08-2026 20:58:47 RAM 6309/7620MB (lfb 1x2MB) SWAP 26/5858MB (cached 0MB) CPU [39%@1510,44%@1510,42%@1510,36%@1510,22%@729,53%@729] GR3D_FREQ 8% cpu@53.406C soc2@51.718C soc0@49.937C gpu@52.468C tj@53.406C soc1@51.656C VDD_IN 6586mW/7190mW VDD_CPU_GPU_CV 1584mW/1986mW VDD_SOC 1663mW/1744mW
10-08-2026 20:58:48 RAM 6309/7620MB (lfb 1x2MB) SWAP 26/5858MB (cached 0MB) CPU [33%@806,37%@806,47%@806,55%@806,32%@960,42%@960] GR3D_FREQ 0% cpu@53.062C soc2@51.593C soc0@49.968C gpu@52.5C tj@53.062C soc1@51.687C VDD_IN 6348mW/7180mW VDD_CPU_GPU_CV 1465mW/1979mW VDD_SOC 1663mW/1743mW
10-08-2026 20:58:49 RAM 6355/7620MB (lfb 1x2MB) SWAP 26/5858MB (cached 0MB) CPU [67%@1510,73%@1510,77%@1510,59%@1510,67%@1510,71%@1510] GR3D_FREQ 0% cpu@54C soc2@51.968C soc0@50.031C gpu@52.375C tj@54C soc1@51.875C VDD_IN 8412mW/7195mW VDD_CPU_GPU_CV 2966mW/1991mW VDD_SOC 1825mW/1744mW
10-08-2026 20:58:50 RAM 6364/7620MB (lfb 1x2MB) SWAP 26/5858MB (cached 0MB) CPU [48%@1510,48%@1510,79%@1510,56%@1510,56%@960,52%@960] GR3D_FREQ 0% cpu@54C soc2@51.937C soc0@50C gpu@52.406C tj@54C soc1@51.718C VDD_IN 7618mW/7200mW VDD_CPU_GPU_CV 2337mW/1995mW VDD_SOC 1782mW/1745mW
10-08-2026 20:58:51 RAM 6455/7620MB (lfb 2x1MB) SWAP 26/5858MB (cached 0MB) CPU [74%@1510,77%@1510,85%@1510,77%@1510,83%@729,82%@729] GR3D_FREQ 65% cpu@54.125C soc2@52.187C soc0@50.187C gpu@52.906C tj@54.125C soc1@51.812C VDD_IN 9840mW/7231mW VDD_CPU_GPU_CV 3836mW/2017mW VDD_SOC 2020mW/1748mW
10-08-2026 20:58:52 RAM 6462/7620MB (lfb 4x1MB) SWAP 26/5858MB (cached 0MB) CPU [81%@1510,83%@1510,93%@1510,81%@1510,84%@1267,86%@1267] GR3D_FREQ 30% cpu@54.375C soc2@52.375C soc0@50.343C gpu@53.062C tj@54.375C soc1@52.093C VDD_IN 10197mW/7265mW VDD_CPU_GPU_CV 4067mW/2041mW VDD_SOC 2060mW/1752mW
10-08-2026 20:58:53 RAM 6482/7620MB (lfb 1x1MB) SWAP 26/5858MB (cached 0MB) CPU [76%@1510,83%@1510,84%@1510,82%@1510,83%@1510,85%@1510] GR3D_FREQ 7% cpu@54.687C soc2@52.406C soc0@50.5C gpu@52.781C tj@54.687C soc1@51.968C VDD_IN 9761mW/7294mW VDD_CPU_GPU_CV 3796mW/2061mW VDD_SOC 2020mW/1755mW
10-08-2026 20:58:54 RAM 6484/7620MB (lfb 1x1MB) SWAP 26/5858MB (cached 0MB) CPU [63%@1510,71%@1510,80%@1510,72%@1510,66%@1510,71%@1510] GR3D_FREQ 58% cpu@54.406C soc2@52.531C soc0@50.593C gpu@52.968C tj@54.406C soc1@52.093C VDD_IN 9666mW/7321mW VDD_CPU_GPU_CV 3632mW/2079mW VDD_SOC 2060mW/1758mW
10-08-2026 20:58:55 RAM 6486/7620MB (lfb 1x1MB) SWAP 26/5858MB (cached 0MB) CPU [89%@1510,69%@1510,72%@1510,77%@1510,84%@1510,87%@1510] GR3D_FREQ 50% cpu@54.5C soc2@52.75C soc0@50.687C gpu@53.062C tj@54.718C soc1@52.093C VDD_IN 10300mW/7355mW VDD_CPU_GPU_CV 4106mW/2102mW VDD_SOC 2099mW/1762mW
10-08-2026 20:58:56 RAM 6409/7620MB (lfb 6x1MB) SWAP 26/5858MB (cached 0MB) CPU [72%@1510,68%@1510,71%@1510,77%@1510,81%@1510,84%@1510] GR3D_FREQ 52% cpu@54.875C soc2@52.687C soc0@50.625C gpu@53.375C tj@54.875C soc1@52.25C VDD_IN 9920mW/7383mW VDD_CPU_GPU_CV 3790mW/2120mW VDD_SOC 2060mW/1765mW
10-08-2026 20:58:57 RAM 6328/7620MB (lfb 1x2MB) SWAP 26/5858MB (cached 0MB) CPU [80%@1510,83%@1510,78%@1510,91%@1510,86%@1510,85%@1510] GR3D_FREQ 22% cpu@54.75C soc2@52.687C soc0@50.687C gpu@53.062C tj@54.75C soc1@52.343C VDD_IN 10078mW/7413mW VDD_CPU_GPU_CV 4034mW/2141mW VDD_SOC 2060mW/1769mW
10-08-2026 20:58:58 RAM 6450/7620MB (lfb 1x1MB) SWAP 26/5858MB (cached 0MB) CPU [62%@1510,58%@1510,57%@1510,69%@1510,69%@729,65%@729] GR3D_FREQ 78% cpu@53.937C soc2@52.75C soc0@50.687C gpu@53.281C tj@53.843C soc1@52.218C VDD_IN 8650mW/7426mW VDD_CPU_GPU_CV 2966mW/2150mW VDD_SOC 1901mW/1770mW
10-08-2026 20:58:59 RAM 6452/7620MB (lfb 27x512kB) SWAP 26/5858MB (cached 0MB) CPU [11%@1344,41%@1344,62%@1510,27%@1510,23%@729,22%@729] GR3D_FREQ 8% cpu@54C soc2@52.5C soc0@50.75C gpu@52.968C tj@53.812C soc1@52.281C VDD_IN 8055mW/7433mW VDD_CPU_GPU_CV 2452mW/2154mW VDD_SOC 1861mW/1771mW
10-08-2026 20:59:00 RAM 6452/7620MB (lfb 27x512kB) SWAP 26/5858MB (cached 0MB) CPU [17%@1510,15%@1510,40%@1510,46%@1510,60%@1510,16%@1510] GR3D_FREQ 44% cpu@53.656C soc2@52.625C soc0@50.781C gpu@52.968C tj@53.656C soc1@52.312C VDD_IN 7777mW/7437mW VDD_CPU_GPU_CV 2294mW/2155mW VDD_SOC 1822mW/1771mW
10-08-2026 20:59:01 RAM 6452/7620MB (lfb 27x512kB) SWAP 26/5858MB (cached 0MB) CPU [13%@960,27%@960,13%@960,46%@960,25%@729,59%@729] GR3D_FREQ 0% cpu@53.687C soc2@52.406C soc0@50.875C gpu@52.906C tj@53.687C soc1@52.187C VDD_IN 7618mW/7438mW VDD_CPU_GPU_CV 2175mW/2155mW VDD_SOC 1822mW/1772mW
10-08-2026 20:59:02 RAM 6460/7620MB (lfb 3x1MB) SWAP 27/5858MB (cached 0MB) CPU [30%@1267,21%@1267,13%@1267,19%@1267,35%@729,69%@729] GR3D_FREQ 0% cpu@53.812C soc2@52.343C soc0@50.656C gpu@52.843C tj@53.812C soc1@52.25C VDD_IN 7142mW/7435mW VDD_CPU_GPU_CV 1861mW/2152mW VDD_SOC 1743mW/1772mW
10-08-2026 20:59:03 RAM 6405/7620MB (lfb 4x2MB) SWAP 28/5858MB (cached 0MB) CPU [20%@1510,8%@1510,6%@1510,23%@1510,40%@1510,53%@1510] GR3D_FREQ 39% cpu@53.562C soc2@52.093C soc0@50.562C gpu@53.156C tj@53.562C soc1@52.218C VDD_IN 6824mW/7429mW VDD_CPU_GPU_CV 1584mW/2146mW VDD_SOC 1706mW/1771mW
10-08-2026 20:59:04 RAM 6407/7620MB (lfb 4x2MB) SWAP 28/5858MB (cached 0MB) CPU [10%@729,4%@729,8%@729,14%@729,4%@1497,79%@1497] GR3D_FREQ 38% cpu@53.656C soc2@52.187C soc0@50.593C gpu@52.75C tj@53.656C soc1@52.312C VDD_IN 6705mW/7422mW VDD_CPU_GPU_CV 1584mW/2141mW VDD_SOC 1666mW/1770mW
10-08-2026 20:59:05 RAM 6407/7620MB (lfb 4x2MB) SWAP 28/5858MB (cached 0MB) CPU [9%@1510,11%@1510,10%@1510,12%@1510,5%@1497,74%@1497] GR3D_FREQ 68% cpu@53.656C soc2@52.062C soc0@50.75C gpu@52.812C tj@53.656C soc1@52.125C VDD_IN 6785mW/7415mW VDD_CPU_GPU_CV 1584mW/2135mW VDD_SOC 1745mW/1770mW
10-08-2026 20:59:06 RAM 6407/7620MB (lfb 4x2MB) SWAP 28/5858MB (cached 0MB) CPU [5%@1510,10%@1510,12%@1510,7%@1510,6%@1497,80%@1497] GR3D_FREQ 63% cpu@53.843C soc2@52.125C soc0@50.437C gpu@52.75C tj@53.843C soc1@52.031C VDD_IN 6785mW/7409mW VDD_CPU_GPU_CV 1584mW/2130mW VDD_SOC 1743mW/1769mW
10-08-2026 20:59:07 RAM 6406/7620MB (lfb 4x2MB) SWAP 28/5858MB (cached 0MB) CPU [12%@1510,6%@1510,9%@1510,17%@1510,33%@1510,49%@1510] GR3D_FREQ 38% cpu@53.531C soc2@52.031C soc0@50.468C gpu@52.75C tj@53.531C soc1@52.187C VDD_IN 6745mW/7402mW VDD_CPU_GPU_CV 1545mW/2124mW VDD_SOC 1743mW/1769mW
10-08-2026 20:59:08 RAM 6407/7620MB (lfb 4x2MB) SWAP 28/5858MB (cached 0MB) CPU [16%@729,6%@1510,7%@1510,11%@1510,24%@1510,59%@1510] GR3D_FREQ 33% cpu@53.656C soc2@52.093C soc0@50.562C gpu@52.656C tj@53.656C soc1@52.25C VDD_IN 6745mW/7396mW VDD_CPU_GPU_CV 1584mW/2119mW VDD_SOC 1743mW/1769mW
10-08-2026 20:59:09 RAM 6407/7620MB (lfb 4x2MB) SWAP 28/5858MB (cached 0MB) CPU [11%@1510,6%@1510,27%@1510,16%@1510,20%@729,42%@729] GR3D_FREQ 40% cpu@53.468C soc2@52.093C soc0@50.687C gpu@52.656C tj@53.468C soc1@52.031C VDD_IN 6785mW/7390mW VDD_CPU_GPU_CV 1584mW/2113mW VDD_SOC 1743mW/1769mW
10-08-2026 20:59:10 RAM 6396/7620MB (lfb 4x2MB) SWAP 28/5858MB (cached 0MB) CPU [15%@1510,7%@1510,35%@1510,54%@1510,4%@729,4%@729] GR3D_FREQ 1% cpu@53.468C soc2@52.093C soc0@50.437C gpu@52.718C tj@53.468C soc1@52.062C VDD_IN 6705mW/7383mW VDD_CPU_GPU_CV 1545mW/2108mW VDD_SOC 1706mW/1768mW
10-08-2026 20:59:11 RAM 6405/7620MB (lfb 1x2MB) SWAP 28/5858MB (cached 0MB) CPU [32%@1267,45%@1267,43%@1267,57%@1267,54%@729,41%@729] GR3D_FREQ 29% cpu@53.875C soc2@52.062C soc0@50.468C gpu@52.718C tj@53.875C soc1@52.156C VDD_IN 6904mW/7379mW VDD_CPU_GPU_CV 1822mW/2105mW VDD_SOC 1703mW/1767mW
10-08-2026 20:59:12 RAM 6405/7620MB (lfb 1x2MB) SWAP 28/5858MB (cached 0MB) CPU [35%@1510,49%@1510,38%@1510,38%@1510,32%@806,39%@806] GR3D_FREQ 38% cpu@53.687C soc2@52.031C soc0@50.5C gpu@52.531C tj@53.687C soc1@52.093C VDD_IN 6388mW/7370mW VDD_CPU_GPU_CV 1465mW/2099mW VDD_SOC 1663mW/1766mW
10-08-2026 20:59:13 RAM 6435/7620MB (lfb 1x1MB) SWAP 28/5858MB (cached 0MB) CPU [57%@1510,57%@1510,61%@1510,44%@1510,50%@1113,52%@1113] GR3D_FREQ 27% cpu@54.375C soc2@52.25C soc0@50.375C gpu@52.687C tj@54.375C soc1@52.062C VDD_IN 7658mW/7372mW VDD_CPU_GPU_CV 2416mW/2102mW VDD_SOC 1745mW/1766mW
10-08-2026 20:59:14 RAM 6441/7620MB (lfb 1x1MB) SWAP 28/5858MB (cached 0MB) CPU [72%@1510,65%@1510,64%@1510,59%@1510,75%@1510,64%@1510] GR3D_FREQ 0% cpu@54.375C soc2@52.343C soc0@50.468C gpu@52.75C tj@54.281C soc1@52.125C VDD_IN 8293mW/7381mW VDD_CPU_GPU_CV 2887mW/2109mW VDD_SOC 1785mW/1766mW
10-08-2026 20:59:15 RAM 6500/7620MB (lfb 1x2MB) SWAP 28/5858MB (cached 0MB) CPU [58%@1497,51%@1497,66%@1497,68%@1497,74%@1510,46%@1510] GR3D_FREQ 49% cpu@54.156C soc2@52.468C soc0@50.593C gpu@53.093C tj@54.156C soc1@52.281C VDD_IN 9007mW/7396mW VDD_CPU_GPU_CV 3203mW/2119mW VDD_SOC 1980mW/1768mW
10-08-2026 20:59:16 RAM 6563/7620MB (lfb 1x1MB) SWAP 28/5858MB (cached 0MB) CPU [72%@1497,79%@1497,82%@1510,73%@1510,80%@1510,87%@1510] GR3D_FREQ 0% cpu@54.468C soc2@52.718C soc0@50.718C gpu@53.156C tj@54.468C soc1@52.187C VDD_IN 9642mW/7416mW VDD_CPU_GPU_CV 3678mW/2134mW VDD_SOC 2020mW/1771mW
10-08-2026 20:59:17 RAM 6614/7620MB (lfb 1x1MB) SWAP 28/5858MB (cached 0MB) CPU [43%@1510,50%@1510,58%@1510,52%@1510,77%@1510,52%@1510] GR3D_FREQ 30% cpu@54.375C soc2@52.75C soc0@50.75C gpu@53.156C tj@54.375C soc1@52.343C VDD_IN 9364mW/7434mW VDD_CPU_GPU_CV 3441mW/2145mW VDD_SOC 2020mW/1773mW
10-08-2026 20:59:18 RAM 6622/7620MB (lfb 1x2MB) SWAP 28/5858MB (cached 0MB) CPU [55%@1510,72%@1510,77%@1510,69%@1510,73%@1510,67%@1510] GR3D_FREQ 0% cpu@55.031C soc2@52.656C soc0@50.75C gpu@53.031C tj@55.031C soc1@52.312C VDD_IN 9562mW/7453mW VDD_CPU_GPU_CV 3638mW/2159mW VDD_SOC 2020mW/1775mW
10-08-2026 20:59:19 RAM 6629/7620MB (lfb 2x256kB) SWAP 37/5858MB (cached 0MB) CPU [76%@1510,86%@1510,83%@1510,90%@1510,86%@806,77%@806] GR3D_FREQ 0% cpu@54.375C soc2@52.687C soc0@50.781C gpu@53.093C tj@54.375C soc1@52.531C VDD_IN 9324mW/7469mW VDD_CPU_GPU_CV 3559mW/2171mW VDD_SOC 1901mW/1776mW
10-08-2026 20:59:20 RAM 6643/7620MB (lfb 1x128kB) SWAP 45/5858MB (cached 0MB) CPU [58%@1510,77%@1510,63%@1510,59%@1510,70%@1510,59%@1510] GR3D_FREQ 56% cpu@54.687C soc2@53.062C soc0@51.031C gpu@53.187C tj@54.687C soc1@52.343C VDD_IN 9324mW/7485mW VDD_CPU_GPU_CV 3480mW/2183mW VDD_SOC 1941mW/1778mW
10-08-2026 20:59:21 RAM 6651/7620MB (lfb 1x64kB) SWAP 50/5858MB (cached 0MB) CPU [93%@1510,79%@1510,81%@1510,74%@1510,79%@1510,86%@1510] GR3D_FREQ 70% cpu@55.125C soc2@53.187C soc0@50.906C gpu@53.562C tj@55.125C soc1@52.531C VDD_IN 10220mW/7509mW VDD_CPU_GPU_CV 4106mW/2199mW VDD_SOC 2020mW/1780mW
10-08-2026 20:59:22 RAM 6650/7620MB (lfb 1x64kB) SWAP 52/5858MB (cached 0MB) CPU [61%@1190,57%@1190,71%@1190,54%@1190,63%@729,70%@729] GR3D_FREQ 42% cpu@54.281C soc2@52.781C soc0@51C gpu@53.25C tj@54.281C soc1@52.656C VDD_IN 8928mW/7521mW VDD_CPU_GPU_CV 3164mW/2208mW VDD_SOC 1901mW/1781mW
10-08-2026 20:59:23 RAM 6656/7620MB (lfb 1x256kB) SWAP 52/5858MB (cached 0MB) CPU [25%@729,38%@729,40%@1510,44%@1510,26%@1510,80%@1510] GR3D_FREQ 45% cpu@54.156C soc2@52.718C soc0@51.187C gpu@53.281C tj@54.156C soc1@52.531C VDD_IN 8293mW/7528mW VDD_CPU_GPU_CV 2649mW/2211mW VDD_SOC 1861mW/1782mW
10-08-2026 20:59:24 RAM 6647/7620MB (lfb 1x256kB) SWAP 56/5858MB (cached 0MB) CPU [11%@1190,11%@1190,55%@1190,28%@1190,19%@729,60%@729] GR3D_FREQ 36% cpu@54C soc2@52.75C soc0@50.968C gpu@53.406C tj@54C soc1@52.468C VDD_IN 7578mW/7528mW VDD_CPU_GPU_CV 2096mW/2210mW VDD_SOC 1822mW/1782mW
10-08-2026 20:59:25 RAM 6518/7620MB (lfb 1x2MB) SWAP 58/5858MB (cached 0MB) CPU [31%@729,27%@729,27%@729,40%@729,24%@1267,29%@1267] GR3D_FREQ 46% cpu@53.843C soc2@52.468C soc0@50.968C gpu@53.312C tj@53.843C soc1@52.562C VDD_IN 7063mW/7525mW VDD_CPU_GPU_CV 1743mW/2206mW VDD_SOC 1782mW/1782mW
10-08-2026 20:59:26 RAM 6524/7620MB (lfb 4x2MB) SWAP 58/5858MB (cached 0MB) CPU [12%@1510,53%@1510,8%@1510,19%@1510,19%@729,20%@729] GR3D_FREQ 42% cpu@53.812C soc2@52.406C soc0@50.937C gpu@52.968C tj@53.812C soc1@52.562C VDD_IN 6666mW/7517mW VDD_CPU_GPU_CV 1545mW/2201mW VDD_SOC 1663mW/1781mW
10-08-2026 20:59:27 RAM 6524/7620MB (lfb 4x2MB) SWAP 58/5858MB (cached 0MB) CPU [6%@1510,11%@1510,10%@1510,12%@1510,3%@1497,72%@1497] GR3D_FREQ 58% cpu@53.906C soc2@52.406C soc0@50.875C gpu@52.968C tj@53.906C soc1@52.281C VDD_IN 6705mW/7511mW VDD_CPU_GPU_CV 1545mW/2195mW VDD_SOC 1663mW/1780mW
10-08-2026 20:59:28 RAM 6524/7620MB (lfb 4x2MB) SWAP 58/5858MB (cached 0MB) CPU [10%@1510,6%@1510,6%@1510,14%@1510,1%@1497,79%@1497] GR3D_FREQ 34% cpu@54.031C soc2@52.375C soc0@50.687C gpu@52.937C tj@54.031C soc1@52.375C VDD_IN 6666mW/7504mW VDD_CPU_GPU_CV 1545mW/2190mW VDD_SOC 1663mW/1779mW
10-08-2026 20:59:29 RAM 6524/7620MB (lfb 4x2MB) SWAP 58/5858MB (cached 0MB) CPU [8%@1510,8%@1510,6%@1510,10%@1510,6%@1510,78%@1510] GR3D_FREQ 36% cpu@53.75C soc2@52.281C soc0@50.781C gpu@53.156C tj@53.75C soc1@52.375C VDD_IN 6666mW/7497mW VDD_CPU_GPU_CV 1584mW/2185mW VDD_SOC 1666mW/1778mW
10-08-2026 20:59:30 RAM 6524/7620MB (lfb 4x2MB) SWAP 58/5858MB (cached 0MB) CPU [10%@729,11%@729,6%@729,6%@729,22%@1510,65%@1510] GR3D_FREQ 39% cpu@53.843C soc2@52.25C soc0@50.718C gpu@53.25C tj@53.843C soc1@52.531C VDD_IN 6705mW/7491mW VDD_CPU_GPU_CV 1584mW/2180mW VDD_SOC 1663mW/1777mW
10-08-2026 20:59:31 RAM 6524/7620MB (lfb 4x2MB) SWAP 58/5858MB (cached 0MB) CPU [5%@729,5%@729,11%@729,11%@729,4%@1497,77%@1497] GR3D_FREQ 35% cpu@53.968C soc2@52.218C soc0@50.843C gpu@53.156C tj@53.968C soc1@52.218C VDD_IN 6705mW/7484mW VDD_CPU_GPU_CV 1584mW/2176mW VDD_SOC 1666mW/1776mW
10-08-2026 20:59:32 RAM 6560/7620MB (lfb 1x2MB) SWAP 58/5858MB (cached 0MB) CPU [27%@1510,21%@1510,32%@1510,22%@1510,27%@960,55%@960] GR3D_FREQ 28% cpu@53.875C soc2@52.375C soc0@50.593C gpu@52.875C tj@53.875C soc1@52.312C VDD_IN 6864mW/7479mW VDD_CPU_GPU_CV 1782mW/2172mW VDD_SOC 1626mW/1775mW
10-08-2026 20:59:33 RAM 6568/7620MB (lfb 1x2MB) SWAP 58/5858MB (cached 0MB) CPU [53%@1510,26%@1510,36%@1510,45%@1510,45%@883,50%@883] GR3D_FREQ 36% cpu@53.906C soc2@52.187C soc0@50.718C gpu@52.781C tj@53.781C soc1@52.312C VDD_IN 6348mW/7470mW VDD_CPU_GPU_CV 1465mW/2167mW VDD_SOC 1587mW/1774mW
10-08-2026 20:59:34 RAM 6563/7620MB (lfb 2x2MB) SWAP 58/5858MB (cached 0MB) CPU [54%@1510,58%@1510,41%@1510,50%@1510,57%@1510,54%@1510] GR3D_FREQ 27% cpu@54.531C soc2@52.437C soc0@50.687C gpu@52.843C tj@54.531C soc1@52.437C VDD_IN 7578mW/7471mW VDD_CPU_GPU_CV 2376mW/2169mW VDD_SOC 1666mW/1773mW
10-08-2026 20:59:35 RAM 6571/7620MB (lfb 2x2MB) SWAP 58/5858MB (cached 0MB) CPU [63%@1510,69%@1510,65%@1510,56%@1510,81%@1036,74%@1036] GR3D_FREQ 0% cpu@54.562C soc2@52.625C soc0@50.875C gpu@53.312C tj@54.562C soc1@52.343C VDD_IN 8332mW/7478mW VDD_CPU_GPU_CV 2971mW/2175mW VDD_SOC 1745mW/1772mW
10-08-2026 20:59:36 RAM 6366/7620MB (lfb 9x2MB) SWAP 58/5858MB (cached 0MB) CPU [67%@1510,62%@1510,64%@1510,64%@1510,76%@1497,77%@1497] GR3D_FREQ 44% cpu@54.906C soc2@52.937C soc0@50.718C gpu@53.437C tj@54.906C soc1@52.437C VDD_IN 8928mW/7489mW VDD_CPU_GPU_CV 3282mW/2183mW VDD_SOC 1822mW/1773mW
10-08-2026 20:59:37 RAM 6474/7620MB (lfb 3x4MB) SWAP 58/5858MB (cached 0MB) CPU [67%@1510,76%@1510,69%@1510,70%@1510,77%@1510,62%@1510] GR3D_FREQ 50% cpu@54.625C soc2@52.875C soc0@50.937C gpu@53.281C tj@54.625C soc1@52.531C VDD_IN 9404mW/7504mW VDD_CPU_GPU_CV 3480mW/2193mW VDD_SOC 1941mW/1774mW
10-08-2026 20:59:38 RAM 6573/7620MB (lfb 10x1MB) SWAP 58/5858MB (cached 0MB) CPU [40%@1510,66%@1510,32%@1510,41%@1510,36%@729,27%@729] GR3D_FREQ 52% cpu@53.906C soc2@52.687C soc0@51C gpu@53.25C tj@53.906C soc1@52.625C VDD_IN 8015mW/7508mW VDD_CPU_GPU_CV 2452mW/2195mW VDD_SOC 1822mW/1775mW
10-08-2026 20:59:39 RAM 6681/7620MB (lfb 23x512kB) SWAP 58/5858MB (cached 0MB) CPU [18%@1510,12%@1510,38%@1510,18%@1510,33%@1510,68%@1510] GR3D_FREQ 52% cpu@54.187C soc2@52.937C soc0@51.125C gpu@53.187C tj@54.187C soc1@52.468C VDD_IN 8134mW/7512mW VDD_CPU_GPU_CV 2491mW/2197mW VDD_SOC 1861mW/1775mW
10-08-2026 20:59:40 RAM 6592/7620MB (lfb 2x2MB) SWAP 58/5858MB (cached 0MB) CPU [18%@1510,23%@1510,25%@1510,14%@1510,47%@729,35%@729] GR3D_FREQ 59% cpu@54C soc2@52.593C soc0@50.937C gpu@53.156C tj@54C soc1@52.468C VDD_IN 7063mW/7509mW VDD_CPU_GPU_CV 1822mW/2195mW VDD_SOC 1743mW/1775mW
10-08-2026 20:59:41 RAM 6592/7620MB (lfb 2x2MB) SWAP 58/5858MB (cached 0MB) CPU [15%@1510,52%@1510,25%@1510,13%@1510,5%@729,6%@729] GR3D_FREQ 41% cpu@53.906C soc2@52.406C soc0@50.843C gpu@53.031C tj@53.906C soc1@52.531C VDD_IN 6666mW/7503mW VDD_CPU_GPU_CV 1545mW/2190mW VDD_SOC 1666mW/1774mW
10-08-2026 20:59:42 RAM 6592/7620MB (lfb 2x2MB) SWAP 58/5858MB (cached 0MB) CPU [7%@1510,20%@1510,6%@1510,10%@1510,7%@1497,67%@1497] GR3D_FREQ 59% cpu@53.812C soc2@52.312C soc0@50.843C gpu@52.906C tj@53.875C soc1@52.531C VDD_IN 6626mW/7496mW VDD_CPU_GPU_CV 1545mW/2185mW VDD_SOC 1666mW/1773mW
10-08-2026 20:59:43 RAM 6592/7620MB (lfb 2x2MB) SWAP 58/5858MB (cached 0MB) CPU [10%@729,8%@729,11%@729,9%@729,28%@1510,60%@1510] GR3D_FREQ 37% cpu@53.812C soc2@52.281C soc0@50.968C gpu@52.843C tj@53.812C soc1@52.437C VDD_IN 6666mW/7490mW VDD_CPU_GPU_CV 1545mW/2180mW VDD_SOC 1666mW/1773mW
10-08-2026 20:59:44 RAM 6593/7620MB (lfb 2x2MB) SWAP 58/5858MB (cached 0MB) CPU [8%@729,18%@729,8%@729,11%@729,3%@1510,80%@1510] GR3D_FREQ 38% cpu@53.781C soc2@52.375C soc0@50.593C gpu@53C tj@53.781C soc1@52.343C VDD_IN 6666mW/7484mW VDD_CPU_GPU_CV 1545mW/2176mW VDD_SOC 1666mW/1772mW
10-08-2026 20:59:45 RAM 6593/7620MB (lfb 2x2MB) SWAP 58/5858MB (cached 0MB) CPU [11%@729,10%@729,13%@729,12%@729,8%@1510,72%@1510] GR3D_FREQ 42% cpu@54C soc2@52.25C soc0@50.687C gpu@52.937C tj@54C soc1@52.343C VDD_IN 6705mW/7479mW VDD_CPU_GPU_CV 1584mW/2171mW VDD_SOC 1666mW/1771mW
10-08-2026 20:59:46 RAM 6616/7620MB (lfb 2x1MB) SWAP 58/5858MB (cached 0MB) CPU [20%@1510,9%@1510,13%@1510,13%@1510,6%@883,66%@883] GR3D_FREQ 0% cpu@53.843C soc2@52.312C soc0@50.656C gpu@52.906C tj@53.843C soc1@52.312C VDD_IN 6428mW/7471mW VDD_CPU_GPU_CV 1465mW/2166mW VDD_SOC 1626mW/1770mW
10-08-2026 20:59:47 RAM 6703/7620MB (lfb 2x1MB) SWAP 60/5858MB (cached 0MB) CPU [37%@1510,46%@1510,48%@1510,46%@1510,48%@729,45%@729] GR3D_FREQ 34% cpu@54.156C soc2@52.281C soc0@50.625C gpu@52.781C tj@54.156C soc1@52.375C VDD_IN 6626mW/7465mW VDD_CPU_GPU_CV 1703mW/2163mW VDD_SOC 1624mW/1769mW
10-08-2026 20:59:48 RAM 6754/7620MB (lfb 1x1MB) SWAP 60/5858MB (cached 0MB) CPU [58%@1036,40%@1036,52%@1036,51%@1036,58%@1497,51%@1497] GR3D_FREQ 0% cpu@53.968C soc2@52.312C soc0@50.625C gpu@52.875C tj@54.187C soc1@52.281C VDD_IN 6785mW/7460mW VDD_CPU_GPU_CV 1782mW/2160mW VDD_SOC 1626mW/1768mW
10-08-2026 20:59:49 RAM 6731/7620MB (lfb 1x512kB) SWAP 60/5858MB (cached 0MB) CPU [82%@1510,64%@1510,69%@1510,70%@1510,76%@1510,79%@1510] GR3D_FREQ 0% cpu@54.75C soc2@52.625C soc0@50.781C gpu@53.093C tj@54.75C soc1@52.562C VDD_IN 8491mW/7468mW VDD_CPU_GPU_CV 3050mW/2167mW VDD_SOC 1745mW/1768mW
10-08-2026 20:59:50 RAM 6708/7620MB (lfb 1x512kB) SWAP 60/5858MB (cached 0MB) CPU [57%@1510,61%@1510,66%@1510,71%@1510,73%@1510,83%@1510] GR3D_FREQ 28% cpu@54.781C soc2@52.875C soc0@51C gpu@53.25C tj@54.875C soc1@52.312C VDD_IN 9245mW/7480mW VDD_CPU_GPU_CV 3441mW/2176mW VDD_SOC 1901mW/1769mW
10-08-2026 20:59:51 RAM 6797/7620MB (lfb 1x512kB) SWAP 60/5858MB (cached 0MB) CPU [70%@1510,69%@1510,75%@1510,64%@1510,87%@1510,70%@1510] GR3D_FREQ 70% cpu@54.468C soc2@52.968C soc0@50.906C gpu@53.281C tj@54.468C soc1@52.468C VDD_IN 9547mW/7494mW VDD_CPU_GPU_CV 3599mW/2185mW VDD_SOC 1980mW/1770mW
10-08-2026 20:59:52 RAM 6809/7620MB (lfb 1x64kB) SWAP 64/5858MB (cached 0MB) CPU [28%@1510,23%@1510,41%@1510,36%@1510,60%@729,13%@729] GR3D_FREQ 75% cpu@54.218C soc2@52.687C soc0@51C gpu@53.093C tj@54.218C soc1@52.531C VDD_IN 8055mW/7498mW VDD_CPU_GPU_CV 2491mW/2187mW VDD_SOC 1861mW/1771mW
10-08-2026 20:59:53 RAM 6813/7620MB (lfb 1x64kB) SWAP 64/5858MB (cached 0MB) CPU [22%@1497,30%@1510,23%@1510,86%@1510,17%@729,16%@729] GR3D_FREQ 54% cpu@53.906C soc2@52.843C soc0@51.125C gpu@53.125C tj@53.906C soc1@52.625C VDD_IN 8015mW/7502mW VDD_CPU_GPU_CV 2412mW/2189mW VDD_SOC 1861mW/1771mW
10-08-2026 20:59:54 RAM 6641/7620MB (lfb 2x2MB) SWAP 65/5858MB (cached 0MB) CPU [32%@1510,19%@1510,14%@1510,44%@1510,7%@729,61%@729] GR3D_FREQ 53% cpu@53.843C soc2@52.625C soc0@51.031C gpu@53.156C tj@53.843C soc1@52.468C VDD_IN 6824mW/7497mW VDD_CPU_GPU_CV 1624mW/2185mW VDD_SOC 1706mW/1771mW
10-08-2026 20:59:55 RAM 6651/7620MB (lfb 2x2MB) SWAP 65/5858MB (cached 0MB) CPU [18%@1510,7%@1510,73%@1510,9%@1510,5%@729,8%@729] GR3D_FREQ 37% cpu@53.906C soc2@52.468C soc0@50.781C gpu@53.156C tj@53.906C soc1@52.468C VDD_IN 6705mW/7492mW VDD_CPU_GPU_CV 1545mW/2181mW VDD_SOC 1666mW/1770mW
10-08-2026 20:59:56 RAM 6651/7620MB (lfb 2x2MB) SWAP 65/5858MB (cached 0MB) CPU [20%@1510,13%@1510,47%@1510,6%@1510,27%@1510,13%@1510] GR3D_FREQ 30% cpu@53.812C soc2@52.281C soc0@50.75C gpu@53C tj@53.812C soc1@52.375C VDD_IN 6626mW/7486mW VDD_CPU_GPU_CV 1545mW/2177mW VDD_SOC 1663mW/1770mW
10-08-2026 20:59:57 RAM 6623/7620MB (lfb 4x512kB) SWAP 65/5858MB (cached 0MB) CPU [23%@1510,22%@1510,11%@1510,23%@1510,13%@1510,72%@1510] GR3D_FREQ 8% cpu@54.187C soc2@52.375C soc0@50.75C gpu@53.031C tj@54.187C soc1@52.406C VDD_IN 6745mW/7481mW VDD_CPU_GPU_CV 1703mW/2173mW VDD_SOC 1624mW/1769mW
10-08-2026 20:59:58 RAM 6607/7620MB (lfb 1x1MB) SWAP 65/5858MB (cached 0MB) CPU [49%@729,30%@729,40%@729,39%@729,40%@960,54%@960] GR3D_FREQ 0% cpu@54C soc2@52.375C soc0@50.875C gpu@52.875C tj@54C soc1@52.218C VDD_IN 6586mW/7475mW VDD_CPU_GPU_CV 1624mW/2170mW VDD_SOC 1624mW/1768mW
10-08-2026 20:59:59 RAM 6608/7620MB (lfb 1x1MB) SWAP 65/5858MB (cached 0MB) CPU [37%@729,49%@1510,55%@1510,36%@1510,34%@883,45%@883] GR3D_FREQ 8% cpu@54.187C soc2@52.375C soc0@50.625C gpu@53.062C tj@54.187C soc1@52.343C VDD_IN 6467mW/7468mW VDD_CPU_GPU_CV 1584mW/2166mW VDD_SOC 1584mW/1766mW
10-08-2026 21:00:00 RAM 6553/7620MB (lfb 1x2MB) SWAP 65/5858MB (cached 0MB) CPU [34%@1510,33%@1510,83%@1510,41%@1510,38%@1510,41%@1510] GR3D_FREQ 47% cpu@54.281C soc2@52.437C soc0@50.625C gpu@53C tj@54.281C soc1@52.406C VDD_IN 6904mW/7465mW VDD_CPU_GPU_CV 1822mW/2164mW VDD_SOC 1666mW/1766mW
10-08-2026 21:00:01 RAM 6587/7620MB (lfb 2x2MB) SWAP 65/5858MB (cached 0MB) CPU [70%@1510,65%@1510,65%@1510,71%@1510,73%@1510,79%@1510] GR3D_FREQ 81% cpu@54.5C soc2@52.812C soc0@50.812C gpu@52.937C tj@54.5C soc1@52.593C VDD_IN 8332mW/7470mW VDD_CPU_GPU_CV 2966mW/2169mW VDD_SOC 1745mW/1766mW
10-08-2026 21:00:02 RAM 6719/7620MB (lfb 1x2MB) SWAP 65/5858MB (cached 0MB) CPU [74%@1510,69%@1510,64%@1510,60%@1510,72%@1510,56%@1510] GR3D_FREQ 35% cpu@54.937C soc2@53.031C soc0@50.812C gpu@53.156C tj@54.937C soc1@52.468C VDD_IN 9443mW/7483mW VDD_CPU_GPU_CV 3559mW/2178mW VDD_SOC 1941mW/1767mW
10-08-2026 21:00:03 RAM 6761/7620MB (lfb 1x2MB) SWAP 65/5858MB (cached 0MB) CPU [84%@1510,83%@1510,71%@1510,77%@1510,76%@1510,75%@1510] GR3D_FREQ 50% cpu@54.625C soc2@52.968C soc0@50.968C gpu@53.562C tj@54.625C soc1@52.562C VDD_IN 9800mW/7498mW VDD_CPU_GPU_CV 3796mW/2188mW VDD_SOC 1980mW/1768mW
10-08-2026 21:00:04 RAM 6859/7620MB (lfb 1x2MB) SWAP 65/5858MB (cached 0MB) CPU [63%@1510,71%@1510,61%@1510,66%@1510,61%@1497,73%@1497] GR3D_FREQ 0% cpu@54.781C soc2@52.906C soc0@51.093C gpu@53.5C tj@54.781C soc1@52.812C VDD_IN 9483mW/7510mW VDD_CPU_GPU_CV 3559mW/2197mW VDD_SOC 1941mW/1769mW
10-08-2026 21:00:05 RAM 6914/7620MB (lfb 20x64kB) SWAP 65/5858MB (cached 0MB) CPU [56%@1510,79%@1510,64%@1510,63%@1510,74%@1510,71%@1510] GR3D_FREQ 69% cpu@55.031C soc2@53.25C soc0@51.25C gpu@53.375C tj@55.031C soc1@52.656C VDD_IN 9562mW/7523mW VDD_CPU_GPU_CV 3593mW/2206mW VDD_SOC 1980mW/1771mW
10-08-2026 21:00:06 RAM 6915/7620MB (lfb 20x64kB) SWAP 65/5858MB (cached 0MB) CPU [60%@1510,72%@1510,59%@1510,48%@1510,69%@806,74%@806] GR3D_FREQ 48% cpu@54.781C soc2@53.343C soc0@51.125C gpu@53.5C tj@54.781C soc1@52.687C VDD_IN 9562mW/7536mW VDD_CPU_GPU_CV 3599mW/2214mW VDD_SOC 1980mW/1772mW
10-08-2026 21:00:07 RAM 6714/7620MB (lfb 4x256kB) SWAP 65/5858MB (cached 0MB) CPU [62%@1510,67%@1510,68%@1510,67%@1510,59%@1510,71%@1510] GR3D_FREQ 19% cpu@55.218C soc2@53.187C soc0@51.156C gpu@53.437C tj@55.031C soc1@52.687C VDD_IN 9324mW/7547mW VDD_CPU_GPU_CV 3441mW/2222mW VDD_SOC 1941mW/1773mW
10-08-2026 21:00:08 RAM 6750/7620MB (lfb 1x256kB) SWAP 65/5858MB (cached 0MB) CPU [64%@1510,67%@1510,65%@1510,73%@1510,82%@1510,71%@1510] GR3D_FREQ 55% cpu@54.875C soc2@53.218C soc0@51.312C gpu@53.5C tj@54.875C soc1@52.875C VDD_IN 9086mW/7557mW VDD_CPU_GPU_CV 3361mW/2229mW VDD_SOC 1901mW/1774mW
10-08-2026 21:00:09 RAM 6759/7620MB (lfb 1x256kB) SWAP 65/5858MB (cached 0MB) CPU [67%@1420,65%@1420,59%@1420,68%@1420,61%@1510,69%@1510] GR3D_FREQ 48% cpu@54.875C soc2@53.437C soc0@51.375C gpu@53.843C tj@54.875C soc1@52.843C VDD_IN 9626mW/7569mW VDD_CPU_GPU_CV 3632mW/2238mW VDD_SOC 1980mW/1775mW
10-08-2026 21:00:10 RAM 6772/7620MB (lfb 1x256kB) SWAP 65/5858MB (cached 0MB) CPU [61%@1510,76%@1510,75%@1510,62%@1510,72%@960,55%@960] GR3D_FREQ 0% cpu@54.687C soc2@53.031C soc0@51.25C gpu@53.531C tj@54.687C soc1@52.875C VDD_IN 8650mW/7576mW VDD_CPU_GPU_CV 3045mW/2243mW VDD_SOC 1861mW/1775mW
10-08-2026 21:00:11 RAM 6782/7620MB (lfb 1x256kB) SWAP 65/5858MB (cached 0MB) CPU [66%@1510,53%@1510,54%@1510,52%@1510,65%@729,57%@729] GR3D_FREQ 43% cpu@54.875C soc2@53.25C soc0@51.531C gpu@53.843C tj@54.875C soc1@52.875C VDD_IN 9166mW/7586mW VDD_CPU_GPU_CV 3322mW/2249mW VDD_SOC 1941mW/1776mW
10-08-2026 21:00:12 RAM 6784/7620MB (lfb 1x256kB) SWAP 65/5858MB (cached 0MB) CPU [40%@1510,50%@1510,50%@1510,70%@1510,47%@729,52%@729] GR3D_FREQ 54% cpu@54.687C soc2@53.156C soc0@51.312C gpu@53.656C tj@54.687C soc1@52.906C VDD_IN 8689mW/7592mW VDD_CPU_GPU_CV 2887mW/2253mW VDD_SOC 1901mW/1777mW
10-08-2026 21:00:13 RAM 6788/7620MB (lfb 1x256kB) SWAP 65/5858MB (cached 0MB) CPU [19%@1510,17%@1510,24%@1510,50%@1510,20%@960,60%@960] GR3D_FREQ 51% cpu@54.218C soc2@52.906C soc0@51.343C gpu@53.406C tj@54.218C soc1@52.812C VDD_IN 7380mW/7591mW VDD_CPU_GPU_CV 1938mW/2251mW VDD_SOC 1782mW/1777mW
10-08-2026 21:00:14 RAM 6752/7620MB (lfb 15x2MB) SWAP 65/5858MB (cached 0MB) CPU [18%@1267,13%@1267,9%@1267,62%@1267,28%@729,38%@729] GR3D_FREQ 50% cpu@54.218C soc2@52.843C soc0@51.281C gpu@53.656C tj@54.218C soc1@52.718C VDD_IN 7142mW/7588mW VDD_CPU_GPU_CV 1703mW/2248mW VDD_SOC 1782mW/1777mW
10-08-2026 21:00:15 RAM 6778/7620MB (lfb 9x2MB) SWAP 65/5858MB (cached 0MB) CPU [14%@1510,10%@1510,20%@1510,59%@1510,16%@1510,12%@1510] GR3D_FREQ 29% cpu@54.375C soc2@52.718C soc0@51.156C gpu@53.312C tj@54.375C soc1@52.843C VDD_IN 6745mW/7583mW VDD_CPU_GPU_CV 1584mW/2244mW VDD_SOC 1703mW/1777mW
10-08-2026 21:00:16 RAM 6778/7620MB (lfb 9x2MB) SWAP 65/5858MB (cached 0MB) CPU [10%@729,17%@729,8%@729,6%@729,45%@1510,44%@1510] GR3D_FREQ 38% cpu@54.562C soc2@52.687C soc0@51.187C gpu@53.312C tj@54.562C soc1@52.718C VDD_IN 6705mW/7578mW VDD_CPU_GPU_CV 1545mW/2240mW VDD_SOC 1666mW/1776mW
10-08-2026 21:00:17 RAM 6780/7620MB (lfb 9x2MB) SWAP 65/5858MB (cached 0MB) CPU [17%@1510,8%@1510,8%@1510,7%@1510,22%@1510,71%@1510] GR3D_FREQ 33% cpu@54.156C soc2@52.687C soc0@51.187C gpu@53.468C tj@54.156C soc1@52.875C VDD_IN 6705mW/7573mW VDD_CPU_GPU_CV 1584mW/2236mW VDD_SOC 1703mW/1776mW
10-08-2026 21:00:18 RAM 6780/7620MB (lfb 9x2MB) SWAP 65/5858MB (cached 0MB) CPU [21%@729,11%@729,9%@729,12%@729,33%@1510,57%@1510] GR3D_FREQ 30% cpu@54.187C soc2@52.687C soc0@51C gpu@53.562C tj@54.187C soc1@52.625C VDD_IN 6745mW/7568mW VDD_CPU_GPU_CV 1584mW/2232mW VDD_SOC 1663mW/1775mW
10-08-2026 21:00:19 RAM 6780/7620MB (lfb 9x2MB) SWAP 65/5858MB (cached 0MB) CPU [21%@729,7%@729,9%@729,10%@729,16%@1510,77%@1510] GR3D_FREQ 64% cpu@54.281C soc2@52.687C soc0@51.125C gpu@53.156C tj@54.281C soc1@52.625C VDD_IN 6705mW/7563mW VDD_CPU_GPU_CV 1584mW/2228mW VDD_SOC 1663mW/1774mW
10-08-2026 21:00:20 RAM 6780/7620MB (lfb 9x2MB) SWAP 65/5858MB (cached 0MB) CPU [13%@729,12%@729,9%@729,7%@729,23%@1497,76%@1497] GR3D_FREQ 65% cpu@54C soc2@52.562C soc0@51.093C gpu@53.218C tj@54C soc1@52.656C VDD_IN 6745mW/7558mW VDD_CPU_GPU_CV 1584mW/2225mW VDD_SOC 1666mW/1774mW
10-08-2026 21:00:21 RAM 6780/7620MB (lfb 9x2MB) SWAP 65/5858MB (cached 0MB) CPU [17%@729,14%@729,8%@729,8%@729,29%@1497,58%@1497] GR3D_FREQ 48% cpu@54.031C soc2@52.625C soc0@51.156C gpu@53.25C tj@54.031C soc1@52.812C VDD_IN 6745mW/7554mW VDD_CPU_GPU_CV 1584mW/2221mW VDD_SOC 1663mW/1773mW
10-08-2026 21:00:22 RAM 6780/7620MB (lfb 9x2MB) SWAP 65/5858MB (cached 0MB) CPU [12%@1510,19%@1510,10%@1510,10%@1510,16%@729,65%@729] GR3D_FREQ 40% cpu@54.187C soc2@52.593C soc0@51C gpu@53.187C tj@54.187C soc1@52.625C VDD_IN 6745mW/7549mW VDD_CPU_GPU_CV 1584mW/2217mW VDD_SOC 1663mW/1773mW
10-08-2026 21:00:23 RAM 6660/7620MB (lfb 2x2MB) SWAP 65/5858MB (cached 0MB) CPU [29%@1420,50%@1420,37%@1420,41%@1420,34%@729,44%@729] GR3D_FREQ 1% cpu@54.187C soc2@52.718C soc0@50.937C gpu@53.031C tj@54.187C soc1@52.656C VDD_IN 6666mW/7544mW VDD_CPU_GPU_CV 1703mW/2214mW VDD_SOC 1624mW/1772mW
10-08-2026 21:00:24 RAM 6661/7620MB (lfb 3x2MB) SWAP 65/5858MB (cached 0MB) CPU [44%@1267,33%@1267,44%@1267,30%@1267,37%@1267,45%@1267] GR3D_FREQ 0% cpu@54.062C soc2@52.562C soc0@50.906C gpu@52.968C tj@54.062C soc1@52.625C VDD_IN 6388mW/7538mW VDD_CPU_GPU_CV 1505mW/2211mW VDD_SOC 1584mW/1771mW
10-08-2026 21:00:25 RAM 6699/7620MB (lfb 4x512kB) SWAP 65/5858MB (cached 0MB) CPU [55%@1510,52%@1510,62%@1510,61%@1510,50%@1190,68%@1190] GR3D_FREQ 0% cpu@54.781C soc2@52.875C soc0@51C gpu@53.156C tj@54.781C soc1@52.781C VDD_IN 7896mW/7540mW VDD_CPU_GPU_CV 2654mW/2213mW VDD_SOC 1706mW/1770mW
10-08-2026 21:00:26 RAM 6658/7620MB (lfb 2x1MB) SWAP 65/5858MB (cached 0MB) CPU [70%@1510,70%@1510,76%@1510,77%@1510,66%@1267,71%@1267] GR3D_FREQ 0% cpu@55C soc2@53.031C soc0@50.968C gpu@53.406C tj@55.25C soc1@52.687C VDD_IN 8451mW/7545mW VDD_CPU_GPU_CV 3045mW/2218mW VDD_SOC 1785mW/1770mW
10-08-2026 21:00:27 RAM 6652/7620MB (lfb 3x1MB) SWAP 65/5858MB (cached 0MB) CPU [74%@1510,44%@1510,47%@1510,48%@1510,56%@1344,52%@1344] GR3D_FREQ 40% cpu@54.812C soc2@52.875C soc0@51.031C gpu@53.375C tj@54.718C soc1@52.656C VDD_IN 7420mW/7544mW VDD_CPU_GPU_CV 2178mW/2217mW VDD_SOC 1706mW/1770mW
10-08-2026 21:00:28 RAM 6713/7620MB (lfb 12x1MB) SWAP 65/5858MB (cached 0MB) CPU [75%@1510,85%@1510,82%@1510,84%@1510,81%@1510,86%@1510] GR3D_FREQ 17% cpu@55.593C soc2@53.187C soc0@51.187C gpu@53.375C tj@55.593C soc1@52.718C VDD_IN 9800mW/7557mW VDD_CPU_GPU_CV 3836mW/2226mW VDD_SOC 1980mW/1771mW
10-08-2026 21:00:29 RAM 6838/7620MB (lfb 12x1MB) SWAP 65/5858MB (cached 0MB) CPU [65%@1510,75%@1510,55%@1510,74%@1510,65%@1420,70%@1420] GR3D_FREQ 56% cpu@54.875C soc2@53.406C soc0@51.375C gpu@53.656C tj@55.062C soc1@52.843C VDD_IN 9205mW/7566mW VDD_CPU_GPU_CV 3361mW/2232mW VDD_SOC 1941mW/1772mW
10-08-2026 21:00:30 RAM 6936/7620MB (lfb 12x1MB) SWAP 65/5858MB (cached 0MB) CPU [21%@1510,23%@1510,40%@1510,17%@1510,21%@1510,83%@1510] GR3D_FREQ 37% cpu@54.25C soc2@53.218C soc0@51.281C gpu@53.562C tj@54.25C soc1@52.875C VDD_IN 8134mW/7569mW VDD_CPU_GPU_CV 2531mW/2234mW VDD_SOC 1861mW/1773mW
10-08-2026 21:00:31 RAM 6980/7620MB (lfb 19x64kB) SWAP 65/5858MB (cached 0MB) CPU [14%@729,15%@729,13%@729,12%@729,51%@1510,80%@1510] GR3D_FREQ 56% cpu@54.312C soc2@53.062C soc0@51.375C gpu@53.406C tj@54.312C soc1@52.843C VDD_IN 8213mW/7572mW VDD_CPU_GPU_CV 2491mW/2235mW VDD_SOC 1901mW/1773mW
10-08-2026 21:00:32 RAM 6908/7620MB (lfb 1x256kB) SWAP 65/5858MB (cached 0MB) CPU [18%@1510,31%@1510,26%@1510,23%@1510,50%@729,37%@729] GR3D_FREQ 0% cpu@54.25C soc2@52.875C soc0@51.375C gpu@53.281C tj@54.25C soc1@52.75C VDD_IN 7182mW/7570mW VDD_CPU_GPU_CV 1822mW/2233mW VDD_SOC 1782mW/1773mW
10-08-2026 21:00:33 RAM 6895/7620MB (lfb 3x2MB) SWAP 65/5858MB (cached 0MB) CPU [10%@729,12%@1510,30%@1510,5%@1510,7%@1497,54%@1497] GR3D_FREQ 58% cpu@54.156C soc2@52.687C soc0@51.156C gpu@53.25C tj@54.437C soc1@52.656C VDD_IN 6666mW/7565mW VDD_CPU_GPU_CV 1505mW/2229mW VDD_SOC 1666mW/1773mW
10-08-2026 21:00:34 RAM 6895/7620MB (lfb 3x2MB) SWAP 65/5858MB (cached 0MB) CPU [9%@1510,2%@1510,9%@1510,8%@1510,37%@1497,48%@1497] GR3D_FREQ 36% cpu@54.312C soc2@52.562C soc0@51.156C gpu@53.406C tj@54.093C soc1@52.718C VDD_IN 6626mW/7560mW VDD_CPU_GPU_CV 1545mW/2226mW VDD_SOC 1663mW/1772mW
10-08-2026 21:00:35 RAM 6895/7620MB (lfb 3x2MB) SWAP 65/5858MB (cached 0MB) CPU [7%@1510,3%@1510,11%@1510,5%@1510,21%@1510,63%@1510] GR3D_FREQ 41% cpu@54.062C soc2@52.593C soc0@51.125C gpu@53.437C tj@54.062C soc1@52.656C VDD_IN 6666mW/7555mW VDD_CPU_GPU_CV 1545mW/2222mW VDD_SOC 1663mW/1772mW
10-08-2026 21:00:36 RAM 6879/7620MB (lfb 1x2MB) SWAP 65/5858MB (cached 0MB) CPU [8%@1510,5%@1510,12%@1510,7%@1510,31%@729,53%@729] GR3D_FREQ 0% cpu@53.937C soc2@52.687C soc0@51.093C gpu@53.375C tj@53.937C soc1@52.75C VDD_IN 6507mW/7550mW VDD_CPU_GPU_CV 1465mW/2218mW VDD_SOC 1624mW/1771mW
10-08-2026 21:00:37 RAM 6990/7620MB (lfb 3x512kB) SWAP 65/5858MB (cached 0MB) CPU [44%@729,34%@729,47%@729,19%@729,40%@883,51%@883] GR3D_FREQ 1% cpu@54.062C soc2@52.687C soc0@50.968C gpu@53.062C tj@54.062C soc1@52.625C VDD_IN 6348mW/7544mW VDD_CPU_GPU_CV 1505mW/2214mW VDD_SOC 1584mW/1770mW
10-08-2026 21:00:38 RAM 6991/7620MB (lfb 3x512kB) SWAP 65/5858MB (cached 0MB) CPU [55%@729,45%@1510,29%@1510,39%@1510,43%@729,44%@729] GR3D_FREQ 0% cpu@54.125C soc2@52.656C soc0@50.968C gpu@53.25C tj@54.125C soc1@52.593C VDD_IN 6467mW/7538mW VDD_CPU_GPU_CV 1545mW/2211mW VDD_SOC 1584mW/1769mW
10-08-2026 21:00:39 RAM 6967/7620MB (lfb 30x128kB) SWAP 68/5858MB (cached 0MB) CPU [57%@1510,48%@1510,59%@1510,54%@1510,45%@1420,66%@1420] GR3D_FREQ 14% cpu@54.843C soc2@52.812C soc0@51.125C gpu@53.281C tj@54.843C soc1@52.625C VDD_IN 7856mW/7540mW VDD_CPU_GPU_CV 2575mW/2213mW VDD_SOC 1706mW/1769mW
10-08-2026 21:00:40 RAM 6843/7620MB (lfb 2x512kB) SWAP 68/5858MB (cached 0MB) CPU [75%@1267,65%@1267,70%@1267,71%@1267,64%@1510,63%@1510] GR3D_FREQ 54% cpu@54.968C soc2@53.156C soc0@51.031C gpu@53.281C tj@54.968C soc1@52.687C VDD_IN 8412mW/7544mW VDD_CPU_GPU_CV 2966mW/2217mW VDD_SOC 1743mW/1768mW
10-08-2026 21:00:41 RAM 6931/7620MB (lfb 2x512kB) SWAP 68/5858MB (cached 0MB) CPU [63%@1510,80%@1510,74%@1510,58%@1510,56%@1036,70%@1036] GR3D_FREQ 73% cpu@54.937C soc2@53.156C soc0@51.218C gpu@53.5C tj@54.843C soc1@52.75C VDD_IN 9245mW/7553mW VDD_CPU_GPU_CV 3401mW/2223mW VDD_SOC 1941mW/1769mW
10-08-2026 21:00:42 RAM 7014/7620MB (lfb 1x512kB) SWAP 68/5858MB (cached 0MB) CPU [79%@1510,81%@1510,71%@1510,78%@1510,80%@960,78%@960] GR3D_FREQ 56% cpu@55.031C soc2@53.406C soc0@51.406C gpu@53.625C tj@55.031C soc1@52.812C VDD_IN 9800mW/7564mW VDD_CPU_GPU_CV 3796mW/2231mW VDD_SOC 1980mW/1770mW
10-08-2026 21:00:43 RAM 7021/7620MB (lfb 1x2MB) SWAP 71/5858MB (cached 0MB) CPU [69%@1190,55%@1510,64%@1510,56%@1510,71%@1510,72%@1510] GR3D_FREQ 7% cpu@55.093C soc2@53.312C soc0@51.375C gpu@53.468C tj@55.093C soc1@52.906C VDD_IN 9324mW/7573mW VDD_CPU_GPU_CV 3401mW/2237mW VDD_SOC 1941mW/1771mW
10-08-2026 21:00:44 RAM 7024/7620MB (lfb 1730x32kB) SWAP 73/5858MB (cached 0MB) CPU [51%@1510,63%@1510,29%@1510,34%@1510,49%@729,52%@729] GR3D_FREQ 50% cpu@54.406C soc2@53.156C soc0@51.468C gpu@53.843C tj@54.406C soc1@52.968C VDD_IN 8412mW/7578mW VDD_CPU_GPU_CV 2689mW/2239mW VDD_SOC 1901mW/1772mW
10-08-2026 21:00:45 RAM 7031/7620MB (lfb 1680x32kB) SWAP 77/5858MB (cached 0MB) CPU [16%@1344,30%@1344,58%@1344,13%@1344,39%@729,37%@729] GR3D_FREQ 45% cpu@54.312C soc2@53C soc0@51.5C gpu@53.656C tj@54.312C soc1@52.812C VDD_IN 7499mW/7577mW VDD_CPU_GPU_CV 2056mW/2238mW VDD_SOC 1822mW/1772mW
10-08-2026 21:00:46 RAM 6888/7620MB (lfb 2x2MB) SWAP 79/5858MB (cached 0MB) CPU [13%@1510,49%@1510,4%@1510,11%@1510,30%@960,56%@960] GR3D_FREQ 69% cpu@54.312C soc2@52.843C soc0@51.218C gpu@53.687C tj@54.312C soc1@52.843C VDD_IN 6904mW/7574mW VDD_CPU_GPU_CV 1624mW/2235mW VDD_SOC 1743mW/1772mW
10-08-2026 21:00:47 RAM 6893/7620MB (lfb 2x2MB) SWAP 79/5858MB (cached 0MB) CPU [23%@729,9%@729,6%@729,8%@729,11%@1510,60%@1510] GR3D_FREQ 59% cpu@54.062C soc2@52.75C soc0@51.187C gpu@53.312C tj@54.062C soc1@52.75C VDD_IN 6626mW/7569mW VDD_CPU_GPU_CV 1505mW/2231mW VDD_SOC 1663mW/1771mW
10-08-2026 21:00:48 RAM 6893/7620MB (lfb 2x2MB) SWAP 79/5858MB (cached 0MB) CPU [11%@729,12%@729,5%@729,10%@729,5%@1497,75%@1497] GR3D_FREQ 39% cpu@54.25C soc2@52.75C soc0@51.156C gpu@53.25C tj@54.25C soc1@52.875C VDD_IN 6705mW/7565mW VDD_CPU_GPU_CV 1545mW/2228mW VDD_SOC 1663mW/1771mW
10-08-2026 21:00:49 RAM 6893/7620MB (lfb 2x2MB) SWAP 79/5858MB (cached 0MB) CPU [8%@1510,3%@1510,6%@1510,9%@1510,5%@1510,78%@1510] GR3D_FREQ 35% cpu@54.281C soc2@52.656C soc0@51.281C gpu@53.5C tj@54.281C soc1@52.656C VDD_IN 6666mW/7560mW VDD_CPU_GPU_CV 1545mW/2225mW VDD_SOC 1663mW/1770mW
10-08-2026 21:00:50 RAM 6893/7620MB (lfb 2x2MB) SWAP 79/5858MB (cached 0MB) CPU [7%@1510,4%@1510,5%@1510,14%@1510,1%@729,78%@729] GR3D_FREQ 34% cpu@54.312C soc2@52.687C soc0@51.062C gpu@53.468C tj@54.312C soc1@52.687C VDD_IN 6666mW/7556mW VDD_CPU_GPU_CV 1545mW/2221mW VDD_SOC 1663mW/1770mW
10-08-2026 21:00:51 RAM 6893/7620MB (lfb 2x2MB) SWAP 79/5858MB (cached 0MB) CPU [5%@1510,5%@1510,42%@1510,40%@1510,3%@729,8%@729] GR3D_FREQ 32% cpu@54.156C soc2@52.812C soc0@51.062C gpu@53.562C tj@54.156C soc1@52.625C VDD_IN 6626mW/7551mW VDD_CPU_GPU_CV 1545mW/2218mW VDD_SOC 1663mW/1769mW
10-08-2026 21:00:52 RAM 6893/7620MB (lfb 2x2MB) SWAP 79/5858MB (cached 0MB) CPU [18%@1510,30%@1510,37%@1510,30%@1510,12%@729,11%@729] GR3D_FREQ 34% cpu@53.937C soc2@52.562C soc0@51.156C gpu@53.531C tj@53.937C soc1@52.656C VDD_IN 6705mW/7547mW VDD_CPU_GPU_CV 1584mW/2215mW VDD_SOC 1663mW/1769mW
10-08-2026 21:00:53 RAM 6764/7620MB (lfb 1x2MB) SWAP 79/5858MB (cached 0MB) CPU [51%@729,23%@729,23%@729,39%@729,47%@729,41%@729] GR3D_FREQ 0% cpu@54.093C soc2@52.562C soc0@51.125C gpu@53.5C tj@54.093C soc1@52.812C VDD_IN 6626mW/7543mW VDD_CPU_GPU_CV 1703mW/2212mW VDD_SOC 1624mW/1768mW
10-08-2026 21:00:54 RAM 6767/7620MB (lfb 2x2MB) SWAP 79/5858MB (cached 0MB) CPU [55%@1344,31%@1344,46%@1344,47%@1344,53%@729,36%@729] GR3D_FREQ 30% cpu@54.5C soc2@52.75C soc0@51.187C gpu@53.125C tj@54.5C soc1@52.625C VDD_IN 6626mW/7538mW VDD_CPU_GPU_CV 1700mW/2210mW VDD_SOC 1624mW/1767mW
10-08-2026 21:00:55 RAM 6499/7620MB (lfb 11x2MB) SWAP 79/5858MB (cached 0MB) CPU [65%@1510,63%@1510,67%@1510,60%@1510,63%@1510,69%@1510] GR3D_FREQ 10% cpu@55.25C soc2@52.937C soc0@50.968C gpu@53.218C tj@55.25C soc1@52.718C VDD_IN 8332mW/7542mW VDD_CPU_GPU_CV 2926mW/2213mW VDD_SOC 1745mW/1767mW
10-08-2026 21:00:56 RAM 6580/7620MB (lfb 9x2MB) SWAP 79/5858MB (cached 0MB) CPU [74%@1510,61%@1510,65%@1510,64%@1510,77%@883,62%@883] GR3D_FREQ 37% cpu@54.656C soc2@53C soc0@51.093C gpu@53.375C tj@54.656C soc1@52.718C VDD_IN 8293mW/7546mW VDD_CPU_GPU_CV 2926mW/2217mW VDD_SOC 1745mW/1767mW
10-08-2026 21:00:57 RAM 6683/7620MB (lfb 7x2MB) SWAP 79/5858MB (cached 0MB) CPU [80%@1510,85%@1510,67%@1510,76%@1510,76%@1510,81%@1510] GR3D_FREQ 37% cpu@55.343C soc2@53.437C soc0@51.312C gpu@53.406C tj@55.343C soc1@52.937C VDD_IN 9840mW/7557mW VDD_CPU_GPU_CV 3876mW/2225mW VDD_SOC 1980mW/1768mW
10-08-2026 21:00:58 RAM 6783/7620MB (lfb 7x2MB) SWAP 79/5858MB (cached 0MB) CPU [85%@1510,82%@1510,73%@1510,70%@1510,65%@1497,70%@1497] GR3D_FREQ 38% cpu@55.031C soc2@53.406C soc0@51.5C gpu@53.5C tj@55.031C soc1@52.875C VDD_IN 9666mW/7567mW VDD_CPU_GPU_CV 3672mW/2231mW VDD_SOC 1980mW/1769mW
10-08-2026 21:00:59 RAM 6857/7620MB (lfb 7x2MB) SWAP 79/5858MB (cached 0MB) CPU [87%@1510,79%@1510,76%@1510,74%@1510,85%@1267,75%@1267] GR3D_FREQ 38% cpu@55.343C soc2@53.406C soc0@51.468C gpu@53.625C tj@55.343C soc1@53.031C VDD_IN 9999mW/7578mW VDD_CPU_GPU_CV 3988mW/2240mW VDD_SOC 1980mW/1770mW
10-08-2026 21:01:00 RAM 6965/7620MB (lfb 1x2MB) SWAP 79/5858MB (cached 0MB) CPU [80%@1510,60%@1510,80%@1510,68%@1510,69%@1420,83%@1420] GR3D_FREQ 69% cpu@55C soc2@53.468C soc0@51.531C gpu@53.656C tj@55C soc1@53C VDD_IN 9705mW/7588mW VDD_CPU_GPU_CV 3672mW/2246mW VDD_SOC 1980mW/1771mW
10-08-2026 21:01:01 RAM 6977/7620MB (lfb 1x2MB) SWAP 79/5858MB (cached 0MB) CPU [88%@1510,47%@1510,42%@1510,48%@1510,46%@1510,52%@1510] GR3D_FREQ 92% cpu@55.125C soc2@53.218C soc0@51.406C gpu@53.625C tj@55.125C soc1@52.968C VDD_IN 7856mW/7589mW VDD_CPU_GPU_CV 2412mW/2247mW VDD_SOC 1782mW/1771mW
10-08-2026 21:01:02 RAM 6988/7620MB (lfb 1x2MB) SWAP 79/5858MB (cached 0MB) CPU [87%@1510,85%@1510,87%@1510,82%@1510,87%@1510,81%@1510] GR3D_FREQ 49% cpu@55.75C soc2@53.656C soc0@51.437C gpu@53.843C tj@55.75C soc1@53.156C VDD_IN 10022mW/7601mW VDD_CPU_GPU_CV 3988mW/2255mW VDD_SOC 1980mW/1772mW
10-08-2026 21:01:03 RAM 7000/7620MB (lfb 1x2MB) SWAP 79/5858MB (cached 0MB) CPU [75%@1510,80%@1510,78%@1510,77%@1510,80%@1510,85%@1510] GR3D_FREQ 1% cpu@55.468C soc2@53.562C soc0@51.593C gpu@53.906C tj@55.468C soc1@53.187C VDD_IN 10039mW/7612mW VDD_CPU_GPU_CV 3988mW/2263mW VDD_SOC 1980mW/1773mW
10-08-2026 21:01:04 RAM 7011/7620MB (lfb 1x2MB) SWAP 79/5858MB (cached 0MB) CPU [88%@1113,86%@1113,82%@1113,78%@1113,79%@1510,79%@1510] GR3D_FREQ 0% cpu@55.437C soc2@53.562C soc0@51.75C gpu@53.718C tj@55.437C soc1@53.093C VDD_IN 9483mW/7620mW VDD_CPU_GPU_CV 3638mW/2270mW VDD_SOC 1901mW/1774mW
10-08-2026 21:01:06 RAM 7021/7620MB (lfb 1x2MB) SWAP 79/5858MB (cached 0MB) CPU [79%@1510,74%@1510,79%@1510,76%@1510,88%@1420,79%@1420] GR3D_FREQ 50% cpu@55.843C soc2@53.843C soc0@51.625C gpu@53.906C tj@55.843C soc1@53.218C VDD_IN 10062mW/7631mW VDD_CPU_GPU_CV 4027mW/2278mW VDD_SOC 1980mW/1775mW
10-08-2026 21:01:07 RAM 7022/7620MB (lfb 1x2MB) SWAP 79/5858MB (cached 0MB) CPU [74%@1510,40%@1510,38%@1510,35%@1510,42%@729,68%@729] GR3D_FREQ 52% cpu@54.843C soc2@53.468C soc0@51.843C gpu@54C tj@54.843C soc1@53.437C VDD_IN 8412mW/7635mW VDD_CPU_GPU_CV 2768mW/2280mW VDD_SOC 1861mW/1775mW
10-08-2026 21:01:08 RAM 7022/7620MB (lfb 1x2MB) SWAP 79/5858MB (cached 0MB) CPU [40%@1036,46%@1036,12%@1036,29%@1036,26%@729,34%@729] GR3D_FREQ 58% cpu@54.843C soc2@53.375C soc0@51.656C gpu@53.656C tj@54.843C soc1@53.187C VDD_IN 7697mW/7635mW VDD_CPU_GPU_CV 2214mW/2280mW VDD_SOC 1822mW/1775mW
10-08-2026 21:01:09 RAM 7022/7620MB (lfb 1x2MB) SWAP 79/5858MB (cached 0MB) CPU [24%@1510,46%@1510,17%@1510,34%@1510,41%@1510,25%@1510] GR3D_FREQ 64% cpu@54.875C soc2@53.5C soc0@51.718C gpu@53.781C tj@54.718C soc1@53.093C VDD_IN 8015mW/7637mW VDD_CPU_GPU_CV 2412mW/2280mW VDD_SOC 1861mW/1776mW
10-08-2026 21:01:10 RAM 7021/7620MB (lfb 1x2MB) SWAP 79/5858MB (cached 0MB) CPU [21%@1510,44%@1510,16%@1510,36%@1510,36%@729,39%@729] GR3D_FREQ 54% cpu@54.968C soc2@53.375C soc0@51.656C gpu@53.812C tj@54.625C soc1@53.218C VDD_IN 7539mW/7637mW VDD_CPU_GPU_CV 2135mW/2279mW VDD_SOC 1822mW/1776mW
10-08-2026 21:01:11 RAM 7021/7620MB (lfb 1x2MB) SWAP 79/5858MB (cached 0MB) CPU [14%@1510,71%@1510,6%@1510,27%@1510,32%@960,27%@960] GR3D_FREQ 56% cpu@54.625C soc2@53.343C soc0@51.812C gpu@53.812C tj@54.625C soc1@53.406C VDD_IN 8015mW/7638mW VDD_CPU_GPU_CV 2412mW/2280mW VDD_SOC 1861mW/1776mW
10-08-2026 21:01:12 RAM 6603/7620MB (lfb 5x2MB) SWAP 84/5858MB (cached 0MB) CPU [52%@1420,38%@1420,10%@1420,19%@1420,8%@729,59%@729] GR3D_FREQ 41% cpu@54.593C soc2@53.156C soc0@51.531C gpu@53.812C tj@54.593C soc1@53.125C VDD_IN 7182mW/7636mW VDD_CPU_GPU_CV 1782mW/2278mW VDD_SOC 1782mW/1776mW
10-08-2026 21:01:13 RAM 6607/7620MB (lfb 17x2MB) SWAP 84/5858MB (cached 0MB) CPU [29%@1510,22%@1510,16%@1510,45%@1510,21%@729,6%@729] GR3D_FREQ 43% cpu@54.687C soc2@53.187C soc0@51.562C gpu@53.75C tj@54.687C soc1@53.093C VDD_IN 6824mW/7633mW VDD_CPU_GPU_CV 1624mW/2275mW VDD_SOC 1703mW/1776mW
10-08-2026 21:01:14 RAM 6607/7620MB (lfb 17x2MB) SWAP 84/5858MB (cached 0MB) CPU [45%@1510,47%@1510,4%@1510,13%@1510,4%@729,8%@729] GR3D_FREQ 60% cpu@54.562C soc2@53.093C soc0@51.468C gpu@53.531C tj@54.562C soc1@53.125C VDD_IN 6705mW/7629mW VDD_CPU_GPU_CV 1584mW/2272mW VDD_SOC 1663mW/1775mW
10-08-2026 21:01:15 RAM 6607/7620MB (lfb 17x2MB) SWAP 84/5858MB (cached 0MB) CPU [18%@1510,76%@1510,3%@1510,10%@1510,7%@729,3%@729] GR3D_FREQ 51% cpu@54.468C soc2@53.156C soc0@51.593C gpu@53.531C tj@54.468C soc1@53.156C VDD_IN 6705mW/7625mW VDD_CPU_GPU_CV 1584mW/2269mW VDD_SOC 1663mW/1775mW
10-08-2026 21:01:16 RAM 6607/7620MB (lfb 17x2MB) SWAP 84/5858MB (cached 0MB) CPU [19%@1510,64%@1510,12%@1510,15%@1510,5%@729,12%@729] GR3D_FREQ 40% cpu@54.593C soc2@53.093C soc0@51.593C gpu@53.531C tj@54.593C soc1@53.062C VDD_IN 6705mW/7620mW VDD_CPU_GPU_CV 1584mW/2266mW VDD_SOC 1706mW/1775mW
10-08-2026 21:01:17 RAM 6607/7620MB (lfb 17x2MB) SWAP 84/5858MB (cached 0MB) CPU [17%@1510,10%@1510,15%@1510,15%@1510,7%@1510,70%@1510] GR3D_FREQ 41% cpu@54.375C soc2@52.937C soc0@51.375C gpu@53.5C tj@54.375C soc1@53C VDD_IN 6785mW/7617mW VDD_CPU_GPU_CV 1584mW/2263mW VDD_SOC 1706mW/1774mW
10-08-2026 21:01:18 RAM 6607/7620MB (lfb 17x2MB) SWAP 84/5858MB (cached 0MB) CPU [11%@729,10%@1510,16%@1510,15%@1510,1%@1510,81%@1510] GR3D_FREQ 37% cpu@54.656C soc2@52.906C soc0@51.375C gpu@53.656C tj@54.375C soc1@52.937C VDD_IN 6745mW/7613mW VDD_CPU_GPU_CV 1584mW/2260mW VDD_SOC 1706mW/1774mW
10-08-2026 21:01:19 RAM 6608/7620MB (lfb 17x2MB) SWAP 84/5858MB (cached 0MB) CPU [19%@729,14%@729,8%@729,16%@729,1%@1510,80%@1510] GR3D_FREQ 41% cpu@54.343C soc2@52.875C soc0@51.468C gpu@53.625C tj@54.406C soc1@53.093C VDD_IN 6785mW/7610mW VDD_CPU_GPU_CV 1624mW/2257mW VDD_SOC 1703mW/1774mW
10-08-2026 21:01:20 RAM 6608/7620MB (lfb 17x2MB) SWAP 84/5858MB (cached 0MB) CPU [20%@1510,7%@1510,11%@1510,9%@1510,0%@1510,80%@1510] GR3D_FREQ 40% cpu@54.593C soc2@52.875C soc0@51.218C gpu@53.406C tj@54.593C soc1@52.937C VDD_IN 6785mW/7606mW VDD_CPU_GPU_CV 1584mW/2254mW VDD_SOC 1703mW/1773mW
10-08-2026 21:01:21 RAM 6607/7620MB (lfb 17x2MB) SWAP 84/5858MB (cached 0MB) CPU [12%@1510,6%@1510,17%@1510,16%@1510,1%@1510,81%@1510] GR3D_FREQ 69% cpu@54.531C soc2@53C soc0@51.312C gpu@53.343C tj@54.343C soc1@52.906C VDD_IN 6785mW/7602mW VDD_CPU_GPU_CV 1624mW/2252mW VDD_SOC 1703mW/1773mW
10-08-2026 21:01:22 RAM 6607/7620MB (lfb 17x2MB) SWAP 84/5858MB (cached 0MB) CPU [12%@729,11%@1510,12%@1510,18%@1510,0%@1510,82%@1510] GR3D_FREQ 62% cpu@54.718C soc2@52.843C soc0@51.437C gpu@53.562C tj@54.718C soc1@52.937C VDD_IN 6824mW/7599mW VDD_CPU_GPU_CV 1624mW/2249mW VDD_SOC 1703mW/1773mW
10-08-2026 21:01:23 RAM 6607/7620MB (lfb 17x2MB) SWAP 84/5858MB (cached 0MB) CPU [12%@1510,12%@1510,19%@1510,9%@1510,1%@1510,81%@1510] GR3D_FREQ 41% cpu@54.281C soc2@52.843C soc0@51.375C gpu@53.656C tj@54.281C soc1@52.906C VDD_IN 6785mW/7596mW VDD_CPU_GPU_CV 1624mW/2246mW VDD_SOC 1703mW/1773mW
10-08-2026 21:01:24 RAM 6613/7620MB (lfb 17x2MB) SWAP 84/5858MB (cached 0MB) CPU [29%@1510,22%@1510,9%@1510,33%@1510,10%@1510,23%@1510] GR3D_FREQ 42% cpu@54.312C soc2@52.843C soc0@51.218C gpu@53.625C tj@54.312C soc1@52.781C VDD_IN 6745mW/7592mW VDD_CPU_GPU_CV 1584mW/2244mW VDD_SOC 1706mW/1772mW
10-08-2026 21:01:25 RAM 6613/7620MB (lfb 17x2MB) SWAP 84/5858MB (cached 0MB) CPU [12%@1510,27%@1510,14%@1510,11%@1510,1%@1510,82%@1510] GR3D_FREQ 40% cpu@54.468C soc2@52.75C soc0@51.281C gpu@53.312C tj@54.468C soc1@52.812C VDD_IN 6824mW/7589mW VDD_CPU_GPU_CV 1624mW/2241mW VDD_SOC 1706mW/1772mW
10-08-2026 21:01:26 RAM 6805/7620MB (lfb 17x1MB) SWAP 84/5858MB (cached 0MB) CPU [42%@1113,43%@1113,26%@1113,35%@1113,28%@1113,52%@1113] GR3D_FREQ 0% cpu@54.312C soc2@52.687C soc0@51.25C gpu@53.468C tj@54.312C soc1@52.906C VDD_IN 6428mW/7584mW VDD_CPU_GPU_CV 1545mW/2238mW VDD_SOC 1584mW/1771mW
10-08-2026 21:01:27 RAM 6806/7620MB (lfb 16x1MB) SWAP 84/5858MB (cached 0MB) CPU [35%@1036,24%@1036,33%@1510,50%@1510,37%@729,48%@729] GR3D_FREQ 13% cpu@54.281C soc2@52.812C soc0@51.031C gpu@53.437C tj@54.281C soc1@52.718C VDD_IN 6229mW/7578mW VDD_CPU_GPU_CV 1426mW/2235mW VDD_SOC 1584mW/1770mW
10-08-2026 21:01:28 RAM 6827/7620MB (lfb 7x1MB) SWAP 84/5858MB (cached 0MB) CPU [54%@1510,53%@1510,50%@1510,57%@1510,54%@883,72%@883] GR3D_FREQ 17% cpu@54.843C soc2@53.062C soc0@51.093C gpu@53.593C tj@54.843C soc1@52.812C VDD_IN 7658mW/7579mW VDD_CPU_GPU_CV 2491mW/2236mW VDD_SOC 1666mW/1770mW
10-08-2026 21:01:29 RAM 6828/7620MB (lfb 7x1MB) SWAP 84/5858MB (cached 0MB) CPU [47%@1510,56%@1510,49%@1510,37%@1510,53%@1036,70%@1036] GR3D_FREQ 35% cpu@54.343C soc2@52.75C soc0@51.187C gpu@53.25C tj@54.343C soc1@52.937C VDD_IN 6785mW/7575mW VDD_CPU_GPU_CV 1861mW/2234mW VDD_SOC 1624mW/1769mW
10-08-2026 21:01:30 RAM 6894/7620MB (lfb 7x1MB) SWAP 84/5858MB (cached 0MB) CPU [30%@1510,29%@1510,22%@1510,35%@1510,37%@883,46%@883] GR3D_FREQ 58% cpu@54.218C soc2@53C soc0@51.312C gpu@53.25C tj@54.218C soc1@52.906C VDD_IN 7301mW/7574mW VDD_CPU_GPU_CV 1977mW/2233mW VDD_SOC 1743mW/1769mW
10-08-2026 21:01:31 RAM 7010/7620MB (lfb 7x1MB) SWAP 84/5858MB (cached 0MB) CPU [23%@806,22%@806,14%@806,12%@806,61%@1267,51%@1267] GR3D_FREQ 45% cpu@54.281C soc2@53.156C soc0@51.468C gpu@53.312C tj@54.281C soc1@52.781C VDD_IN 7697mW/7575mW VDD_CPU_GPU_CV 2175mW/2233mW VDD_SOC 1822mW/1770mW
10-08-2026 21:01:32 RAM 7045/7620MB (lfb 7x1MB) SWAP 84/5858MB (cached 0MB) CPU [13%@1510,45%@1510,19%@1510,29%@1510,26%@806,54%@806] GR3D_FREQ 32% cpu@54.312C soc2@52.875C soc0@51.25C gpu@53.625C tj@54.312C soc1@52.718C VDD_IN 7221mW/7573mW VDD_CPU_GPU_CV 1861mW/2231mW VDD_SOC 1782mW/1770mW
10-08-2026 21:01:33 RAM 7026/7620MB (lfb 7x1MB) SWAP 84/5858MB (cached 0MB) CPU [12%@1510,17%@1510,21%@1510,28%@1510,27%@1510,36%@1510] GR3D_FREQ 28% cpu@54.187C soc2@52.656C soc0@51.218C gpu@53.312C tj@54.187C soc1@52.812C VDD_IN 6586mW/7569mW VDD_CPU_GPU_CV 1465mW/2228mW VDD_SOC 1663mW/1769mW
10-08-2026 21:01:34 RAM 7026/7620MB (lfb 7x1MB) SWAP 84/5858MB (cached 0MB) CPU [8%@1510,52%@1510,32%@1510,8%@1510,6%@729,1%@729] GR3D_FREQ 67% cpu@54.156C soc2@52.687C soc0@51.25C gpu@53.218C tj@54.156C soc1@52.656C VDD_IN 6626mW/7566mW VDD_CPU_GPU_CV 1545mW/2225mW VDD_SOC 1663mW/1769mW
10-08-2026 21:01:35 RAM 7026/7620MB (lfb 7x1MB) SWAP 84/5858MB (cached 0MB) CPU [10%@1510,4%@1510,75%@1510,9%@1510,6%@729,1%@729] GR3D_FREQ 65% cpu@54.093C soc2@52.687C soc0@51.062C gpu@53.281C tj@54.093C soc1@52.625C VDD_IN 6626mW/7562mW VDD_CPU_GPU_CV 1505mW/2223mW VDD_SOC 1666mW/1768mW
10-08-2026 21:01:36 RAM 7021/7620MB (lfb 9x1MB) SWAP 84/5858MB (cached 0MB) CPU [31%@1113,37%@1113,36%@1113,30%@1113,26%@883,29%@883] GR3D_FREQ 31% cpu@54.125C soc2@52.625C soc0@51.062C gpu@53.468C tj@54.125C soc1@52.687C VDD_IN 6705mW/7558mW VDD_CPU_GPU_CV 1703mW/2220mW VDD_SOC 1624mW/1768mW
10-08-2026 21:01:37 RAM 6641/7620MB (lfb 4x2MB) SWAP 84/5858MB (cached 0MB) CPU [39%@883,41%@883,25%@960,54%@960,44%@1190,29%@1190] GR3D_FREQ 7% cpu@54.218C soc2@52.687C soc0@51.093C gpu@53.468C tj@54.218C soc1@52.687C VDD_IN 6348mW/7553mW VDD_CPU_GPU_CV 1502mW/2218mW VDD_SOC 1584mW/1767mW
10-08-2026 21:01:38 RAM 6737/7620MB (lfb 12x1MB) SWAP 84/5858MB (cached 0MB) CPU [50%@1510,47%@1510,63%@1510,45%@1510,48%@1510,54%@1510] GR3D_FREQ 7% cpu@54.906C soc2@52.812C soc0@51.062C gpu@53.093C tj@54.906C soc1@52.625C VDD_IN 7618mW/7554mW VDD_CPU_GPU_CV 2452mW/2219mW VDD_SOC 1706mW/1767mW
10-08-2026 21:01:39 RAM 6770/7620MB (lfb 12x1MB) SWAP 84/5858MB (cached 0MB) CPU [76%@1510,69%@1510,65%@1510,67%@1510,70%@1510,75%@1510] GR3D_FREQ 0% cpu@55C soc2@53.125C soc0@51.031C gpu@53.343C tj@55.312C soc1@52.718C VDD_IN 8451mW/7557mW VDD_CPU_GPU_CV 3045mW/2222mW VDD_SOC 1745mW/1767mW
10-08-2026 21:01:40 RAM 6942/7620MB (lfb 10x1MB) SWAP 84/5858MB (cached 0MB) CPU [62%@1510,53%@1510,77%@1510,63%@1510,77%@1510,69%@1510] GR3D_FREQ 26% cpu@55.187C soc2@53.156C soc0@51.218C gpu@53.562C tj@55.062C soc1@52.812C VDD_IN 9443mW/7565mW VDD_CPU_GPU_CV 3638mW/2227mW VDD_SOC 1941mW/1767mW
10-08-2026 21:01:41 RAM 7022/7620MB (lfb 4x256kB) SWAP 84/5858MB (cached 0MB) CPU [87%@1510,83%@1510,87%@1510,81%@1510,77%@883,77%@883] GR3D_FREQ 34% cpu@54.968C soc2@53.25C soc0@51.312C gpu@53.5C tj@55.031C soc1@53.062C VDD_IN 9904mW/7574mW VDD_CPU_GPU_CV 3909mW/2234mW VDD_SOC 1980mW/1768mW
10-08-2026 21:01:42 RAM 7049/7620MB (lfb 2x256kB) SWAP 84/5858MB (cached 0MB) CPU [16%@1510,43%@1510,48%@1510,24%@1510,53%@1190,24%@1190] GR3D_FREQ 35% cpu@54.468C soc2@53.125C soc0@51.531C gpu@53.468C tj@54.468C soc1@52.812C VDD_IN 8213mW/7576mW VDD_CPU_GPU_CV 2570mW/2235mW VDD_SOC 1861mW/1769mW
10-08-2026 21:01:43 RAM 7049/7620MB (lfb 2x256kB) SWAP 84/5858MB (cached 0MB) CPU [17%@1510,38%@1510,34%@1510,18%@1510,43%@883,33%@883] GR3D_FREQ 66% cpu@54.375C soc2@53.125C soc0@51.281C gpu@53.5C tj@54.375C soc1@52.812C VDD_IN 7975mW/7578mW VDD_CPU_GPU_CV 2373mW/2236mW VDD_SOC 1861mW/1769mW
10-08-2026 21:01:44 RAM 7051/7620MB (lfb 5x256kB) SWAP 84/5858MB (cached 0MB) CPU [21%@1510,14%@1510,50%@1510,33%@1510,33%@806,37%@806] GR3D_FREQ 0% cpu@54.406C soc2@52.875C soc0@51.312C gpu@53.437C tj@54.406C soc1@52.875C VDD_IN 7261mW/7577mW VDD_CPU_GPU_CV 1858mW/2234mW VDD_SOC 1782mW/1769mW
10-08-2026 21:01:45 RAM 7012/7620MB (lfb 4x2MB) SWAP 84/5858MB (cached 0MB) CPU [15%@1510,14%@1510,6%@1510,5%@1510,21%@1510,54%@1510] GR3D_FREQ 41% cpu@54.187C soc2@52.75C soc0@51.25C gpu@53.312C tj@54.187C soc1@52.906C VDD_IN 6586mW/7573mW VDD_CPU_GPU_CV 1465mW/2231mW VDD_SOC 1663mW/1769mW
10-08-2026 21:01:46 RAM 7012/7620MB (lfb 4x2MB) SWAP 84/5858MB (cached 0MB) CPU [15%@1510,8%@1510,17%@1510,12%@1510,12%@729,47%@729] GR3D_FREQ 38% cpu@54.187C soc2@52.718C soc0@51.312C gpu@53.406C tj@54.187C soc1@52.656C VDD_IN 6626mW/7569mW VDD_CPU_GPU_CV 1505mW/2229mW VDD_SOC 1663mW/1768mW
10-08-2026 21:01:47 RAM 7013/7620MB (lfb 4x2MB) SWAP 84/5858MB (cached 0MB) CPU [29%@1510,18%@1510,30%@1510,13%@1510,20%@729,7%@729] GR3D_FREQ 31% cpu@54.218C soc2@52.718C soc0@51.125C gpu@53.312C tj@54.218C soc1@52.75C VDD_IN 6666mW/7566mW VDD_CPU_GPU_CV 1542mW/2226mW VDD_SOC 1663mW/1768mW
10-08-2026 21:01:48 RAM 7047/7620MB (lfb 2x2MB) SWAP 84/5858MB (cached 0MB) CPU [24%@1510,24%@1510,22%@1510,22%@1510,13%@806,61%@806] GR3D_FREQ 0% cpu@54.343C soc2@52.687C soc0@51.031C gpu@53.375C tj@54.343C soc1@52.687C VDD_IN 6864mW/7563mW VDD_CPU_GPU_CV 1782mW/2224mW VDD_SOC 1624mW/1767mW
10-08-2026 21:01:49 RAM 7053/7620MB (lfb 2x2MB) SWAP 84/5858MB (cached 0MB) CPU [37%@1113,39%@1113,41%@1113,41%@1510,35%@1113,49%@1113] GR3D_FREQ 28% cpu@54.406C soc2@52.593C soc0@51.062C gpu@53.156C tj@54.406C soc1@52.687C VDD_IN 6348mW/7558mW VDD_CPU_GPU_CV 1465mW/2221mW VDD_SOC 1584mW/1766mW
10-08-2026 21:01:50 RAM 7078/7620MB (lfb 10x256kB) SWAP 84/5858MB (cached 0MB) CPU [39%@1510,50%@1510,45%@1510,48%@1510,62%@1510,53%@1510] GR3D_FREQ 29% cpu@54.687C soc2@52.812C soc0@51.125C gpu@53.093C tj@54.687C soc1@52.843C VDD_IN 7301mW/7558mW VDD_CPU_GPU_CV 2135mW/2221mW VDD_SOC 1663mW/1766mW
10-08-2026 21:01:51 RAM 7084/7620MB (lfb 9x256kB) SWAP 84/5858MB (cached 0MB) CPU [67%@1510,71%@1510,66%@1510,67%@1510,79%@1510,80%@1510] GR3D_FREQ 27% cpu@55.125C soc2@53C soc0@50.968C gpu@53.25C tj@55.125C soc1@52.625C VDD_IN 8491mW/7561mW VDD_CPU_GPU_CV 3085mW/2224mW VDD_SOC 1745mW/1766mW
10-08-2026 21:01:52 RAM 7171/7620MB (lfb 1x64kB) SWAP 84/5858MB (cached 0MB) CPU [72%@1510,72%@1510,66%@1510,73%@1510,70%@1510,67%@1510] GR3D_FREQ 19% cpu@55.156C soc2@53.156C soc0@51.156C gpu@53.5C tj@55.156C soc1@52.875C VDD_IN 9324mW/7568mW VDD_CPU_GPU_CV 3559mW/2229mW VDD_SOC 1901mW/1767mW
10-08-2026 21:01:53 RAM 7164/7620MB (lfb 1x512kB) SWAP 87/5858MB (cached 0MB) CPU [84%@1510,77%@1510,85%@1510,86%@1510,88%@1190,81%@1190] GR3D_FREQ 56% cpu@55.218C soc2@53.343C soc0@51.406C gpu@53.687C tj@55.218C soc1@52.906C VDD_IN 10078mW/7577mW VDD_CPU_GPU_CV 4027mW/2236mW VDD_SOC 1980mW/1767mW
10-08-2026 21:01:54 RAM 7151/7620MB (lfb 8x128kB) SWAP 105/5858MB (cached 0MB) CPU [65%@1510,78%@1510,66%@1510,67%@1510,77%@1510,81%@1510] GR3D_FREQ 19% cpu@55.687C soc2@53.437C soc0@51.375C gpu@53.781C tj@55.687C soc1@52.906C VDD_IN 9943mW/7586mW VDD_CPU_GPU_CV 3909mW/2242mW VDD_SOC 1980mW/1768mW
10-08-2026 21:01:55 RAM 7168/7620MB (lfb 1x128kB) SWAP 107/5858MB (cached 0MB) CPU [85%@1497,85%@1497,86%@1497,85%@1497,81%@1510,81%@1510] GR3D_FREQ 5% cpu@55.25C soc2@53.312C soc0@51.5C gpu@53.656C tj@55.25C soc1@53.062C VDD_IN 9864mW/7594mW VDD_CPU_GPU_CV 3869mW/2248mW VDD_SOC 1980mW/1769mW
10-08-2026 21:01:56 RAM 7180/7620MB (lfb 22x64kB) SWAP 111/5858MB (cached 0MB) CPU [52%@1510,42%@1510,41%@1510,37%@1510,81%@729,43%@729] GR3D_FREQ 63% cpu@54.968C soc2@53.218C soc0@51.5C gpu@53.562C tj@54.968C soc1@52.906C VDD_IN 8477mW/7598mW VDD_CPU_GPU_CV 2847mW/2251mW VDD_SOC 1861mW/1769mW
10-08-2026 21:01:57 RAM 7163/7620MB (lfb 27x128kB) SWAP 112/5858MB (cached 0MB) CPU [65%@1420,51%@1510,61%@1510,64%@1510,63%@1510,68%@1510] GR3D_FREQ 46% cpu@55.25C soc2@53.437C soc0@51.375C gpu@53.906C tj@55.25C soc1@52.968C VDD_IN 8928mW/7603mW VDD_CPU_GPU_CV 3203mW/2254mW VDD_SOC 1901mW/1770mW
10-08-2026 21:01:58 RAM 7182/7620MB (lfb 2123x32kB) SWAP 112/5858MB (cached 0MB) CPU [46%@1510,53%@1510,30%@1510,29%@1510,51%@729,26%@729] GR3D_FREQ 79% cpu@54.5C soc2@53.562C soc0@51.468C gpu@53.843C tj@54.5C soc1@53C VDD_IN 8332mW/7605mW VDD_CPU_GPU_CV 2649mW/2256mW VDD_SOC 1901mW/1770mW
10-08-2026 21:01:59 RAM 7165/7620MB (lfb 1x512kB) SWAP 112/5858MB (cached 0MB) CPU [25%@1420,27%@1510,59%@1510,12%@1510,45%@806,25%@806] GR3D_FREQ 44% cpu@54.406C soc2@53.093C soc0@51.562C gpu@53.781C tj@54.406C soc1@53.031C VDD_IN 7578mW/7605mW VDD_CPU_GPU_CV 2175mW/2255mW VDD_SOC 1782mW/1770mW
10-08-2026 21:02:00 RAM 7172/7620MB (lfb 2161x32kB) SWAP 112/5858MB (cached 0MB) CPU [44%@1510,34%@1510,10%@1510,10%@1510,19%@729,58%@729] GR3D_FREQ 42% cpu@54.406C soc2@53.156C soc0@51.562C gpu@53.812C tj@54.406C soc1@52.906C VDD_IN 7420mW/7605mW VDD_CPU_GPU_CV 2017mW/2255mW VDD_SOC 1782mW/1770mW
10-08-2026 21:02:01 RAM 6760/7620MB (lfb 2x2MB) SWAP 112/5858MB (cached 0MB) CPU [17%@1510,50%@1510,26%@1510,19%@1510,36%@1344,18%@1344] GR3D_FREQ 35% cpu@54.375C soc2@52.968C soc0@51.437C gpu@53.5C tj@54.75C soc1@52.937C VDD_IN 7102mW/7603mW VDD_CPU_GPU_CV 1740mW/2253mW VDD_SOC 1743mW/1770mW
10-08-2026 21:02:02 RAM 6760/7620MB (lfb 2x2MB) SWAP 112/5858MB (cached 0MB) CPU [9%@729,6%@729,5%@729,17%@729,21%@1420,64%@1420] GR3D_FREQ 33% cpu@54.406C soc2@52.875C soc0@51.312C gpu@53.343C tj@54.406C soc1@52.875C VDD_IN 6666mW/7599mW VDD_CPU_GPU_CV 1545mW/2250mW VDD_SOC 1663mW/1770mW
10-08-2026 21:02:03 RAM 6760/7620MB (lfb 2x2MB) SWAP 112/5858MB (cached 0MB) CPU [8%@1510,7%@1510,7%@1510,17%@1510,2%@1420,81%@1420] GR3D_FREQ 69% cpu@54.25C soc2@52.75C soc0@51.312C gpu@53.656C tj@54.25C soc1@52.937C VDD_IN 6666mW/7596mW VDD_CPU_GPU_CV 1584mW/2248mW VDD_SOC 1663mW/1769mW
10-08-2026 21:02:04 RAM 6762/7620MB (lfb 2x2MB) SWAP 112/5858MB (cached 0MB) CPU [10%@729,8%@729,10%@729,12%@729,17%@1497,70%@1497] GR3D_FREQ 65% cpu@54.375C soc2@52.687C soc0@51.312C gpu@53.625C tj@54.375C soc1@52.812C VDD_IN 6745mW/7593mW VDD_CPU_GPU_CV 1584mW/2245mW VDD_SOC 1663mW/1769mW
10-08-2026 21:02:05 RAM 6764/7620MB (lfb 1x2MB) SWAP 112/5858MB (cached 0MB) CPU [13%@729,9%@1510,7%@1510,19%@1510,14%@1510,72%@1510] GR3D_FREQ 46% cpu@54.375C soc2@52.781C soc0@51.218C gpu@53.656C tj@54.375C soc1@52.875C VDD_IN 6745mW/7590mW VDD_CPU_GPU_CV 1584mW/2243mW VDD_SOC 1663mW/1769mW
10-08-2026 21:02:06 RAM 6840/7620MB (lfb 4x1MB) SWAP 112/5858MB (cached 0MB) CPU [31%@1510,26%@1510,22%@1510,33%@1510,33%@729,50%@729] GR3D_FREQ 6% cpu@54.593C soc2@52.781C soc0@51.187C gpu@53.343C tj@54.593C soc1@52.781C VDD_IN 6824mW/7587mW VDD_CPU_GPU_CV 1782mW/2241mW VDD_SOC 1624mW/1768mW
10-08-2026 21:02:07 RAM 6841/7620MB (lfb 4x1MB) SWAP 112/5858MB (cached 0MB) CPU [44%@1510,40%@1510,31%@1510,54%@1510,29%@806,56%@806] GR3D_FREQ 0% cpu@54.281C soc2@52.781C soc0@51.218C gpu@53.218C tj@54.281C soc1@52.937C VDD_IN 6547mW/7583mW VDD_CPU_GPU_CV 1663mW/2239mW VDD_SOC 1584mW/1768mW
10-08-2026 21:02:08 RAM 6843/7620MB (lfb 4x1MB) SWAP 112/5858MB (cached 0MB) CPU [52%@1510,34%@1510,50%@1510,35%@1510,48%@1344,42%@1344] GR3D_FREQ 0% cpu@54.375C soc2@52.687C soc0@51.218C gpu@53.562C tj@54.375C soc1@52.75C VDD_IN 6467mW/7579mW VDD_CPU_GPU_CV 1545mW/2237mW VDD_SOC 1584mW/1767mW
10-08-2026 21:02:09 RAM 6596/7620MB (lfb 12x2MB) SWAP 112/5858MB (cached 0MB) CPU [74%@1510,66%@1510,69%@1510,70%@1510,79%@1510,81%@1510] GR3D_FREQ 0% cpu@55.406C soc2@53.125C soc0@51.062C gpu@53.781C tj@55.406C soc1@52.75C VDD_IN 8531mW/7583mW VDD_CPU_GPU_CV 3050mW/2240mW VDD_SOC 1785mW/1767mW
10-08-2026 21:02:10 RAM 6738/7620MB (lfb 15x2MB) SWAP 112/5858MB (cached 0MB) CPU [70%@1497,50%@1497,59%@1497,71%@1497,75%@1510,63%@1510] GR3D_FREQ 33% cpu@54.968C soc2@53.156C soc0@51.281C gpu@53.937C tj@54.968C soc1@52.906C VDD_IN 9166mW/7588mW VDD_CPU_GPU_CV 3361mW/2244mW VDD_SOC 1901mW/1767mW
10-08-2026 21:02:11 RAM 6810/7620MB (lfb 5x2MB) SWAP 112/5858MB (cached 0MB) CPU [75%@1510,70%@1510,84%@1510,75%@1510,70%@1510,72%@1510] GR3D_FREQ 44% cpu@55.343C soc2@53.375C soc0@51.5C gpu@53.718C tj@55.343C soc1@53.125C VDD_IN 9761mW/7596mW VDD_CPU_GPU_CV 3796mW/2249mW VDD_SOC 1980mW/1768mW
10-08-2026 21:02:12 RAM 6930/7620MB (lfb 5x2MB) SWAP 112/5858MB (cached 0MB) CPU [62%@1510,59%@1510,71%@1510,62%@1510,66%@1510,72%@1510] GR3D_FREQ 48% cpu@55.187C soc2@53.531C soc0@51.437C gpu@54.125C tj@55.187C soc1@53.093C VDD_IN 9428mW/7602mW VDD_CPU_GPU_CV 3520mW/2253mW VDD_SOC 1980mW/1769mW
10-08-2026 21:02:13 RAM 7026/7620MB (lfb 19x1MB) SWAP 112/5858MB (cached 0MB) CPU [63%@1267,58%@1267,56%@1267,55%@1267,68%@1510,77%@1510] GR3D_FREQ 51% cpu@55.437C soc2@53.375C soc0@51.5C gpu@53.687C tj@55.437C soc1@53.093C VDD_IN 9285mW/7608mW VDD_CPU_GPU_CV 3401mW/2257mW VDD_SOC 1941mW/1769mW
10-08-2026 21:02:14 RAM 7117/7620MB (lfb 28x512kB) SWAP 112/5858MB (cached 0MB) CPU [77%@1510,74%@1510,77%@1510,67%@1510,81%@1510,78%@1510] GR3D_FREQ 51% cpu@55.218C soc2@53.562C soc0@51.656C gpu@53.75C tj@55.218C soc1@53.218C VDD_IN 9443mW/7615mW VDD_CPU_GPU_CV 3599mW/2262mW VDD_SOC 1941mW/1770mW
10-08-2026 21:02:15 RAM 7130/7620MB (lfb 26x512kB) SWAP 112/5858MB (cached 0MB) CPU [76%@1510,59%@1510,60%@1510,60%@1510,70%@1267,64%@1267] GR3D_FREQ 42% cpu@55.281C soc2@53.625C soc0@51.812C gpu@53.968C tj@55.281C soc1@53.312C VDD_IN 9666mW/7622mW VDD_CPU_GPU_CV 3672mW/2267mW VDD_SOC 1980mW/1771mW
10-08-2026 21:02:16 RAM 7171/7620MB (lfb 2x256kB) SWAP 116/5858MB (cached 0MB) CPU [68%@1267,62%@1267,67%@1267,65%@1267,79%@729,67%@729] GR3D_FREQ 0% cpu@55.281C soc2@53.531C soc0@51.625C gpu@53.906C tj@55.281C soc1@53.125C VDD_IN 8848mW/7626mW VDD_CPU_GPU_CV 3203mW/2270mW VDD_SOC 1861mW/1771mW
10-08-2026 21:02:17 RAM 6994/7620MB (lfb 6x512kB) SWAP 116/5858MB (cached 0MB) CPU [63%@1510,55%@1510,45%@1510,54%@1510,52%@1510,60%@1510] GR3D_FREQ 53% cpu@55.125C soc2@53.656C soc0@51.562C gpu@53.906C tj@55.125C soc1@53.25C VDD_IN 8570mW/7629mW VDD_CPU_GPU_CV 3005mW/2273mW VDD_SOC 1861mW/1771mW
10-08-2026 21:02:18 RAM 7007/7620MB (lfb 20x512kB) SWAP 116/5858MB (cached 0MB) CPU [63%@1344,61%@1344,64%@1344,51%@1344,66%@1497,74%@1497] GR3D_FREQ 62% cpu@55.187C soc2@53.656C soc0@51.656C gpu@53.937C tj@55.406C soc1@53.125C VDD_IN 9151mW/7635mW VDD_CPU_GPU_CV 3322mW/2276mW VDD_SOC 1941mW/1772mW
10-08-2026 21:02:19 RAM 6999/7620MB (lfb 1x1MB) SWAP 116/5858MB (cached 0MB) CPU [74%@1510,74%@1510,86%@1510,86%@1510,75%@1510,77%@1510] GR3D_FREQ 5% cpu@55.437C soc2@53.687C soc0@51.718C gpu@53.812C tj@55.437C soc1@53.281C VDD_IN 9523mW/7641mW VDD_CPU_GPU_CV 3638mW/2281mW VDD_SOC 1941mW/1773mW
10-08-2026 21:02:20 RAM 7101/7620MB (lfb 33x512kB) SWAP 116/5858MB (cached 0MB) CPU [31%@729,35%@729,20%@729,16%@729,75%@1510,44%@1510] GR3D_FREQ 57% cpu@54.781C soc2@53.687C soc0@51.812C gpu@53.875C tj@54.781C soc1@53.25C VDD_IN 8293mW/7643mW VDD_CPU_GPU_CV 2610mW/2282mW VDD_SOC 1901mW/1773mW
10-08-2026 21:02:21 RAM 7178/7620MB (lfb 2023x32kB) SWAP 116/5858MB (cached 0MB) CPU [18%@1510,20%@1510,10%@1510,35%@1510,40%@729,64%@729] GR3D_FREQ 40% cpu@54.562C soc2@53.281C soc0@51.843C gpu@54C tj@54.562C soc1@53.125C VDD_IN 7499mW/7643mW VDD_CPU_GPU_CV 2096mW/2282mW VDD_SOC 1782mW/1773mW
10-08-2026 21:02:22 RAM 6697/7620MB (lfb 3x2MB) SWAP 116/5858MB (cached 0MB) CPU [17%@1510,29%@1510,73%@1510,14%@1510,28%@1497,53%@1497] GR3D_FREQ 32% cpu@54.656C soc2@53.25C soc0@51.656C gpu@53.625C tj@54.656C soc1@53.187C VDD_IN 7340mW/7642mW VDD_CPU_GPU_CV 1977mW/2281mW VDD_SOC 1743mW/1773mW
10-08-2026 21:02:23 RAM 6707/7620MB (lfb 4x2MB) SWAP 116/5858MB (cached 0MB) CPU [19%@1510,12%@1510,10%@1510,11%@1510,5%@1497,80%@1497] GR3D_FREQ 39% cpu@54.625C soc2@53.156C soc0@51.562C gpu@53.531C tj@54.625C soc1@53.218C VDD_IN 6864mW/7639mW VDD_CPU_GPU_CV 1663mW/2278mW VDD_SOC 1703mW/1773mW
10-08-2026 21:02:24 RAM 6707/7620MB (lfb 4x2MB) SWAP 116/5858MB (cached 0MB) CPU [12%@729,12%@729,8%@729,10%@729,7%@1497,81%@1497] GR3D_FREQ 63% cpu@54.5C soc2@53.093C soc0@51.625C gpu@53.593C tj@54.656C soc1@53.187C VDD_IN 6745mW/7636mW VDD_CPU_GPU_CV 1584mW/2276mW VDD_SOC 1663mW/1772mW
10-08-2026 21:02:25 RAM 6707/7620MB (lfb 4x2MB) SWAP 116/5858MB (cached 0MB) CPU [14%@1510,8%@1510,12%@1510,7%@1510,5%@1497,80%@1497] GR3D_FREQ 64% cpu@54.5C soc2@53.031C soc0@51.406C gpu@53.687C tj@54.5C soc1@53C VDD_IN 6705mW/7633mW VDD_CPU_GPU_CV 1545mW/2274mW VDD_SOC 1663mW/1772mW
10-08-2026 21:02:26 RAM 6707/7620MB (lfb 4x2MB) SWAP 116/5858MB (cached 0MB) CPU [14%@1510,6%@1510,10%@1510,11%@1510,21%@1497,66%@1497] GR3D_FREQ 42% cpu@54.593C soc2@52.968C soc0@51.437C gpu@53.625C tj@54.593C soc1@53.062C VDD_IN 6705mW/7630mW VDD_CPU_GPU_CV 1545mW/2271mW VDD_SOC 1663mW/1772mW
10-08-2026 21:02:27 RAM 6707/7620MB (lfb 4x2MB) SWAP 116/5858MB (cached 0MB) CPU [16%@1510,9%@1510,13%@1510,7%@1510,11%@729,70%@729] GR3D_FREQ 34% cpu@54.281C soc2@53C soc0@51.437C gpu@53.656C tj@54.281C soc1@53.031C VDD_IN 6745mW/7627mW VDD_CPU_GPU_CV 1545mW/2269mW VDD_SOC 1663mW/1771mW
10-08-2026 21:02:28 RAM 6707/7620MB (lfb 4x2MB) SWAP 116/5858MB (cached 0MB) CPU [21%@1510,13%@1510,43%@1510,32%@1510,4%@729,6%@729] GR3D_FREQ 36% cpu@54.281C soc2@53C soc0@51.5C gpu@53.656C tj@54.281C soc1@53.125C VDD_IN 6705mW/7624mW VDD_CPU_GPU_CV 1584mW/2267mW VDD_SOC 1663mW/1771mW
10-08-2026 21:02:29 RAM 6707/7620MB (lfb 4x2MB) SWAP 116/5858MB (cached 0MB) CPU [41%@1510,28%@1510,28%@1510,7%@1510,4%@729,7%@729] GR3D_FREQ 40% cpu@54.468C soc2@53.031C soc0@51.406C gpu@53.531C tj@54.468C soc1@53.031C VDD_IN 6705mW/7621mW VDD_CPU_GPU_CV 1584mW/2264mW VDD_SOC 1666mW/1771mW
10-08-2026 21:02:30 RAM 6706/7620MB (lfb 4x2MB) SWAP 116/5858MB (cached 0MB) CPU [32%@1510,52%@1510,6%@1510,15%@1510,7%@729,6%@729] GR3D_FREQ 63% cpu@54.656C soc2@53.031C soc0@51.406C gpu@53.437C tj@54.656C soc1@52.843C VDD_IN 6745mW/7618mW VDD_CPU_GPU_CV 1584mW/2262mW VDD_SOC 1663mW/1770mW
10-08-2026 21:02:31 RAM 6850/7620MB (lfb 2x1MB) SWAP 116/5858MB (cached 0MB) CPU [36%@1510,19%@1510,20%@1510,55%@1510,12%@729,28%@729] GR3D_FREQ 28% cpu@54.468C soc2@52.875C soc0@51.343C gpu@53.656C tj@54.468C soc1@53C VDD_IN 6705mW/7615mW VDD_CPU_GPU_CV 1703mW/2260mW VDD_SOC 1626mW/1770mW
10-08-2026 21:02:32 RAM 6856/7620MB (lfb 2x1MB) SWAP 116/5858MB (cached 0MB) CPU [53%@1510,41%@1510,38%@1510,31%@1510,28%@729,36%@729] GR3D_FREQ 9% cpu@54.562C soc2@52.937C soc0@51.406C gpu@53.5C tj@54.562C soc1@53.093C VDD_IN 6428mW/7611mW VDD_CPU_GPU_CV 1545mW/2258mW VDD_SOC 1584mW/1769mW
10-08-2026 21:02:33 RAM 6858/7620MB (lfb 2x1MB) SWAP 116/5858MB (cached 0MB) CPU [36%@1344,49%@1510,47%@1510,36%@1510,26%@729,40%@729] GR3D_FREQ 0% cpu@54.593C soc2@52.906C soc0@51.156C gpu@53.562C tj@54.593C soc1@52.906C VDD_IN 6190mW/7606mW VDD_CPU_GPU_CV 1386mW/2255mW VDD_SOC 1584mW/1769mW
10-08-2026 21:02:34 RAM 6903/7620MB (lfb 2x1MB) SWAP 116/5858MB (cached 0MB) CPU [51%@1510,63%@1510,63%@1510,56%@1510,60%@1036,68%@1036] GR3D_FREQ 0% cpu@55.093C soc2@53.187C soc0@51.218C gpu@53.437C tj@54.968C soc1@52.937C VDD_IN 7936mW/7607mW VDD_CPU_GPU_CV 2693mW/2256mW VDD_SOC 1706mW/1768mW
10-08-2026 21:02:35 RAM 7000/7620MB (lfb 16x512kB) SWAP 116/5858MB (cached 0MB) CPU [63%@1510,52%@1510,59%@1510,58%@1510,65%@806,66%@883] GR3D_FREQ 62% cpu@55.125C soc2@53.281C soc0@51.531C gpu@53.656C tj@55.125C soc1@53.031C VDD_IN 8888mW/7612mW VDD_CPU_GPU_CV 3164mW/2259mW VDD_SOC 1901mW/1769mW
10-08-2026 21:02:36 RAM 7091/7620MB (lfb 10x512kB) SWAP 116/5858MB (cached 0MB) CPU [69%@1510,67%@1510,60%@1510,52%@1510,63%@1510,60%@1510] GR3D_FREQ 36% cpu@55.437C soc2@53.625C soc0@51.5C gpu@53.718C tj@55.437C soc1@53.093C VDD_IN 9483mW/7618mW VDD_CPU_GPU_CV 3559mW/2264mW VDD_SOC 1941mW/1769mW
10-08-2026 21:02:37 RAM 7174/7620MB (lfb 6x64kB) SWAP 117/5858MB (cached 0MB) CPU [56%@1510,74%@1510,73%@1510,74%@1510,73%@1510,67%@1510] GR3D_FREQ 43% cpu@55.062C soc2@53.5C soc0@51.781C gpu@54.093C tj@55.187C soc1@53.25C VDD_IN 9547mW/7624mW VDD_CPU_GPU_CV 3593mW/2268mW VDD_SOC 1980mW/1770mW
10-08-2026 21:02:38 RAM 7148/7620MB (lfb 2x64kB) SWAP 128/5858MB (cached 0MB) CPU [61%@1510,63%@1510,66%@1510,53%@1510,64%@883,64%@883] GR3D_FREQ 67% cpu@54.968C soc2@53.718C soc0@51.812C gpu@54.093C tj@54.968C soc1@53.062C VDD_IN 9245mW/7629mW VDD_CPU_GPU_CV 3401mW/2271mW VDD_SOC 1941mW/1771mW
10-08-2026 21:02:39 RAM 6914/7620MB (lfb 3x512kB) SWAP 128/5858MB (cached 0MB) CPU [66%@1510,69%@1510,64%@1510,66%@1510,81%@1267,51%@1267] GR3D_FREQ 59% cpu@55.156C soc2@53.5C soc0@51.625C gpu@53.968C tj@55.156C soc1@53.25C VDD_IN 8451mW/7632mW VDD_CPU_GPU_CV 2926mW/2274mW VDD_SOC 1822mW/1771mW
10-08-2026 21:02:40 RAM 6973/7620MB (lfb 1x512kB) SWAP 128/5858MB (cached 0MB) CPU [60%@1510,71%@1510,43%@1510,52%@1510,81%@1510,57%@1510] GR3D_FREQ 43% cpu@55.687C soc2@53.812C soc0@51.718C gpu@54C tj@55.687C soc1@53.281C VDD_IN 9443mW/7638mW VDD_CPU_GPU_CV 3480mW/2277mW VDD_SOC 1980mW/1771mW
10-08-2026 21:02:41 RAM 6988/7620MB (lfb 1x512kB) SWAP 128/5858MB (cached 0MB) CPU [55%@1344,59%@1344,64%@1344,63%@1344,75%@1036,63%@1036] GR3D_FREQ 0% cpu@55.25C soc2@53.562C soc0@51.656C gpu@53.875C tj@55.25C soc1@53.406C VDD_IN 8888mW/7642mW VDD_CPU_GPU_CV 3243mW/2281mW VDD_SOC 1861mW/1772mW
10-08-2026 21:02:42 RAM 6998/7620MB (lfb 1x512kB) SWAP 128/5858MB (cached 0MB) CPU [43%@1510,48%@1510,67%@1510,52%@1510,60%@806,49%@806] GR3D_FREQ 46% cpu@55.062C soc2@53.593C soc0@51.812C gpu@54.125C tj@55.062C soc1@53.187C VDD_IN 8715mW/7645mW VDD_CPU_GPU_CV 3045mW/2283mW VDD_SOC 1901mW/1772mW
10-08-2026 21:02:43 RAM 7007/7620MB (lfb 1x512kB) SWAP 128/5858MB (cached 0MB) CPU [50%@1510,40%@1510,74%@1510,58%@1510,68%@1420,64%@1420] GR3D_FREQ 53% cpu@55.5C soc2@53.593C soc0@51.656C gpu@54.218C tj@55.5C soc1@53.25C VDD_IN 8967mW/7649mW VDD_CPU_GPU_CV 3164mW/2286mW VDD_SOC 1901mW/1772mW
10-08-2026 21:02:44 RAM 7018/7620MB (lfb 1x512kB) SWAP 128/5858MB (cached 0MB) CPU [55%@1267,51%@1267,67%@1267,52%@1267,78%@883,62%@883] GR3D_FREQ 29% cpu@54.843C soc2@53.562C soc0@51.656C gpu@54.125C tj@54.843C soc1@53.406C VDD_IN 7697mW/7649mW VDD_CPU_GPU_CV 2452mW/2286mW VDD_SOC 1703mW/1772mW
10-08-2026 21:02:45 RAM 7026/7620MB (lfb 1x512kB) SWAP 128/5858MB (cached 0MB) CPU [45%@1510,48%@1510,42%@1510,53%@1510,44%@729,64%@729] GR3D_FREQ 66% cpu@55.031C soc2@53.656C soc0@51.687C gpu@54.187C tj@55.031C soc1@53.312C VDD_IN 8491mW/7652mW VDD_CPU_GPU_CV 2887mW/2288mW VDD_SOC 1861mW/1773mW
10-08-2026 21:02:46 RAM 7029/7620MB (lfb 1x512kB) SWAP 128/5858MB (cached 0MB) CPU [45%@1113,57%@1113,53%@1113,45%@1113,58%@1510,75%@1510] GR3D_FREQ 67% cpu@55.312C soc2@53.656C soc0@51.937C gpu@54.031C tj@55.312C soc1@53.281C VDD_IN 9086mW/7656mW VDD_CPU_GPU_CV 3243mW/2291mW VDD_SOC 1941mW/1773mW
10-08-2026 21:02:47 RAM 7033/7620MB (lfb 1x512kB) SWAP 128/5858MB (cached 0MB) CPU [34%@1113,38%@1113,27%@1113,40%@1113,61%@729,58%@729] GR3D_FREQ 42% cpu@55C soc2@53.656C soc0@51.781C gpu@53.875C tj@55C soc1@53.281C VDD_IN 7697mW/7657mW VDD_CPU_GPU_CV 2214mW/2291mW VDD_SOC 1822mW/1773mW
10-08-2026 21:02:48 RAM 6947/7620MB (lfb 1x4MB) SWAP 128/5858MB (cached 0MB) CPU [24%@1510,51%@1510,37%@1510,37%@1510,6%@729,6%@729] GR3D_FREQ 44% cpu@54.75C soc2@53.375C soc0@51.718C gpu@53.875C tj@54.75C soc1@53.187C VDD_IN 6983mW/7654mW VDD_CPU_GPU_CV 1782mW/2289mW VDD_SOC 1703mW/1773mW
10-08-2026 21:02:49 RAM 6946/7620MB (lfb 1x4MB) SWAP 128/5858MB (cached 0MB) CPU [11%@729,7%@729,28%@729,15%@729,32%@1510,50%@1510] GR3D_FREQ 38% cpu@54.718C soc2@53.156C soc0@51.718C gpu@53.656C tj@54.718C soc1@53.468C VDD_IN 6824mW/7652mW VDD_CPU_GPU_CV 1624mW/2287mW VDD_SOC 1706mW/1773mW
10-08-2026 21:02:50 RAM 6947/7620MB (lfb 1x4MB) SWAP 128/5858MB (cached 0MB) CPU [21%@1497,7%@1497,17%@1497,8%@1497,28%@729,59%@729] GR3D_FREQ 37% cpu@54.5C soc2@53.25C soc0@51.781C gpu@53.656C tj@54.5C soc1@53.343C VDD_IN 6745mW/7649mW VDD_CPU_GPU_CV 1584mW/2285mW VDD_SOC 1663mW/1772mW
10-08-2026 21:02:51 RAM 6947/7620MB (lfb 1x4MB) SWAP 128/5858MB (cached 0MB) CPU [24%@729,8%@729,9%@729,37%@729,7%@1510,46%@1510] GR3D_FREQ 42% cpu@54.718C soc2@53.187C soc0@51.656C gpu@53.593C tj@54.718C soc1@53.093C VDD_IN 6745mW/7646mW VDD_CPU_GPU_CV 1584mW/2283mW VDD_SOC 1663mW/1772mW
10-08-2026 21:02:52 RAM 6947/7620MB (lfb 1x4MB) SWAP 128/5858MB (cached 0MB) CPU [10%@1510,18%@1510,9%@1510,9%@1510,40%@1497,51%@1497] GR3D_FREQ 65% cpu@54.906C soc2@53.062C soc0@51.593C gpu@53.75C tj@54.906C soc1@53.187C VDD_IN 6705mW/7643mW VDD_CPU_GPU_CV 1584mW/2281mW VDD_SOC 1663mW/1772mW
10-08-2026 21:02:53 RAM 6947/7620MB (lfb 1x4MB) SWAP 128/5858MB (cached 0MB) CPU [11%@729,21%@729,12%@729,13%@729,18%@1510,71%@1510] GR3D_FREQ 70% cpu@54.531C soc2@53.125C soc0@51.531C gpu@53.687C tj@54.531C soc1@53.281C VDD_IN 6785mW/7641mW VDD_CPU_GPU_CV 1624mW/2279mW VDD_SOC 1663mW/1771mW
10-08-2026 21:02:54 RAM 6947/7620MB (lfb 1x4MB) SWAP 128/5858MB (cached 0MB) CPU [14%@1510,16%@1510,6%@1510,10%@1510,25%@1510,66%@1510] GR3D_FREQ 40% cpu@54.625C soc2@53.093C soc0@51.625C gpu@53.5C tj@54.625C soc1@53.031C VDD_IN 6785mW/7638mW VDD_CPU_GPU_CV 1584mW/2277mW VDD_SOC 1663mW/1771mW
10-08-2026 21:02:55 RAM 7128/7620MB (lfb 2x1MB) SWAP 128/5858MB (cached 0MB) CPU [37%@960,48%@1510,37%@1510,47%@1510,32%@729,46%@729] GR3D_FREQ 0% cpu@54.812C soc2@53.125C soc0@51.406C gpu@53.437C tj@54.812C soc1@53.093C VDD_IN 6586mW/7635mW VDD_CPU_GPU_CV 1624mW/2275mW VDD_SOC 1624mW/1771mW
10-08-2026 21:02:56 RAM 7131/7620MB (lfb 1x1MB) SWAP 128/5858MB (cached 0MB) CPU [35%@729,32%@1510,36%@1510,49%@1510,43%@1190,43%@1190] GR3D_FREQ 0% cpu@54.531C soc2@53C soc0@51.468C gpu@53.625C tj@54.531C soc1@53.093C VDD_IN 6428mW/7631mW VDD_CPU_GPU_CV 1545mW/2272mW VDD_SOC 1584mW/1770mW
10-08-2026 21:02:57 RAM 7157/7620MB (lfb 84x64kB) SWAP 128/5858MB (cached 0MB) CPU [48%@1510,62%@1510,40%@1510,38%@1510,58%@1510,42%@1510] GR3D_FREQ 0% cpu@55.093C soc2@53.281C soc0@51.5C gpu@53.687C tj@55.093C soc1@53.281C VDD_IN 7459mW/7631mW VDD_CPU_GPU_CV 2258mW/2272mW VDD_SOC 1706mW/1770mW
10-08-2026 21:02:58 RAM 7141/7620MB (lfb 7x128kB) SWAP 130/5858MB (cached 0MB) CPU [71%@1510,72%@1510,62%@1510,74%@1510,85%@1510,78%@1510] GR3D_FREQ 22% cpu@55.531C soc2@53.343C soc0@51.718C gpu@53.781C tj@55.531C soc1@53.062C VDD_IN 8570mW/7634mW VDD_CPU_GPU_CV 3124mW/2275mW VDD_SOC 1785mW/1770mW
10-08-2026 21:02:59 RAM 7180/7620MB (lfb 1529x32kB) SWAP 131/5858MB (cached 0MB) CPU [83%@1510,86%@1510,87%@1510,76%@1510,85%@1510,75%@1510] GR3D_FREQ 65% cpu@55.875C soc2@53.656C soc0@51.656C gpu@53.906C tj@55.875C soc1@53.281C VDD_IN 9999mW/7641mW VDD_CPU_GPU_CV 3988mW/2280mW VDD_SOC 1980mW/1771mW
10-08-2026 21:03:00 RAM 7158/7620MB (lfb 6x128kB) SWAP 143/5858MB (cached 0MB) CPU [71%@1510,67%@1510,68%@1510,80%@1510,74%@729,81%@729] GR3D_FREQ 1% cpu@55.343C soc2@53.718C soc0@51.781C gpu@54.062C tj@55.343C soc1@53.437C VDD_IN 9364mW/7646mW VDD_CPU_GPU_CV 3520mW/2284mW VDD_SOC 1941mW/1771mW
10-08-2026 21:03:01 RAM 7144/7620MB (lfb 1x1MB) SWAP 163/5858MB (cached 0MB) CPU [83%@1510,82%@1510,84%@1510,79%@1510,80%@1510,77%@1510] GR3D_FREQ 0% cpu@55.843C soc2@53.687C soc0@51.781C gpu@53.968C tj@55.843C soc1@53.531C VDD_IN 9523mW/7651mW VDD_CPU_GPU_CV 3678mW/2288mW VDD_SOC 1901mW/1771mW
10-08-2026 21:03:02 RAM 7061/7620MB (lfb 3x1MB) SWAP 233/5858MB (cached 0MB) CPU [80%@1510,89%@1510,88%@1510,83%@1510,78%@1344,81%@1344] GR3D_FREQ 55% cpu@55.812C soc2@54C soc0@51.843C gpu@54.062C tj@55.812C soc1@53.406C VDD_IN 9602mW/7657mW VDD_CPU_GPU_CV 3717mW/2292mW VDD_SOC 1941mW/1772mW
10-08-2026 21:03:03 RAM 7134/7620MB (lfb 4x256kB) SWAP 233/5858MB (cached 0MB) CPU [85%@1510,88%@1510,78%@1510,87%@1510,77%@1497,78%@1497] GR3D_FREQ 15% cpu@55.875C soc2@53.906C soc0@51.937C gpu@54.125C tj@55.875C soc1@53.531C VDD_IN 9999mW/7664mW VDD_CPU_GPU_CV 3994mW/2297mW VDD_SOC 1980mW/1773mW
10-08-2026 21:03:04 RAM 7146/7620MB (lfb 2157x32kB) SWAP 241/5858MB (cached 0MB) CPU [76%@1510,73%@1510,75%@1510,74%@1510,70%@1510,73%@1510] GR3D_FREQ 68% cpu@55.593C soc2@53.937C soc0@52.062C gpu@54.093C tj@55.593C soc1@53.656C VDD_IN 9507mW/7670mW VDD_CPU_GPU_CV 3599mW/2301mW VDD_SOC 1941mW/1773mW
10-08-2026 21:03:05 RAM 7007/7620MB (lfb 16x1MB) SWAP 241/5858MB (cached 0MB) CPU [86%@1510,83%@1510,78%@1510,86%@1510,80%@1510,83%@1510] GR3D_FREQ 71% cpu@56.062C soc2@54.031C soc0@52.031C gpu@54.156C tj@56.062C soc1@53.531C VDD_IN 10102mW/7677mW VDD_CPU_GPU_CV 4027mW/2306mW VDD_SOC 2020mW/1774mW
10-08-2026 21:03:06 RAM 7104/7620MB (lfb 22x512kB) SWAP 241/5858MB (cached 0MB) CPU [83%@1510,67%@1510,67%@1510,70%@1510,69%@1510,72%@1510] GR3D_FREQ 57% cpu@55.843C soc2@54.125C soc0@52.062C gpu@54.437C tj@55.843C soc1@53.531C VDD_IN 9626mW/7683mW VDD_CPU_GPU_CV 3593mW/2310mW VDD_SOC 1980mW/1774mW
10-08-2026 21:03:07 RAM 7139/7620MB (lfb 31x256kB) SWAP 241/5858MB (cached 0MB) CPU [44%@1510,53%@1510,47%@1510,55%@1510,62%@1510,60%@1510] GR3D_FREQ 43% cpu@55.125C soc2@53.937C soc0@52.031C gpu@54.343C tj@55.125C soc1@53.625C VDD_IN 8769mW/7686mW VDD_CPU_GPU_CV 3005mW/2312mW VDD_SOC 1901mW/1775mW
10-08-2026 21:03:08 RAM 7142/7620MB (lfb 27x256kB) SWAP 241/5858MB (cached 0MB) CPU [38%@1510,24%@1510,19%@1510,17%@1510,65%@1497,41%@1497] GR3D_FREQ 0% cpu@55.343C soc2@53.718C soc0@52.125C gpu@54.031C tj@55.343C soc1@53.718C VDD_IN 8055mW/7687mW VDD_CPU_GPU_CV 2491mW/2313mW VDD_SOC 1822mW/1775mW
10-08-2026 21:03:09 RAM 7142/7620MB (lfb 27x256kB) SWAP 241/5858MB (cached 0MB) CPU [12%@1510,30%@1510,40%@1510,15%@1510,49%@1510,30%@1510] GR3D_FREQ 33% cpu@55.281C soc2@53.812C soc0@52.031C gpu@54.062C tj@55.281C soc1@53.437C VDD_IN 7856mW/7687mW VDD_CPU_GPU_CV 2294mW/2313mW VDD_SOC 1822mW/1775mW
10-08-2026 21:03:10 RAM 7124/7620MB (lfb 27x256kB) SWAP 242/5858MB (cached 0MB) CPU [26%@1190,31%@1190,26%@1190,17%@1190,32%@729,61%@729] GR3D_FREQ 50% cpu@55.031C soc2@53.875C soc0@52.062C gpu@54.031C tj@55.031C soc1@53.437C VDD_IN 7777mW/7688mW VDD_CPU_GPU_CV 2294mW/2313mW VDD_SOC 1822mW/1775mW
10-08-2026 21:03:11 RAM 7102/7620MB (lfb 1x256kB) SWAP 242/5858MB (cached 0MB) CPU [13%@729,6%@729,29%@729,48%@729,62%@729,19%@729] GR3D_FREQ 36% cpu@55.125C soc2@53.5C soc0@52.062C gpu@54.125C tj@55.125C soc1@53.562C VDD_IN 7023mW/7686mW VDD_CPU_GPU_CV 1703mW/2311mW VDD_SOC 1743mW/1775mW
10-08-2026 21:03:12 RAM 7074/7620MB (lfb 1x2MB) SWAP 242/5858MB (cached 0MB) CPU [22%@1510,6%@1510,46%@1510,26%@1510,23%@729,24%@729] GR3D_FREQ 54% cpu@54.75C soc2@53.468C soc0@52C gpu@54.125C tj@54.75C soc1@53.531C VDD_IN 6864mW/7683mW VDD_CPU_GPU_CV 1624mW/2309mW VDD_SOC 1743mW/1775mW
10-08-2026 21:03:13 RAM 7074/7620MB (lfb 1x2MB) SWAP 242/5858MB (cached 0MB) CPU [10%@1510,46%@1510,4%@1510,8%@1510,12%@1510,37%@1510] GR3D_FREQ 46% cpu@54.906C soc2@53.343C soc0@52.031C gpu@54.062C tj@54.906C soc1@53.343C VDD_IN 6705mW/7681mW VDD_CPU_GPU_CV 1584mW/2307mW VDD_SOC 1663mW/1775mW
10-08-2026 21:03:14 RAM 7075/7620MB (lfb 1x2MB) SWAP 242/5858MB (cached 0MB) CPU [10%@1510,9%@1510,11%@1510,16%@1510,5%@1510,81%@1510] GR3D_FREQ 45% cpu@55C soc2@53.468C soc0@51.812C gpu@54.062C tj@55C soc1@53.375C VDD_IN 6745mW/7678mW VDD_CPU_GPU_CV 1584mW/2305mW VDD_SOC 1663mW/1774mW
10-08-2026 21:03:15 RAM 7076/7620MB (lfb 1x2MB) SWAP 242/5858MB (cached 0MB) CPU [12%@729,10%@1510,9%@1510,18%@1510,16%@1510,65%@1510] GR3D_FREQ 29% cpu@54.781C soc2@53.281C soc0@51.843C gpu@53.781C tj@54.781C soc1@53.375C VDD_IN 6745mW/7675mW VDD_CPU_GPU_CV 1584mW/2303mW VDD_SOC 1663mW/1774mW
10-08-2026 21:03:16 RAM 7076/7620MB (lfb 1x2MB) SWAP 242/5858MB (cached 0MB) CPU [14%@729,4%@729,8%@729,9%@729,21%@1510,68%@1510] GR3D_FREQ 30% cpu@54.75C soc2@53.281C soc0@51.937C gpu@53.781C tj@54.75C soc1@53.468C VDD_IN 6745mW/7673mW VDD_CPU_GPU_CV 1584mW/2300mW VDD_SOC 1663mW/1774mW
10-08-2026 21:03:17 RAM 7078/7620MB (lfb 1x512kB) SWAP 242/5858MB (cached 0MB) CPU [8%@1510,27%@1510,46%@1510,8%@1510,7%@729,15%@729] GR3D_FREQ 63% cpu@54.843C soc2@53.312C soc0@51.812C gpu@53.75C tj@54.843C soc1@53.25C VDD_IN 6745mW/7670mW VDD_CPU_GPU_CV 1545mW/2298mW VDD_SOC 1663mW/1773mW
10-08-2026 21:03:18 RAM 7078/7620MB (lfb 1x512kB) SWAP 242/5858MB (cached 0MB) CPU [12%@1510,38%@1510,4%@1510,52%@1510,1%@729,11%@729] GR3D_FREQ 70% cpu@54.75C soc2@53.437C soc0@51.656C gpu@54C tj@54.75C soc1@53.281C VDD_IN 6785mW/7667mW VDD_CPU_GPU_CV 1584mW/2296mW VDD_SOC 1703mW/1773mW
10-08-2026 21:03:19 RAM 7078/7620MB (lfb 1x512kB) SWAP 242/5858MB (cached 0MB) CPU [7%@1510,24%@1510,25%@1510,54%@1510,0%@729,11%@729] GR3D_FREQ 47% cpu@54.843C soc2@53.187C soc0@51.687C gpu@54C tj@54.843C soc1@53.25C VDD_IN 6745mW/7665mW VDD_CPU_GPU_CV 1584mW/2294mW VDD_SOC 1703mW/1773mW
10-08-2026 21:03:20 RAM 7153/7620MB (lfb 532x64kB) SWAP 244/5858MB (cached 0MB) CPU [31%@1510,30%@1510,19%@1510,39%@1510,21%@1510,28%@1510] GR3D_FREQ 5% cpu@55.156C soc2@53.218C soc0@51.687C gpu@53.937C tj@55.156C soc1@53.375C VDD_IN 6944mW/7663mW VDD_CPU_GPU_CV 1861mW/2293mW VDD_SOC 1663mW/1773mW
10-08-2026 21:03:21 RAM 7149/7620MB (lfb 7x128kB) SWAP 246/5858MB (cached 0MB) CPU [27%@1510,38%@1510,36%@1510,29%@1510,51%@1036,48%@1036] GR3D_FREQ 8% cpu@54.656C soc2@53.156C soc0@51.75C gpu@53.656C tj@54.656C soc1@53.156C VDD_IN 6388mW/7659mW VDD_CPU_GPU_CV 1545mW/2291mW VDD_SOC 1584mW/1772mW
10-08-2026 21:03:22 RAM 7152/7620MB (lfb 7x128kB) SWAP 246/5858MB (cached 0MB) CPU [36%@1510,45%@1510,30%@1510,39%@1510,29%@729,55%@729] GR3D_FREQ 0% cpu@54.625C soc2@53.156C soc0@51.531C gpu@53.656C tj@54.625C soc1@53.156C VDD_IN 6229mW/7655mW VDD_CPU_GPU_CV 1386mW/2288mW VDD_SOC 1584mW/1772mW
10-08-2026 21:03:23 RAM 7127/7620MB (lfb 55x128kB) SWAP 254/5858MB (cached 0MB) CPU [49%@1510,54%@1510,63%@1510,64%@1510,61%@1510,61%@1510] GR3D_FREQ 0% cpu@55.187C soc2@53.406C soc0@51.562C gpu@54.062C tj@55.187C soc1@53.281C VDD_IN 7856mW/7656mW VDD_CPU_GPU_CV 2614mW/2289mW VDD_SOC 1706mW/1771mW
10-08-2026 21:03:24 RAM 7127/7620MB (lfb 55x128kB) SWAP 254/5858MB (cached 0MB) CPU [35%@1510,17%@1510,27%@1510,65%@1510,37%@729,27%@729] GR3D_FREQ 0% cpu@54.437C soc2@53.156C soc0@51.562C gpu@53.968C tj@54.437C soc1@53.125C VDD_IN 6309mW/7652mW VDD_CPU_GPU_CV 1386mW/2287mW VDD_SOC 1584mW/1771mW
10-08-2026 21:03:25 RAM 7003/7620MB (lfb 3x512kB) SWAP 254/5858MB (cached 0MB) CPU [38%@1510,31%@1510,47%@1510,42%@1510,33%@729,44%@729] GR3D_FREQ 99% cpu@54.687C soc2@53.156C soc0@51.593C gpu@53.968C tj@54.687C soc1@53.062C VDD_IN 6388mW/7648mW VDD_CPU_GPU_CV 1505mW/2285mW VDD_SOC 1584mW/1770mW
10-08-2026 21:03:26 RAM 7138/7620MB (lfb 2x512kB) SWAP 254/5858MB (cached 0MB) CPU [37%@1510,11%@1510,6%@1510,7%@1510,44%@729,67%@729] GR3D_FREQ 79% cpu@54.75C soc2@53.343C soc0@51.656C gpu@53.718C tj@54.75C soc1@53.093C VDD_IN 7618mW/7648mW VDD_CPU_GPU_CV 2135mW/2284mW VDD_SOC 1822mW/1771mW
10-08-2026 21:03:27 RAM 7174/7620MB (lfb 17x128kB) SWAP 261/5858MB (cached 0MB) CPU [25%@1510,12%@1510,42%@1510,41%@1510,30%@806,38%@806] GR3D_FREQ 1% cpu@54.531C soc2@53.25C soc0@51.656C gpu@53.75C tj@54.531C soc1@53.218C VDD_IN 7578mW/7648mW VDD_CPU_GPU_CV 2135mW/2284mW VDD_SOC 1822mW/1771mW
10-08-2026 21:03:28 RAM 7162/7620MB (lfb 1x256kB) SWAP 261/5858MB (cached 0MB) CPU [18%@1510,6%@1510,43%@1510,34%@1510,6%@729,34%@729] GR3D_FREQ 37% cpu@54.375C soc2@53.125C soc0@51.593C gpu@53.656C tj@54.375C soc1@53.156C VDD_IN 6626mW/7645mW VDD_CPU_GPU_CV 1505mW/2282mW VDD_SOC 1663mW/1770mW
10-08-2026 21:03:29 RAM 7162/7620MB (lfb 1x256kB) SWAP 261/5858MB (cached 0MB) CPU [10%@1510,3%@1510,62%@1510,25%@1510,0%@729,6%@729] GR3D_FREQ 30% cpu@54.312C soc2@53.093C soc0@51.656C gpu@53.562C tj@54.312C soc1@53C VDD_IN 6626mW/7642mW VDD_CPU_GPU_CV 1505mW/2279mW VDD_SOC 1666mW/1770mW
10-08-2026 21:03:30 RAM 7162/7620MB (lfb 1x256kB) SWAP 261/5858MB (cached 0MB) CPU [31%@1510,4%@1510,39%@1510,23%@1510,0%@729,6%@729] GR3D_FREQ 36% cpu@54.312C soc2@53.156C soc0@51.375C gpu@53.562C tj@54.312C soc1@53.031C VDD_IN 6626mW/7640mW VDD_CPU_GPU_CV 1545mW/2277mW VDD_SOC 1663mW/1770mW
10-08-2026 21:03:31 RAM 7102/7620MB (lfb 3x256kB) SWAP 261/5858MB (cached 0MB) CPU [15%@1510,71%@1510,16%@1510,17%@1510,8%@1510,13%@1510] GR3D_FREQ 38% cpu@55.093C soc2@52.968C soc0@51.406C gpu@53.312C tj@55.093C soc1@53.093C VDD_IN 6785mW/7637mW VDD_CPU_GPU_CV 1743mW/2276mW VDD_SOC 1663mW/1770mW
10-08-2026 21:03:32 RAM 6977/7620MB (lfb 5x512kB) SWAP 261/5858MB (cached 0MB) CPU [42%@1036,38%@1510,39%@1510,51%@1510,42%@883,53%@883] GR3D_FREQ 12% cpu@54.437C soc2@52.937C soc0@51.437C gpu@53.406C tj@54.437C soc1@53.093C VDD_IN 6547mW/7634mW VDD_CPU_GPU_CV 1624mW/2274mW VDD_SOC 1624mW/1769mW
10-08-2026 21:03:33 RAM 7000/7620MB (lfb 5x512kB) SWAP 261/5858MB (cached 0MB) CPU [38%@1510,49%@1510,50%@1510,40%@1510,44%@1510,50%@1510] GR3D_FREQ 33% cpu@55C soc2@53.125C soc0@51.437C gpu@53.343C tj@55C soc1@52.875C VDD_IN 6864mW/7632mW VDD_CPU_GPU_CV 1861mW/2273mW VDD_SOC 1626mW/1769mW
10-08-2026 21:03:35 RAM 7005/7620MB (lfb 5x512kB) SWAP 261/5858MB (cached 0MB) CPU [68%@1420,73%@1510,72%@1510,62%@1510,76%@1510,84%@1510] GR3D_FREQ 7% cpu@55.375C soc2@53.281C soc0@51.312C gpu@53.687C tj@55.375C soc1@53C VDD_IN 8491mW/7635mW VDD_CPU_GPU_CV 3085mW/2275mW VDD_SOC 1745mW/1769mW
10-08-2026 21:03:36 RAM 7064/7620MB (lfb 5x512kB) SWAP 261/5858MB (cached 0MB) CPU [69%@1510,71%@1510,65%@1510,67%@1510,71%@1510,68%@1510] GR3D_FREQ 48% cpu@55.218C soc2@53.5C soc0@51.468C gpu@53.781C tj@55.218C soc1@53.093C VDD_IN 9086mW/7638mW VDD_CPU_GPU_CV 3401mW/2278mW VDD_SOC 1861mW/1769mW
10-08-2026 21:03:37 RAM 7141/7620MB (lfb 5x512kB) SWAP 261/5858MB (cached 0MB) CPU [87%@1510,85%@1510,77%@1510,77%@1510,85%@1510,81%@1510] GR3D_FREQ 59% cpu@55.312C soc2@53.656C soc0@51.687C gpu@53.906C tj@55.312C soc1@53.093C VDD_IN 9959mW/7645mW VDD_CPU_GPU_CV 3948mW/2283mW VDD_SOC 1980mW/1770mW
10-08-2026 21:03:38 RAM 7185/7620MB (lfb 3x2MB) SWAP 274/5858MB (cached 0MB) CPU [60%@1510,63%@1510,77%@1510,68%@1510,73%@1510,59%@1510] GR3D_FREQ 0% cpu@55.468C soc2@53.656C soc0@51.656C gpu@53.812C tj@55.468C soc1@53.156C VDD_IN 9483mW/7650mW VDD_CPU_GPU_CV 3599mW/2286mW VDD_SOC 1941mW/1770mW
10-08-2026 21:03:39 RAM 7212/7620MB (lfb 1x512kB) SWAP 306/5858MB (cached 0MB) CPU [74%@1267,79%@1267,67%@1267,68%@1267,66%@1420,69%@1420] GR3D_FREQ 47% cpu@55.593C soc2@53.656C soc0@51.718C gpu@53.875C tj@55.593C soc1@53.312C VDD_IN 9285mW/7654mW VDD_CPU_GPU_CV 3441mW/2290mW VDD_SOC 1941mW/1770mW
10-08-2026 21:03:40 RAM 7175/7620MB (lfb 1x2MB) SWAP 355/5858MB (cached 0MB) CPU [21%@1497,36%@1497,11%@1497,41%@1497,65%@1510,39%@1510] GR3D_FREQ 70% cpu@54.875C soc2@53.656C soc0@51.875C gpu@53.75C tj@54.875C soc1@53.406C VDD_IN 8094mW/7655mW VDD_CPU_GPU_CV 2531mW/2290mW VDD_SOC 1861mW/1771mW
10-08-2026 21:03:41 RAM 7195/7620MB (lfb 1x512kB) SWAP 390/5858MB (cached 0MB) CPU [14%@1190,56%@1190,23%@1190,18%@1190,39%@1510,58%@1510] GR3D_FREQ 78% cpu@54.687C soc2@53.406C soc0@51.656C gpu@53.937C tj@54.687C soc1@53.156C VDD_IN 7697mW/7655mW VDD_CPU_GPU_CV 2175mW/2290mW VDD_SOC 1822mW/1771mW
10-08-2026 21:03:42 RAM 7195/7620MB (lfb 50x64kB) SWAP 439/5858MB (cached 0MB) CPU [14%@1510,9%@1510,38%@1510,69%@1510,13%@729,61%@729] GR3D_FREQ 77% cpu@54.843C soc2@53.531C soc0@51.718C gpu@54C tj@54.843C soc1@53.156C VDD_IN 7856mW/7656mW VDD_CPU_GPU_CV 2333mW/2290mW VDD_SOC 1822mW/1771mW
10-08-2026 21:03:43 RAM 7029/7620MB (lfb 26x2MB) SWAP 439/5858MB (cached 0MB) CPU [22%@1510,11%@1510,7%@1510,25%@1510,26%@729,34%@729] GR3D_FREQ 34% cpu@54.437C soc2@53.093C soc0@51.593C gpu@53.812C tj@54.437C soc1@53.218C VDD_IN 6705mW/7653mW VDD_CPU_GPU_CV 1545mW/2288mW VDD_SOC 1703mW/1771mW
10-08-2026 21:03:44 RAM 7029/7620MB (lfb 26x2MB) SWAP 439/5858MB (cached 0MB) CPU [8%@1510,8%@1510,69%@1510,16%@1510,1%@729,1%@729] GR3D_FREQ 39% cpu@54.375C soc2@53.093C soc0@51.625C gpu@53.843C tj@54.375C soc1@53.25C VDD_IN 6666mW/7651mW VDD_CPU_GPU_CV 1545mW/2286mW VDD_SOC 1663mW/1770mW
10-08-2026 21:03:45 RAM 7029/7620MB (lfb 26x2MB) SWAP 439/5858MB (cached 0MB) CPU [11%@1510,2%@1510,67%@1510,21%@1510,6%@729,0%@729] GR3D_FREQ 30% cpu@54.468C soc2@53.093C soc0@51.687C gpu@53.875C tj@54.593C soc1@53.281C VDD_IN 6666mW/7648mW VDD_CPU_GPU_CV 1545mW/2284mW VDD_SOC 1663mW/1770mW
10-08-2026 21:03:46 RAM 7029/7620MB (lfb 26x2MB) SWAP 439/5858MB (cached 0MB) CPU [35%@1497,39%@1497,11%@1497,15%@1497,5%@729,0%@729] GR3D_FREQ 38% cpu@54.562C soc2@53.062C soc0@51.531C gpu@53.75C tj@54.562C soc1@53C VDD_IN 6666mW/7646mW VDD_CPU_GPU_CV 1545mW/2282mW VDD_SOC 1663mW/1770mW
10-08-2026 21:03:47 RAM 7029/7620MB (lfb 26x2MB) SWAP 439/5858MB (cached 0MB) CPU [17%@1510,33%@1510,6%@1510,41%@1510,5%@729,0%@729] GR3D_FREQ 69% cpu@54.625C soc2@53.125C soc0@51.5C gpu@53.562C tj@54.625C soc1@53.093C VDD_IN 6705mW/7643mW VDD_CPU_GPU_CV 1545mW/2280mW VDD_SOC 1663mW/1770mW
10-08-2026 21:03:48 RAM 7029/7620MB (lfb 26x2MB) SWAP 439/5858MB (cached 0MB) CPU [7%@1510,33%@1510,5%@1510,53%@1510,6%@729,0%@729] GR3D_FREQ 59% cpu@54.312C soc2@53.031C soc0@51.406C gpu@53.562C tj@54.312C soc1@53.093C VDD_IN 6666mW/7641mW VDD_CPU_GPU_CV 1584mW/2278mW VDD_SOC 1663mW/1769mW
10-08-2026 21:03:49 RAM 6958/7620MB (lfb 16x2MB) SWAP 439/5858MB (cached 0MB) CPU [15%@1510,52%@1510,18%@1510,32%@1510,21%@1510,22%@1510] GR3D_FREQ 8% cpu@54.906C soc2@53.125C soc0@51.531C gpu@53.718C tj@54.906C soc1@53C VDD_IN 6864mW/7639mW VDD_CPU_GPU_CV 1822mW/2277mW VDD_SOC 1666mW/1769mW
10-08-2026 21:03:50 RAM 6974/7620MB (lfb 16x2MB) SWAP 439/5858MB (cached 0MB) CPU [37%@1510,41%@1510,43%@1510,51%@1510,38%@883,30%@883] GR3D_FREQ 8% cpu@54.468C soc2@53.125C soc0@51.406C gpu@53.437C tj@54.468C soc1@53C VDD_IN 6586mW/7636mW VDD_CPU_GPU_CV 1663mW/2275mW VDD_SOC 1584mW/1769mW
10-08-2026 21:03:51 RAM 6996/7620MB (lfb 10x2MB) SWAP 439/5858MB (cached 0MB) CPU [46%@1510,49%@1510,54%@1510,51%@1510,59%@1510,47%@1510] GR3D_FREQ 0% cpu@55.062C soc2@53.093C soc0@51.375C gpu@53.5C tj@55.062C soc1@53.093C VDD_IN 7301mW/7635mW VDD_CPU_GPU_CV 2178mW/2275mW VDD_SOC 1666mW/1768mW
10-08-2026 21:03:52 RAM 7012/7620MB (lfb 19x2MB) SWAP 439/5858MB (cached 0MB) CPU [70%@1510,78%@1510,73%@1510,81%@1510,75%@1510,73%@1510] GR3D_FREQ 0% cpu@55.5C soc2@53.25C soc0@51.531C gpu@53.781C tj@55.5C soc1@52.968C VDD_IN 8570mW/7637mW VDD_CPU_GPU_CV 3124mW/2277mW VDD_SOC 1785mW/1768mW
10-08-2026 21:03:53 RAM 7121/7620MB (lfb 4x2MB) SWAP 439/5858MB (cached 0MB) CPU [64%@1510,72%@1510,77%@1510,74%@1510,65%@1510,69%@1510] GR3D_FREQ 50% cpu@55.406C soc2@53.656C soc0@51.468C gpu@54.062C tj@55.406C soc1@53.093C VDD_IN 9523mW/7642mW VDD_CPU_GPU_CV 3599mW/2281mW VDD_SOC 1941mW/1769mW
10-08-2026 21:03:54 RAM 6888/7620MB (lfb 2x4MB) SWAP 439/5858MB (cached 0MB) CPU [86%@1510,76%@1510,80%@1510,81%@1510,82%@1113,74%@1113] GR3D_FREQ 42% cpu@55.187C soc2@53.562C soc0@51.625C gpu@53.906C tj@55.187C soc1@53.187C VDD_IN 9761mW/7648mW VDD_CPU_GPU_CV 3796mW/2285mW VDD_SOC 1980mW/1769mW
10-08-2026 21:03:55 RAM 6954/7620MB (lfb 38x1MB) SWAP 439/5858MB (cached 0MB) CPU [75%@1510,65%@1510,57%@1510,68%@1510,79%@1510,71%@1510] GR3D_FREQ 37% cpu@55.625C soc2@53.625C soc0@51.718C gpu@53.937C tj@55.625C soc1@53.187C VDD_IN 9364mW/7652mW VDD_CPU_GPU_CV 3559mW/2288mW VDD_SOC 1901mW/1770mW
10-08-2026 21:03:56 RAM 7046/7620MB (lfb 8x1MB) SWAP 439/5858MB (cached 0MB) CPU [87%@1510,81%@1510,86%@1510,77%@1510,76%@1510,78%@1510] GR3D_FREQ 68% cpu@55.468C soc2@53.937C soc0@51.906C gpu@54.281C tj@55.687C soc1@53.218C VDD_IN 9666mW/7657mW VDD_CPU_GPU_CV 3757mW/2292mW VDD_SOC 1941mW/1770mW
10-08-2026 21:03:57 RAM 7141/7620MB (lfb 18x512kB) SWAP 439/5858MB (cached 0MB) CPU [84%@1510,64%@1510,62%@1510,65%@1510,73%@1510,70%@1510] GR3D_FREQ 26% cpu@55.75C soc2@54C soc0@51.812C gpu@54.312C tj@55.562C soc1@53.281C VDD_IN 9824mW/7663mW VDD_CPU_GPU_CV 3790mW/2296mW VDD_SOC 1980mW/1771mW
10-08-2026 21:03:58 RAM 6903/7620MB (lfb 1x2MB) SWAP 439/5858MB (cached 0MB) CPU [86%@1510,79%@1510,74%@1510,87%@1510,84%@1510,82%@1510] GR3D_FREQ 46% cpu@55.593C soc2@53.937C soc0@51.906C gpu@54.375C tj@55.593C soc1@53.437C VDD_IN 9904mW/7669mW VDD_CPU_GPU_CV 3869mW/2300mW VDD_SOC 1980mW/1771mW
10-08-2026 21:03:59 RAM 6990/7620MB (lfb 1x2MB) SWAP 439/5858MB (cached 0MB) CPU [69%@1510,55%@1510,73%@1510,71%@1510,72%@1510,68%@1510] GR3D_FREQ 10% cpu@55.718C soc2@53.843C soc0@51.968C gpu@54.125C tj@55.718C soc1@53.343C VDD_IN 9523mW/7673mW VDD_CPU_GPU_CV 3599mW/2303mW VDD_SOC 1941mW/1772mW
10-08-2026 21:04:00 RAM 7084/7620MB (lfb 9x1MB) SWAP 439/5858MB (cached 0MB) CPU [63%@1510,78%@1510,53%@1510,59%@1510,74%@729,61%@729] GR3D_FREQ 48% cpu@55.187C soc2@53.75C soc0@51.875C gpu@54.156C tj@55.187C soc1@53.5C VDD_IN 8808mW/7676mW VDD_CPU_GPU_CV 3085mW/2305mW VDD_SOC 1901mW/1772mW
10-08-2026 21:04:01 RAM 7181/7620MB (lfb 38x256kB) SWAP 439/5858MB (cached 0MB) CPU [22%@806,59%@806,6%@806,15%@806,36%@1510,42%@1510] GR3D_FREQ 42% cpu@55.187C soc2@53.656C soc0@51.968C gpu@54.062C tj@55.187C soc1@53.375C VDD_IN 7975mW/7677mW VDD_CPU_GPU_CV 2412mW/2305mW VDD_SOC 1861mW/1772mW
10-08-2026 21:04:02 RAM 7193/7620MB (lfb 30x256kB) SWAP 439/5858MB (cached 0MB) CPU [17%@1510,42%@1510,23%@1510,28%@1510,15%@1510,72%@1510] GR3D_FREQ 77% cpu@54.906C soc2@53.687C soc0@51.968C gpu@53.937C tj@54.906C soc1@53.406C VDD_IN 7777mW/7677mW VDD_CPU_GPU_CV 2294mW/2305mW VDD_SOC 1822mW/1772mW
10-08-2026 21:04:03 RAM 7199/7620MB (lfb 12x256kB) SWAP 439/5858MB (cached 0MB) CPU [14%@1510,17%@1510,38%@1510,20%@1510,22%@1113,72%@1113] GR3D_FREQ 80% cpu@54.875C soc2@53.656C soc0@52.062C gpu@53.875C tj@54.875C soc1@53.375C VDD_IN 7777mW/7678mW VDD_CPU_GPU_CV 2254mW/2305mW VDD_SOC 1822mW/1772mW
10-08-2026 21:04:04 RAM 7027/7620MB (lfb 3x2MB) SWAP 439/5858MB (cached 0MB) CPU [44%@1510,36%@1510,24%@1510,17%@1510,30%@729,17%@729] GR3D_FREQ 42% cpu@54.968C soc2@53.562C soc0@51.812C gpu@54C tj@54.968C soc1@53.312C VDD_IN 7420mW/7677mW VDD_CPU_GPU_CV 1938mW/2304mW VDD_SOC 1822mW/1773mW
10-08-2026 21:04:05 RAM 7033/7620MB (lfb 3x2MB) SWAP 439/5858MB (cached 0MB) CPU [10%@729,61%@729,11%@1510,10%@1510,12%@1510,9%@1510] GR3D_FREQ 39% cpu@54.687C soc2@53.281C soc0@51.718C gpu@53.875C tj@54.687C soc1@53.437C VDD_IN 6785mW/7675mW VDD_CPU_GPU_CV 1584mW/2302mW VDD_SOC 1706mW/1772mW
10-08-2026 21:04:06 RAM 7033/7620MB (lfb 3x2MB) SWAP 439/5858MB (cached 0MB) CPU [6%@1510,4%@1510,8%@1510,14%@1510,19%@1510,63%@1510] GR3D_FREQ 37% cpu@54.687C soc2@53.218C soc0@51.812C gpu@53.656C tj@54.687C soc1@53.437C VDD_IN 6705mW/7672mW VDD_CPU_GPU_CV 1545mW/2301mW VDD_SOC 1666mW/1772mW
10-08-2026 21:04:07 RAM 7033/7620MB (lfb 3x2MB) SWAP 439/5858MB (cached 0MB) CPU [4%@1510,10%@1510,6%@1510,8%@1510,18%@1510,66%@1510] GR3D_FREQ 37% cpu@54.75C soc2@53.156C soc0@51.812C gpu@53.656C tj@54.75C soc1@53.281C VDD_IN 6705mW/7670mW VDD_CPU_GPU_CV 1545mW/2299mW VDD_SOC 1663mW/1772mW
10-08-2026 21:04:08 RAM 7034/7620MB (lfb 3x2MB) SWAP 439/5858MB (cached 0MB) CPU [9%@729,4%@729,6%@729,15%@729,25%@1510,55%@1510] GR3D_FREQ 60% cpu@54.875C soc2@53.281C soc0@51.593C gpu@53.656C tj@54.875C soc1@53.093C VDD_IN 6705mW/7667mW VDD_CPU_GPU_CV 1584mW/2297mW VDD_SOC 1663mW/1772mW
10-08-2026 21:04:09 RAM 7034/7620MB (lfb 3x2MB) SWAP 439/5858MB (cached 0MB) CPU [15%@1510,6%@1510,9%@1510,7%@1510,2%@1497,79%@1497] GR3D_FREQ 61% cpu@54.5C soc2@53.125C soc0@51.593C gpu@53.562C tj@54.5C soc1@53.156C VDD_IN 6705mW/7665mW VDD_CPU_GPU_CV 1584mW/2295mW VDD_SOC 1663mW/1771mW
10-08-2026 21:04:10 RAM 7034/7620MB (lfb 3x2MB) SWAP 439/5858MB (cached 0MB) CPU [10%@1497,5%@1497,27%@1497,21%@1497,13%@729,38%@729] GR3D_FREQ 37% cpu@54.375C soc2@53.093C soc0@51.625C gpu@53.75C tj@54.375C soc1@53.218C VDD_IN 6705mW/7663mW VDD_CPU_GPU_CV 1545mW/2293mW VDD_SOC 1663mW/1771mW
10-08-2026 21:04:11 RAM 7034/7620MB (lfb 3x2MB) SWAP 439/5858MB (cached 0MB) CPU [12%@1510,4%@1510,50%@1510,25%@1510,10%@729,10%@729] GR3D_FREQ 43% cpu@54.468C soc2@53.156C soc0@51.687C gpu@53.781C tj@54.468C soc1@53.312C VDD_IN 6745mW/7660mW VDD_CPU_GPU_CV 1584mW/2291mW VDD_SOC 1663mW/1771mW
10-08-2026 21:04:12 RAM 6688/7620MB (lfb 21x1MB) SWAP 438/5858MB (cached 0MB) CPU [19%@1510,38%@1510,28%@1510,51%@1510,21%@1510,24%@1510] GR3D_FREQ 0% cpu@55.218C soc2@53.343C soc0@51.406C gpu@53.812C tj@55.218C soc1@53.125C VDD_IN 7182mW/7659mW VDD_CPU_GPU_CV 1980mW/2291mW VDD_SOC 1666mW/1771mW
10-08-2026 21:04:13 RAM 6729/7620MB (lfb 13x1MB) SWAP 438/5858MB (cached 0MB) CPU [32%@1510,31%@1510,36%@1510,67%@1510,39%@729,27%@729] GR3D_FREQ 0% cpu@54.906C soc2@53.25C soc0@51.531C gpu@53.562C tj@54.906C soc1@53.093C VDD_IN 6586mW/7656mW VDD_CPU_GPU_CV 1624mW/2289mW VDD_SOC 1624mW/1770mW
10-08-2026 21:04:14 RAM 6730/7620MB (lfb 13x1MB) SWAP 438/5858MB (cached 0MB) CPU [35%@1510,42%@1510,30%@1510,51%@1510,36%@729,31%@729] GR3D_FREQ 0% cpu@54.593C soc2@53.062C soc0@51.5C gpu@53.468C tj@54.593C soc1@53.218C VDD_IN 6348mW/7653mW VDD_CPU_GPU_CV 1505mW/2287mW VDD_SOC 1584mW/1770mW
10-08-2026 21:04:15 RAM 6763/7620MB (lfb 13x1MB) SWAP 438/5858MB (cached 0MB) CPU [61%@1510,52%@1510,47%@1510,56%@1510,61%@1510,73%@1510] GR3D_FREQ 29% cpu@55.437C soc2@53.281C soc0@51.562C gpu@53.718C tj@55.437C soc1@53.062C VDD_IN 7975mW/7654mW VDD_CPU_GPU_CV 2733mW/2288mW VDD_SOC 1706mW/1770mW
10-08-2026 21:04:16 RAM 6766/7620MB (lfb 13x1MB) SWAP 438/5858MB (cached 0MB) CPU [67%@1510,62%@1510,77%@1510,74%@1510,75%@1510,69%@1510] GR3D_FREQ 1% cpu@55.75C soc2@53.437C soc0@51.437C gpu@53.937C tj@55.75C soc1@53.156C VDD_IN 8531mW/7656mW VDD_CPU_GPU_CV 3090mW/2290mW VDD_SOC 1785mW/1770mW
10-08-2026 21:04:17 RAM 6886/7620MB (lfb 13x1MB) SWAP 438/5858MB (cached 0MB) CPU [65%@1510,67%@1510,68%@1510,65%@1510,73%@1510,73%@1510] GR3D_FREQ 47% cpu@55.5C soc2@53.593C soc0@51.781C gpu@53.875C tj@55.5C soc1@53.281C VDD_IN 9523mW/7661mW VDD_CPU_GPU_CV 3638mW/2293mW VDD_SOC 1941mW/1770mW
10-08-2026 21:04:18 RAM 6951/7620MB (lfb 13x1MB) SWAP 438/5858MB (cached 0MB) CPU [54%@1510,63%@1510,66%@1510,69%@1510,69%@729,73%@729] GR3D_FREQ 41% cpu@55.156C soc2@53.75C soc0@51.875C gpu@53.906C tj@55.156C soc1@53.375C VDD_IN 9324mW/7665mW VDD_CPU_GPU_CV 3401mW/2296mW VDD_SOC 1941mW/1770mW
10-08-2026 21:04:19 RAM 7065/7620MB (lfb 12x1MB) SWAP 438/5858MB (cached 0MB) CPU [48%@1510,79%@1510,56%@1510,61%@1510,59%@1036,62%@1036] GR3D_FREQ 50% cpu@55.343C soc2@53.812C soc0@51.781C gpu@54.031C tj@55.343C soc1@53.281C VDD_IN 9428mW/7669mW VDD_CPU_GPU_CV 3474mW/2299mW VDD_SOC 1980mW/1771mW
10-08-2026 21:04:20 RAM 7132/7620MB (lfb 12x1MB) SWAP 438/5858MB (cached 0MB) CPU [75%@1510,76%@1510,70%@1510,71%@1510,85%@1510,76%@1510] GR3D_FREQ 0% cpu@55.687C soc2@53.906C soc0@51.718C gpu@54.218C tj@55.687C soc1@53.437C VDD_IN 9800mW/7674mW VDD_CPU_GPU_CV 3796mW/2303mW VDD_SOC 1980mW/1771mW
10-08-2026 21:04:21 RAM 6930/7620MB (lfb 1x4MB) SWAP 438/5858MB (cached 0MB) CPU [70%@1510,61%@1510,75%@1510,80%@1510,72%@729,76%@729] GR3D_FREQ 38% cpu@55.375C soc2@53.687C soc0@51.906C gpu@54.281C tj@55.375C soc1@53.531C VDD_IN 9007mW/7677mW VDD_CPU_GPU_CV 3282mW/2305mW VDD_SOC 1901mW/1772mW
10-08-2026 21:04:22 RAM 7067/7620MB (lfb 1x128kB) SWAP 438/5858MB (cached 0MB) CPU [75%@1510,65%@1510,63%@1510,57%@1510,73%@1510,64%@1510] GR3D_FREQ 77% cpu@55.875C soc2@54.031C soc0@52.125C gpu@54.125C tj@55.875C soc1@53.656C VDD_IN 9666mW/7682mW VDD_CPU_GPU_CV 3672mW/2308mW VDD_SOC 1980mW/1772mW
10-08-2026 21:04:23 RAM 7075/7620MB (lfb 1x128kB) SWAP 438/5858MB (cached 0MB) CPU [83%@1510,50%@1510,42%@1510,48%@1510,52%@729,60%@729] GR3D_FREQ 70% cpu@55.218C soc2@53.656C soc0@51.906C gpu@54.093C tj@55.218C soc1@53.468C VDD_IN 8253mW/7684mW VDD_CPU_GPU_CV 2689mW/2309mW VDD_SOC 1822mW/1772mW
10-08-2026 21:04:24 RAM 7075/7620MB (lfb 1x128kB) SWAP 438/5858MB (cached 0MB) CPU [15%@1510,11%@1510,9%@1510,76%@1510,20%@729,46%@729] GR3D_FREQ 53% cpu@55C soc2@53.656C soc0@51.906C gpu@54C tj@55C soc1@53.406C VDD_IN 7737mW/7684mW VDD_CPU_GPU_CV 2214mW/2309mW VDD_SOC 1822mW/1773mW
10-08-2026 21:04:25 RAM 6997/7620MB (lfb 31x2MB) SWAP 438/5858MB (cached 0MB) CPU [25%@729,15%@729,29%@729,28%@729,61%@1510,8%@1510] GR3D_FREQ 53% cpu@55.218C soc2@53.468C soc0@51.875C gpu@53.843C tj@55.218C soc1@53.468C VDD_IN 6944mW/7682mW VDD_CPU_GPU_CV 1740mW/2308mW VDD_SOC 1703mW/1772mW
10-08-2026 21:04:26 RAM 6998/7620MB (lfb 31x2MB) SWAP 438/5858MB (cached 0MB) CPU [15%@1510,3%@1510,8%@1510,7%@1510,27%@1510,61%@1510] GR3D_FREQ 40% cpu@54.781C soc2@53.343C soc0@51.843C gpu@54.156C tj@54.781C soc1@53.437C VDD_IN 6745mW/7680mW VDD_CPU_GPU_CV 1584mW/2306mW VDD_SOC 1703mW/1772mW
10-08-2026 21:04:27 RAM 6998/7620MB (lfb 31x2MB) SWAP 438/5858MB (cached 0MB) CPU [13%@1510,7%@1510,7%@1510,8%@1510,18%@1510,62%@1510] GR3D_FREQ 39% cpu@54.812C soc2@53.25C soc0@51.781C gpu@54.093C tj@54.812C soc1@53.281C VDD_IN 6705mW/7677mW VDD_CPU_GPU_CV 1545mW/2304mW VDD_SOC 1663mW/1772mW
10-08-2026 21:04:28 RAM 6998/7620MB (lfb 31x2MB) SWAP 438/5858MB (cached 0MB) CPU [9%@729,7%@1510,10%@1510,8%@1510,9%@1510,75%@1510] GR3D_FREQ 37% cpu@54.843C soc2@53.281C soc0@51.625C gpu@54C tj@54.843C soc1@53.156C VDD_IN 6745mW/7675mW VDD_CPU_GPU_CV 1584mW/2302mW VDD_SOC 1663mW/1772mW
10-08-2026 21:04:29 RAM 6998/7620MB (lfb 31x2MB) SWAP 438/5858MB (cached 0MB) CPU [5%@1420,23%@1420,59%@1420,3%@1420,5%@729,13%@729] GR3D_FREQ 51% cpu@54.531C soc2@53.25C soc0@51.718C gpu@53.781C tj@54.531C soc1@53.312C VDD_IN 6705mW/7673mW VDD_CPU_GPU_CV 1584mW/2301mW VDD_SOC 1666mW/1771mW
10-08-2026 21:04:30 RAM 6985/7620MB (lfb 29x2MB) SWAP 438/5858MB (cached 0MB) CPU [8%@1344,4%@1344,67%@1344,14%@1344,9%@729,11%@729] GR3D_FREQ 0% cpu@54.593C soc2@53.156C soc0@51.75C gpu@53.781C tj@54.593C soc1@53.312C VDD_IN 6467mW/7670mW VDD_CPU_GPU_CV 1465mW/2299mW VDD_SOC 1624mW/1771mW
10-08-2026 21:04:31 RAM 7112/7620MB (lfb 6x2MB) SWAP 438/5858MB (cached 0MB) CPU [29%@806,45%@806,46%@806,49%@1510,45%@729,44%@729] GR3D_FREQ 10% cpu@54.781C soc2@53.25C soc0@51.687C gpu@53.687C tj@54.781C soc1@53.187C VDD_IN 6547mW/7667mW VDD_CPU_GPU_CV 1624mW/2297mW VDD_SOC 1624mW/1771mW
10-08-2026 21:04:32 RAM 7113/7620MB (lfb 6x2MB) SWAP 438/5858MB (cached 0MB) CPU [45%@1510,29%@1510,27%@1510,35%@1510,34%@729,52%@729] GR3D_FREQ 8% cpu@54.531C soc2@53.187C soc0@51.5C gpu@53.437C tj@54.531C soc1@53.156C VDD_IN 6388mW/7664mW VDD_CPU_GPU_CV 1505mW/2295mW VDD_SOC 1584mW/1770mW
10-08-2026 21:04:33 RAM 7143/7620MB (lfb 1x2MB) SWAP 438/5858MB (cached 0MB) CPU [68%@1497,67%@1510,57%@1510,64%@1510,73%@1510,74%@1510] GR3D_FREQ 0% cpu@55.375C soc2@53.468C soc0@51.562C gpu@53.656C tj@55.375C soc1@53.312C VDD_IN 8213mW/7666mW VDD_CPU_GPU_CV 2852mW/2297mW VDD_SOC 1745mW/1770mW
10-08-2026 21:04:34 RAM 7147/7620MB (lfb 5x1MB) SWAP 438/5858MB (cached 0MB) CPU [62%@1497,64%@1497,55%@1497,63%@1497,66%@1510,65%@1510] GR3D_FREQ 0% cpu@55.281C soc2@53.5C soc0@51.718C gpu@53.75C tj@55.281C soc1@53.25C VDD_IN 8094mW/7667mW VDD_CPU_GPU_CV 2847mW/2298mW VDD_SOC 1706mW/1770mW
10-08-2026 21:04:35 RAM 7218/7620MB (lfb 4x128kB) SWAP 440/5858MB (cached 0MB) CPU [87%@1510,78%@1510,72%@1510,77%@1510,90%@1510,81%@1510] GR3D_FREQ 38% cpu@56C soc2@53.812C soc0@51.687C gpu@54.062C tj@56C soc1@53.343C VDD_IN 9920mW/7672mW VDD_CPU_GPU_CV 3955mW/2302mW VDD_SOC 1980mW/1771mW
10-08-2026 21:04:36 RAM 7194/7620MB (lfb 1x2MB) SWAP 449/5858MB (cached 0MB) CPU [86%@1510,78%@1510,80%@1510,87%@1510,88%@1510,75%@1510] GR3D_FREQ 0% cpu@55.781C soc2@53.781C soc0@51.781C gpu@54.031C tj@55.781C soc1@53.406C VDD_IN 9880mW/7677mW VDD_CPU_GPU_CV 3915mW/2306mW VDD_SOC 1980mW/1771mW
10-08-2026 21:04:37 RAM 7184/7620MB (lfb 1x256kB) SWAP 450/5858MB (cached 0MB) CPU [89%@1510,65%@1510,64%@1510,64%@1510,60%@729,68%@729] GR3D_FREQ 0% cpu@55C soc2@53.656C soc0@51.906C gpu@53.906C tj@55.093C soc1@53.593C VDD_IN 8451mW/7679mW VDD_CPU_GPU_CV 2847mW/2307mW VDD_SOC 1822mW/1771mW
10-08-2026 21:04:38 RAM 7223/7620MB (lfb 12x64kB) SWAP 450/5858MB (cached 0MB) CPU [89%@1510,66%@1510,68%@1510,63%@1510,67%@1510,70%@1510] GR3D_FREQ 66% cpu@55.687C soc2@53.906C soc0@52.062C gpu@54.031C tj@55.687C soc1@53.468C VDD_IN 9602mW/7683mW VDD_CPU_GPU_CV 3638mW/2310mW VDD_SOC 1941mW/1772mW
10-08-2026 21:04:39 RAM 7223/7620MB (lfb 3x64kB) SWAP 455/5858MB (cached 0MB) CPU [66%@1497,55%@1497,58%@1497,56%@1497,52%@1510,63%@1510] GR3D_FREQ 60% cpu@55.593C soc2@54.125C soc0@51.906C gpu@54.25C tj@55.593C soc1@53.375C VDD_IN 9047mW/7687mW VDD_CPU_GPU_CV 3243mW/2312mW VDD_SOC 1901mW/1772mW
10-08-2026 21:04:40 RAM 7220/7620MB (lfb 2119x32kB) SWAP 460/5858MB (cached 0MB) CPU [32%@1510,35%@1510,40%@1510,73%@1510,43%@729,60%@729] GR3D_FREQ 47% cpu@55.187C soc2@53.687C soc0@52.031C gpu@54.25C tj@55.187C soc1@53.531C VDD_IN 8372mW/7688mW VDD_CPU_GPU_CV 2689mW/2313mW VDD_SOC 1861mW/1772mW
10-08-2026 21:04:41 RAM 7221/7620MB (lfb 2119x32kB) SWAP 460/5858MB (cached 0MB) CPU [48%@960,28%@960,22%@1510,14%@1510,32%@729,38%@729] GR3D_FREQ 50% cpu@54.781C soc2@53.625C soc0@52C gpu@54.156C tj@54.781C soc1@53.468C VDD_IN 7578mW/7688mW VDD_CPU_GPU_CV 2135mW/2313mW VDD_SOC 1782mW/1772mW
10-08-2026 21:04:42 RAM 7223/7620MB (lfb 2117x32kB) SWAP 462/5858MB (cached 0MB) CPU [48%@1510,11%@1510,30%@1510,23%@1510,19%@806,64%@806] GR3D_FREQ 44% cpu@54.875C soc2@53.593C soc0@52.156C gpu@53.968C tj@54.875C soc1@53.437C VDD_IN 7896mW/7688mW VDD_CPU_GPU_CV 2373mW/2313mW VDD_SOC 1822mW/1772mW
10-08-2026 21:04:43 RAM 7223/7620MB (lfb 2116x32kB) SWAP 462/5858MB (cached 0MB) CPU [12%@1510,37%@1510,41%@1510,12%@1510,39%@729,38%@729] GR3D_FREQ 65% cpu@55C soc2@53.687C soc0@51.906C gpu@53.937C tj@55C soc1@53.406C VDD_IN 7618mW/7688mW VDD_CPU_GPU_CV 2135mW/2312mW VDD_SOC 1822mW/1772mW
10-08-2026 21:04:44 RAM 6976/7620MB (lfb 1x2MB) SWAP 463/5858MB (cached 0MB) CPU [18%@1510,17%@1510,60%@1510,30%@1510,3%@729,8%@729] GR3D_FREQ 66% cpu@54.75C soc2@53.375C soc0@51.812C gpu@53.875C tj@54.75C soc1@53.406C VDD_IN 6864mW/7686mW VDD_CPU_GPU_CV 1663mW/2311mW VDD_SOC 1703mW/1772mW
10-08-2026 21:04:45 RAM 6977/7620MB (lfb 1x2MB) SWAP 463/5858MB (cached 0MB) CPU [43%@1510,48%@1510,9%@1510,7%@1510,2%@729,6%@729] GR3D_FREQ 42% cpu@54.812C soc2@53.406C soc0@51.906C gpu@53.75C tj@54.812C soc1@53.468C VDD_IN 6705mW/7684mW VDD_CPU_GPU_CV 1584mW/2309mW VDD_SOC 1663mW/1772mW
10-08-2026 21:04:46 RAM 6977/7620MB (lfb 1x2MB) SWAP 463/5858MB (cached 0MB) CPU [17%@1510,74%@1510,5%@1510,10%@1510,4%@729,6%@729] GR3D_FREQ 44% cpu@54.75C soc2@53.281C soc0@51.906C gpu@53.937C tj@54.843C soc1@53.437C VDD_IN 6705mW/7682mW VDD_CPU_GPU_CV 1584mW/2307mW VDD_SOC 1663mW/1772mW
10-08-2026 21:04:47 RAM 6977/7620MB (lfb 1x2MB) SWAP 463/5858MB (cached 0MB) CPU [15%@1510,50%@1510,4%@1510,36%@1510,9%@729,7%@729] GR3D_FREQ 38% cpu@54.781C soc2@53.343C soc0@51.843C gpu@53.937C tj@54.781C soc1@53.25C VDD_IN 6705mW/7680mW VDD_CPU_GPU_CV 1584mW/2306mW VDD_SOC 1663mW/1771mW
10-08-2026 21:04:48 RAM 7000/7620MB (lfb 1x512kB) SWAP 463/5858MB (cached 0MB) CPU [31%@1510,57%@1510,7%@1510,12%@1510,10%@960,9%@960] GR3D_FREQ 0% cpu@54.75C soc2@53.218C soc0@51.656C gpu@53.656C tj@54.687C soc1@53.281C VDD_IN 6428mW/7677mW VDD_CPU_GPU_CV 1465mW/2304mW VDD_SOC 1624mW/1771mW
10-08-2026 21:04:49 RAM 7095/7620MB (lfb 1x2MB) SWAP 463/5858MB (cached 0MB) CPU [47%@1497,40%@1497,47%@1497,53%@1497,56%@729,42%@729] GR3D_FREQ 0% cpu@54.906C soc2@53.218C soc0@51.687C gpu@53.781C tj@54.906C soc1@53.312C VDD_IN 6666mW/7674mW VDD_CPU_GPU_CV 1703mW/2303mW VDD_SOC 1624mW/1771mW
10-08-2026 21:04:50 RAM 7098/7620MB (lfb 2x256kB) SWAP 463/5858MB (cached 0MB) CPU [44%@1510,42%@1510,37%@1510,37%@1510,47%@1510,56%@1510] GR3D_FREQ 0% cpu@55C soc2@53.312C soc0@51.562C gpu@53.812C tj@55C soc1@53.093C VDD_IN 6507mW/7672mW VDD_CPU_GPU_CV 1584mW/2301mW VDD_SOC 1624mW/1770mW
10-08-2026 21:04:51 RAM 7114/7620MB (lfb 177x128kB) SWAP 463/5858MB (cached 0MB) CPU [77%@1510,63%@1510,58%@1510,77%@1510,69%@1497,86%@1497] GR3D_FREQ 14% cpu@55.437C soc2@53.468C soc0@51.593C gpu@53.75C tj@55.437C soc1@53.25C VDD_IN 8451mW/7674mW VDD_CPU_GPU_CV 3045mW/2303mW VDD_SOC 1745mW/1770mW
10-08-2026 21:04:52 RAM 7203/7620MB (lfb 54x128kB) SWAP 463/5858MB (cached 0MB) CPU [68%@1510,69%@1510,54%@1510,68%@1510,76%@1420,82%@1420] GR3D_FREQ 55% cpu@55.5C soc2@53.593C soc0@51.906C gpu@54.125C tj@55.5C soc1@53.281C VDD_IN 9285mW/7677mW VDD_CPU_GPU_CV 3480mW/2305mW VDD_SOC 1901mW/1771mW
10-08-2026 21:04:53 RAM 7189/7620MB (lfb 75x128kB) SWAP 470/5858MB (cached 0MB) CPU [76%@1510,85%@1510,83%@1510,83%@1510,86%@1510,74%@1510] GR3D_FREQ 59% cpu@55.531C soc2@53.843C soc0@51.875C gpu@54.031C tj@55.531C soc1@53.437C VDD_IN 9904mW/7682mW VDD_CPU_GPU_CV 3909mW/2309mW VDD_SOC 1980mW/1771mW
10-08-2026 21:04:54 RAM 7004/7620MB (lfb 3x2MB) SWAP 470/5858MB (cached 0MB) CPU [50%@1510,51%@1510,57%@1510,63%@1510,77%@883,65%@883] GR3D_FREQ 1% cpu@55.25C soc2@53.75C soc0@51.968C gpu@54.281C tj@55.25C soc1@53.562C VDD_IN 8848mW/7685mW VDD_CPU_GPU_CV 3164mW/2311mW VDD_SOC 1861mW/1771mW
10-08-2026 21:04:55 RAM 7046/7620MB (lfb 2x512kB) SWAP 470/5858MB (cached 0MB) CPU [57%@1510,58%@1510,49%@1510,53%@1510,37%@729,46%@729] GR3D_FREQ 42% cpu@55.125C soc2@53.687C soc0@52.125C gpu@54.343C tj@55.125C soc1@53.375C VDD_IN 8689mW/7687mW VDD_CPU_GPU_CV 2887mW/2312mW VDD_SOC 1901mW/1772mW
10-08-2026 21:04:56 RAM 7053/7620MB (lfb 9x64kB) SWAP 470/5858MB (cached 0MB) CPU [30%@1510,83%@1510,28%@1510,29%@1510,11%@729,11%@729] GR3D_FREQ 62% cpu@54.906C soc2@53.875C soc0@51.906C gpu@54.062C tj@54.906C soc1@53.343C VDD_IN 8213mW/7688mW VDD_CPU_GPU_CV 2570mW/2313mW VDD_SOC 1861mW/1772mW
10-08-2026 21:04:57 RAM 7062/7620MB (lfb 4x256kB) SWAP 470/5858MB (cached 0MB) CPU [22%@1510,23%@1510,29%@1510,40%@1510,43%@729,23%@729] GR3D_FREQ 6% cpu@54.75C soc2@53.5C soc0@51.875C gpu@53.906C tj@54.75C soc1@53.5C VDD_IN 7380mW/7688mW VDD_CPU_GPU_CV 1977mW/2312mW VDD_SOC 1782mW/1772mW
10-08-2026 21:04:58 RAM 7028/7620MB (lfb 7x2MB) SWAP 470/5858MB (cached 0MB) CPU [11%@729,10%@729,69%@729,5%@729,16%@1497,5%@1497] GR3D_FREQ 60% cpu@54.718C soc2@53.406C soc0@51.906C gpu@53.812C tj@54.875C soc1@53.531C VDD_IN 6745mW/7686mW VDD_CPU_GPU_CV 1584mW/2310mW VDD_SOC 1706mW/1772mW
10-08-2026 21:04:59 RAM 7029/7620MB (lfb 7x2MB) SWAP 470/5858MB (cached 0MB) CPU [11%@1497,20%@1497,65%@1497,3%@1497,11%@729,8%@729] GR3D_FREQ 52% cpu@54.687C soc2@53.406C soc0@51.875C gpu@54.062C tj@54.687C soc1@53.312C VDD_IN 6666mW/7683mW VDD_CPU_GPU_CV 1545mW/2309mW VDD_SOC 1666mW/1771mW
10-08-2026 21:05:00 RAM 7029/7620MB (lfb 7x2MB) SWAP 470/5858MB (cached 0MB) CPU [13%@729,31%@729,46%@729,5%@729,11%@1510,10%@1510] GR3D_FREQ 35% cpu@54.843C soc2@53.312C soc0@51.687C gpu@54.062C tj@54.843C soc1@53.312C VDD_IN 6626mW/7681mW VDD_CPU_GPU_CV 1545mW/2307mW VDD_SOC 1666mW/1771mW
10-08-2026 21:05:01 RAM 7029/7620MB (lfb 7x2MB) SWAP 470/5858MB (cached 0MB) CPU [9%@729,4%@729,5%@729,18%@729,35%@1510,52%@1510] GR3D_FREQ 35% cpu@54.593C soc2@53.156C soc0@51.718C gpu@53.968C tj@54.593C soc1@53.281C VDD_IN 6666mW/7679mW VDD_CPU_GPU_CV 1545mW/2305mW VDD_SOC 1666mW/1771mW
10-08-2026 21:05:02 RAM 7192/7620MB (lfb 22x128kB) SWAP 470/5858MB (cached 0MB) CPU [28%@806,29%@806,26%@806,29%@806,25%@729,63%@729] GR3D_FREQ 0% cpu@54.593C soc2@53.218C soc0@51.687C gpu@53.656C tj@54.593C soc1@53.187C VDD_IN 6745mW/7677mW VDD_CPU_GPU_CV 1743mW/2304mW VDD_SOC 1626mW/1771mW
10-08-2026 21:05:03 RAM 7181/7620MB (lfb 2x2MB) SWAP 474/5858MB (cached 0MB) CPU [47%@1036,35%@1036,45%@1036,46%@1036,36%@729,60%@729] GR3D_FREQ 0% cpu@54.75C soc2@53.187C soc0@51.5C gpu@53.656C tj@54.75C soc1@53.156C VDD_IN 6547mW/7674mW VDD_CPU_GPU_CV 1584mW/2302mW VDD_SOC 1624mW/1770mW
10-08-2026 21:05:04 RAM 7195/7620MB (lfb 7x128kB) SWAP 481/5858MB (cached 0MB) CPU [55%@1497,50%@1497,57%@1497,45%@1497,53%@1510,64%@1510] GR3D_FREQ 42% cpu@55.687C soc2@53.312C soc0@51.562C gpu@54.031C tj@55.687C soc1@53.187C VDD_IN 7816mW/7674mW VDD_CPU_GPU_CV 2575mW/2303mW VDD_SOC 1706mW/1770mW
10-08-2026 21:05:05 RAM 7201/7620MB (lfb 5x128kB) SWAP 481/5858MB (cached 0MB) CPU [74%@1510,67%@1510,72%@1510,74%@1510,73%@1190,68%@1190] GR3D_FREQ 33% cpu@55.5C soc2@53.593C soc0@51.656C gpu@53.875C tj@55.5C soc1@53.562C VDD_IN 8451mW/7676mW VDD_CPU_GPU_CV 3045mW/2305mW VDD_SOC 1745mW/1770mW
10-08-2026 21:05:06 RAM 7168/7620MB (lfb 18x128kB) SWAP 517/5858MB (cached 0MB) CPU [81%@1510,64%@1510,80%@1510,77%@1510,77%@1510,79%@1510] GR3D_FREQ 74% cpu@55.781C soc2@53.906C soc0@51.687C gpu@53.937C tj@55.781C soc1@53.25C VDD_IN 9721mW/7681mW VDD_CPU_GPU_CV 3836mW/2308mW VDD_SOC 1941mW/1771mW
10-08-2026 21:05:07 RAM 7220/7620MB (lfb 23x64kB) SWAP 520/5858MB (cached 0MB) CPU [73%@1510,74%@1510,71%@1510,78%@1510,84%@883,76%@883] GR3D_FREQ 49% cpu@55.625C soc2@54.031C soc0@51.875C gpu@54.156C tj@55.625C soc1@53.437C VDD_IN 9761mW/7685mW VDD_CPU_GPU_CV 3751mW/2311mW VDD_SOC 1980mW/1771mW
10-08-2026 21:05:08 RAM 7211/7620MB (lfb 5x256kB) SWAP 527/5858MB (cached 0MB) CPU [73%@1510,72%@1510,58%@1510,77%@1510,82%@1510,76%@1510] GR3D_FREQ 0% cpu@55.75C soc2@53.75C soc0@52C gpu@54.343C tj@55.75C soc1@53.531C VDD_IN 9443mW/7689mW VDD_CPU_GPU_CV 3599mW/2314mW VDD_SOC 1901mW/1771mW
10-08-2026 21:05:09 RAM 7212/7620MB (lfb 1871x32kB) SWAP 527/5858MB (cached 0MB) CPU [76%@1510,78%@1510,73%@1510,81%@1510,80%@1510,83%@1510] GR3D_FREQ 19% cpu@55.625C soc2@53.906C soc0@52.156C gpu@54.187C tj@55.625C soc1@53.437C VDD_IN 9666mW/7693mW VDD_CPU_GPU_CV 3711mW/2317mW VDD_SOC 1980mW/1772mW
10-08-2026 21:05:10 RAM 7181/7620MB (lfb 1x1MB) SWAP 531/5858MB (cached 0MB) CPU [51%@1510,39%@1510,44%@1510,74%@1510,50%@1344,47%@1344] GR3D_FREQ 44% cpu@55.656C soc2@53.812C soc0@51.875C gpu@54.125C tj@55.656C soc1@53.468C VDD_IN 7816mW/7694mW VDD_CPU_GPU_CV 2412mW/2317mW VDD_SOC 1743mW/1772mW
10-08-2026 21:05:11 RAM 7215/7620MB (lfb 3x64kB) SWAP 532/5858MB (cached 0MB) CPU [58%@1510,72%@1510,50%@1510,60%@1510,65%@806,62%@806] GR3D_FREQ 60% cpu@55.5C soc2@54C soc0@52.093C gpu@54.156C tj@55.5C soc1@53.5C VDD_IN 8888mW/7696mW VDD_CPU_GPU_CV 3124mW/2319mW VDD_SOC 1901mW/1772mW
10-08-2026 21:05:12 RAM 7216/7620MB (lfb 1x64kB) SWAP 532/5858MB (cached 0MB) CPU [16%@1036,36%@1036,52%@1036,12%@1036,37%@729,30%@729] GR3D_FREQ 14% cpu@54.875C soc2@53.687C soc0@52.062C gpu@53.906C tj@54.875C soc1@53.593C VDD_IN 7777mW/7696mW VDD_CPU_GPU_CV 2294mW/2319mW VDD_SOC 1822mW/1772mW
10-08-2026 21:05:13 RAM 7196/7620MB (lfb 15x128kB) SWAP 538/5858MB (cached 0MB) CPU [28%@806,21%@806,64%@806,20%@806,46%@1510,17%@1510] GR3D_FREQ 62% cpu@55.093C soc2@53.718C soc0@52.062C gpu@54.062C tj@55.093C soc1@53.5C VDD_IN 7816mW/7697mW VDD_CPU_GPU_CV 2294mW/2319mW VDD_SOC 1822mW/1772mW
10-08-2026 21:05:14 RAM 7217/7620MB (lfb 1938x32kB) SWAP 538/5858MB (cached 0MB) CPU [16%@1510,16%@1510,32%@1510,41%@1510,19%@1113,70%@1113] GR3D_FREQ 50% cpu@55.031C soc2@53.656C soc0@52C gpu@53.968C tj@55.031C soc1@53.5C VDD_IN 7499mW/7696mW VDD_CPU_GPU_CV 2056mW/2318mW VDD_SOC 1782mW/1772mW
10-08-2026 21:05:15 RAM 7161/7620MB (lfb 1x2MB) SWAP 538/5858MB (cached 0MB) CPU [15%@1510,10%@1510,23%@1510,23%@1510,38%@1420,52%@1420] GR3D_FREQ 35% cpu@54.937C soc2@53.375C soc0@51.906C gpu@54C tj@54.937C soc1@53.437C VDD_IN 6944mW/7694mW VDD_CPU_GPU_CV 1663mW/2317mW VDD_SOC 1743mW/1772mW
10-08-2026 21:05:16 RAM 7160/7620MB (lfb 1x2MB) SWAP 538/5858MB (cached 0MB) CPU [12%@1510,12%@1510,8%@1510,12%@1510,56%@1510,29%@1510] GR3D_FREQ 32% cpu@54.875C soc2@53.312C soc0@51.906C gpu@53.906C tj@54.875C soc1@53.562C VDD_IN 6666mW/7692mW VDD_CPU_GPU_CV 1545mW/2315mW VDD_SOC 1663mW/1772mW
10-08-2026 21:05:17 RAM 7160/7620MB (lfb 1x2MB) SWAP 538/5858MB (cached 0MB) CPU [15%@1510,10%@1510,11%@1510,15%@1510,6%@1510,81%@1510] GR3D_FREQ 38% cpu@54.906C soc2@53.312C soc0@51.906C gpu@53.875C tj@54.906C soc1@53.25C VDD_IN 6705mW/7690mW VDD_CPU_GPU_CV 1545mW/2313mW VDD_SOC 1663mW/1772mW
10-08-2026 21:05:18 RAM 7160/7620MB (lfb 1x2MB) SWAP 538/5858MB (cached 0MB) CPU [20%@729,14%@729,9%@729,8%@729,5%@1420,80%@1420] GR3D_FREQ 61% cpu@54.843C soc2@53.343C soc0@51.687C gpu@53.687C tj@54.718C soc1@53.281C VDD_IN 6705mW/7688mW VDD_CPU_GPU_CV 1584mW/2312mW VDD_SOC 1663mW/1771mW
10-08-2026 21:05:19 RAM 7160/7620MB (lfb 1x2MB) SWAP 538/5858MB (cached 0MB) CPU [22%@1510,13%@1510,13%@1510,66%@1510,6%@729,12%@729] GR3D_FREQ 58% cpu@54.812C soc2@53.218C soc0@51.718C gpu@53.718C tj@54.812C soc1@53.312C VDD_IN 6666mW/7686mW VDD_CPU_GPU_CV 1545mW/2310mW VDD_SOC 1663mW/1771mW
10-08-2026 21:05:20 RAM 7160/7620MB (lfb 1x2MB) SWAP 538/5858MB (cached 0MB) CPU [14%@1510,25%@1510,31%@1510,47%@1510,6%@729,5%@729] GR3D_FREQ 46% cpu@54.468C soc2@53.25C soc0@51.75C gpu@53.718C tj@54.468C soc1@53.406C VDD_IN 6705mW/7684mW VDD_CPU_GPU_CV 1545mW/2309mW VDD_SOC 1666mW/1771mW
10-08-2026 21:05:21 RAM 7137/7620MB (lfb 1x1MB) SWAP 538/5858MB (cached 0MB) CPU [28%@1510,17%@1510,15%@1510,13%@1510,11%@806,40%@806] GR3D_FREQ 0% cpu@54.656C soc2@53.156C soc0@51.843C gpu@53.656C tj@54.656C soc1@53.187C VDD_IN 6467mW/7681mW VDD_CPU_GPU_CV 1465mW/2307mW VDD_SOC 1624mW/1771mW
10-08-2026 21:05:22 RAM 7190/7620MB (lfb 14x128kB) SWAP 539/5858MB (cached 0MB) CPU [39%@1497,41%@1497,52%@1497,47%@1497,39%@729,43%@729] GR3D_FREQ 1% cpu@54.812C soc2@53.281C soc0@51.593C gpu@53.812C tj@54.812C soc1@53.218C VDD_IN 6586mW/7679mW VDD_CPU_GPU_CV 1663mW/2306mW VDD_SOC 1624mW/1770mW
10-08-2026 21:05:23 RAM 7190/7620MB (lfb 14x128kB) SWAP 539/5858MB (cached 0MB) CPU [35%@1420,52%@1420,38%@1420,40%@1420,52%@729,37%@729] GR3D_FREQ 0% cpu@54.718C soc2@53.156C soc0@51.562C gpu@53.625C tj@54.718C soc1@53.25C VDD_IN 6467mW/7676mW VDD_CPU_GPU_CV 1584mW/2304mW VDD_SOC 1584mW/1770mW
10-08-2026 21:05:24 RAM 7201/7620MB (lfb 6x128kB) SWAP 539/5858MB (cached 0MB) CPU [40%@1510,53%@1510,61%@1510,54%@1510,53%@1510,59%@1510] GR3D_FREQ 0% cpu@55.187C soc2@53.281C soc0@51.625C gpu@53.656C tj@55.187C soc1@53.125C VDD_IN 7856mW/7677mW VDD_CPU_GPU_CV 2614mW/2305mW VDD_SOC 1706mW/1770mW
10-08-2026 21:05:25 RAM 7227/7620MB (lfb 7x128kB) SWAP 540/5858MB (cached 0MB) CPU [72%@1510,72%@1510,64%@1510,56%@1510,80%@1420,71%@1420] GR3D_FREQ 74% cpu@55.375C soc2@53.531C soc0@51.562C gpu@53.75C tj@55.375C soc1@53.156C VDD_IN 8491mW/7678mW VDD_CPU_GPU_CV 3085mW/2306mW VDD_SOC 1785mW/1770mW
10-08-2026 21:05:26 RAM 7237/7620MB (lfb 1588x32kB) SWAP 541/5858MB (cached 0MB) CPU [60%@1510,51%@1510,69%@1510,54%@1510,74%@1036,61%@1036] GR3D_FREQ 79% cpu@55.687C soc2@53.687C soc0@51.812C gpu@53.937C tj@55.343C soc1@53.343C VDD_IN 9388mW/7682mW VDD_CPU_GPU_CV 3520mW/2309mW VDD_SOC 1941mW/1770mW
10-08-2026 21:05:27 RAM 7238/7620MB (lfb 1579x32kB) SWAP 541/5858MB (cached 0MB) CPU [81%@1510,67%@1510,86%@1510,69%@1510,82%@1510,65%@1510] GR3D_FREQ 31% cpu@55.406C soc2@53.75C soc0@52C gpu@54.093C tj@55.656C soc1@53.468C VDD_IN 9785mW/7686mW VDD_CPU_GPU_CV 3751mW/2312mW VDD_SOC 1980mW/1771mW
10-08-2026 21:05:28 RAM 6922/7620MB (lfb 21x2MB) SWAP 541/5858MB (cached 0MB) CPU [65%@1510,43%@1510,62%@1510,58%@1510,63%@1190,60%@1190] GR3D_FREQ 45% cpu@55.25C soc2@53.718C soc0@51.937C gpu@54.25C tj@55.25C soc1@53.343C VDD_IN 8755mW/7689mW VDD_CPU_GPU_CV 3085mW/2313mW VDD_SOC 1901mW/1771mW
10-08-2026 21:05:29 RAM 7030/7620MB (lfb 1x512kB) SWAP 541/5858MB (cached 0MB) CPU [77%@1510,80%@1510,65%@1510,73%@1510,80%@1510,73%@1510] GR3D_FREQ 42% cpu@55.937C soc2@53.875C soc0@51.937C gpu@54.281C tj@55.75C soc1@53.468C VDD_IN 9983mW/7693mW VDD_CPU_GPU_CV 3948mW/2317mW VDD_SOC 2020mW/1771mW
10-08-2026 21:05:30 RAM 7077/7620MB (lfb 1x128kB) SWAP 541/5858MB (cached 0MB) CPU [64%@1510,66%@1510,76%@1510,69%@1510,70%@729,80%@729] GR3D_FREQ 45% cpu@55.437C soc2@54C soc0@52.031C gpu@54.187C tj@55.625C soc1@53.531C VDD_IN 9587mW/7697mW VDD_CPU_GPU_CV 3632mW/2320mW VDD_SOC 1980mW/1772mW
10-08-2026 21:05:31 RAM 7088/7620MB (lfb 1x128kB) SWAP 541/5858MB (cached 0MB) CPU [76%@1510,56%@1510,57%@1510,63%@1510,65%@1420,62%@1420] GR3D_FREQ 12% cpu@55.656C soc2@53.906C soc0@52.093C gpu@54.062C tj@55.656C soc1@53.531C VDD_IN 9230mW/7701mW VDD_CPU_GPU_CV 3401mW/2322mW VDD_SOC 1941mW/1772mW
10-08-2026 21:05:32 RAM 7096/7620MB (lfb 9x128kB) SWAP 541/5858MB (cached 0MB) CPU [71%@1510,69%@1510,74%@1510,75%@1510,66%@729,66%@729] GR3D_FREQ 30% cpu@55.687C soc2@53.843C soc0@51.937C gpu@54.093C tj@55.687C soc1@53.5C VDD_IN 8293mW/7702mW VDD_CPU_GPU_CV 2887mW/2323mW VDD_SOC 1782mW/1772mW
10-08-2026 21:05:33 RAM 7123/7620MB (lfb 1x128kB) SWAP 541/5858MB (cached 0MB) CPU [57%@1510,66%@1510,53%@1510,49%@1510,67%@1497,64%@1497] GR3D_FREQ 75% cpu@56C soc2@54C soc0@52.125C gpu@54.375C tj@56C soc1@53.593C VDD_IN 9270mW/7705mW VDD_CPU_GPU_CV 3435mW/2325mW VDD_SOC 1941mW/1773mW
10-08-2026 21:05:34 RAM 7127/7620MB (lfb 1x128kB) SWAP 541/5858MB (cached 0MB) CPU [67%@1267,55%@1267,61%@1267,54%@1267,49%@729,56%@729] GR3D_FREQ 10% cpu@55.343C soc2@53.781C soc0@52.187C gpu@54.406C tj@55.343C soc1@53.656C VDD_IN 8808mW/7707mW VDD_CPU_GPU_CV 3085mW/2327mW VDD_SOC 1901mW/1773mW
10-08-2026 21:05:35 RAM 7128/7620MB (lfb 1x128kB) SWAP 541/5858MB (cached 0MB) CPU [28%@1510,38%@1510,31%@1510,51%@1510,34%@1510,45%@1510] GR3D_FREQ 49% cpu@55C soc2@53.843C soc0@51.937C gpu@54.062C tj@55C soc1@53.468C VDD_IN 7340mW/7707mW VDD_CPU_GPU_CV 2017mW/2326mW VDD_SOC 1743mW/1773mW
10-08-2026 21:05:36 RAM 7128/7620MB (lfb 1x128kB) SWAP 541/5858MB (cached 0MB) CPU [15%@729,13%@729,28%@729,44%@729,27%@1420,50%@1420] GR3D_FREQ 43% cpu@55.093C soc2@53.656C soc0@51.968C gpu@53.937C tj@55.093C soc1@53.5C VDD_IN 7578mW/7706mW VDD_CPU_GPU_CV 2096mW/2326mW VDD_SOC 1822mW/1773mW
10-08-2026 21:05:37 RAM 7086/7620MB (lfb 3x2MB) SWAP 542/5858MB (cached 0MB) CPU [12%@729,18%@729,20%@729,11%@729,41%@1510,61%@1510] GR3D_FREQ 24% cpu@54.875C soc2@53.406C soc0@51.968C gpu@54.187C tj@54.875C soc1@53.5C VDD_IN 7023mW/7705mW VDD_CPU_GPU_CV 1703mW/2324mW VDD_SOC 1743mW/1773mW
10-08-2026 21:05:38 RAM 7085/7620MB (lfb 3x2MB) SWAP 542/5858MB (cached 0MB) CPU [10%@729,10%@729,15%@729,6%@729,6%@1420,77%@1420] GR3D_FREQ 57% cpu@54.875C soc2@53.312C soc0@51.937C gpu@54.156C tj@54.875C soc1@53.593C VDD_IN 6745mW/7703mW VDD_CPU_GPU_CV 1584mW/2323mW VDD_SOC 1703mW/1773mW
10-08-2026 21:05:39 RAM 7086/7620MB (lfb 3x2MB) SWAP 542/5858MB (cached 0MB) CPU [14%@729,9%@729,8%@729,10%@729,15%@1497,72%@1497] GR3D_FREQ 67% cpu@54.906C soc2@53.218C soc0@51.718C gpu@54.125C tj@54.906C soc1@53.312C VDD_IN 6705mW/7701mW VDD_CPU_GPU_CV 1584mW/2321mW VDD_SOC 1663mW/1772mW
10-08-2026 21:05:40 RAM 7086/7620MB (lfb 3x2MB) SWAP 542/5858MB (cached 0MB) CPU [13%@729,10%@729,7%@1510,10%@1510,10%@1497,76%@1497] GR3D_FREQ 42% cpu@54.656C soc2@53.375C soc0@51.75C gpu@53.781C tj@54.656C soc1@53.312C VDD_IN 6705mW/7699mW VDD_CPU_GPU_CV 1584mW/2320mW VDD_SOC 1663mW/1772mW
10-08-2026 21:05:41 RAM 7086/7620MB (lfb 3x2MB) SWAP 542/5858MB (cached 0MB) CPU [13%@1510,15%@1510,8%@1510,6%@1510,7%@1510,81%@1510] GR3D_FREQ 45% cpu@54.75C soc2@53.25C soc0@51.812C gpu@53.812C tj@54.75C soc1@53.375C VDD_IN 6745mW/7697mW VDD_CPU_GPU_CV 1584mW/2318mW VDD_SOC 1663mW/1772mW
10-08-2026 21:05:42 RAM 7086/7620MB (lfb 3x2MB) SWAP 542/5858MB (cached 0MB) CPU [14%@1510,14%@1510,7%@1510,10%@1510,10%@729,65%@729] GR3D_FREQ 40% cpu@54.718C soc2@53.281C soc0@51.812C gpu@53.812C tj@54.781C soc1@53.406C VDD_IN 6745mW/7695mW VDD_CPU_GPU_CV 1584mW/2317mW VDD_SOC 1663mW/1772mW
10-08-2026 21:05:43 RAM 7086/7620MB (lfb 3x2MB) SWAP 542/5858MB (cached 0MB) CPU [39%@1510,7%@1510,30%@1510,34%@1510,2%@729,5%@729] GR3D_FREQ 38% cpu@54.625C soc2@53.312C soc0@51.812C gpu@53.75C tj@54.625C soc1@53.281C VDD_IN 6745mW/7693mW VDD_CPU_GPU_CV 1584mW/2315mW VDD_SOC 1663mW/1772mW
10-08-2026 21:05:44 RAM 7086/7620MB (lfb 3x2MB) SWAP 542/5858MB (cached 0MB) CPU [34%@729,22%@729,13%@1510,14%@1510,18%@1510,27%@1510] GR3D_FREQ 35% cpu@54.781C soc2@53.25C soc0@51.656C gpu@53.593C tj@54.781C soc1@53.125C VDD_IN 6705mW/7691mW VDD_CPU_GPU_CV 1584mW/2314mW VDD_SOC 1703mW/1771mW
10-08-2026 21:05:45 RAM 7086/7620MB (lfb 3x2MB) SWAP 542/5858MB (cached 0MB) CPU [17%@1510,7%@1510,10%@729,7%@729,7%@1510,79%@1510] GR3D_FREQ 37% cpu@54.531C soc2@53.125C soc0@51.687C gpu@53.625C tj@54.531C soc1@53.187C VDD_IN 6705mW/7689mW VDD_CPU_GPU_CV 1584mW/2313mW VDD_SOC 1703mW/1771mW
10-08-2026 21:05:46 RAM 7086/7620MB (lfb 3x2MB) SWAP 542/5858MB (cached 0MB) CPU [10%@1510,10%@1510,7%@1510,6%@1510,8%@729,79%@729] GR3D_FREQ 19% cpu@54.593C soc2@53.156C soc0@51.656C gpu@53.593C tj@54.593C soc1@53.25C VDD_IN 6745mW/7687mW VDD_CPU_GPU_CV 1582mW/2311mW VDD_SOC 1663mW/1771mW
10-08-2026 21:05:47 RAM 7179/7620MB (lfb 21x128kB) SWAP 535/5858MB (cached 0MB) CPU [28%@729,39%@729,38%@729,40%@729,43%@1036,40%@1036] GR3D_FREQ 20% cpu@54.625C soc2@53.093C soc0@51.656C gpu@53.562C tj@54.625C soc1@53.375C VDD_IN 6388mW/7685mW VDD_CPU_GPU_CV 1505mW/2309mW VDD_SOC 1584mW/1771mW
10-08-2026 21:05:48 RAM 7181/7620MB (lfb 21x128kB) SWAP 535/5858MB (cached 0MB) CPU [49%@1510,30%@1510,32%@1510,32%@1510,42%@729,44%@729] GR3D_FREQ 28% cpu@54.75C soc2@53.093C soc0@51.437C gpu@53.687C tj@54.75C soc1@53.125C VDD_IN 6150mW/7682mW VDD_CPU_GPU_CV 1346mW/2308mW VDD_SOC 1584mW/1770mW
10-08-2026 21:05:49 RAM 7183/7620MB (lfb 19x128kB) SWAP 535/5858MB (cached 0MB) CPU [36%@729,40%@729,50%@729,43%@729,48%@960,33%@960] GR3D_FREQ 0% cpu@54.812C soc2@53.125C soc0@51.437C gpu@53.687C tj@54.812C soc1@53.125C VDD_IN 6507mW/7679mW VDD_CPU_GPU_CV 1621mW/2306mW VDD_SOC 1584mW/1770mW
10-08-2026 21:05:50 RAM 7184/7620MB (lfb 8x128kB) SWAP 535/5858MB (cached 0MB) CPU [51%@1497,47%@1497,32%@1497,34%@1497,29%@1497,55%@1497] GR3D_FREQ 0% cpu@54.593C soc2@53.093C soc0@51.531C gpu@53.437C tj@54.593C soc1@53.218C VDD_IN 6309mW/7676mW VDD_CPU_GPU_CV 1465mW/2304mW VDD_SOC 1584mW/1770mW
10-08-2026 21:05:51 RAM 7225/7620MB (lfb 180x64kB) SWAP 543/5858MB (cached 0MB) CPU [24%@1510,29%@1510,12%@1510,13%@1510,75%@1510,36%@1510] GR3D_FREQ 50% cpu@54.75C soc2@53.25C soc0@51.687C gpu@53.625C tj@54.75C soc1@52.968C VDD_IN 7539mW/7676mW VDD_CPU_GPU_CV 2096mW/2304mW VDD_SOC 1822mW/1770mW
10-08-2026 21:05:52 RAM 7100/7620MB (lfb 1x2MB) SWAP 550/5858MB (cached 0MB) CPU [24%@1344,23%@1344,24%@1344,18%@1344,46%@729,25%@729] GR3D_FREQ 54% cpu@54.25C soc2@53.156C soc0@51.5C gpu@53.593C tj@54.25C soc1@53.093C VDD_IN 6944mW/7675mW VDD_CPU_GPU_CV 1703mW/2303mW VDD_SOC 1703mW/1770mW
10-08-2026 21:05:53 RAM 7104/7620MB (lfb 1x2MB) SWAP 550/5858MB (cached 0MB) CPU [6%@729,7%@729,9%@729,16%@729,7%@1510,67%@1510] GR3D_FREQ 49% cpu@54.75C soc2@53.031C soc0@51.531C gpu@53.656C tj@54.437C soc1@53.062C VDD_IN 6666mW/7673mW VDD_CPU_GPU_CV 1545mW/2301mW VDD_SOC 1663mW/1769mW
10-08-2026 21:05:54 RAM 7159/7620MB (lfb 1x256kB) SWAP 551/5858MB (cached 0MB) CPU [17%@1267,29%@1267,34%@1267,32%@1267,33%@960,60%@960] GR3D_FREQ 13% cpu@54.406C soc2@52.937C soc0@51.5C gpu@53.687C tj@54.406C soc1@53.218C VDD_IN 6824mW/7671mW VDD_CPU_GPU_CV 1779mW/2300mW VDD_SOC 1624mW/1769mW
10-08-2026 21:05:55 RAM 7162/7620MB (lfb 1x256kB) SWAP 551/5858MB (cached 0MB) CPU [46%@729,31%@729,47%@729,41%@729,50%@960,30%@960] GR3D_FREQ 10% cpu@54.468C soc2@53.031C soc0@51.343C gpu@53.406C tj@54.468C soc1@53.062C VDD_IN 6309mW/7668mW VDD_CPU_GPU_CV 1465mW/2299mW VDD_SOC 1584mW/1769mW
10-08-2026 21:05:56 RAM 7176/7620MB (lfb 25x128kB) SWAP 551/5858MB (cached 0MB) CPU [57%@1344,51%@1344,64%@1344,62%@1344,68%@1510,43%@1510] GR3D_FREQ 7% cpu@55.25C soc2@53.25C soc0@51.375C gpu@53.5C tj@55.093C soc1@53C VDD_IN 7896mW/7669mW VDD_CPU_GPU_CV 2649mW/2299mW VDD_SOC 1706mW/1769mW
10-08-2026 21:05:57 RAM 7177/7620MB (lfb 19x128kB) SWAP 551/5858MB (cached 0MB) CPU [44%@729,42%@729,25%@729,47%@729,57%@1113,53%@1113] GR3D_FREQ 0% cpu@54.375C soc2@53.062C soc0@51.406C gpu@53.656C tj@54.375C soc1@53.062C VDD_IN 6586mW/7667mW VDD_CPU_GPU_CV 1661mW/2298mW VDD_SOC 1584mW/1768mW
10-08-2026 21:05:58 RAM 7211/7620MB (lfb 18x128kB) SWAP 573/5858MB (cached 0MB) CPU [35%@1510,51%@1510,33%@1510,19%@1510,52%@1497,22%@1497] GR3D_FREQ 57% cpu@54.468C soc2@53.156C soc0@51.656C gpu@53.781C tj@54.687C soc1@52.875C VDD_IN 7499mW/7666mW VDD_CPU_GPU_CV 2135mW/2298mW VDD_SOC 1782mW/1768mW
10-08-2026 21:05:59 RAM 7196/7620MB (lfb 1x1MB) SWAP 611/5858MB (cached 0MB) CPU [25%@1510,46%@1510,14%@1510,33%@1510,68%@1420,12%@1420] GR3D_FREQ 52% cpu@54.687C soc2@53.312C soc0@51.5C gpu@53.812C tj@54.687C soc1@53.062C VDD_IN 7777mW/7667mW VDD_CPU_GPU_CV 2254mW/2298mW VDD_SOC 1822mW/1768mW
10-08-2026 21:06:00 RAM 7159/7620MB (lfb 1x1MB) SWAP 629/5858MB (cached 0MB) CPU [21%@729,43%@729,18%@1510,24%@1510,41%@1036,30%@1036] GR3D_FREQ 62% cpu@54.593C soc2@52.843C soc0@51.531C gpu@53.5C tj@54.593C soc1@53.031C VDD_IN 6785mW/7665mW VDD_CPU_GPU_CV 1584mW/2296mW VDD_SOC 1706mW/1768mW
10-08-2026 21:06:01 RAM 7159/7620MB (lfb 1x1MB) SWAP 629/5858MB (cached 0MB) CPU [12%@729,9%@729,8%@729,12%@729,5%@1497,79%@1497] GR3D_FREQ 63% cpu@54.343C soc2@52.843C soc0@51.468C gpu@53.437C tj@54.343C soc1@53.093C VDD_IN 6626mW/7663mW VDD_CPU_GPU_CV 1545mW/2295mW VDD_SOC 1663mW/1768mW
10-08-2026 21:06:02 RAM 7159/7620MB (lfb 1x1MB) SWAP 629/5858MB (cached 0MB) CPU [10%@1510,8%@1510,57%@1510,8%@1510,2%@729,26%@729] GR3D_FREQ 39% cpu@54.187C soc2@52.968C soc0@51.437C gpu@53.5C tj@54.187C soc1@52.812C VDD_IN 6626mW/7661mW VDD_CPU_GPU_CV 1545mW/2293mW VDD_SOC 1663mW/1768mW
10-08-2026 21:06:03 RAM 7159/7620MB (lfb 1x1MB) SWAP 629/5858MB (cached 0MB) CPU [6%@1510,5%@1510,57%@1510,29%@1510,2%@729,4%@729] GR3D_FREQ 45% cpu@54.375C soc2@52.937C soc0@51.312C gpu@53.406C tj@54.375C soc1@52.812C VDD_IN 6626mW/7659mW VDD_CPU_GPU_CV 1545mW/2292mW VDD_SOC 1663mW/1768mW
10-08-2026 21:06:04 RAM 7159/7620MB (lfb 1x1MB) SWAP 629/5858MB (cached 0MB) CPU [25%@1510,7%@1510,45%@1510,23%@1510,5%@1510,9%@1510] GR3D_FREQ 29% cpu@54.218C soc2@52.968C soc0@51.281C gpu@53.531C tj@54.218C soc1@52.906C VDD_IN 6666mW/7657mW VDD_CPU_GPU_CV 1545mW/2291mW VDD_SOC 1663mW/1767mW
10-08-2026 21:06:06 RAM 7197/7620MB (lfb 39x128kB) SWAP 629/5858MB (cached 0MB) CPU [26%@1497,27%@1510,29%@1510,29%@1510,19%@729,55%@729] GR3D_FREQ 1% cpu@54.375C soc2@52.968C soc0@51.312C gpu@53.625C tj@54.375C soc1@53C VDD_IN 6864mW/7655mW VDD_CPU_GPU_CV 1861mW/2290mW VDD_SOC 1624mW/1767mW
10-08-2026 21:06:07 RAM 7197/7620MB (lfb 39x128kB) SWAP 629/5858MB (cached 0MB) CPU [30%@883,32%@883,21%@883,45%@883,74%@1420,28%@1510] GR3D_FREQ 0% cpu@54.625C soc2@52.875C soc0@51.312C gpu@53.312C tj@54.625C soc1@52.843C VDD_IN 6705mW/7654mW VDD_CPU_GPU_CV 1740mW/2289mW VDD_SOC 1624mW/1767mW
10-08-2026 21:06:08 RAM 7211/7620MB (lfb 4x128kB) SWAP 629/5858MB (cached 0MB) CPU [58%@1497,62%@1497,50%@1497,61%@1497,47%@1510,52%@1510] GR3D_FREQ 16% cpu@55.25C soc2@53.125C soc0@51.187C gpu@53.406C tj@55.25C soc1@52.75C VDD_IN 7856mW/7654mW VDD_CPU_GPU_CV 2610mW/2289mW VDD_SOC 1706mW/1767mW
10-08-2026 21:06:09 RAM 7211/7620MB (lfb 7x128kB) SWAP 629/5858MB (cached 0MB) CPU [68%@1510,71%@1510,76%@1510,73%@1510,72%@1510,81%@1510] GR3D_FREQ 0% cpu@55.375C soc2@53.125C soc0@51.218C gpu@53.531C tj@55.375C soc1@53C VDD_IN 8610mW/7656mW VDD_CPU_GPU_CV 3164mW/2291mW VDD_SOC 1785mW/1767mW
10-08-2026 21:06:10 RAM 7236/7620MB (lfb 1583x32kB) SWAP 630/5858MB (cached 0MB) CPU [75%@1510,77%@1510,73%@1510,70%@1510,70%@1510,64%@1510] GR3D_FREQ 34% cpu@55.187C soc2@53.343C soc0@51.437C gpu@53.906C tj@55.187C soc1@53.093C VDD_IN 9483mW/7659mW VDD_CPU_GPU_CV 3599mW/2293mW VDD_SOC 1941mW/1767mW
10-08-2026 21:06:11 RAM 6853/7620MB (lfb 17x2MB) SWAP 632/5858MB (cached 0MB) CPU [73%@1510,91%@1510,71%@1510,74%@1510,86%@1344,73%@1344] GR3D_FREQ 73% cpu@55.187C soc2@53.375C soc0@51.625C gpu@54.093C tj@55.187C soc1@53.031C VDD_IN 9443mW/7663mW VDD_CPU_GPU_CV 3520mW/2296mW VDD_SOC 1941mW/1767mW
10-08-2026 21:06:12 RAM 6940/7620MB (lfb 4x2MB) SWAP 632/5858MB (cached 0MB) CPU [67%@1510,82%@1510,72%@1510,79%@1510,74%@1510,69%@1510] GR3D_FREQ 21% cpu@55.5C soc2@53.593C soc0@51.468C gpu@53.843C tj@55.5C soc1@53.062C VDD_IN 9745mW/7667mW VDD_CPU_GPU_CV 3790mW/2299mW VDD_SOC 1941mW/1768mW
10-08-2026 21:06:13 RAM 7022/7620MB (lfb 17x1MB) SWAP 632/5858MB (cached 0MB) CPU [87%@1510,83%@1510,81%@1510,86%@1510,81%@883,79%@883] GR3D_FREQ 49% cpu@55.75C soc2@53.593C soc0@51.656C gpu@53.937C tj@55.468C soc1@53.25C VDD_IN 9943mW/7671mW VDD_CPU_GPU_CV 3948mW/2302mW VDD_SOC 1980mW/1768mW
10-08-2026 21:06:14 RAM 7133/7620MB (lfb 2x512kB) SWAP 632/5858MB (cached 0MB) CPU [61%@1510,65%@1510,57%@1510,56%@1510,79%@1510,61%@1510] GR3D_FREQ 0% cpu@55.406C soc2@53.562C soc0@51.781C gpu@54.187C tj@55.406C soc1@53.187C VDD_IN 9468mW/7674mW VDD_CPU_GPU_CV 3514mW/2304mW VDD_SOC 1980mW/1769mW
10-08-2026 21:06:15 RAM 7171/7620MB (lfb 46x256kB) SWAP 632/5858MB (cached 0MB) CPU [35%@1510,46%@1510,33%@1510,35%@1510,40%@1510,59%@1510] GR3D_FREQ 69% cpu@54.781C soc2@53.406C soc0@51.687C gpu@53.687C tj@54.718C soc1@53.187C VDD_IN 8134mW/7675mW VDD_CPU_GPU_CV 2491mW/2304mW VDD_SOC 1861mW/1769mW
10-08-2026 21:06:16 RAM 7171/7620MB (lfb 46x256kB) SWAP 632/5858MB (cached 0MB) CPU [17%@1036,25%@1510,30%@1510,21%@1510,40%@1344,50%@1344] GR3D_FREQ 38% cpu@54.875C soc2@53.25C soc0@51.687C gpu@53.718C tj@54.656C soc1@53.218C VDD_IN 7856mW/7676mW VDD_CPU_GPU_CV 2333mW/2305mW VDD_SOC 1822mW/1769mW
10-08-2026 21:06:17 RAM 7172/7620MB (lfb 46x256kB) SWAP 632/5858MB (cached 0MB) CPU [38%@1510,44%@1510,14%@1510,10%@1510,31%@729,39%@729] GR3D_FREQ 67% cpu@54.468C soc2@53.406C soc0@51.75C gpu@53.718C tj@54.468C soc1@53.218C VDD_IN 7499mW/7675mW VDD_CPU_GPU_CV 2096mW/2304mW VDD_SOC 1782mW/1769mW
10-08-2026 21:06:18 RAM 7122/7620MB (lfb 1x4MB) SWAP 634/5858MB (cached 0MB) CPU [15%@729,7%@729,29%@729,12%@729,50%@1510,41%@1510] GR3D_FREQ 36% cpu@54.531C soc2@53.125C soc0@51.718C gpu@53.468C tj@54.531C soc1@53.093C VDD_IN 7023mW/7674mW VDD_CPU_GPU_CV 1743mW/2303mW VDD_SOC 1743mW/1769mW
10-08-2026 21:06:19 RAM 7131/7620MB (lfb 1x4MB) SWAP 634/5858MB (cached 0MB) CPU [11%@1510,9%@1510,6%@1510,16%@1510,2%@1510,81%@1510] GR3D_FREQ 42% cpu@54.656C soc2@53.093C soc0@51.5C gpu@53.437C tj@54.656C soc1@53C VDD_IN 6705mW/7672mW VDD_CPU_GPU_CV 1582mW/2302mW VDD_SOC 1663mW/1769mW
10-08-2026 21:06:20 RAM 7131/7620MB (lfb 1x4MB) SWAP 634/5858MB (cached 0MB) CPU [8%@729,5%@1510,6%@1510,16%@1510,4%@1510,81%@1510] GR3D_FREQ 40% cpu@54.406C soc2@52.875C soc0@51.468C gpu@53.5C tj@54.406C soc1@53.093C VDD_IN 6705mW/7670mW VDD_CPU_GPU_CV 1582mW/2300mW VDD_SOC 1663mW/1768mW
10-08-2026 21:06:21 RAM 7131/7620MB (lfb 1x4MB) SWAP 634/5858MB (cached 0MB) CPU [10%@1510,4%@1510,7%@1510,7%@1510,17%@1510,63%@1510] GR3D_FREQ 39% cpu@54.406C soc2@52.875C soc0@51.468C gpu@53.593C tj@54.406C soc1@53.093C VDD_IN 6705mW/7669mW VDD_CPU_GPU_CV 1545mW/2299mW VDD_SOC 1663mW/1768mW
10-08-2026 21:06:22 RAM 7131/7620MB (lfb 1x4MB) SWAP 634/5858MB (cached 0MB) CPU [16%@1510,7%@1510,10%@1510,42%@1510,11%@729,24%@729] GR3D_FREQ 52% cpu@54.343C soc2@52.968C soc0@51.437C gpu@53.593C tj@54.343C soc1@52.875C VDD_IN 6626mW/7667mW VDD_CPU_GPU_CV 1545mW/2297mW VDD_SOC 1663mW/1768mW
10-08-2026 21:06:23 RAM 7131/7620MB (lfb 1x4MB) SWAP 634/5858MB (cached 0MB) CPU [8%@1510,3%@1510,14%@1510,74%@1510,2%@729,3%@729] GR3D_FREQ 56% cpu@54.437C soc2@52.937C soc0@51.437C gpu@53.531C tj@54.437C soc1@52.875C VDD_IN 6666mW/7665mW VDD_CPU_GPU_CV 1545mW/2296mW VDD_SOC 1663mW/1768mW
10-08-2026 21:06:24 RAM 7131/7620MB (lfb 1x4MB) SWAP 634/5858MB (cached 0MB) CPU [8%@1510,4%@1510,16%@1510,66%@1510,0%@729,4%@729] GR3D_FREQ 41% cpu@54.156C soc2@52.812C soc0@51.343C gpu@53.562C tj@54.156C soc1@52.937C VDD_IN 6705mW/7663mW VDD_CPU_GPU_CV 1545mW/2295mW VDD_SOC 1663mW/1768mW
10-08-2026 21:06:25 RAM 7131/7620MB (lfb 1x4MB) SWAP 634/5858MB (cached 0MB) CPU [3%@1510,29%@1510,25%@1510,37%@1510,0%@729,3%@729] GR3D_FREQ 38% cpu@54.062C soc2@52.843C soc0@51.406C gpu@53.281C tj@54.187C soc1@52.968C VDD_IN 6666mW/7661mW VDD_CPU_GPU_CV 1545mW/2293mW VDD_SOC 1663mW/1767mW
10-08-2026 21:06:26 RAM 7131/7620MB (lfb 1x4MB) SWAP 634/5858MB (cached 0MB) CPU [15%@1510,60%@1510,6%@1510,17%@1510,2%@729,5%@729] GR3D_FREQ 32% cpu@54.25C soc2@52.812C soc0@51.5C gpu@53.312C tj@54.25C soc1@52.781C VDD_IN 6705mW/7659mW VDD_CPU_GPU_CV 1584mW/2292mW VDD_SOC 1663mW/1767mW
10-08-2026 21:06:27 RAM 7131/7620MB (lfb 1x4MB) SWAP 634/5858MB (cached 0MB) CPU [6%@1510,11%@1510,42%@1510,5%@1510,15%@1510,33%@1510] GR3D_FREQ 40% cpu@54.281C soc2@52.781C soc0@51.281C gpu@53.375C tj@54.281C soc1@52.906C VDD_IN 6745mW/7658mW VDD_CPU_GPU_CV 1584mW/2291mW VDD_SOC 1663mW/1767mW
10-08-2026 21:06:28 RAM 7169/7620MB (lfb 40x128kB) SWAP 639/5858MB (cached 0MB) CPU [37%@729,34%@729,31%@729,33%@729,35%@729,40%@729] GR3D_FREQ 0% cpu@54.375C soc2@52.812C soc0@51.281C gpu@53.25C tj@54.375C soc1@52.843C VDD_IN 6547mW/7656mW VDD_CPU_GPU_CV 1582mW/2289mW VDD_SOC 1624mW/1767mW
10-08-2026 21:06:29 RAM 7173/7620MB (lfb 35x128kB) SWAP 639/5858MB (cached 0MB) CPU [31%@1510,24%@1510,48%@1510,44%@1510,29%@883,40%@883] GR3D_FREQ 6% cpu@54.375C soc2@52.781C soc0@51.375C gpu@53.156C tj@54.375C soc1@52.75C VDD_IN 6269mW/7653mW VDD_CPU_GPU_CV 1465mW/2288mW VDD_SOC 1584mW/1766mW
10-08-2026 21:06:30 RAM 7176/7620MB (lfb 20x128kB) SWAP 640/5858MB (cached 0MB) CPU [29%@1420,41%@1420,44%@1420,53%@1420,34%@1420,29%@1420] GR3D_FREQ 14% cpu@54.812C soc2@52.906C soc0@51.187C gpu@53.343C tj@54.812C soc1@52.718C VDD_IN 6467mW/7651mW VDD_CPU_GPU_CV 1584mW/2287mW VDD_SOC 1584mW/1766mW
10-08-2026 21:06:31 RAM 7170/7620MB (lfb 1x256kB) SWAP 645/5858MB (cached 0MB) CPU [57%@1510,63%@1510,68%@1510,54%@1510,60%@1113,73%@1113] GR3D_FREQ 21% cpu@54.875C soc2@53.031C soc0@51.25C gpu@53.625C tj@54.875C soc1@52.875C VDD_IN 7975mW/7651mW VDD_CPU_GPU_CV 2729mW/2287mW VDD_SOC 1706mW/1766mW
10-08-2026 21:06:32 RAM 7225/7620MB (lfb 444x64kB) SWAP 645/5858MB (cached 0MB) CPU [33%@729,32%@729,45%@1510,33%@1510,47%@1497,51%@1497] GR3D_FREQ 65% cpu@54.468C soc2@53.156C soc0@51.406C gpu@53.343C tj@54.468C soc1@52.968C VDD_IN 7578mW/7651mW VDD_CPU_GPU_CV 2175mW/2287mW VDD_SOC 1782mW/1766mW
10-08-2026 21:06:33 RAM 7246/7620MB (lfb 1379x32kB) SWAP 657/5858MB (cached 0MB) CPU [27%@883,21%@1510,46%@1510,7%@1510,45%@883,36%@883] GR3D_FREQ 49% cpu@54.375C soc2@53.031C soc0@51.281C gpu@53.375C tj@54.375C soc1@52.781C VDD_IN 7420mW/7651mW VDD_CPU_GPU_CV 2017mW/2287mW VDD_SOC 1782mW/1766mW
10-08-2026 21:06:34 RAM 7225/7620MB (lfb 8x128kB) SWAP 662/5858MB (cached 0MB) CPU [15%@1510,47%@1510,23%@1510,29%@1510,46%@883,28%@883] GR3D_FREQ 37% cpu@54.156C soc2@52.906C soc0@51.25C gpu@53.625C tj@54.156C soc1@52.781C VDD_IN 7340mW/7650mW VDD_CPU_GPU_CV 1941mW/2286mW VDD_SOC 1782mW/1766mW
10-08-2026 21:06:35 RAM 7205/7620MB (lfb 1x256kB) SWAP 662/5858MB (cached 0MB) CPU [16%@1497,58%@1510,22%@1510,11%@1510,4%@729,21%@729] GR3D_FREQ 53% cpu@54.25C soc2@52.75C soc0@51.25C gpu@53.468C tj@54.25C soc1@52.968C VDD_IN 6626mW/7648mW VDD_CPU_GPU_CV 1465mW/2284mW VDD_SOC 1663mW/1766mW
10-08-2026 21:06:36 RAM 7205/7620MB (lfb 1x256kB) SWAP 662/5858MB (cached 0MB) CPU [6%@1420,69%@1420,14%@1420,7%@1420,6%@729,3%@729] GR3D_FREQ 56% cpu@54.312C soc2@52.75C soc0@51.406C gpu@53.343C tj@54.312C soc1@52.75C VDD_IN 6666mW/7647mW VDD_CPU_GPU_CV 1545mW/2283mW VDD_SOC 1663mW/1766mW
10-08-2026 21:06:37 RAM 7205/7620MB (lfb 1x256kB) SWAP 662/5858MB (cached 0MB) CPU [18%@1510,15%@1510,4%@1510,56%@1510,10%@729,5%@729] GR3D_FREQ 50% cpu@53.968C soc2@52.75C soc0@51.125C gpu@53.187C tj@53.968C soc1@52.812C VDD_IN 6666mW/7645mW VDD_CPU_GPU_CV 1545mW/2282mW VDD_SOC 1663mW/1766mW
10-08-2026 21:06:38 RAM 7206/7620MB (lfb 1x256kB) SWAP 662/5858MB (cached 0MB) CPU [19%@1510,2%@1510,3%@1510,58%@1510,18%@1497,3%@1497] GR3D_FREQ 45% cpu@54.406C soc2@52.625C soc0@51.156C gpu@53.218C tj@54.187C soc1@52.75C VDD_IN 6666mW/7643mW VDD_CPU_GPU_CV 1545mW/2280mW VDD_SOC 1663mW/1765mW
10-08-2026 21:06:39 RAM 7205/7620MB (lfb 1x256kB) SWAP 662/5858MB (cached 0MB) CPU [7%@729,2%@1510,15%@1510,7%@1510,3%@1510,78%@1510] GR3D_FREQ 31% cpu@54.093C soc2@52.687C soc0@51.187C gpu@53.5C tj@54.093C soc1@52.75C VDD_IN 6666mW/7641mW VDD_CPU_GPU_CV 1545mW/2279mW VDD_SOC 1663mW/1765mW
10-08-2026 21:06:40 RAM 7205/7620MB (lfb 1x256kB) SWAP 662/5858MB (cached 0MB) CPU [14%@729,2%@729,13%@729,6%@729,17%@1510,64%@1510] GR3D_FREQ 38% cpu@54.25C soc2@52.656C soc0@51.218C gpu@53.468C tj@54.25C soc1@52.625C VDD_IN 6705mW/7640mW VDD_CPU_GPU_CV 1545mW/2278mW VDD_SOC 1663mW/1765mW
10-08-2026 21:06:41 RAM 7205/7620MB (lfb 1x256kB) SWAP 662/5858MB (cached 0MB) CPU [8%@729,3%@729,13%@729,6%@729,15%@1510,65%@1510] GR3D_FREQ 32% cpu@54.187C soc2@52.75C soc0@51.031C gpu@53.5C tj@54.187C soc1@52.625C VDD_IN 6666mW/7638mW VDD_CPU_GPU_CV 1545mW/2276mW VDD_SOC 1663mW/1765mW
10-08-2026 21:06:42 RAM 7205/7620MB (lfb 1x256kB) SWAP 662/5858MB (cached 0MB) CPU [14%@1510,4%@1510,10%@1510,7%@1510,5%@1510,77%@1510] GR3D_FREQ 40% cpu@54.468C soc2@52.531C soc0@51.125C gpu@53.156C tj@54.468C soc1@52.656C VDD_IN 6745mW/7636mW VDD_CPU_GPU_CV 1584mW/2275mW VDD_SOC 1663mW/1765mW
10-08-2026 21:06:43 RAM 7169/7620MB (lfb 3x1MB) SWAP 700/5858MB (cached 0MB) CPU [22%@1420,15%@1420,29%@1420,34%@1420,19%@1344,66%@1344] GR3D_FREQ 0% cpu@54.375C soc2@52.718C soc0@51.031C gpu@53.187C tj@54.375C soc1@52.718C VDD_IN 6944mW/7635mW VDD_CPU_GPU_CV 1901mW/2275mW VDD_SOC 1624mW/1764mW
10-08-2026 21:06:44 RAM 7176/7620MB (lfb 1x1MB) SWAP 700/5858MB (cached 0MB) CPU [28%@1344,33%@1344,31%@1510,46%@1510,42%@729,38%@729] GR3D_FREQ 34% cpu@54.218C soc2@52.656C soc0@51.062C gpu@53.156C tj@54.218C soc1@52.593C VDD_IN 6428mW/7633mW VDD_CPU_GPU_CV 1545mW/2273mW VDD_SOC 1587mW/1764mW
10-08-2026 21:06:45 RAM 7184/7620MB (lfb 52x128kB) SWAP 700/5858MB (cached 0MB) CPU [42%@1497,56%@1497,42%@1497,57%@1497,32%@1510,46%@1510] GR3D_FREQ 25% cpu@54.875C soc2@52.906C soc0@50.968C gpu@53.5C tj@54.875C soc1@52.625C VDD_IN 7380mW/7632mW VDD_CPU_GPU_CV 2258mW/2273mW VDD_SOC 1666mW/1764mW
10-08-2026 21:06:46 RAM 7184/7620MB (lfb 52x128kB) SWAP 700/5858MB (cached 0MB) CPU [62%@1510,57%@1510,58%@1510,56%@1510,52%@1113,74%@1113] GR3D_FREQ 0% cpu@54.468C soc2@52.75C soc0@50.968C gpu@53.531C tj@54.468C soc1@52.625C VDD_IN 7816mW/7633mW VDD_CPU_GPU_CV 2614mW/2274mW VDD_SOC 1706mW/1764mW
10-08-2026 21:06:47 RAM 7175/7620MB (lfb 1x1MB) SWAP 725/5858MB (cached 0MB) CPU [71%@1510,58%@1510,65%@1510,57%@1510,69%@1510,79%@1510] GR3D_FREQ 58% cpu@55.062C soc2@53.25C soc0@51.187C gpu@53.343C tj@55.062C soc1@52.687C VDD_IN 8729mW/7635mW VDD_CPU_GPU_CV 3203mW/2275mW VDD_SOC 1785mW/1764mW
10-08-2026 21:06:48 RAM 7215/7620MB (lfb 1x256kB) SWAP 737/5858MB (cached 0MB) CPU [75%@1510,83%@1510,70%@1510,81%@1510,81%@1510,86%@1510] GR3D_FREQ 50% cpu@55.031C soc2@53.218C soc0@51.218C gpu@53.906C tj@55.031C soc1@52.75C VDD_IN 9761mW/7638mW VDD_CPU_GPU_CV 3796mW/2278mW VDD_SOC 1980mW/1764mW
10-08-2026 21:06:49 RAM 7243/7620MB (lfb 21x64kB) SWAP 737/5858MB (cached 0MB) CPU [60%@1510,73%@1510,61%@1510,56%@1510,69%@1510,81%@1510] GR3D_FREQ 51% cpu@55.125C soc2@53.375C soc0@51.312C gpu@54.031C tj@55.125C soc1@52.968C VDD_IN 9983mW/7643mW VDD_CPU_GPU_CV 3909mW/2281mW VDD_SOC 2020mW/1765mW
10-08-2026 21:06:50 RAM 7217/7620MB (lfb 14x128kB) SWAP 760/5858MB (cached 0MB) CPU [74%@1510,80%@1510,85%@1510,68%@1510,83%@1510,82%@1510] GR3D_FREQ 82% cpu@55.062C soc2@53.343C soc0@51.375C gpu@53.625C tj@55.062C soc1@53.062C VDD_IN 9721mW/7646mW VDD_CPU_GPU_CV 3796mW/2284mW VDD_SOC 1941mW/1765mW
10-08-2026 21:06:51 RAM 7238/7620MB (lfb 1561x32kB) SWAP 761/5858MB (cached 0MB) CPU [85%@1510,54%@1510,46%@1510,54%@1510,50%@1344,59%@1344] GR3D_FREQ 58% cpu@55.093C soc2@53.437C soc0@51.625C gpu@53.75C tj@55.093C soc1@52.937C VDD_IN 9428mW/7649mW VDD_CPU_GPU_CV 3480mW/2286mW VDD_SOC 1980mW/1765mW
10-08-2026 21:06:52 RAM 7240/7620MB (lfb 1556x32kB) SWAP 761/5858MB (cached 0MB) CPU [55%@1510,40%@1510,47%@1510,54%@1510,62%@729,52%@729] GR3D_FREQ 74% cpu@54.906C soc2@53.531C soc0@51.437C gpu@53.75C tj@54.906C soc1@52.906C VDD_IN 8808mW/7652mW VDD_CPU_GPU_CV 3005mW/2287mW VDD_SOC 1941mW/1766mW
10-08-2026 21:06:53 RAM 7240/7620MB (lfb 1556x32kB) SWAP 761/5858MB (cached 0MB) CPU [17%@1510,33%@1510,11%@1510,61%@1510,29%@729,33%@729] GR3D_FREQ 17% cpu@54.468C soc2@53.125C soc0@51.562C gpu@53.718C tj@54.468C soc1@53C VDD_IN 7975mW/7652mW VDD_CPU_GPU_CV 2412mW/2287mW VDD_SOC 1861mW/1766mW
10-08-2026 21:06:54 RAM 7240/7620MB (lfb 1556x32kB) SWAP 761/5858MB (cached 0MB) CPU [19%@1510,44%@1510,42%@1510,12%@1510,23%@960,45%@960] GR3D_FREQ 56% cpu@54.312C soc2@53.125C soc0@51.562C gpu@53.5C tj@54.312C soc1@53C VDD_IN 7578mW/7652mW VDD_CPU_GPU_CV 2135mW/2287mW VDD_SOC 1822mW/1766mW
10-08-2026 21:06:55 RAM 7129/7620MB (lfb 1x2MB) SWAP 762/5858MB (cached 0MB) CPU [14%@1510,7%@1510,35%@1510,14%@1510,45%@1420,40%@1420] GR3D_FREQ 35% cpu@54.375C soc2@52.937C soc0@51.5C gpu@53.406C tj@54.375C soc1@52.875C VDD_IN 6864mW/7651mW VDD_CPU_GPU_CV 1584mW/2286mW VDD_SOC 1745mW/1766mW
10-08-2026 21:06:56 RAM 7135/7620MB (lfb 1x2MB) SWAP 762/5858MB (cached 0MB) CPU [8%@1510,4%@1510,7%@1510,10%@1510,19%@1497,65%@1497] GR3D_FREQ 39% cpu@54.281C soc2@52.843C soc0@51.25C gpu@53.25C tj@54.281C soc1@52.687C VDD_IN 6666mW/7649mW VDD_CPU_GPU_CV 1545mW/2285mW VDD_SOC 1663mW/1766mW
10-08-2026 21:06:57 RAM 7135/7620MB (lfb 1x2MB) SWAP 762/5858MB (cached 0MB) CPU [8%@729,6%@729,10%@729,3%@729,15%@1510,65%@1510] GR3D_FREQ 38% cpu@54.375C soc2@52.718C soc0@51.312C gpu@53.406C tj@54.375C soc1@52.812C VDD_IN 6666mW/7647mW VDD_CPU_GPU_CV 1545mW/2283mW VDD_SOC 1666mW/1766mW
10-08-2026 21:06:58 RAM 7135/7620MB (lfb 1x2MB) SWAP 762/5858MB (cached 0MB) CPU [7%@1510,5%@1510,9%@1510,11%@1510,25%@1497,58%@1497] GR3D_FREQ 67% cpu@54.156C soc2@52.718C soc0@51.25C gpu@53.406C tj@54.156C soc1@52.843C VDD_IN 6666mW/7645mW VDD_CPU_GPU_CV 1545mW/2282mW VDD_SOC 1666mW/1765mW
10-08-2026 21:06:59 RAM 7135/7620MB (lfb 1x2MB) SWAP 762/5858MB (cached 0MB) CPU [7%@1510,4%@1510,29%@1510,36%@1510,7%@729,21%@729] GR3D_FREQ 56% cpu@54.062C soc2@52.75C soc0@51.312C gpu@53.468C tj@54.062C soc1@52.656C VDD_IN 6705mW/7644mW VDD_CPU_GPU_CV 1545mW/2281mW VDD_SOC 1663mW/1765mW
10-08-2026 21:07:00 RAM 7135/7620MB (lfb 1x2MB) SWAP 762/5858MB (cached 0MB) CPU [13%@1510,5%@1510,69%@1510,15%@1510,0%@729,6%@729] GR3D_FREQ 42% cpu@54.25C soc2@52.75C soc0@51.093C gpu@53.406C tj@54.25C soc1@52.687C VDD_IN 6666mW/7642mW VDD_CPU_GPU_CV 1545mW/2279mW VDD_SOC 1666mW/1765mW
10-08-2026 21:07:01 RAM 7135/7620MB (lfb 1x2MB) SWAP 762/5858MB (cached 0MB) CPU [7%@729,3%@729,66%@729,13%@729,4%@1510,12%@1510] GR3D_FREQ 40% cpu@54.031C soc2@52.687C soc0@51.156C gpu@53.218C tj@54.031C soc1@52.718C VDD_IN 6705mW/7640mW VDD_CPU_GPU_CV 1545mW/2278mW VDD_SOC 1666mW/1765mW
10-08-2026 21:07:02 RAM 7135/7620MB (lfb 1x2MB) SWAP 762/5858MB (cached 0MB) CPU [11%@1510,2%@1510,13%@1510,50%@1510,6%@729,21%@729] GR3D_FREQ 39% cpu@53.968C soc2@52.656C soc0@51.187C gpu@53.187C tj@53.968C soc1@52.812C VDD_IN 6745mW/7639mW VDD_CPU_GPU_CV 1584mW/2277mW VDD_SOC 1666mW/1765mW
10-08-2026 21:07:03 RAM 7135/7620MB (lfb 1x2MB) SWAP 762/5858MB (cached 0MB) CPU [12%@1510,3%@1510,8%@1510,77%@1510,0%@729,1%@729] GR3D_FREQ 36% cpu@53.968C soc2@52.687C soc0@51.187C gpu@53.218C tj@54.062C soc1@52.843C VDD_IN 6705mW/7637mW VDD_CPU_GPU_CV 1584mW/2276mW VDD_SOC 1703mW/1765mW
10-08-2026 21:07:04 RAM 7168/7620MB (lfb 56x128kB) SWAP 762/5858MB (cached 0MB) CPU [20%@1510,19%@1510,12%@1510,66%@1510,6%@1510,11%@1510] GR3D_FREQ 32% cpu@54.375C soc2@52.75C soc0@51.218C gpu@53.156C tj@54.375C soc1@52.531C VDD_IN 6745mW/7636mW VDD_CPU_GPU_CV 1663mW/2275mW VDD_SOC 1663mW/1764mW
10-08-2026 21:07:05 RAM 7166/7620MB (lfb 1x256kB) SWAP 763/5858MB (cached 0MB) CPU [45%@1510,18%@1510,57%@1510,42%@1510,30%@806,42%@806] GR3D_FREQ 37% cpu@54.125C soc2@52.562C soc0@51C gpu@53.25C tj@54C soc1@52.625C VDD_IN 6348mW/7633mW VDD_CPU_GPU_CV 1465mW/2273mW VDD_SOC 1584mW/1764mW
10-08-2026 21:07:06 RAM 7172/7620MB (lfb 47x128kB) SWAP 763/5858MB (cached 0MB) CPU [50%@1510,33%@1510,48%@1510,40%@1510,51%@1036,42%@1036] GR3D_FREQ 35% cpu@54.375C soc2@52.687C soc0@51C gpu@53.062C tj@54.375C soc1@52.781C VDD_IN 6626mW/7632mW VDD_CPU_GPU_CV 1663mW/2272mW VDD_SOC 1624mW/1764mW
10-08-2026 21:07:07 RAM 7176/7620MB (lfb 38x128kB) SWAP 762/5858MB (cached 0MB) CPU [62%@1510,61%@1510,58%@1510,71%@1510,79%@1510,71%@1510] GR3D_FREQ 0% cpu@54.812C soc2@52.937C soc0@50.968C gpu@53.312C tj@55C soc1@52.625C VDD_IN 8213mW/7633mW VDD_CPU_GPU_CV 2891mW/2273mW VDD_SOC 1745mW/1764mW
10-08-2026 21:07:08 RAM 7177/7620MB (lfb 33x128kB) SWAP 762/5858MB (cached 0MB) CPU [69%@1510,74%@1510,67%@1510,72%@1510,72%@1510,85%@1510] GR3D_FREQ 0% cpu@54.875C soc2@52.937C soc0@51C gpu@53.531C tj@54.875C soc1@52.718C VDD_IN 8610mW/7634mW VDD_CPU_GPU_CV 3164mW/2275mW VDD_SOC 1745mW/1764mW
10-08-2026 21:07:09 RAM 6874/7620MB (lfb 4x2MB) SWAP 762/5858MB (cached 0MB) CPU [49%@1510,94%@1510,50%@1510,51%@1510,57%@1510,56%@1510] GR3D_FREQ 52% cpu@54.875C soc2@53.062C soc0@51.062C gpu@53.531C tj@55.156C soc1@52.75C VDD_IN 8015mW/7635mW VDD_CPU_GPU_CV 2570mW/2275mW VDD_SOC 1782mW/1764mW
10-08-2026 21:07:10 RAM 6949/7620MB (lfb 4x2MB) SWAP 762/5858MB (cached 0MB) CPU [64%@1510,66%@1510,79%@1510,76%@1510,77%@1510,68%@1510] GR3D_FREQ 41% cpu@55.125C soc2@53.218C soc0@51.187C gpu@53.656C tj@55.125C soc1@52.812C VDD_IN 9404mW/7638mW VDD_CPU_GPU_CV 3480mW/2277mW VDD_SOC 1941mW/1764mW
10-08-2026 21:07:11 RAM 7065/7620MB (lfb 16x128kB) SWAP 762/5858MB (cached 0MB) CPU [70%@1510,80%@1510,86%@1510,80%@1510,91%@1510,88%@1510] GR3D_FREQ 25% cpu@55.343C soc2@53.375C soc0@51.5C gpu@53.781C tj@55.343C soc1@52.781C VDD_IN 10141mW/7642mW VDD_CPU_GPU_CV 4067mW/2280mW VDD_SOC 2020mW/1765mW
10-08-2026 21:07:12 RAM 7097/7620MB (lfb 2x128kB) SWAP 762/5858MB (cached 0MB) CPU [65%@1510,76%@1510,76%@1510,78%@1510,75%@1510,78%@1510] GR3D_FREQ 60% cpu@55.25C soc2@53.343C soc0@51.281C gpu@53.562C tj@55.375C soc1@52.937C VDD_IN 9864mW/7646mW VDD_CPU_GPU_CV 3836mW/2283mW VDD_SOC 1980mW/1765mW
10-08-2026 21:07:13 RAM 7107/7620MB (lfb 2x128kB) SWAP 762/5858MB (cached 0MB) CPU [86%@1510,83%@1510,79%@1510,79%@1510,84%@1510,84%@1510] GR3D_FREQ 82% cpu@55.718C soc2@53.312C soc0@51.406C gpu@53.875C tj@55.718C soc1@53.093C VDD_IN 9880mW/7650mW VDD_CPU_GPU_CV 3915mW/2286mW VDD_SOC 1980mW/1765mW
10-08-2026 21:07:14 RAM 7121/7620MB (lfb 2x128kB) SWAP 762/5858MB (cached 0MB) CPU [71%@1510,73%@1510,74%@1510,78%@1510,80%@1510,72%@1510] GR3D_FREQ 41% cpu@55.5C soc2@53.562C soc0@51.656C gpu@53.75C tj@55.593C soc1@53.281C VDD_IN 9800mW/7654mW VDD_CPU_GPU_CV 3836mW/2289mW VDD_SOC 1980mW/1766mW
10-08-2026 21:07:15 RAM 7133/7620MB (lfb 2x128kB) SWAP 762/5858MB (cached 0MB) CPU [84%@1510,82%@1510,90%@1510,85%@1510,84%@1036,78%@1036] GR3D_FREQ 61% cpu@55.375C soc2@53.656C soc0@51.562C gpu@53.843C tj@55.375C soc1@53.125C VDD_IN 10022mW/7658mW VDD_CPU_GPU_CV 3988mW/2291mW VDD_SOC 2020mW/1766mW
10-08-2026 21:07:16 RAM 7144/7620MB (lfb 2x128kB) SWAP 762/5858MB (cached 0MB) CPU [69%@1510,71%@1510,66%@1510,63%@1510,70%@1267,79%@1267] GR3D_FREQ 1% cpu@55.656C soc2@53.562C soc0@51.656C gpu@53.968C tj@55.656C soc1@53.218C VDD_IN 9721mW/7661mW VDD_CPU_GPU_CV 3717mW/2294mW VDD_SOC 1980mW/1766mW
10-08-2026 21:07:17 RAM 7149/7620MB (lfb 3x128kB) SWAP 762/5858MB (cached 0MB) CPU [73%@1190,83%@1190,75%@1190,82%@1190,78%@1510,77%@1510] GR3D_FREQ 18% cpu@55.218C soc2@53.593C soc0@51.656C gpu@53.968C tj@55.218C soc1@53.281C VDD_IN 9602mW/7665mW VDD_CPU_GPU_CV 3638mW/2296mW VDD_SOC 1941mW/1767mW
10-08-2026 21:07:18 RAM 7159/7620MB (lfb 3x128kB) SWAP 762/5858MB (cached 0MB) CPU [67%@1510,81%@1510,59%@1510,68%@1510,76%@1344,66%@1344] GR3D_FREQ 38% cpu@55.687C soc2@53.687C soc0@51.843C gpu@53.906C tj@55.687C soc1@53.187C VDD_IN 10022mW/7669mW VDD_CPU_GPU_CV 3948mW/2299mW VDD_SOC 2020mW/1767mW
10-08-2026 21:07:19 RAM 7160/7620MB (lfb 3x128kB) SWAP 762/5858MB (cached 0MB) CPU [48%@1113,52%@1113,45%@1113,51%@1113,47%@729,80%@729] GR3D_FREQ 84% cpu@55.062C soc2@53.625C soc0@51.687C gpu@53.843C tj@55.062C soc1@53.281C VDD_IN 8596mW/7670mW VDD_CPU_GPU_CV 2887mW/2300mW VDD_SOC 1901mW/1767mW
10-08-2026 21:07:20 RAM 7161/7620MB (lfb 3x128kB) SWAP 762/5858MB (cached 0MB) CPU [11%@729,15%@729,11%@729,10%@729,71%@1510,69%@1510] GR3D_FREQ 63% cpu@54.812C soc2@53.468C soc0@51.812C gpu@53.812C tj@54.812C soc1@53.187C VDD_IN 8412mW/7671mW VDD_CPU_GPU_CV 2689mW/2301mW VDD_SOC 1901mW/1768mW
10-08-2026 21:07:21 RAM 7161/7620MB (lfb 3x128kB) SWAP 762/5858MB (cached 0MB) CPU [21%@729,33%@729,16%@729,35%@729,74%@1510,26%@1510] GR3D_FREQ 73% cpu@54.812C soc2@53.562C soc0@51.781C gpu@53.968C tj@54.812C soc1@53.375C VDD_IN 7856mW/7672mW VDD_CPU_GPU_CV 2294mW/2301mW VDD_SOC 1861mW/1768mW
10-08-2026 21:07:22 RAM 7161/7620MB (lfb 3x128kB) SWAP 762/5858MB (cached 0MB) CPU [13%@1510,39%@1510,14%@1510,26%@1510,64%@1036,39%@1036] GR3D_FREQ 27% cpu@54.843C soc2@53.343C soc0@51.812C gpu@53.968C tj@54.843C soc1@53.093C VDD_IN 7697mW/7672mW VDD_CPU_GPU_CV 2254mW/2301mW VDD_SOC 1822mW/1768mW
10-08-2026 21:07:23 RAM 7184/7620MB (lfb 5x256kB) SWAP 762/5858MB (cached 0MB) CPU [18%@1510,56%@1510,27%@1510,11%@1510,11%@729,62%@729] GR3D_FREQ 60% cpu@54.718C soc2@53.312C soc0@51.656C gpu@53.937C tj@54.718C soc1@53.125C VDD_IN 7301mW/7671mW VDD_CPU_GPU_CV 1938mW/2300mW VDD_SOC 1782mW/1768mW
10-08-2026 21:07:24 RAM 7048/7620MB (lfb 1x2MB) SWAP 762/5858MB (cached 0MB) CPU [13%@1190,8%@1510,74%@1510,16%@1510,19%@729,40%@729] GR3D_FREQ 38% cpu@54.468C soc2@53.25C soc0@51.656C gpu@53.656C tj@54.468C soc1@53.187C VDD_IN 7142mW/7670mW VDD_CPU_GPU_CV 1703mW/2299mW VDD_SOC 1782mW/1768mW
10-08-2026 21:07:25 RAM 7065/7620MB (lfb 1x2MB) SWAP 762/5858MB (cached 0MB) CPU [15%@1510,4%@1510,66%@1510,16%@1510,18%@1510,21%@1510] GR3D_FREQ 29% cpu@54.562C soc2@53.125C soc0@51.562C gpu@53.687C tj@54.562C soc1@53.25C VDD_IN 6785mW/7669mW VDD_CPU_GPU_CV 1584mW/2298mW VDD_SOC 1703mW/1768mW
10-08-2026 21:07:26 RAM 7066/7620MB (lfb 1x2MB) SWAP 762/5858MB (cached 0MB) CPU [11%@729,5%@729,11%@1510,8%@1510,12%@1510,82%@1510] GR3D_FREQ 39% cpu@54.656C soc2@53.093C soc0@51.656C gpu@53.812C tj@54.656C soc1@53C VDD_IN 6785mW/7667mW VDD_CPU_GPU_CV 1584mW/2297mW VDD_SOC 1706mW/1768mW
10-08-2026 21:07:27 RAM 7066/7620MB (lfb 1x2MB) SWAP 762/5858MB (cached 0MB) CPU [11%@1510,3%@1510,10%@1510,16%@1510,11%@1510,81%@1510] GR3D_FREQ 43% cpu@54.375C soc2@53.062C soc0@51.468C gpu@53.75C tj@54.375C soc1@52.937C VDD_IN 6745mW/7666mW VDD_CPU_GPU_CV 1584mW/2295mW VDD_SOC 1703mW/1768mW
10-08-2026 21:07:28 RAM 7066/7620MB (lfb 1x2MB) SWAP 762/5858MB (cached 0MB) CPU [13%@729,7%@729,10%@729,11%@729,10%@1497,82%@1497] GR3D_FREQ 41% cpu@54.781C soc2@52.968C soc0@51.5C gpu@53.812C tj@54.531C soc1@53.093C VDD_IN 6785mW/7664mW VDD_CPU_GPU_CV 1584mW/2294mW VDD_SOC 1703mW/1767mW
10-08-2026 21:07:29 RAM 7066/7620MB (lfb 1x2MB) SWAP 762/5858MB (cached 0MB) CPU [11%@729,9%@1510,9%@1510,10%@1510,5%@1497,80%@1497] GR3D_FREQ 62% cpu@54.406C soc2@53.031C soc0@51.593C gpu@53.5C tj@54.406C soc1@53.218C VDD_IN 6745mW/7663mW VDD_CPU_GPU_CV 1584mW/2293mW VDD_SOC 1663mW/1767mW
10-08-2026 21:07:30 RAM 7066/7620MB (lfb 1x2MB) SWAP 762/5858MB (cached 0MB) CPU [7%@1510,6%@1510,6%@1510,11%@1510,4%@1497,80%@1497] GR3D_FREQ 50% cpu@54.375C soc2@53C soc0@51.656C gpu@53.468C tj@54.375C soc1@52.968C VDD_IN 6705mW/7661mW VDD_CPU_GPU_CV 1584mW/2292mW VDD_SOC 1703mW/1767mW
10-08-2026 21:07:31 RAM 7066/7620MB (lfb 1x2MB) SWAP 762/5858MB (cached 0MB) CPU [12%@729,8%@729,13%@729,12%@729,27%@1510,55%@1510] GR3D_FREQ 39% cpu@54.5C soc2@53C soc0@51.312C gpu@53.406C tj@54.5C soc1@52.937C VDD_IN 6745mW/7660mW VDD_CPU_GPU_CV 1584mW/2291mW VDD_SOC 1703mW/1767mW
10-08-2026 21:07:32 RAM 7066/7620MB (lfb 1x2MB) SWAP 762/5858MB (cached 0MB) CPU [12%@1510,6%@1510,11%@1510,13%@1510,9%@1510,75%@1510] GR3D_FREQ 35% cpu@54.375C soc2@52.875C soc0@51.5C gpu@53.718C tj@54.375C soc1@53.031C VDD_IN 6745mW/7658mW VDD_CPU_GPU_CV 1584mW/2289mW VDD_SOC 1703mW/1767mW
10-08-2026 21:07:33 RAM 7162/7620MB (lfb 20x128kB) SWAP 759/5858MB (cached 0MB) CPU [31%@1344,43%@1344,41%@1510,30%@1510,35%@729,46%@729] GR3D_FREQ 0% cpu@54.468C soc2@52.968C soc0@51.437C gpu@53.75C tj@54.468C soc1@53.062C VDD_IN 6547mW/7656mW VDD_CPU_GPU_CV 1624mW/2288mW VDD_SOC 1624mW/1767mW
10-08-2026 21:07:34 RAM 7163/7620MB (lfb 18x128kB) SWAP 759/5858MB (cached 0MB) CPU [23%@729,41%@729,33%@729,44%@1510,35%@806,58%@806] GR3D_FREQ 0% cpu@54.5C soc2@52.843C soc0@51.25C gpu@53.406C tj@54.5C soc1@52.812C VDD_IN 6309mW/7654mW VDD_CPU_GPU_CV 1426mW/2287mW VDD_SOC 1584mW/1766mW
10-08-2026 21:07:35 RAM 7157/7620MB (lfb 1x2MB) SWAP 764/5858MB (cached 0MB) CPU [54%@1510,65%@1510,61%@1510,50%@1510,62%@1510,67%@1510] GR3D_FREQ 0% cpu@55.406C soc2@53.187C soc0@51.218C gpu@53.562C tj@55.406C soc1@53.062C VDD_IN 8015mW/7655mW VDD_CPU_GPU_CV 2733mW/2288mW VDD_SOC 1706mW/1766mW
10-08-2026 21:07:36 RAM 7166/7620MB (lfb 23x128kB) SWAP 764/5858MB (cached 0MB) CPU [57%@1510,72%@1510,72%@1510,67%@1510,79%@1510,66%@1510] GR3D_FREQ 24% cpu@55.343C soc2@53.218C soc0@51.343C gpu@53.812C tj@55.343C soc1@53.125C VDD_IN 8412mW/7656mW VDD_CPU_GPU_CV 3045mW/2289mW VDD_SOC 1745mW/1766mW
10-08-2026 21:07:37 RAM 7231/7620MB (lfb 1x1MB) SWAP 768/5858MB (cached 0MB) CPU [72%@1510,79%@1510,71%@1510,85%@1510,73%@1510,76%@1510] GR3D_FREQ 53% cpu@55.375C soc2@53.531C soc0@51.531C gpu@54.125C tj@55.375C soc1@53.031C VDD_IN 9642mW/7659mW VDD_CPU_GPU_CV 3757mW/2291mW VDD_SOC 1941mW/1767mW
10-08-2026 21:07:38 RAM 7015/7620MB (lfb 7x512kB) SWAP 768/5858MB (cached 0MB) CPU [61%@1510,58%@1510,69%@1510,66%@1510,66%@1267,63%@1267] GR3D_FREQ 0% cpu@54.875C soc2@53.468C soc0@51.531C gpu@54.062C tj@54.875C soc1@53.093C VDD_IN 9047mW/7661mW VDD_CPU_GPU_CV 3243mW/2293mW VDD_SOC 1901mW/1767mW
10-08-2026 21:07:39 RAM 7088/7620MB (lfb 1x512kB) SWAP 768/5858MB (cached 0MB) CPU [54%@1510,54%@1510,55%@1510,56%@1510,56%@1510,91%@1510] GR3D_FREQ 46% cpu@55.468C soc2@53.531C soc0@51.593C gpu@53.875C tj@55.468C soc1@53.218C VDD_IN 9483mW/7664mW VDD_CPU_GPU_CV 3599mW/2295mW VDD_SOC 1941mW/1767mW
10-08-2026 21:07:40 RAM 7129/7620MB (lfb 7x64kB) SWAP 768/5858MB (cached 0MB) CPU [76%@1510,80%@1510,86%@1510,73%@1510,81%@1510,79%@1510] GR3D_FREQ 54% cpu@55.25C soc2@53.687C soc0@51.656C gpu@54.281C tj@55.25C soc1@53.375C VDD_IN 9800mW/7668mW VDD_CPU_GPU_CV 3830mW/2298mW VDD_SOC 1980mW/1767mW
10-08-2026 21:07:41 RAM 7141/7620MB (lfb 7x64kB) SWAP 768/5858MB (cached 0MB) CPU [86%@1510,74%@1510,82%@1510,75%@1510,84%@1510,79%@1510] GR3D_FREQ 60% cpu@55.843C soc2@54.031C soc0@51.656C gpu@53.937C tj@55.843C soc1@53.187C VDD_IN 10260mW/7672mW VDD_CPU_GPU_CV 4146mW/2301mW VDD_SOC 2020mW/1768mW
10-08-2026 21:07:42 RAM 7147/7620MB (lfb 7x64kB) SWAP 768/5858MB (cached 0MB) CPU [74%@1510,75%@1510,85%@1510,78%@1510,85%@1267,83%@1267] GR3D_FREQ 31% cpu@55.875C soc2@53.625C soc0@51.718C gpu@54.093C tj@55.875C soc1@53.375C VDD_IN 9681mW/7675mW VDD_CPU_GPU_CV 3796mW/2303mW VDD_SOC 1941mW/1768mW
10-08-2026 21:07:43 RAM 7148/7620MB (lfb 7x64kB) SWAP 768/5858MB (cached 0MB) CPU [34%@1510,49%@1510,15%@1510,15%@1510,36%@1510,58%@1510] GR3D_FREQ 61% cpu@54.937C soc2@53.656C soc0@51.906C gpu@53.937C tj@54.937C soc1@53.437C VDD_IN 8134mW/7676mW VDD_CPU_GPU_CV 2531mW/2303mW VDD_SOC 1861mW/1768mW
10-08-2026 21:07:44 RAM 7148/7620MB (lfb 7x64kB) SWAP 768/5858MB (cached 0MB) CPU [20%@1510,17%@1510,20%@1510,16%@1510,76%@1497,58%@1497] GR3D_FREQ 76% cpu@54.906C soc2@53.625C soc0@52C gpu@53.937C tj@54.906C soc1@53.218C VDD_IN 7936mW/7677mW VDD_CPU_GPU_CV 2373mW/2303mW VDD_SOC 1861mW/1768mW
10-08-2026 21:07:45 RAM 7148/7620MB (lfb 7x64kB) SWAP 768/5858MB (cached 0MB) CPU [32%@1510,35%@1510,8%@1510,13%@1510,45%@729,47%@729] GR3D_FREQ 23% cpu@54.906C soc2@53.406C soc0@51.812C gpu@53.75C tj@54.906C soc1@53.187C VDD_IN 7896mW/7677mW VDD_CPU_GPU_CV 2333mW/2304mW VDD_SOC 1822mW/1769mW
10-08-2026 21:07:46 RAM 7151/7620MB (lfb 7x64kB) SWAP 768/5858MB (cached 0MB) CPU [11%@729,22%@1510,61%@1510,10%@1510,45%@883,34%@883] GR3D_FREQ 36% cpu@54.562C soc2@53.281C soc0@51.75C gpu@53.687C tj@54.562C soc1@53.281C VDD_IN 7261mW/7676mW VDD_CPU_GPU_CV 1938mW/2303mW VDD_SOC 1782mW/1769mW
10-08-2026 21:07:47 RAM 7094/7620MB (lfb 9x2MB) SWAP 768/5858MB (cached 0MB) CPU [8%@729,32%@729,25%@729,49%@729,5%@1420,39%@1420] GR3D_FREQ 44% cpu@54.687C soc2@53.25C soc0@51.812C gpu@53.718C tj@54.687C soc1@53.343C VDD_IN 7063mW/7675mW VDD_CPU_GPU_CV 1703mW/2302mW VDD_SOC 1782mW/1769mW
10-08-2026 21:07:48 RAM 7093/7620MB (lfb 9x2MB) SWAP 768/5858MB (cached 0MB) CPU [8%@729,10%@729,9%@729,7%@729,13%@1510,71%@1510] GR3D_FREQ 37% cpu@54.718C soc2@53.093C soc0@51.718C gpu@53.75C tj@54.718C soc1@53.125C VDD_IN 6705mW/7674mW VDD_CPU_GPU_CV 1545mW/2301mW VDD_SOC 1703mW/1768mW
10-08-2026 21:07:49 RAM 7094/7620MB (lfb 9x2MB) SWAP 768/5858MB (cached 0MB) CPU [7%@1510,10%@1510,9%@1510,7%@1510,16%@1497,67%@1497] GR3D_FREQ 37% cpu@54.5C soc2@53.156C soc0@51.5C gpu@53.75C tj@54.5C soc1@53.218C VDD_IN 6705mW/7672mW VDD_CPU_GPU_CV 1545mW/2300mW VDD_SOC 1663mW/1768mW
10-08-2026 21:07:50 RAM 7095/7620MB (lfb 9x2MB) SWAP 768/5858MB (cached 0MB) CPU [12%@729,5%@729,10%@729,10%@729,9%@1420,73%@1420] GR3D_FREQ 69% cpu@54.687C soc2@53.093C soc0@51.593C gpu@53.468C tj@54.468C soc1@53.093C VDD_IN 6705mW/7671mW VDD_CPU_GPU_CV 1584mW/2298mW VDD_SOC 1663mW/1768mW
10-08-2026 21:07:51 RAM 7094/7620MB (lfb 9x2MB) SWAP 768/5858MB (cached 0MB) CPU [13%@1510,4%@1510,6%@1510,5%@1510,6%@1510,80%@1510] GR3D_FREQ 55% cpu@54.531C soc2@53.062C soc0@51.625C gpu@53.593C tj@54.625C soc1@53.218C VDD_IN 6745mW/7669mW VDD_CPU_GPU_CV 1584mW/2297mW VDD_SOC 1663mW/1768mW
10-08-2026 21:07:52 RAM 7094/7620MB (lfb 9x2MB) SWAP 768/5858MB (cached 0MB) CPU [11%@729,6%@729,13%@729,3%@729,25%@1510,64%@1510] GR3D_FREQ 39% cpu@54.5C soc2@53.125C soc0@51.562C gpu@53.531C tj@54.5C soc1@53.062C VDD_IN 6705mW/7667mW VDD_CPU_GPU_CV 1584mW/2296mW VDD_SOC 1666mW/1768mW
10-08-2026 21:07:53 RAM 7094/7620MB (lfb 9x2MB) SWAP 768/5858MB (cached 0MB) CPU [13%@1510,8%@1510,12%@1510,7%@1510,11%@1510,70%@1510] GR3D_FREQ 41% cpu@54.593C soc2@53.062C soc0@51.468C gpu@53.656C tj@54.593C soc1@53.031C VDD_IN 6745mW/7666mW VDD_CPU_GPU_CV 1545mW/2295mW VDD_SOC 1706mW/1768mW
10-08-2026 21:07:54 RAM 7094/7620MB (lfb 9x2MB) SWAP 768/5858MB (cached 0MB) CPU [14%@729,6%@729,12%@729,9%@729,3%@1510,74%@1510] GR3D_FREQ 37% cpu@54.343C soc2@53.031C soc0@51.406C gpu@53.656C tj@54.343C soc1@53.031C VDD_IN 6705mW/7664mW VDD_CPU_GPU_CV 1584mW/2294mW VDD_SOC 1706mW/1768mW
10-08-2026 21:07:55 RAM 7094/7620MB (lfb 9x2MB) SWAP 768/5858MB (cached 0MB) CPU [12%@1510,11%@1510,5%@1510,12%@1510,0%@1510,79%@1510] GR3D_FREQ 40% cpu@54.437C soc2@52.937C soc0@51.531C gpu@53.656C tj@54.437C soc1@53.156C VDD_IN 6745mW/7663mW VDD_CPU_GPU_CV 1584mW/2293mW VDD_SOC 1703mW/1767mW
10-08-2026 21:07:56 RAM 7082/7620MB (lfb 3x256kB) SWAP 763/5858MB (cached 0MB) CPU [28%@1267,32%@1267,20%@1267,18%@1267,15%@1344,62%@1344] GR3D_FREQ 39% cpu@54.781C soc2@53.125C soc0@51.531C gpu@53.468C tj@54.781C soc1@53C VDD_IN 6944mW/7662mW VDD_CPU_GPU_CV 1861mW/2292mW VDD_SOC 1663mW/1767mW
10-08-2026 21:07:57 RAM 7086/7620MB (lfb 4x256kB) SWAP 763/5858MB (cached 0MB) CPU [39%@1510,34%@1510,40%@1510,30%@1510,35%@1036,29%@1036] GR3D_FREQ 28% cpu@54.656C soc2@53C soc0@51.25C gpu@53.343C tj@54.656C soc1@52.906C VDD_IN 6229mW/7660mW VDD_CPU_GPU_CV 1386mW/2290mW VDD_SOC 1584mW/1767mW
10-08-2026 21:07:58 RAM 7042/7620MB (lfb 4x256kB) SWAP 763/5858MB (cached 0MB) CPU [43%@1510,46%@1510,43%@1510,49%@1510,39%@1190,40%@1190] GR3D_FREQ 28% cpu@54.812C soc2@52.968C soc0@51.281C gpu@53.468C tj@54.812C soc1@52.968C VDD_IN 6983mW/7659mW VDD_CPU_GPU_CV 1980mW/2290mW VDD_SOC 1626mW/1767mW
10-08-2026 21:07:59 RAM 7045/7620MB (lfb 3x256kB) SWAP 763/5858MB (cached 0MB) CPU [53%@1510,67%@1510,58%@1510,43%@1510,68%@1510,61%@1510] GR3D_FREQ 0% cpu@55.125C soc2@53.093C soc0@51.343C gpu@53.718C tj@55.125C soc1@53.093C VDD_IN 7777mW/7659mW VDD_CPU_GPU_CV 2570mW/2290mW VDD_SOC 1703mW/1767mW
10-08-2026 21:08:00 RAM 7047/7620MB (lfb 3x256kB) SWAP 763/5858MB (cached 0MB) CPU [54%@1510,68%@1510,63%@1510,62%@1510,69%@729,63%@729] GR3D_FREQ 0% cpu@55.031C soc2@53.218C soc0@51.593C gpu@53.843C tj@55.093C soc1@53.062C VDD_IN 7936mW/7659mW VDD_CPU_GPU_CV 2729mW/2291mW VDD_SOC 1703mW/1767mW
10-08-2026 21:08:01 RAM 7200/7620MB (lfb 2x256kB) SWAP 763/5858MB (cached 0MB) CPU [83%@1510,84%@1510,77%@1510,87%@1510,81%@1510,74%@1510] GR3D_FREQ 0% cpu@55.437C soc2@53.531C soc0@51.656C gpu@53.781C tj@55.437C soc1@53.25C VDD_IN 9761mW/7662mW VDD_CPU_GPU_CV 3836mW/2294mW VDD_SOC 1941mW/1767mW
10-08-2026 21:08:02 RAM 7217/7620MB (lfb 51x128kB) SWAP 763/5858MB (cached 0MB) CPU [67%@1510,74%@1510,61%@1510,71%@1510,87%@1344,76%@1344] GR3D_FREQ 46% cpu@55.562C soc2@53.656C soc0@51.656C gpu@53.843C tj@55.562C soc1@53.125C VDD_IN 9943mW/7666mW VDD_CPU_GPU_CV 3909mW/2296mW VDD_SOC 1980mW/1767mW
10-08-2026 21:08:03 RAM 7220/7620MB (lfb 51x128kB) SWAP 763/5858MB (cached 0MB) CPU [73%@1510,75%@1510,72%@1510,75%@1510,75%@1510,84%@1510] GR3D_FREQ 85% cpu@55.25C soc2@53.781C soc0@51.75C gpu@53.968C tj@55.25C soc1@53.25C VDD_IN 9785mW/7669mW VDD_CPU_GPU_CV 3790mW/2298mW VDD_SOC 1980mW/1768mW
10-08-2026 21:08:04 RAM 7220/7620MB (lfb 51x128kB) SWAP 763/5858MB (cached 0MB) CPU [49%@1510,68%@1510,59%@1510,67%@1510,52%@1344,80%@1344] GR3D_FREQ 80% cpu@55.656C soc2@53.656C soc0@51.781C gpu@54.125C tj@55.406C soc1@53.468C VDD_IN 9523mW/7672mW VDD_CPU_GPU_CV 3599mW/2301mW VDD_SOC 1980mW/1768mW
10-08-2026 21:08:05 RAM 7220/7620MB (lfb 51x128kB) SWAP 763/5858MB (cached 0MB) CPU [68%@1344,74%@1344,63%@1344,64%@1344,86%@1510,54%@1510] GR3D_FREQ 63% cpu@55.375C soc2@53.718C soc0@51.937C gpu@54.281C tj@55.375C soc1@53.25C VDD_IN 9547mW/7675mW VDD_CPU_GPU_CV 3593mW/2303mW VDD_SOC 1980mW/1768mW
10-08-2026 21:08:06 RAM 7220/7620MB (lfb 51x128kB) SWAP 763/5858MB (cached 0MB) CPU [25%@1510,38%@1510,40%@1510,33%@1510,37%@1497,73%@1497] GR3D_FREQ 42% cpu@54.843C soc2@53.625C soc0@51.781C gpu@53.968C tj@54.843C soc1@53.343C VDD_IN 8055mW/7676mW VDD_CPU_GPU_CV 2452mW/2303mW VDD_SOC 1861mW/1768mW
10-08-2026 21:08:07 RAM 7205/7620MB (lfb 39x128kB) SWAP 765/5858MB (cached 0MB) CPU [28%@1510,29%@1510,29%@1510,53%@1510,36%@1113,20%@1113] GR3D_FREQ 0% cpu@54.812C soc2@53.312C soc0@51.812C gpu@53.812C tj@54.812C soc1@53.343C VDD_IN 7816mW/7676mW VDD_CPU_GPU_CV 2294mW/2303mW VDD_SOC 1822mW/1768mW
10-08-2026 21:08:08 RAM 7219/7620MB (lfb 8x128kB) SWAP 765/5858MB (cached 0MB) CPU [22%@1510,68%@1510,11%@1510,18%@1510,7%@729,57%@729] GR3D_FREQ 44% cpu@54.718C soc2@53.468C soc0@51.906C gpu@54.125C tj@54.781C soc1@53.437C VDD_IN 7697mW/7676mW VDD_CPU_GPU_CV 2175mW/2303mW VDD_SOC 1822mW/1769mW
10-08-2026 21:08:09 RAM 7099/7620MB (lfb 1x2MB) SWAP 765/5858MB (cached 0MB) CPU [14%@729,28%@729,29%@729,34%@729,25%@1420,16%@1420] GR3D_FREQ 64% cpu@54.625C soc2@53.312C soc0@51.875C gpu@54.125C tj@54.625C soc1@53.156C VDD_IN 6983mW/7675mW VDD_CPU_GPU_CV 1703mW/2302mW VDD_SOC 1743mW/1768mW
10-08-2026 21:08:10 RAM 7099/7620MB (lfb 1x2MB) SWAP 765/5858MB (cached 0MB) CPU [13%@1510,9%@1510,8%@1510,6%@1510,18%@729,63%@729] GR3D_FREQ 64% cpu@54.718C soc2@53.218C soc0@51.625C gpu@54.062C tj@54.718C soc1@53.125C VDD_IN 6705mW/7674mW VDD_CPU_GPU_CV 1545mW/2300mW VDD_SOC 1663mW/1768mW
10-08-2026 21:08:11 RAM 7099/7620MB (lfb 1x2MB) SWAP 765/5858MB (cached 0MB) CPU [9%@729,36%@729,8%@729,6%@729,6%@1497,52%@1497] GR3D_FREQ 69% cpu@54.5C soc2@53.125C soc0@51.687C gpu@53.625C tj@54.5C soc1@53.156C VDD_IN 6666mW/7672mW VDD_CPU_GPU_CV 1545mW/2299mW VDD_SOC 1663mW/1768mW
10-08-2026 21:08:12 RAM 7100/7620MB (lfb 1x2MB) SWAP 765/5858MB (cached 0MB) CPU [7%@1510,7%@1510,12%@1510,5%@1510,4%@1510,80%@1510] GR3D_FREQ 46% cpu@54.562C soc2@53.093C soc0@51.625C gpu@53.75C tj@54.562C soc1@53.218C VDD_IN 6705mW/7670mW VDD_CPU_GPU_CV 1545mW/2298mW VDD_SOC 1663mW/1768mW
10-08-2026 21:08:13 RAM 7100/7620MB (lfb 1x2MB) SWAP 765/5858MB (cached 0MB) CPU [11%@1510,9%@1510,8%@1510,13%@1510,11%@1510,70%@1510] GR3D_FREQ 38% cpu@54.593C soc2@53.125C soc0@51.656C gpu@53.625C tj@54.593C soc1@53.031C VDD_IN 6705mW/7669mW VDD_CPU_GPU_CV 1584mW/2297mW VDD_SOC 1663mW/1768mW
10-08-2026 21:08:14 RAM 6994/7620MB (lfb 2x512kB) SWAP 755/5858MB (cached 0MB) CPU [44%@1510,30%@1510,23%@1510,38%@1510,25%@1497,53%@1497] GR3D_FREQ 1% cpu@54.968C soc2@53.218C soc0@51.468C gpu@53.843C tj@54.968C soc1@53.031C VDD_IN 6904mW/7668mW VDD_CPU_GPU_CV 1861mW/2296mW VDD_SOC 1624mW/1768mW
10-08-2026 21:08:15 RAM 7003/7620MB (lfb 3x512kB) SWAP 754/5858MB (cached 0MB) CPU [38%@1113,42%@1113,52%@1113,53%@1113,27%@806,60%@806] GR3D_FREQ 0% cpu@54.656C soc2@53.031C soc0@51.406C gpu@53.468C tj@54.656C soc1@53.093C VDD_IN 6745mW/7666mW VDD_CPU_GPU_CV 1782mW/2296mW VDD_SOC 1624mW/1767mW
10-08-2026 21:08:16 RAM 7007/7620MB (lfb 3x512kB) SWAP 754/5858MB (cached 0MB) CPU [38%@1510,45%@1510,42%@1510,42%@1510,37%@806,48%@806] GR3D_FREQ 30% cpu@54.875C soc2@53.062C soc0@51.375C gpu@53.468C tj@54.875C soc1@53.218C VDD_IN 6626mW/7665mW VDD_CPU_GPU_CV 1703mW/2295mW VDD_SOC 1624mW/1767mW
10-08-2026 21:08:17 RAM 7008/7620MB (lfb 2x512kB) SWAP 754/5858MB (cached 0MB) CPU [58%@1510,75%@1510,74%@1510,62%@1510,70%@1113,74%@1113] GR3D_FREQ 30% cpu@55.25C soc2@53.312C soc0@51.437C gpu@53.687C tj@55.25C soc1@53.062C VDD_IN 8253mW/7666mW VDD_CPU_GPU_CV 2891mW/2296mW VDD_SOC 1745mW/1767mW
10-08-2026 21:08:18 RAM 7119/7620MB (lfb 2x512kB) SWAP 754/5858MB (cached 0MB) CPU [59%@1510,62%@1510,67%@1510,57%@1510,65%@1267,64%@1267] GR3D_FREQ 83% cpu@55.031C soc2@53.562C soc0@51.593C gpu@53.875C tj@55.031C soc1@53.093C VDD_IN 9166mW/7668mW VDD_CPU_GPU_CV 3361mW/2297mW VDD_SOC 1941mW/1767mW
10-08-2026 21:08:19 RAM 7214/7620MB (lfb 2x512kB) SWAP 754/5858MB (cached 0MB) CPU [67%@1510,82%@1510,72%@1510,73%@1510,75%@1510,82%@1510] GR3D_FREQ 40% cpu@55.687C soc2@53.968C soc0@51.656C gpu@53.781C tj@55.531C soc1@53.281C VDD_IN 9904mW/7671mW VDD_CPU_GPU_CV 3869mW/2300mW VDD_SOC 1980mW/1768mW
10-08-2026 21:08:20 RAM 7225/7620MB (lfb 1x2MB) SWAP 754/5858MB (cached 0MB) CPU [60%@1510,66%@1510,66%@1510,62%@1510,68%@1510,67%@1510] GR3D_FREQ 49% cpu@55.468C soc2@53.656C soc0@51.937C gpu@54C tj@55.468C soc1@53.187C VDD_IN 9547mW/7674mW VDD_CPU_GPU_CV 3599mW/2302mW VDD_SOC 1980mW/1768mW
10-08-2026 21:08:21 RAM 6945/7620MB (lfb 1x1MB) SWAP 754/5858MB (cached 0MB) CPU [63%@1510,74%@1510,52%@1510,55%@1510,62%@1510,75%@1510] GR3D_FREQ 28% cpu@55.812C soc2@53.656C soc0@51.906C gpu@54C tj@55.593C soc1@53.312C VDD_IN 9428mW/7677mW VDD_CPU_GPU_CV 3520mW/2303mW VDD_SOC 1941mW/1768mW
10-08-2026 21:08:22 RAM 7027/7620MB (lfb 1x1MB) SWAP 754/5858MB (cached 0MB) CPU [73%@1510,71%@1510,74%@1510,85%@1510,76%@1510,77%@1510] GR3D_FREQ 44% cpu@55.406C soc2@53.812C soc0@51.906C gpu@54.343C tj@55.406C soc1@53.468C VDD_IN 9523mW/7680mW VDD_CPU_GPU_CV 3599mW/2305mW VDD_SOC 1941mW/1769mW
10-08-2026 21:08:23 RAM 7056/7620MB (lfb 9x64kB) SWAP 754/5858MB (cached 0MB) CPU [69%@1510,58%@1510,50%@1510,69%@1510,69%@1510,58%@1510] GR3D_FREQ 18% cpu@55.531C soc2@53.781C soc0@52.062C gpu@53.968C tj@55.531C soc1@53.343C VDD_IN 9483mW/7683mW VDD_CPU_GPU_CV 3520mW/2307mW VDD_SOC 1980mW/1769mW
10-08-2026 21:08:24 RAM 7060/7620MB (lfb 9x64kB) SWAP 754/5858MB (cached 0MB) CPU [48%@1510,45%@1510,27%@1510,21%@1510,40%@729,49%@729] GR3D_FREQ 49% cpu@54.906C soc2@53.656C soc0@51.843C gpu@54.062C tj@54.906C soc1@53.312C VDD_IN 7697mW/7683mW VDD_CPU_GPU_CV 2214mW/2307mW VDD_SOC 1822mW/1769mW
10-08-2026 21:08:25 RAM 7089/7620MB (lfb 5x512kB) SWAP 754/5858MB (cached 0MB) CPU [19%@1510,16%@1510,9%@1510,13%@1510,43%@1510,79%@1510] GR3D_FREQ 0% cpu@54.812C soc2@53.468C soc0@51.781C gpu@53.906C tj@54.812C soc1@53.406C VDD_IN 7102mW/7682mW VDD_CPU_GPU_CV 1822mW/2306mW VDD_SOC 1743mW/1769mW
10-08-2026 21:08:27 RAM 7024/7620MB (lfb 2x2MB) SWAP 754/5858MB (cached 0MB) CPU [9%@1510,4%@1510,7%@1510,13%@1510,3%@1510,78%@1510] GR3D_FREQ 39% cpu@54.718C soc2@53.218C soc0@51.781C gpu@53.781C tj@54.718C soc1@53.343C VDD_IN 6666mW/7680mW VDD_CPU_GPU_CV 1505mW/2305mW VDD_SOC 1663mW/1769mW
10-08-2026 21:08:28 RAM 7025/7620MB (lfb 2x2MB) SWAP 754/5858MB (cached 0MB) CPU [11%@1510,5%@1510,10%@1510,9%@1510,3%@1510,80%@1510] GR3D_FREQ 35% cpu@54.687C soc2@53.25C soc0@51.843C gpu@53.593C tj@54.687C soc1@53.156C VDD_IN 6705mW/7679mW VDD_CPU_GPU_CV 1584mW/2304mW VDD_SOC 1663mW/1769mW
10-08-2026 21:08:29 RAM 7025/7620MB (lfb 2x2MB) SWAP 754/5858MB (cached 0MB) CPU [15%@729,5%@729,11%@729,3%@729,4%@1497,81%@1497] GR3D_FREQ 33% cpu@54.906C soc2@53.187C soc0@51.593C gpu@53.593C tj@54.906C soc1@53.125C VDD_IN 6705mW/7677mW VDD_CPU_GPU_CV 1584mW/2303mW VDD_SOC 1663mW/1768mW
10-08-2026 21:08:30 RAM 7025/7620MB (lfb 2x2MB) SWAP 754/5858MB (cached 0MB) CPU [14%@1510,6%@1510,20%@1510,10%@1510,4%@729,64%@729] GR3D_FREQ 52% cpu@54.5C soc2@53.125C soc0@51.625C gpu@53.625C tj@54.5C soc1@53.25C VDD_IN 6666mW/7676mW VDD_CPU_GPU_CV 1545mW/2302mW VDD_SOC 1663mW/1768mW
10-08-2026 21:08:31 RAM 7025/7620MB (lfb 2x2MB) SWAP 754/5858MB (cached 0MB) CPU [19%@1510,2%@1510,33%@1510,53%@1510,2%@729,1%@729] GR3D_FREQ 49% cpu@54.406C soc2@53.093C soc0@51.562C gpu@53.593C tj@54.406C soc1@53.25C VDD_IN 6666mW/7674mW VDD_CPU_GPU_CV 1545mW/2301mW VDD_SOC 1663mW/1768mW
10-08-2026 21:08:32 RAM 7025/7620MB (lfb 2x2MB) SWAP 754/5858MB (cached 0MB) CPU [37%@1510,32%@1510,20%@1510,18%@1510,2%@729,0%@729] GR3D_FREQ 49% cpu@54.437C soc2@53.156C soc0@51.718C gpu@53.718C tj@54.437C soc1@53.062C VDD_IN 6666mW/7673mW VDD_CPU_GPU_CV 1545mW/2300mW VDD_SOC 1666mW/1768mW
10-08-2026 21:08:33 RAM 7025/7620MB (lfb 2x2MB) SWAP 754/5858MB (cached 0MB) CPU [16%@1510,40%@1510,38%@1510,11%@1510,5%@729,5%@729] GR3D_FREQ 40% cpu@54.656C soc2@53.093C soc0@51.437C gpu@53.687C tj@54.656C soc1@53C VDD_IN 6705mW/7671mW VDD_CPU_GPU_CV 1545mW/2298mW VDD_SOC 1663mW/1768mW
10-08-2026 21:08:34 RAM 7025/7620MB (lfb 2x2MB) SWAP 754/5858MB (cached 0MB) CPU [9%@1510,66%@1510,17%@1510,8%@1510,5%@729,1%@729] GR3D_FREQ 39% cpu@54.593C soc2@53.156C soc0@51.5C gpu@53.718C tj@54.593C soc1@53.062C VDD_IN 6705mW/7670mW VDD_CPU_GPU_CV 1584mW/2297mW VDD_SOC 1666mW/1768mW
10-08-2026 21:08:35 RAM 7042/7620MB (lfb 1x2MB) SWAP 754/5858MB (cached 0MB) CPU [10%@1510,23%@1510,52%@1510,20%@1510,5%@729,2%@729] GR3D_FREQ 0% cpu@54.375C soc2@53.031C soc0@51.406C gpu@53.625C tj@54.375C soc1@53.062C VDD_IN 6586mW/7668mW VDD_CPU_GPU_CV 1505mW/2296mW VDD_SOC 1663mW/1768mW
10-08-2026 21:08:36 RAM 7173/7620MB (lfb 1x256kB) SWAP 757/5858MB (cached 0MB) CPU [40%@960,42%@960,49%@960,48%@960,42%@883,43%@883] GR3D_FREQ 0% cpu@54.437C soc2@53.062C soc0@51.468C gpu@53.468C tj@54.437C soc1@53.218C VDD_IN 6586mW/7666mW VDD_CPU_GPU_CV 1624mW/2295mW VDD_SOC 1626mW/1767mW
10-08-2026 21:08:37 RAM 7177/7620MB (lfb 13x128kB) SWAP 757/5858MB (cached 0MB) CPU [50%@1510,39%@1510,39%@1510,30%@1510,47%@1190,45%@1190] GR3D_FREQ 0% cpu@54.812C soc2@53C soc0@51.343C gpu@53.437C tj@54.812C soc1@52.937C VDD_IN 6348mW/7664mW VDD_CPU_GPU_CV 1465mW/2294mW VDD_SOC 1584mW/1767mW
10-08-2026 21:08:38 RAM 7178/7620MB (lfb 19x128kB) SWAP 758/5858MB (cached 0MB) CPU [66%@1510,59%@1510,59%@1510,64%@1510,74%@1497,81%@1497] GR3D_FREQ 35% cpu@55.187C soc2@53.25C soc0@51.343C gpu@53.562C tj@55.187C soc1@53C VDD_IN 8213mW/7665mW VDD_CPU_GPU_CV 2891mW/2295mW VDD_SOC 1745mW/1767mW
10-08-2026 21:08:39 RAM 7173/7620MB (lfb 1x2MB) SWAP 771/5858MB (cached 0MB) CPU [73%@1497,60%@1497,63%@1497,68%@1497,79%@1510,77%@1510] GR3D_FREQ 14% cpu@55.218C soc2@53.343C soc0@51.468C gpu@53.875C tj@55.218C soc1@53.218C VDD_IN 8332mW/7666mW VDD_CPU_GPU_CV 2966mW/2296mW VDD_SOC 1745mW/1767mW
10-08-2026 21:08:40 RAM 7216/7620MB (lfb 11x128kB) SWAP 772/5858MB (cached 0MB) CPU [82%@1510,79%@1510,82%@1510,85%@1510,83%@1510,78%@1510] GR3D_FREQ 51% cpu@55.718C soc2@53.875C soc0@51.625C gpu@54.031C tj@55.718C soc1@53.125C VDD_IN 9800mW/7669mW VDD_CPU_GPU_CV 3876mW/2298mW VDD_SOC 1941mW/1767mW
10-08-2026 21:08:41 RAM 7232/7620MB (lfb 7x64kB) SWAP 773/5858MB (cached 0MB) CPU [38%@1510,22%@1510,21%@1510,27%@1510,54%@1510,35%@1510] GR3D_FREQ 56% cpu@55C soc2@53.593C soc0@51.656C gpu@53.656C tj@55C soc1@53.156C VDD_IN 7896mW/7670mW VDD_CPU_GPU_CV 2333mW/2298mW VDD_SOC 1861mW/1767mW
10-08-2026 21:08:42 RAM 7232/7620MB (lfb 7x64kB) SWAP 773/5858MB (cached 0MB) CPU [16%@729,21%@729,12%@729,14%@729,80%@1510,63%@1510] GR3D_FREQ 56% cpu@54.625C soc2@53.437C soc0@51.75C gpu@53.968C tj@54.625C soc1@53.156C VDD_IN 8094mW/7670mW VDD_CPU_GPU_CV 2452mW/2298mW VDD_SOC 1861mW/1768mW
10-08-2026 21:08:43 RAM 7232/7620MB (lfb 7x64kB) SWAP 773/5858MB (cached 0MB) CPU [16%@1420,13%@1420,18%@1420,10%@1420,48%@729,83%@729] GR3D_FREQ 55% cpu@54.718C soc2@53.375C soc0@51.781C gpu@53.968C tj@54.718C soc1@53.343C VDD_IN 8015mW/7671mW VDD_CPU_GPU_CV 2412mW/2299mW VDD_SOC 1861mW/1768mW
10-08-2026 21:08:44 RAM 7197/7620MB (lfb 3x2MB) SWAP 777/5858MB (cached 0MB) CPU [11%@1510,17%@1510,15%@1510,10%@1510,23%@1497,61%@1497] GR3D_FREQ 46% cpu@54.687C soc2@53.093C soc0@51.593C gpu@53.812C tj@54.687C soc1@53.062C VDD_IN 6626mW/7669mW VDD_CPU_GPU_CV 1505mW/2297mW VDD_SOC 1706mW/1768mW
10-08-2026 21:08:45 RAM 7197/7620MB (lfb 3x2MB) SWAP 777/5858MB (cached 0MB) CPU [6%@729,12%@729,11%@729,8%@729,3%@1510,79%@1510] GR3D_FREQ 57% cpu@54.437C soc2@53.062C soc0@51.437C gpu@53.562C tj@54.437C soc1@53.062C VDD_IN 6626mW/7668mW VDD_CPU_GPU_CV 1545mW/2296mW VDD_SOC 1663mW/1767mW
10-08-2026 21:08:46 RAM 7197/7620MB (lfb 3x2MB) SWAP 777/5858MB (cached 0MB) CPU [6%@1510,11%@1510,5%@1510,6%@1510,36%@1497,52%@1497] GR3D_FREQ 55% cpu@54.531C soc2@53.031C soc0@51.5C gpu@53.593C tj@54.531C soc1@53.093C VDD_IN 6666mW/7666mW VDD_CPU_GPU_CV 1545mW/2295mW VDD_SOC 1663mW/1767mW
10-08-2026 21:08:47 RAM 7210/7620MB (lfb 735x64kB) SWAP 783/5858MB (cached 0MB) CPU [25%@1510,31%@1510,26%@1510,26%@1510,20%@1113,65%@1113] GR3D_FREQ 1% cpu@54.593C soc2@53.031C soc0@51.562C gpu@53.75C tj@54.812C soc1@53.156C VDD_IN 6944mW/7665mW VDD_CPU_GPU_CV 1858mW/2295mW VDD_SOC 1663mW/1767mW
10-08-2026 21:08:48 RAM 7211/7620MB (lfb 726x64kB) SWAP 783/5858MB (cached 0MB) CPU [33%@729,24%@1510,26%@1510,27%@1510,72%@729,27%@729] GR3D_FREQ 0% cpu@54.406C soc2@53C soc0@51.312C gpu@53.656C tj@54.406C soc1@52.968C VDD_IN 6309mW/7663mW VDD_CPU_GPU_CV 1465mW/2293mW VDD_SOC 1584mW/1767mW
10-08-2026 21:08:49 RAM 7200/7620MB (lfb 10x128kB) SWAP 785/5858MB (cached 0MB) CPU [52%@1510,47%@1510,60%@1510,47%@1510,61%@1510,61%@1510] GR3D_FREQ 0% cpu@55.25C soc2@53.156C soc0@51.343C gpu@53.781C tj@55.25C soc1@53.031C VDD_IN 7737mW/7663mW VDD_CPU_GPU_CV 2495mW/2294mW VDD_SOC 1706mW/1767mW
10-08-2026 21:08:50 RAM 7202/7620MB (lfb 12x128kB) SWAP 785/5858MB (cached 0MB) CPU [57%@1497,70%@1497,78%@1497,76%@1497,65%@1510,73%@1510] GR3D_FREQ 10% cpu@55.312C soc2@53.25C soc0@51.468C gpu@53.625C tj@55.437C soc1@53.281C VDD_IN 8451mW/7665mW VDD_CPU_GPU_CV 3045mW/2295mW VDD_SOC 1745mW/1767mW
10-08-2026 21:08:51 RAM 7213/7620MB (lfb 13x128kB) SWAP 786/5858MB (cached 0MB) CPU [75%@1510,65%@1510,70%@1510,80%@1510,74%@1510,75%@1510] GR3D_FREQ 65% cpu@55.343C soc2@53.562C soc0@51.406C gpu@54.093C tj@55.718C soc1@53.125C VDD_IN 9443mW/7667mW VDD_CPU_GPU_CV 3638mW/2297mW VDD_SOC 1901mW/1767mW
10-08-2026 21:08:52 RAM 7250/7620MB (lfb 204x64kB) SWAP 786/5858MB (cached 0MB) CPU [84%@1510,87%@1510,81%@1510,74%@1510,73%@960,79%@960] GR3D_FREQ 77% cpu@55.343C soc2@53.75C soc0@51.656C gpu@54.156C tj@55.343C soc1@53.25C VDD_IN 9745mW/7670mW VDD_CPU_GPU_CV 3796mW/2299mW VDD_SOC 1980mW/1767mW
10-08-2026 21:08:53 RAM 7243/7620MB (lfb 7x128kB) SWAP 794/5858MB (cached 0MB) CPU [77%@1510,62%@1510,67%@1510,69%@1510,63%@1510,87%@1510] GR3D_FREQ 7% cpu@55.718C soc2@53.656C soc0@51.718C gpu@54.218C tj@55.718C soc1@53.375C VDD_IN 9864mW/7673mW VDD_CPU_GPU_CV 3869mW/2301mW VDD_SOC 1980mW/1768mW
10-08-2026 21:08:54 RAM 7220/7620MB (lfb 7x128kB) SWAP 801/5858MB (cached 0MB) CPU [86%@1510,80%@1510,82%@1510,85%@1510,89%@1510,89%@1510] GR3D_FREQ 46% cpu@55.656C soc2@53.812C soc0@51.843C gpu@54.031C tj@55.656C soc1@53.437C VDD_IN 10260mW/7677mW VDD_CPU_GPU_CV 4146mW/2304mW VDD_SOC 2020mW/1768mW
10-08-2026 21:08:55 RAM 6902/7620MB (lfb 11x2MB) SWAP 801/5858MB (cached 0MB) CPU [81%@1510,81%@1510,74%@1510,84%@1510,74%@1344,80%@1344] GR3D_FREQ 26% cpu@55.968C soc2@53.812C soc0@51.687C gpu@54.031C tj@55.968C soc1@53.343C VDD_IN 10141mW/7681mW VDD_CPU_GPU_CV 4067mW/2306mW VDD_SOC 2020mW/1768mW
10-08-2026 21:08:56 RAM 6988/7620MB (lfb 2x2MB) SWAP 801/5858MB (cached 0MB) CPU [78%@1510,82%@1510,74%@1510,83%@1510,83%@1267,79%@1267] GR3D_FREQ 55% cpu@55.812C soc2@53.812C soc0@51.812C gpu@54.406C tj@55.812C soc1@53.343C VDD_IN 9602mW/7684mW VDD_CPU_GPU_CV 3717mW/2309mW VDD_SOC 1941mW/1769mW
10-08-2026 21:08:57 RAM 7127/7620MB (lfb 1x1MB) SWAP 801/5858MB (cached 0MB) CPU [30%@1510,22%@1510,23%@1510,32%@1510,84%@1510,52%@1510] GR3D_FREQ 64% cpu@55C soc2@53.687C soc0@52.062C gpu@54C tj@55C soc1@53.531C VDD_IN 8610mW/7685mW VDD_CPU_GPU_CV 2808mW/2309mW VDD_SOC 1901mW/1769mW
10-08-2026 21:08:58 RAM 7177/7620MB (lfb 6x256kB) SWAP 801/5858MB (cached 0MB) CPU [21%@1510,22%@1510,19%@1510,57%@1510,28%@729,51%@729] GR3D_FREQ 74% cpu@54.812C soc2@53.593C soc0@52.031C gpu@54C tj@54.812C soc1@53.281C VDD_IN 7777mW/7685mW VDD_CPU_GPU_CV 2294mW/2309mW VDD_SOC 1822mW/1769mW
10-08-2026 21:08:59 RAM 7178/7620MB (lfb 6x256kB) SWAP 801/5858MB (cached 0MB) CPU [30%@1036,18%@1036,10%@1036,83%@1036,29%@883,23%@883] GR3D_FREQ 35% cpu@54.937C soc2@53.593C soc0@51.843C gpu@53.968C tj@54.937C soc1@53.406C VDD_IN 7816mW/7685mW VDD_CPU_GPU_CV 2294mW/2309mW VDD_SOC 1822mW/1769mW
10-08-2026 21:09:00 RAM 7178/7620MB (lfb 6x256kB) SWAP 801/5858MB (cached 0MB) CPU [44%@806,9%@806,23%@806,25%@806,28%@806,55%@806] GR3D_FREQ 42% cpu@54.562C soc2@53.406C soc0@51.812C gpu@53.718C tj@54.562C soc1@53.375C VDD_IN 7221mW/7685mW VDD_CPU_GPU_CV 1858mW/2309mW VDD_SOC 1782mW/1769mW
10-08-2026 21:09:01 RAM 7129/7620MB (lfb 1x2MB) SWAP 803/5858MB (cached 0MB) CPU [22%@1344,17%@1344,29%@1510,22%@1510,31%@729,51%@729] GR3D_FREQ 47% cpu@54.687C soc2@53.25C soc0@51.906C gpu@53.656C tj@54.687C soc1@53.437C VDD_IN 7023mW/7684mW VDD_CPU_GPU_CV 1624mW/2308mW VDD_SOC 1782mW/1769mW
10-08-2026 21:09:02 RAM 7129/7620MB (lfb 1x2MB) SWAP 803/5858MB (cached 0MB) CPU [16%@1510,35%@1510,44%@1510,11%@1510,4%@729,4%@729] GR3D_FREQ 28% cpu@54.875C soc2@53.25C soc0@51.781C gpu@53.656C tj@54.875C soc1@53.281C VDD_IN 6705mW/7682mW VDD_CPU_GPU_CV 1545mW/2306mW VDD_SOC 1663mW/1769mW
10-08-2026 21:09:03 RAM 7129/7620MB (lfb 1x2MB) SWAP 803/5858MB (cached 0MB) CPU [51%@1510,39%@1510,5%@1510,9%@1510,6%@729,7%@729] GR3D_FREQ 31% cpu@54.875C soc2@53.312C soc0@51.625C gpu@53.625C tj@54.875C soc1@53.125C VDD_IN 6666mW/7681mW VDD_CPU_GPU_CV 1545mW/2305mW VDD_SOC 1663mW/1769mW
10-08-2026 21:09:04 RAM 7130/7620MB (lfb 1x2MB) SWAP 803/5858MB (cached 0MB) CPU [7%@1510,5%@1510,80%@1510,7%@1510,6%@729,8%@729] GR3D_FREQ 40% cpu@54.437C soc2@53.156C soc0@51.656C gpu@53.75C tj@54.437C soc1@53.25C VDD_IN 6705mW/7679mW VDD_CPU_GPU_CV 1545mW/2304mW VDD_SOC 1666mW/1768mW
10-08-2026 21:09:05 RAM 7130/7620MB (lfb 1x2MB) SWAP 803/5858MB (cached 0MB) CPU [35%@1510,33%@1510,25%@1510,5%@1510,6%@729,5%@729] GR3D_FREQ 55% cpu@54.468C soc2@53.156C soc0@51.656C gpu@53.718C tj@54.468C soc1@53.312C VDD_IN 6666mW/7678mW VDD_CPU_GPU_CV 1545mW/2303mW VDD_SOC 1666mW/1768mW
10-08-2026 21:09:06 RAM 7130/7620MB (lfb 1x2MB) SWAP 803/5858MB (cached 0MB) CPU [22%@1497,65%@1497,10%@1497,13%@1497,2%@729,5%@729] GR3D_FREQ 73% cpu@54.593C soc2@53.093C soc0@51.656C gpu@53.781C tj@54.593C soc1@53.125C VDD_IN 6705mW/7677mW VDD_CPU_GPU_CV 1545mW/2302mW VDD_SOC 1666mW/1768mW
10-08-2026 21:09:07 RAM 7130/7620MB (lfb 1x2MB) SWAP 803/5858MB (cached 0MB) CPU [19%@729,50%@1510,7%@1510,10%@1510,15%@1510,21%@1510] GR3D_FREQ 67% cpu@54.718C soc2@53.093C soc0@51.468C gpu@53.687C tj@54.718C soc1@53.125C VDD_IN 6745mW/7675mW VDD_CPU_GPU_CV 1584mW/2301mW VDD_SOC 1663mW/1768mW
10-08-2026 21:09:08 RAM 7130/7620MB (lfb 1x2MB) SWAP 803/5858MB (cached 0MB) CPU [14%@1510,17%@1510,1%@1510,5%@1510,23%@1510,61%@1510] GR3D_FREQ 42% cpu@54.843C soc2@53.156C soc0@51.468C gpu@53.593C tj@54.843C soc1@53.125C VDD_IN 6745mW/7674mW VDD_CPU_GPU_CV 1584mW/2300mW VDD_SOC 1666mW/1768mW
10-08-2026 21:09:09 RAM 7130/7620MB (lfb 1x2MB) SWAP 803/5858MB (cached 0MB) CPU [7%@1510,51%@1510,22%@1510,5%@1510,16%@729,20%@729] GR3D_FREQ 43% cpu@54.375C soc2@53.031C soc0@51.531C gpu@53.468C tj@54.375C soc1@53.093C VDD_IN 6745mW/7673mW VDD_CPU_GPU_CV 1584mW/2299mW VDD_SOC 1706mW/1768mW
10-08-2026 21:09:10 RAM 7163/7620MB (lfb 2x256kB) SWAP 815/5858MB (cached 0MB) CPU [33%@729,38%@729,33%@729,32%@1510,48%@960,51%@960] GR3D_FREQ 1% cpu@54.531C soc2@53.062C soc0@51.531C gpu@53.437C tj@54.531C soc1@53.156C VDD_IN 6547mW/7671mW VDD_CPU_GPU_CV 1624mW/2298mW VDD_SOC 1624mW/1768mW
10-08-2026 21:09:11 RAM 7162/7620MB (lfb 1x256kB) SWAP 815/5858MB (cached 0MB) CPU [37%@1267,34%@1267,39%@1267,48%@1267,45%@729,48%@729] GR3D_FREQ 0% cpu@54.593C soc2@53.031C soc0@51.406C gpu@53.656C tj@54.593C soc1@53C VDD_IN 6388mW/7669mW VDD_CPU_GPU_CV 1505mW/2297mW VDD_SOC 1587mW/1767mW
10-08-2026 21:09:12 RAM 7190/7620MB (lfb 929x64kB) SWAP 815/5858MB (cached 0MB) CPU [64%@1267,55%@1267,56%@1267,52%@1267,61%@1510,68%@1510] GR3D_FREQ 1% cpu@55.156C soc2@53.156C soc0@51.375C gpu@53.75C tj@55.156C soc1@53.062C VDD_IN 7975mW/7670mW VDD_CPU_GPU_CV 2693mW/2297mW VDD_SOC 1706mW/1767mW
10-08-2026 21:09:13 RAM 7185/7620MB (lfb 11x128kB) SWAP 817/5858MB (cached 0MB) CPU [68%@1510,70%@1510,76%@1510,70%@1510,74%@1190,62%@1190] GR3D_FREQ 27% cpu@55.125C soc2@53.281C soc0@51.531C gpu@53.625C tj@55.125C soc1@53.25C VDD_IN 8253mW/7670mW VDD_CPU_GPU_CV 2931mW/2298mW VDD_SOC 1745mW/1767mW
10-08-2026 21:09:14 RAM 7199/7620MB (lfb 1x2MB) SWAP 837/5858MB (cached 0MB) CPU [70%@1510,71%@1510,77%@1510,77%@1510,81%@1510,76%@1510] GR3D_FREQ 75% cpu@55.687C soc2@53.625C soc0@51.531C gpu@54C tj@55.687C soc1@53.125C VDD_IN 9523mW/7673mW VDD_CPU_GPU_CV 3678mW/2300mW VDD_SOC 1901mW/1767mW
10-08-2026 21:09:15 RAM 7198/7620MB (lfb 1x256kB) SWAP 845/5858MB (cached 0MB) CPU [71%@1510,70%@1510,72%@1510,77%@1510,79%@1510,83%@1510] GR3D_FREQ 61% cpu@55.687C soc2@53.625C soc0@51.687C gpu@54.031C tj@55.687C soc1@53.25C VDD_IN 9562mW/7676mW VDD_CPU_GPU_CV 3599mW/2302mW VDD_SOC 1941mW/1768mW
10-08-2026 21:09:16 RAM 7215/7620MB (lfb 1x256kB) SWAP 848/5858MB (cached 0MB) CPU [76%@1510,52%@1510,37%@1510,45%@1510,54%@729,53%@729] GR3D_FREQ 0% cpu@54.687C soc2@53.437C soc0@51.656C gpu@53.812C tj@54.687C soc1@53.375C VDD_IN 7499mW/7675mW VDD_CPU_GPU_CV 2175mW/2302mW VDD_SOC 1743mW/1768mW
10-08-2026 21:09:17 RAM 7220/7620MB (lfb 14x128kB) SWAP 849/5858MB (cached 0MB) CPU [87%@1510,74%@1510,82%@1510,80%@1510,80%@1510,75%@1510] GR3D_FREQ 15% cpu@55.843C soc2@53.718C soc0@51.843C gpu@53.937C tj@55.843C soc1@53.312C VDD_IN 9681mW/7678mW VDD_CPU_GPU_CV 3757mW/2304mW VDD_SOC 1941mW/1768mW
10-08-2026 21:09:18 RAM 7236/7620MB (lfb 1x128kB) SWAP 862/5858MB (cached 0MB) CPU [74%@1510,87%@1510,79%@1510,76%@1510,72%@1510,74%@1510] GR3D_FREQ 30% cpu@55.906C soc2@53.937C soc0@51.843C gpu@54C tj@55.906C soc1@53.343C VDD_IN 10039mW/7682mW VDD_CPU_GPU_CV 3988mW/2306mW VDD_SOC 1980mW/1768mW
10-08-2026 21:09:19 RAM 7241/7620MB (lfb 1681x32kB) SWAP 866/5858MB (cached 0MB) CPU [80%@1510,83%@1510,85%@1510,82%@1510,83%@1497,85%@1497] GR3D_FREQ 44% cpu@55.687C soc2@53.906C soc0@51.843C gpu@54.375C tj@55.687C soc1@53.468C VDD_IN 10118mW/7685mW VDD_CPU_GPU_CV 4027mW/2309mW VDD_SOC 1980mW/1768mW
10-08-2026 21:09:20 RAM 7233/7620MB (lfb 85x64kB) SWAP 878/5858MB (cached 0MB) CPU [81%@1510,82%@1510,86%@1510,79%@1510,86%@1510,86%@1510] GR3D_FREQ 41% cpu@55.937C soc2@54.062C soc0@51.968C gpu@54.437C tj@55.937C soc1@53.468C VDD_IN 10220mW/7689mW VDD_CPU_GPU_CV 4106mW/2311mW VDD_SOC 2020mW/1769mW
10-08-2026 21:09:21 RAM 7227/7620MB (lfb 1x1MB) SWAP 897/5858MB (cached 0MB) CPU [77%@1510,72%@1510,76%@1510,72%@1510,67%@1510,75%@1510] GR3D_FREQ 77% cpu@55.843C soc2@54C soc0@52C gpu@54.156C tj@55.843C soc1@53.468C VDD_IN 9324mW/7691mW VDD_CPU_GPU_CV 3520mW/2313mW VDD_SOC 1941mW/1769mW
10-08-2026 21:09:22 RAM 7213/7620MB (lfb 1x256kB) SWAP 924/5858MB (cached 0MB) CPU [79%@1510,78%@1510,75%@1510,84%@1510,84%@1510,72%@1510] GR3D_FREQ 55% cpu@55.906C soc2@54.031C soc0@52.031C gpu@54.531C tj@55.906C soc1@53.593C VDD_IN 10039mW/7694mW VDD_CPU_GPU_CV 3988mW/2315mW VDD_SOC 1980mW/1769mW
10-08-2026 21:09:23 RAM 7229/7620MB (lfb 1911x32kB) SWAP 924/5858MB (cached 0MB) CPU [82%@1510,83%@1510,75%@1510,83%@1510,83%@1497,85%@1497] GR3D_FREQ 49% cpu@55.812C soc2@54.062C soc0@52.187C gpu@54.625C tj@55.812C soc1@53.687C VDD_IN 10062mW/7697mW VDD_CPU_GPU_CV 3988mW/2318mW VDD_SOC 1980mW/1770mW
10-08-2026 21:09:24 RAM 7230/7620MB (lfb 1911x32kB) SWAP 924/5858MB (cached 0MB) CPU [71%@1510,79%@1510,51%@1510,61%@1510,56%@1420,55%@1420] GR3D_FREQ 2% cpu@55.75C soc2@54.031C soc0@52.218C gpu@54.625C tj@55.75C soc1@53.531C VDD_IN 9285mW/7700mW VDD_CPU_GPU_CV 3401mW/2319mW VDD_SOC 1941mW/1770mW
10-08-2026 21:09:25 RAM 7231/7620MB (lfb 1911x32kB) SWAP 924/5858MB (cached 0MB) CPU [60%@883,32%@883,22%@883,32%@883,62%@1510,25%@1510] GR3D_FREQ 32% cpu@55.375C soc2@53.906C soc0@52.093C gpu@54.156C tj@55.375C soc1@53.562C VDD_IN 8174mW/7700mW VDD_CPU_GPU_CV 2531mW/2320mW VDD_SOC 1861mW/1770mW
10-08-2026 21:09:26 RAM 7231/7620MB (lfb 1904x32kB) SWAP 924/5858MB (cached 0MB) CPU [26%@1510,31%@1510,36%@1510,17%@1510,73%@729,10%@729] GR3D_FREQ 75% cpu@54.937C soc2@53.718C soc0@52.093C gpu@54.031C tj@54.937C soc1@53.593C VDD_IN 7658mW/7700mW VDD_CPU_GPU_CV 2175mW/2319mW VDD_SOC 1822mW/1770mW
10-08-2026 21:09:27 RAM 7231/7620MB (lfb 1904x32kB) SWAP 924/5858MB (cached 0MB) CPU [23%@1510,23%@1510,65%@1510,15%@1510,19%@729,40%@729] GR3D_FREQ 72% cpu@55C soc2@53.843C soc0@52.093C gpu@54.125C tj@55C soc1@53.625C VDD_IN 7936mW/7701mW VDD_CPU_GPU_CV 2333mW/2319mW VDD_SOC 1861mW/1770mW
10-08-2026 21:09:28 RAM 7227/7620MB (lfb 1x128kB) SWAP 925/5858MB (cached 0MB) CPU [16%@1036,12%@1036,35%@1036,45%@1036,39%@729,37%@729] GR3D_FREQ 71% cpu@54.875C soc2@53.5C soc0@52.125C gpu@54C tj@54.875C soc1@53.437C VDD_IN 7261mW/7700mW VDD_CPU_GPU_CV 1861mW/2319mW VDD_SOC 1782mW/1770mW
10-08-2026 21:09:29 RAM 7114/7620MB (lfb 1x2MB) SWAP 929/5858MB (cached 0MB) CPU [22%@729,33%@1510,31%@1510,15%@1510,29%@1190,41%@1190] GR3D_FREQ 43% cpu@54.843C soc2@53.562C soc0@51.812C gpu@54.218C tj@54.843C soc1@53.406C VDD_IN 7142mW/7699mW VDD_CPU_GPU_CV 1740mW/2318mW VDD_SOC 1782mW/1770mW
10-08-2026 21:09:30 RAM 7122/7620MB (lfb 1x2MB) SWAP 929/5858MB (cached 0MB) CPU [22%@729,10%@729,11%@729,5%@729,18%@1510,77%@1510] GR3D_FREQ 46% cpu@55.062C soc2@53.375C soc0@51.875C gpu@53.781C tj@55.062C soc1@53.375C VDD_IN 6785mW/7698mW VDD_CPU_GPU_CV 1584mW/2317mW VDD_SOC 1703mW/1770mW
10-08-2026 21:09:31 RAM 7122/7620MB (lfb 1x2MB) SWAP 929/5858MB (cached 0MB) CPU [12%@729,8%@729,18%@729,11%@729,3%@1510,82%@1510] GR3D_FREQ 30% cpu@54.781C soc2@53.312C soc0@51.875C gpu@53.843C tj@54.781C soc1@53.468C VDD_IN 6745mW/7697mW VDD_CPU_GPU_CV 1584mW/2316mW VDD_SOC 1703mW/1770mW
10-08-2026 21:09:32 RAM 7123/7620MB (lfb 1x2MB) SWAP 929/5858MB (cached 0MB) CPU [13%@729,7%@729,17%@729,9%@729,6%@1510,79%@1510] GR3D_FREQ 40% cpu@54.812C soc2@53.218C soc0@51.875C gpu@53.937C tj@54.812C soc1@53.187C VDD_IN 6785mW/7695mW VDD_CPU_GPU_CV 1584mW/2315mW VDD_SOC 1706mW/1770mW
10-08-2026 21:09:33 RAM 7123/7620MB (lfb 1x2MB) SWAP 929/5858MB (cached 0MB) CPU [14%@729,17%@1510,7%@1510,11%@1510,38%@1510,50%@1510] GR3D_FREQ 58% cpu@54.875C soc2@53.312C soc0@51.687C gpu@53.875C tj@54.875C soc1@53.25C VDD_IN 6785mW/7694mW VDD_CPU_GPU_CV 1584mW/2314mW VDD_SOC 1703mW/1770mW
10-08-2026 21:09:34 RAM 7123/7620MB (lfb 1x2MB) SWAP 929/5858MB (cached 0MB) CPU [26%@1510,14%@1510,7%@1510,9%@1510,35%@1510,36%@1510] GR3D_FREQ 60% cpu@54.625C soc2@53.156C soc0@51.656C gpu@53.656C tj@54.625C soc1@53.25C VDD_IN 6745mW/7693mW VDD_CPU_GPU_CV 1584mW/2313mW VDD_SOC 1703mW/1770mW
10-08-2026 21:09:35 RAM 7123/7620MB (lfb 1x2MB) SWAP 929/5858MB (cached 0MB) CPU [14%@1510,9%@1510,11%@1510,9%@1510,17%@1497,64%@1497] GR3D_FREQ 39% cpu@54.625C soc2@53.156C soc0@51.75C gpu@53.656C tj@54.625C soc1@53.375C VDD_IN 6745mW/7692mW VDD_CPU_GPU_CV 1584mW/2312mW VDD_SOC 1703mW/1770mW
10-08-2026 21:09:36 RAM 7123/7620MB (lfb 1x2MB) SWAP 929/5858MB (cached 0MB) CPU [11%@1510,15%@1510,18%@1510,18%@1510,6%@729,57%@729] GR3D_FREQ 39% cpu@54.687C soc2@53.156C soc0@51.812C gpu@53.593C tj@54.687C soc1@53.062C VDD_IN 6745mW/7690mW VDD_CPU_GPU_CV 1545mW/2311mW VDD_SOC 1663mW/1770mW
10-08-2026 21:09:37 RAM 7123/7620MB (lfb 1x2MB) SWAP 929/5858MB (cached 0MB) CPU [25%@1510,31%@1510,9%@1510,48%@1510,11%@729,6%@729] GR3D_FREQ 41% cpu@54.656C soc2@53.187C soc0@51.593C gpu@53.593C tj@54.875C soc1@53.156C VDD_IN 6785mW/7689mW VDD_CPU_GPU_CV 1584mW/2310mW VDD_SOC 1703mW/1769mW
10-08-2026 21:09:38 RAM 7122/7620MB (lfb 1x2MB) SWAP 929/5858MB (cached 0MB) CPU [12%@1510,48%@1510,11%@1510,39%@1510,10%@729,9%@729] GR3D_FREQ 40% cpu@54.812C soc2@53.156C soc0@51.531C gpu@53.656C tj@54.812C soc1@53.218C VDD_IN 6785mW/7688mW VDD_CPU_GPU_CV 1624mW/2309mW VDD_SOC 1703mW/1769mW
10-08-2026 21:09:39 RAM 7122/7620MB (lfb 1x2MB) SWAP 929/5858MB (cached 0MB) CPU [28%@1510,48%@1510,26%@1510,8%@1510,10%@729,6%@729] GR3D_FREQ 39% cpu@54.375C soc2@53.125C soc0@51.531C gpu@53.75C tj@54.375C soc1@53.125C VDD_IN 6785mW/7686mW VDD_CPU_GPU_CV 1584mW/2308mW VDD_SOC 1703mW/1769mW
10-08-2026 21:09:40 RAM 7122/7620MB (lfb 1x2MB) SWAP 929/5858MB (cached 0MB) CPU [14%@1510,9%@1510,77%@1510,8%@1510,7%@729,17%@729] GR3D_FREQ 60% cpu@54.406C soc2@53.093C soc0@51.625C gpu@53.781C tj@54.406C soc1@53.281C VDD_IN 6785mW/7685mW VDD_CPU_GPU_CV 1624mW/2307mW VDD_SOC 1703mW/1769mW
10-08-2026 21:09:41 RAM 7131/7620MB (lfb 5x256kB) SWAP 929/5858MB (cached 0MB) CPU [37%@1510,26%@1510,43%@1510,7%@1510,16%@729,8%@729] GR3D_FREQ 0% cpu@54.531C soc2@53.156C soc0@51.437C gpu@53.656C tj@54.531C soc1@53C VDD_IN 6586mW/7684mW VDD_CPU_GPU_CV 1505mW/2306mW VDD_SOC 1663mW/1769mW
10-08-2026 21:09:42 RAM 7170/7620MB (lfb 27x128kB) SWAP 935/5858MB (cached 0MB) CPU [44%@1510,41%@1510,46%@1510,39%@1510,47%@729,39%@729] GR3D_FREQ 12% cpu@54.843C soc2@53.062C soc0@51.437C gpu@53.5C tj@54.843C soc1@53.125C VDD_IN 6507mW/7682mW VDD_CPU_GPU_CV 1584mW/2305mW VDD_SOC 1624mW/1769mW
10-08-2026 21:09:43 RAM 6746/7620MB (lfb 1x1MB) SWAP 935/5858MB (cached 0MB) CPU [43%@1510,33%@1510,37%@1510,41%@1510,41%@729,51%@729] GR3D_FREQ 21% cpu@54.375C soc2@52.968C soc0@51.375C gpu@53.468C tj@54.375C soc1@53.062C VDD_IN 6348mW/7680mW VDD_CPU_GPU_CV 1465mW/2304mW VDD_SOC 1584mW/1769mW
10-08-2026 21:09:44 RAM 6844/7620MB (lfb 1x1MB) SWAP 933/5858MB (cached 0MB) CPU [47%@1510,35%@1510,61%@1510,50%@1510,61%@1497,61%@1497] GR3D_FREQ 11% cpu@55.156C soc2@53.156C soc0@51.406C gpu@53.75C tj@55.156C soc1@53.187C VDD_IN 7658mW/7680mW VDD_CPU_GPU_CV 2456mW/2304mW VDD_SOC 1706mW/1768mW
10-08-2026 21:09:45 RAM 6862/7620MB (lfb 1x1MB) SWAP 933/5858MB (cached 0MB) CPU [62%@1510,64%@1510,56%@1510,63%@1510,68%@1190,61%@1190] GR3D_FREQ 0% cpu@54.875C soc2@53.25C soc0@51.343C gpu@53.656C tj@54.875C soc1@52.968C VDD_IN 7578mW/7680mW VDD_CPU_GPU_CV 2412mW/2304mW VDD_SOC 1663mW/1768mW
10-08-2026 21:09:46 RAM 6945/7620MB (lfb 1x1MB) SWAP 933/5858MB (cached 0MB) CPU [33%@1267,11%@1267,50%@1267,11%@1267,47%@729,17%@729] GR3D_FREQ 58% cpu@54.25C soc2@53.187C soc0@51.406C gpu@53.687C tj@54.25C soc1@53C VDD_IN 7182mW/7679mW VDD_CPU_GPU_CV 1901mW/2304mW VDD_SOC 1782mW/1768mW
10-08-2026 21:09:47 RAM 7073/7620MB (lfb 2x128kB) SWAP 933/5858MB (cached 0MB) CPU [28%@729,9%@729,9%@1510,14%@1510,74%@1510,54%@1510] GR3D_FREQ 57% cpu@54.593C soc2@53.093C soc0@51.593C gpu@53.656C tj@54.593C soc1@53.093C VDD_IN 8213mW/7680mW VDD_CPU_GPU_CV 2531mW/2304mW VDD_SOC 1901mW/1769mW
10-08-2026 21:09:48 RAM 7048/7620MB (lfb 7x2MB) SWAP 933/5858MB (cached 0MB) CPU [27%@1510,34%@1510,14%@1510,20%@1510,26%@729,41%@729] GR3D_FREQ 67% cpu@54.343C soc2@53C soc0@51.593C gpu@53.562C tj@54.406C soc1@53.156C VDD_IN 6824mW/7679mW VDD_CPU_GPU_CV 1624mW/2303mW VDD_SOC 1703mW/1768mW
10-08-2026 21:09:49 RAM 7048/7620MB (lfb 7x2MB) SWAP 933/5858MB (cached 0MB) CPU [12%@1510,37%@1510,30%@1510,5%@1510,8%@1497,25%@1497] GR3D_FREQ 62% cpu@54.406C soc2@52.937C soc0@51.312C gpu@53.437C tj@54.406C soc1@52.875C VDD_IN 6666mW/7678mW VDD_CPU_GPU_CV 1545mW/2302mW VDD_SOC 1663mW/1768mW
10-08-2026 21:09:50 RAM 7048/7620MB (lfb 7x2MB) SWAP 933/5858MB (cached 0MB) CPU [12%@1510,10%@1510,6%@1510,11%@1510,17%@1510,71%@1510] GR3D_FREQ 30% cpu@54.437C soc2@52.875C soc0@51.281C gpu@53.687C tj@54.437C soc1@52.906C VDD_IN 6626mW/7676mW VDD_CPU_GPU_CV 1505mW/2301mW VDD_SOC 1666mW/1768mW
10-08-2026 21:09:51 RAM 7048/7620MB (lfb 7x2MB) SWAP 933/5858MB (cached 0MB) CPU [17%@1510,7%@1510,7%@1510,10%@1510,11%@1510,75%@1510] GR3D_FREQ 45% cpu@54.156C soc2@52.843C soc0@51.343C gpu@53.625C tj@54.156C soc1@53.031C VDD_IN 6666mW/7675mW VDD_CPU_GPU_CV 1545mW/2300mW VDD_SOC 1666mW/1768mW
10-08-2026 21:09:52 RAM 7131/7620MB (lfb 2x256kB) SWAP 933/5858MB (cached 0MB) CPU [18%@1510,8%@1510,14%@1510,10%@1510,7%@729,68%@729] GR3D_FREQ 0% cpu@54.156C soc2@52.812C soc0@51.437C gpu@53.312C tj@54.156C soc1@53.031C VDD_IN 6388mW/7673mW VDD_CPU_GPU_CV 1386mW/2299mW VDD_SOC 1624mW/1768mW
10-08-2026 21:09:53 RAM 7182/7620MB (lfb 588x64kB) SWAP 942/5858MB (cached 0MB) CPU [38%@1510,44%@1510,43%@1510,37%@1510,54%@1267,53%@1267] GR3D_FREQ 1% cpu@54.375C soc2@52.812C soc0@51.156C gpu@53.562C tj@54.375C soc1@52.718C VDD_IN 6388mW/7671mW VDD_CPU_GPU_CV 1505mW/2298mW VDD_SOC 1584mW/1768mW
10-08-2026 21:09:54 RAM 7188/7620MB (lfb 2x128kB) SWAP 942/5858MB (cached 0MB) CPU [36%@1344,52%@1344,51%@1344,46%@1344,38%@960,47%@960] GR3D_FREQ 18% cpu@54.468C soc2@52.75C soc0@51.218C gpu@53.281C tj@54.468C soc1@52.875C VDD_IN 6626mW/7670mW VDD_CPU_GPU_CV 1663mW/2297mW VDD_SOC 1624mW/1767mW
10-08-2026 21:09:55 RAM 6919/7620MB (lfb 3x512kB) SWAP 946/5858MB (cached 0MB) CPU [70%@1510,71%@1510,70%@1510,65%@1510,80%@1267,82%@1267] GR3D_FREQ 27% cpu@55.218C soc2@53.125C soc0@51.25C gpu@53.437C tj@55.218C soc1@52.75C VDD_IN 8451mW/7671mW VDD_CPU_GPU_CV 3045mW/2298mW VDD_SOC 1745mW/1767mW
10-08-2026 21:09:56 RAM 6876/7620MB (lfb 6x512kB) SWAP 946/5858MB (cached 0MB) CPU [66%@1510,68%@1510,64%@1510,70%@1510,75%@1510,70%@1510] GR3D_FREQ 37% cpu@55.062C soc2@53.25C soc0@51.312C gpu@53.531C tj@55.062C soc1@52.906C VDD_IN 8888mW/7673mW VDD_CPU_GPU_CV 3243mW/2299mW VDD_SOC 1861mW/1767mW
10-08-2026 21:09:57 RAM 6974/7620MB (lfb 5x512kB) SWAP 946/5858MB (cached 0MB) CPU [83%@1510,84%@1510,84%@1510,87%@1510,80%@1510,80%@1510] GR3D_FREQ 56% cpu@55.531C soc2@53.375C soc0@51.437C gpu@53.687C tj@55.281C soc1@53.062C VDD_IN 10022mW/7676mW VDD_CPU_GPU_CV 3988mW/2301mW VDD_SOC 1980mW/1768mW
10-08-2026 21:09:58 RAM 7043/7620MB (lfb 4x512kB) SWAP 946/5858MB (cached 0MB) CPU [20%@1510,36%@1510,19%@1510,55%@1510,30%@1190,49%@1190] GR3D_FREQ 0% cpu@54.687C soc2@53.187C soc0@51.531C gpu@53.781C tj@54.687C soc1@53.218C VDD_IN 7737mW/7676mW VDD_CPU_GPU_CV 2333mW/2301mW VDD_SOC 1782mW/1768mW
10-08-2026 21:09:59 RAM 7150/7620MB (lfb 3x512kB) SWAP 946/5858MB (cached 0MB) CPU [14%@1510,29%@1510,31%@1510,35%@1510,13%@729,55%@729] GR3D_FREQ 59% cpu@54.468C soc2@53.156C soc0@51.562C gpu@53.781C tj@54.468C soc1@52.906C VDD_IN 7737mW/7676mW VDD_CPU_GPU_CV 2214mW/2301mW VDD_SOC 1822mW/1768mW
10-08-2026 21:10:00 RAM 7166/7620MB (lfb 7x256kB) SWAP 954/5858MB (cached 0MB) CPU [26%@1113,13%@1113,65%@1510,10%@1510,39%@1267,22%@1267] GR3D_FREQ 36% cpu@54.406C soc2@53.187C soc0@51.468C gpu@53.625C tj@54.375C soc1@53.031C VDD_IN 7618mW/7676mW VDD_CPU_GPU_CV 2175mW/2301mW VDD_SOC 1782mW/1768mW
10-08-2026 21:10:01 RAM 7038/7620MB (lfb 1x2MB) SWAP 956/5858MB (cached 0MB) CPU [35%@1510,54%@1510,35%@1510,10%@1510,11%@729,23%@729] GR3D_FREQ 65% cpu@54.187C soc2@52.843C soc0@51.406C gpu@53.468C tj@54.187C soc1@52.906C VDD_IN 6864mW/7675mW VDD_CPU_GPU_CV 1584mW/2300mW VDD_SOC 1743mW/1768mW
10-08-2026 21:10:02 RAM 7039/7620MB (lfb 1x2MB) SWAP 956/5858MB (cached 0MB) CPU [9%@1510,71%@1510,10%@1510,12%@1510,5%@729,6%@729] GR3D_FREQ 39% cpu@54.281C soc2@52.812C soc0@51.406C gpu@53.437C tj@54.281C soc1@52.937C VDD_IN 6666mW/7674mW VDD_CPU_GPU_CV 1545mW/2299mW VDD_SOC 1666mW/1768mW
10-08-2026 21:10:03 RAM 7039/7620MB (lfb 1x2MB) SWAP 956/5858MB (cached 0MB) CPU [6%@1510,9%@1510,6%@1510,80%@1510,2%@729,4%@729] GR3D_FREQ 39% cpu@54.156C soc2@52.781C soc0@51.343C gpu@53.375C tj@54.156C soc1@52.812C VDD_IN 6666mW/7672mW VDD_CPU_GPU_CV 1545mW/2298mW VDD_SOC 1663mW/1768mW
10-08-2026 21:10:04 RAM 7039/7620MB (lfb 1x2MB) SWAP 956/5858MB (cached 0MB) CPU [8%@1510,6%@1510,56%@1510,30%@1510,6%@729,8%@729] GR3D_FREQ 36% cpu@54.312C soc2@52.937C soc0@51.187C gpu@53.468C tj@54.312C soc1@52.718C VDD_IN 6666mW/7671mW VDD_CPU_GPU_CV 1545mW/2297mW VDD_SOC 1663mW/1767mW
10-08-2026 21:10:05 RAM 7059/7620MB (lfb 2x1MB) SWAP 956/5858MB (cached 0MB) CPU [16%@1344,11%@1344,20%@1344,8%@1344,21%@1420,52%@1420] GR3D_FREQ 0% cpu@54.125C soc2@52.687C soc0@51.125C gpu@53.531C tj@54.125C soc1@52.718C VDD_IN 6507mW/7669mW VDD_CPU_GPU_CV 1465mW/2296mW VDD_SOC 1624mW/1767mW
10-08-2026 21:10:06 RAM 6871/7620MB (lfb 1x2MB) SWAP 954/5858MB (cached 0MB) CPU [33%@1036,57%@1036,39%@1036,44%@1036,48%@1036,62%@1036] GR3D_FREQ 0% cpu@54.437C soc2@52.812C soc0@51.125C gpu@53.656C tj@54.437C soc1@52.906C VDD_IN 6864mW/7668mW VDD_CPU_GPU_CV 1898mW/2295mW VDD_SOC 1624mW/1767mW
10-08-2026 21:10:07 RAM 6875/7620MB (lfb 1x2MB) SWAP 954/5858MB (cached 0MB) CPU [29%@960,45%@960,38%@960,48%@960,47%@883,37%@883] GR3D_FREQ 0% cpu@54.406C soc2@52.781C soc0@51.218C gpu@53.437C tj@54.406C soc1@52.75C VDD_IN 6626mW/7667mW VDD_CPU_GPU_CV 1700mW/2295mW VDD_SOC 1584mW/1767mW
10-08-2026 21:10:08 RAM 6763/7620MB (lfb 3x1MB) SWAP 954/5858MB (cached 0MB) CPU [53%@1510,56%@1510,55%@1510,56%@1510,58%@1497,45%@1497] GR3D_FREQ 35% cpu@54.843C soc2@53C soc0@51.093C gpu@53.281C tj@54.656C soc1@52.687C VDD_IN 7737mW/7667mW VDD_CPU_GPU_CV 2535mW/2295mW VDD_SOC 1706mW/1767mW
10-08-2026 21:10:09 RAM 6766/7620MB (lfb 3x1MB) SWAP 954/5858MB (cached 0MB) CPU [27%@729,39%@1510,34%@1510,34%@1510,45%@729,51%@729] GR3D_FREQ 41% cpu@54.406C soc2@52.687C soc0@51C gpu@53.312C tj@54.156C soc1@52.781C VDD_IN 6388mW/7665mW VDD_CPU_GPU_CV 1545mW/2294mW VDD_SOC 1584mW/1766mW
10-08-2026 21:10:10 RAM 6821/7620MB (lfb 6x1MB) SWAP 953/5858MB (cached 0MB) CPU [29%@960,24%@960,23%@960,16%@960,54%@806,58%@806] GR3D_FREQ 74% cpu@53.968C soc2@52.875C soc0@51.187C gpu@53.281C tj@53.968C soc1@52.812C VDD_IN 7459mW/7665mW VDD_CPU_GPU_CV 2096mW/2294mW VDD_SOC 1782mW/1767mW
10-08-2026 21:10:11 RAM 6937/7620MB (lfb 6x1MB) SWAP 953/5858MB (cached 0MB) CPU [21%@729,20%@729,66%@1510,24%@1510,19%@1510,26%@1510] GR3D_FREQ 50% cpu@54.343C soc2@52.968C soc0@51.187C gpu@53.312C tj@54.343C soc1@52.718C VDD_IN 8055mW/7666mW VDD_CPU_GPU_CV 2412mW/2294mW VDD_SOC 1861mW/1767mW
10-08-2026 21:10:12 RAM 6922/7620MB (lfb 1x2MB) SWAP 953/5858MB (cached 0MB) CPU [9%@1510,10%@1510,10%@1510,33%@1510,25%@1510,51%@1510] GR3D_FREQ 25% cpu@54.218C soc2@52.718C soc0@51.156C gpu@53.312C tj@54.218C soc1@52.687C VDD_IN 6586mW/7664mW VDD_CPU_GPU_CV 1426mW/2293mW VDD_SOC 1663mW/1766mW
10-08-2026 21:10:13 RAM 6922/7620MB (lfb 1x2MB) SWAP 953/5858MB (cached 0MB) CPU [5%@1510,2%@1510,5%@1510,4%@1510,7%@1510,80%@1510] GR3D_FREQ 33% cpu@54.031C soc2@52.593C soc0@51.062C gpu@53.25C tj@54.031C soc1@52.812C VDD_IN 6626mW/7663mW VDD_CPU_GPU_CV 1545mW/2292mW VDD_SOC 1663mW/1766mW
10-08-2026 21:10:14 RAM 6915/7620MB (lfb 4x2MB) SWAP 931/5858MB (cached 0MB) CPU [3%@1510,71%@1510,2%@1510,2%@1510,2%@729,7%@729] GR3D_FREQ 0% cpu@53.937C soc2@52.531C soc0@51C gpu@53.187C tj@53.937C soc1@52.781C VDD_IN 5872mW/7660mW VDD_CPU_GPU_CV 990mW/2290mW VDD_SOC 1587mW/1766mW
10-08-2026 21:10:15 RAM 6918/7620MB (lfb 2x2MB) SWAP 927/5858MB (cached 0MB) CPU [1%@1510,100%@1510,0%@1510,0%@1510,0%@729,0%@729] GR3D_FREQ 0% cpu@53.906C soc2@52.593C soc0@51.062C gpu@53.125C tj@53.906C soc1@52.5C VDD_IN 5674mW/7658mW VDD_CPU_GPU_CV 911mW/2288mW VDD_SOC 1545mW/1766mW
10-08-2026 21:10:16 RAM 5726/7620MB (lfb 42x4MB) SWAP 864/5858MB (cached 0MB) CPU [6%@1510,15%@1510,18%@1510,0%@1510,58%@1420,18%@1420] GR3D_FREQ 0% cpu@53.968C soc2@52.375C soc0@50.781C gpu@52.875C tj@53.968C soc1@52.437C VDD_IN 5713mW/7655mW VDD_CPU_GPU_CV 990mW/2286mW VDD_SOC 1507mW/1765mW
10-08-2026 21:10:17 RAM 3136/7620MB (lfb 65x4MB) SWAP 481/5858MB (cached 0MB) CPU [1%@1510,54%@1510,0%@1510,0%@1510,1%@729,35%@729] GR3D_FREQ 0% cpu@53.906C soc2@52.375C soc0@50.781C gpu@52.843C tj@53.906C soc1@52.531C VDD_IN 5713mW/7653mW VDD_CPU_GPU_CV 1069mW/2285mW VDD_SOC 1505mW/1765mW
