Wav2Vec2Config is imported from: fairseq.models.wav2vec.wav2vec2
Full path: /home/sllu/asl-video-to-text/shubert/TTIC-SHuBERT-ASLVideo-to-EnglishText/shubert_venv/lib/python3.10/site-packages/fairseq/models/wav2vec/wav2vec2.py
Using cache found in /home/sllu/.cache/torch/hub/facebookresearch_dinov2_main
/home/sllu/.cache/torch/hub/facebookresearch_dinov2_main/dinov2/layers/swiglu_ffn.py:51: UserWarning: xFormers is not available (SwiGLU)
  warnings.warn("xFormers is not available (SwiGLU)")
/home/sllu/.cache/torch/hub/facebookresearch_dinov2_main/dinov2/layers/attention.py:33: UserWarning: xFormers is not available (Attention)
  warnings.warn("xFormers is not available (Attention)")
/home/sllu/.cache/torch/hub/facebookresearch_dinov2_main/dinov2/layers/block.py:40: UserWarning: xFormers is not available (Block)
  warnings.warn("xFormers is not available (Block)")
2026-08-21 16:55:57 | INFO | dinov2 | using MLP layer as FFN
DINOEmbedder initialized on device: cuda dtype: torch.float16
Using cache found in /home/sllu/.cache/torch/hub/facebookresearch_dinov2_main
2026-08-21 16:55:58 | INFO | dinov2 | using MLP layer as FFN
DINOEmbedder initialized on device: cuda dtype: torch.float16
/home/sllu/asl-video-to-text/shubert/TTIC-SHuBERT-ASLVideo-to-EnglishText/shubert_venv/lib/python3.10/site-packages/torch/nn/utils/weight_norm.py:144: FutureWarning: `torch.nn.utils.weight_norm` is deprecated in favor of `torch.nn.utils.parametrizations.weight_norm`.
  WeightNorm.apply(module, name, dim)
/home/sllu/asl-video-to-text/shubert/TTIC-SHuBERT-ASLVideo-to-EnglishText/shubert.py:132: FutureWarning: Positional args are being deprecated, use kwargs instead. Refer to https://pytorch.org/docs/main/generated/torch.nn.Module.html#torch.nn.Module.state_dict for details.
  state = super().state_dict(destination, prefix, keep_vars)
[byt5] device: cuda dtype: bfloat16
models loaded in 24.9s

eval_set_openasl/clips/uZwKNtHx9FE_01.mp4: 174 frames at stride 2, head padded with 15
WARNING: All log messages before absl::InitializeLog() is called are written to STDERR
W0000 00:00:1787356582.702792   16146 face_landmarker_graph.cc:174] Sets FaceBlendshapesGraph acceleration to xnnpack by default.
INFO: Created TensorFlow Lite XNNPACK delegate for CPU.
W0000 00:00:1787356582.824709   16153 face_landmarker_graph.cc:174] Sets FaceBlendshapesGraph acceleration to xnnpack by default.
/home/sllu/asl-video-to-text/shubert/TTIC-SHuBERT-ASLVideo-to-EnglishText/shubert_venv/lib/python3.10/site-packages/google/protobuf/symbol_database.py:55: UserWarning: SymbolDatabase.GetPrototype() is deprecated. Please use message_factory.GetMessageClass() instead. SymbolDatabase.GetPrototype() will be removed soon.
  warnings.warn('SymbolDatabase.GetPrototype() is deprecated. Please '

--- ByT5 stage breakdown ---
  checkpoint_load :    0.0s
  to_device+eval  :    0.0s
  generate        :   12.0s

--- Stage timing breakdown ---
  video_read          :    0.0s
  mediapipe_landmarks :    0.0s
  mediapipe_overlapped:   22.2s  (overlapped with capture, not on the critical path)
  hand_crop           :    0.0s
  dinov2_hands        :    0.0s
  face_crop           :    0.0s
  dinov2_face         :    0.0s
  dinov2_overlapped   :   15.6s  (overlapped with capture, not on the critical path)
  pose_features       :    0.0s
  byt5_inference      :   12.0s
  total               :   12.1s
  submitted  189 submitted -> 189 through MediaPipe -> 174 kept  ( 31.1s wall,  22.2s perception)
             'Most of the outbreaks are that children who do not have a vaccine who live in an ultra-orthodox Jewish community in New York.'
W0000 00:00:1787356614.087519   16197 face_landmarker_graph.cc:174] Sets FaceBlendshapesGraph acceleration to xnnpack by default.
W0000 00:00:1787356614.153900   16204 face_landmarker_graph.cc:174] Sets FaceBlendshapesGraph acceleration to xnnpack by default.

--- ByT5 stage breakdown ---
  checkpoint_load :    0.0s
  to_device+eval  :    0.0s
  generate        :   11.4s

--- Stage timing breakdown ---
  video_read          :    0.0s
  mediapipe_landmarks :    0.0s
  mediapipe_overlapped:   19.9s  (overlapped with capture, not on the critical path)
  hand_crop           :    0.0s
  dinov2_hands        :    0.0s
  face_crop           :    0.0s
  dinov2_face         :    0.0s
  dinov2_overlapped   :   13.5s  (overlapped with capture, not on the critical path)
  pose_features       :    0.0s
  byt5_inference      :   11.4s
  total               :   11.5s
  enqueue    174 submitted -> 174 through MediaPipe -> 174 kept  ( 28.5s wall,  19.9s perception)
             'Most of the outbreaks are that children who do not have a vaccine who live in an ultra-orthodox Jewish community in New York.'

eval_set_openasl/clips/uZwKNtHx9FE_02.mp4: 262 frames at stride 2, head padded with 15
W0000 00:00:1787356643.310405   16254 face_landmarker_graph.cc:174] Sets FaceBlendshapesGraph acceleration to xnnpack by default.
W0000 00:00:1787356643.363958   16261 face_landmarker_graph.cc:174] Sets FaceBlendshapesGraph acceleration to xnnpack by default.

--- ByT5 stage breakdown ---
  checkpoint_load :    0.0s
  to_device+eval  :    0.0s
  generate        :   18.1s

--- Stage timing breakdown ---
  video_read          :    0.0s
  mediapipe_landmarks :    0.0s
  mediapipe_overlapped:   30.6s  (overlapped with capture, not on the critical path)
  hand_crop           :    0.0s
  dinov2_hands        :    0.0s
  face_crop           :    0.0s
  dinov2_face         :    0.0s
  dinov2_overlapped   :   20.4s  (overlapped with capture, not on the critical path)
  pose_features       :    0.0s
  byt5_inference      :   18.1s
  total               :   18.2s
  submitted  277 submitted -> 277 through MediaPipe -> 262 kept  ( 42.8s wall,  30.6s perception)
             'He said about Mueller yesterday that he couldn t indict Trump with obstruction and couldn t do anything about the indictment because the Department of Justice s policy does not impeach a sitting president.'
W0000 00:00:1787356686.329436   16308 face_landmarker_graph.cc:174] Sets FaceBlendshapesGraph acceleration to xnnpack by default.
W0000 00:00:1787356686.394431   16315 face_landmarker_graph.cc:174] Sets FaceBlendshapesGraph acceleration to xnnpack by default.

--- ByT5 stage breakdown ---
  checkpoint_load :    0.0s
  to_device+eval  :    0.0s
  generate        :   18.8s

--- Stage timing breakdown ---
  video_read          :    0.0s
  mediapipe_landmarks :    0.0s
  mediapipe_overlapped:   28.8s  (overlapped with capture, not on the critical path)
  hand_crop           :    0.0s
  dinov2_hands        :    0.0s
  face_crop           :    0.0s
  dinov2_face         :    0.0s
  dinov2_overlapped   :   19.8s  (overlapped with capture, not on the critical path)
  pose_features       :    0.0s
  byt5_inference      :   18.8s
  total               :   18.9s
  enqueue    262 submitted -> 262 through MediaPipe -> 262 kept  ( 42.1s wall,  28.8s perception)
             'He said about Mueller yesterday that he couldn t indict Trump with obstruction and couldn t do anything about the indictment because the Department of Justice s policies do not impeach a seat of the president.'

eval_set_openasl/clips/uZwKNtHx9FE_03.mp4: 57 frames at stride 2, head padded with 15
W0000 00:00:1787356728.778810   16370 face_landmarker_graph.cc:174] Sets FaceBlendshapesGraph acceleration to xnnpack by default.
W0000 00:00:1787356728.847956   16377 face_landmarker_graph.cc:174] Sets FaceBlendshapesGraph acceleration to xnnpack by default.

--- ByT5 stage breakdown ---
  checkpoint_load :    0.0s
  to_device+eval  :    0.0s
  generate        :    4.4s

--- Stage timing breakdown ---
  video_read          :    0.0s
  mediapipe_landmarks :    0.0s
  mediapipe_overlapped:    8.4s  (overlapped with capture, not on the critical path)
  hand_crop           :    0.0s
  dinov2_hands        :    0.0s
  face_crop           :    0.0s
  dinov2_face         :    0.0s
  dinov2_overlapped   :    5.1s  (overlapped with capture, not on the critical path)
  pose_features       :    0.0s
  byt5_inference      :    4.4s
  total               :    4.4s
  submitted   72 submitted ->  72 through MediaPipe ->  57 kept  ( 13.8s wall,   8.4s perception)
             'He has reached the highest peak but gone down.'
W0000 00:00:1787356742.723853   16425 face_landmarker_graph.cc:174] Sets FaceBlendshapesGraph acceleration to xnnpack by default.
W0000 00:00:1787356742.778183   16432 face_landmarker_graph.cc:174] Sets FaceBlendshapesGraph acceleration to xnnpack by default.

--- ByT5 stage breakdown ---
  checkpoint_load :    0.0s
  to_device+eval  :    0.0s
  generate        :    4.1s

--- Stage timing breakdown ---
  video_read          :    0.0s
  mediapipe_landmarks :    0.0s
  mediapipe_overlapped:    6.1s  (overlapped with capture, not on the critical path)
  hand_crop           :    0.0s
  dinov2_hands        :    0.0s
  face_crop           :    0.0s
  dinov2_face         :    0.0s
  dinov2_overlapped   :    3.7s  (overlapped with capture, not on the critical path)
  pose_features       :    0.0s
  byt5_inference      :    4.1s
  total               :    4.1s
  enqueue     57 submitted ->  57 through MediaPipe ->  57 kept  ( 11.4s wall,   6.1s perception)
             'He has reached the highest rate but gone down.'

eval_set_openasl/clips/uZwKNtHx9FE_04.mp4: 275 frames at stride 2, head padded with 15
W0000 00:00:1787356754.851823   16481 face_landmarker_graph.cc:174] Sets FaceBlendshapesGraph acceleration to xnnpack by default.
W0000 00:00:1787356754.906896   16488 face_landmarker_graph.cc:174] Sets FaceBlendshapesGraph acceleration to xnnpack by default.

--- ByT5 stage breakdown ---
  checkpoint_load :    0.0s
  to_device+eval  :    0.0s
  generate        :   20.0s

--- Stage timing breakdown ---
  video_read          :    0.0s
  mediapipe_landmarks :    0.0s
  mediapipe_overlapped:   33.3s  (overlapped with capture, not on the critical path)
  hand_crop           :    0.0s
  dinov2_hands        :    0.0s
  face_crop           :    0.0s
  dinov2_face         :    0.0s
  dinov2_overlapped   :   22.8s  (overlapped with capture, not on the critical path)
  pose_features       :    0.1s
  byt5_inference      :   20.1s
  total               :   20.1s
  submitted  290 submitted -> 290 through MediaPipe -> 275 kept  ( 46.5s wall,  33.3s perception)
             'There are many news reports about many traffic on the mountains that could cause increased deaths since people have had to be longer extended in high altitudes that could potentially damage and exhaust human bodies.'
W0000 00:00:1787356801.487506   16533 face_landmarker_graph.cc:174] Sets FaceBlendshapesGraph acceleration to xnnpack by default.
W0000 00:00:1787356801.548640   16540 face_landmarker_graph.cc:174] Sets FaceBlendshapesGraph acceleration to xnnpack by default.

--- ByT5 stage breakdown ---
  checkpoint_load :    0.0s
  to_device+eval  :    0.0s
  generate        :   19.6s

--- Stage timing breakdown ---
  video_read          :    0.0s
  mediapipe_landmarks :    0.0s
  mediapipe_overlapped:   31.0s  (overlapped with capture, not on the critical path)
  hand_crop           :    0.0s
  dinov2_hands        :    0.0s
  face_crop           :    0.0s
  dinov2_face         :    0.0s
  dinov2_overlapped   :   20.8s  (overlapped with capture, not on the critical path)
  pose_features       :    0.1s
  byt5_inference      :   19.7s
  total               :   19.8s
  enqueue    275 submitted -> 275 through MediaPipe -> 275 kept  ( 44.0s wall,  31.0s perception)
             'There are many news reports about many traffic on the mountains that could cause increased deaths since people have had to burn longer extensions in high altitudes that could potentially damage and exhaust human bodies.'

eval_set_openasl/clips/uZwKNtHx9FE_05.mp4: 18 frames at stride 2, head padded with 15
W0000 00:00:1787356845.749513   16594 face_landmarker_graph.cc:174] Sets FaceBlendshapesGraph acceleration to xnnpack by default.
W0000 00:00:1787356845.809233   16601 face_landmarker_graph.cc:174] Sets FaceBlendshapesGraph acceleration to xnnpack by default.

--- ByT5 stage breakdown ---
  checkpoint_load :    0.0s
  to_device+eval  :    0.0s
  generate        :    1.3s

--- Stage timing breakdown ---
  video_read          :    0.0s
  mediapipe_landmarks :    0.0s
  mediapipe_overlapped:    5.6s  (overlapped with capture, not on the critical path)
  hand_crop           :    0.0s
  dinov2_hands        :    0.0s
  face_crop           :    0.0s
  dinov2_face         :    0.0s
  dinov2_overlapped   :    2.0s  (overlapped with capture, not on the critical path)
  pose_features       :    0.0s
  byt5_inference      :    1.3s
  total               :    1.3s
  submitted   33 submitted ->  33 through MediaPipe ->  18 kept  (  8.4s wall,   5.6s perception)
             "Don't do it!"
W0000 00:00:1787356854.318837   16644 face_landmarker_graph.cc:174] Sets FaceBlendshapesGraph acceleration to xnnpack by default.
W0000 00:00:1787356854.374762   16651 face_landmarker_graph.cc:174] Sets FaceBlendshapesGraph acceleration to xnnpack by default.

--- ByT5 stage breakdown ---
  checkpoint_load :    0.0s
  to_device+eval  :    0.0s
  generate        :    1.7s

--- Stage timing breakdown ---
  video_read          :    0.0s
  mediapipe_landmarks :    0.0s
  mediapipe_overlapped:    3.2s  (overlapped with capture, not on the critical path)
  hand_crop           :    0.0s
  dinov2_hands        :    0.0s
  face_crop           :    0.0s
  dinov2_face         :    0.0s
  dinov2_overlapped   :    1.2s  (overlapped with capture, not on the critical path)
  pose_features       :    0.0s
  byt5_inference      :    1.7s
  total               :    1.7s
  enqueue     18 submitted ->  18 through MediaPipe ->  18 kept  (  6.1s wall,   3.2s perception)
             '"Don\'t be afraid!"'

eval_set_openasl/clips/uZwKNtHx9FE_06.mp4: 129 frames at stride 2, head padded with 15
W0000 00:00:1787356860.913013   16697 face_landmarker_graph.cc:174] Sets FaceBlendshapesGraph acceleration to xnnpack by default.
W0000 00:00:1787356860.968978   16704 face_landmarker_graph.cc:174] Sets FaceBlendshapesGraph acceleration to xnnpack by default.

--- ByT5 stage breakdown ---
  checkpoint_load :    0.0s
  to_device+eval  :    0.0s
  generate        :    9.3s

--- Stage timing breakdown ---
  video_read          :    0.0s
  mediapipe_landmarks :    0.0s
  mediapipe_overlapped:   15.3s  (overlapped with capture, not on the critical path)
  hand_crop           :    0.0s
  dinov2_hands        :    0.0s
  face_crop           :    0.0s
  dinov2_face         :    0.0s
  dinov2_overlapped   :   10.3s  (overlapped with capture, not on the critical path)
  pose_features       :    0.0s
  byt5_inference      :    9.4s
  total               :    9.4s
  submitted  144 submitted -> 144 through MediaPipe -> 129 kept  ( 22.8s wall,  15.3s perception)
             'For Deaf Canadian activists, this is a huge achievement that is something that you have been fighting for a long time.'
W0000 00:00:1787356883.840283   16754 face_landmarker_graph.cc:174] Sets FaceBlendshapesGraph acceleration to xnnpack by default.
W0000 00:00:1787356883.900673   16761 face_landmarker_graph.cc:174] Sets FaceBlendshapesGraph acceleration to xnnpack by default.

--- ByT5 stage breakdown ---
  checkpoint_load :    0.0s
  to_device+eval  :    0.0s
  generate        :   10.0s

--- Stage timing breakdown ---
  video_read          :    0.0s
  mediapipe_landmarks :    0.0s
  mediapipe_overlapped:   14.5s  (overlapped with capture, not on the critical path)
  hand_crop           :    0.0s
  dinov2_hands        :    0.0s
  face_crop           :    0.0s
  dinov2_face         :    0.0s
  dinov2_overlapped   :    9.4s  (overlapped with capture, not on the critical path)
  pose_features       :    0.0s
  byt5_inference      :   10.0s
  total               :   10.1s
  enqueue    129 submitted -> 129 through MediaPipe -> 129 kept  ( 23.0s wall,  14.5s perception)
             'For Deaf Canadian activists, this is a huge achievement that has been something you have been fighting for a long time.'

eval_set_openasl/clips/uZwKNtHx9FE_07.mp4: 150 frames at stride 2, head padded with 15
W0000 00:00:1787356907.297101   16810 face_landmarker_graph.cc:174] Sets FaceBlendshapesGraph acceleration to xnnpack by default.
W0000 00:00:1787356907.357514   16817 face_landmarker_graph.cc:174] Sets FaceBlendshapesGraph acceleration to xnnpack by default.

--- ByT5 stage breakdown ---
  checkpoint_load :    0.0s
  to_device+eval  :    0.0s
  generate        :   10.6s

--- Stage timing breakdown ---
  video_read          :    0.0s
  mediapipe_landmarks :    0.0s
  mediapipe_overlapped:   18.6s  (overlapped with capture, not on the critical path)
  hand_crop           :    0.0s
  dinov2_hands        :    0.0s
  face_crop           :    0.0s
  dinov2_face         :    0.0s
  dinov2_overlapped   :   12.3s  (overlapped with capture, not on the critical path)
  pose_features       :    0.0s
  byt5_inference      :   10.7s
  total               :   10.7s
  submitted  165 submitted -> 165 through MediaPipe -> 150 kept  ( 26.3s wall,  18.6s perception)
             'They said the words were added without delays, were immediately added into the legislature to make sure that the work began.'
W0000 00:00:1787356933.779050   16860 face_landmarker_graph.cc:174] Sets FaceBlendshapesGraph acceleration to xnnpack by default.
W0000 00:00:1787356933.833063   16867 face_landmarker_graph.cc:174] Sets FaceBlendshapesGraph acceleration to xnnpack by default.

--- ByT5 stage breakdown ---
  checkpoint_load :    0.0s
  to_device+eval  :    0.0s
  generate        :   11.0s

--- Stage timing breakdown ---
  video_read          :    0.0s
  mediapipe_landmarks :    0.0s
  mediapipe_overlapped:   17.1s  (overlapped with capture, not on the critical path)
  hand_crop           :    0.0s
  dinov2_hands        :    0.0s
  face_crop           :    0.0s
  dinov2_face         :    0.0s
  dinov2_overlapped   :   10.7s  (overlapped with capture, not on the critical path)
  pose_features       :    0.0s
  byt5_inference      :   11.0s
  total               :   11.0s
  enqueue    150 submitted -> 150 through MediaPipe -> 150 kept  ( 25.3s wall,  17.1s perception)
             'They said the words were added without delay, were immediately introduced into the legislation to make sure that the work began.'

eval_set_openasl/clips/uZwKNtHx9FE_08.mp4: 339 frames at stride 2, head padded with 15
W0000 00:00:1787356959.957104   16921 face_landmarker_graph.cc:174] Sets FaceBlendshapesGraph acceleration to xnnpack by default.
W0000 00:00:1787356959.984168   16928 face_landmarker_graph.cc:174] Sets FaceBlendshapesGraph acceleration to xnnpack by default.

--- ByT5 stage breakdown ---
  checkpoint_load :    0.0s
  to_device+eval  :    0.0s
  generate        :   19.7s

--- Stage timing breakdown ---
  video_read          :    0.0s
  mediapipe_landmarks :    0.0s
  mediapipe_overlapped:   39.1s  (overlapped with capture, not on the critical path)
  hand_crop           :    0.0s
  dinov2_hands        :    0.0s
  face_crop           :    0.0s
  dinov2_face         :    0.0s
  dinov2_overlapped   :   27.0s  (overlapped with capture, not on the critical path)
  pose_features       :    0.1s
  byt5_inference      :   19.7s
  total               :   19.8s
  submitted  354 submitted -> 354 through MediaPipe -> 339 kept  ( 50.5s wall,  39.1s perception)
             'Charlton LaChase, a DeafBlind man from Florida, was jailed for a year for pleading guilty of threatening texts to his life, said he would do ISIS inspirational attacks and was released a few hours later in jail.'
W0000 00:00:1787357010.692696   16981 face_landmarker_graph.cc:174] Sets FaceBlendshapesGraph acceleration to xnnpack by default.
W0000 00:00:1787357010.784139   16988 face_landmarker_graph.cc:174] Sets FaceBlendshapesGraph acceleration to xnnpack by default.

--- ByT5 stage breakdown ---
  checkpoint_load :    0.0s
  to_device+eval  :    0.0s
  generate        :   24.6s

--- Stage timing breakdown ---
  video_read          :    0.0s
  mediapipe_landmarks :    0.0s
  mediapipe_overlapped:   38.9s  (overlapped with capture, not on the critical path)
  hand_crop           :    0.0s
  dinov2_hands        :    0.0s
  face_crop           :    0.0s
  dinov2_face         :    0.0s
  dinov2_overlapped   :   25.8s  (overlapped with capture, not on the critical path)
  pose_features       :    0.1s
  byt5_inference      :   24.7s
  total               :   24.8s
  enqueue    339 submitted -> 339 through MediaPipe -> 339 kept  ( 54.7s wall,  38.9s perception)
             'Charlton LaChase, a DeafBlind man from Florida, was jailed for a year and three months for pleading guilty of threatening texts to his age, said he would do ISIS inspirational attacks, but was released a few hours later in prison.'

eval_set_openasl/clips/uZwKNtHx9FE_09.mp4: 50 frames at stride 2, head padded with 15
W0000 00:00:1787357065.802025   17042 face_landmarker_graph.cc:174] Sets FaceBlendshapesGraph acceleration to xnnpack by default.
W0000 00:00:1787357065.858304   17049 face_landmarker_graph.cc:174] Sets FaceBlendshapesGraph acceleration to xnnpack by default.

--- ByT5 stage breakdown ---
  checkpoint_load :    0.0s
  to_device+eval  :    0.0s
  generate        :    3.7s

--- Stage timing breakdown ---
  video_read          :    0.0s
  mediapipe_landmarks :    0.0s
  mediapipe_overlapped:    7.1s  (overlapped with capture, not on the critical path)
  hand_crop           :    0.0s
  dinov2_hands        :    0.0s
  face_crop           :    0.0s
  dinov2_face         :    0.0s
  dinov2_overlapped   :    4.9s  (overlapped with capture, not on the critical path)
  pose_features       :    0.0s
  byt5_inference      :    3.7s
  total               :    3.8s
  submitted   65 submitted ->  65 through MediaPipe ->  50 kept  ( 11.6s wall,   7.1s perception)
             'She said because of the same situation.'
W0000 00:00:1787357077.543203   17092 face_landmarker_graph.cc:174] Sets FaceBlendshapesGraph acceleration to xnnpack by default.
W0000 00:00:1787357077.615496   17099 face_landmarker_graph.cc:174] Sets FaceBlendshapesGraph acceleration to xnnpack by default.

--- ByT5 stage breakdown ---
  checkpoint_load :    0.0s
  to_device+eval  :    0.0s
  generate        :    4.3s

--- Stage timing breakdown ---
  video_read          :    0.0s
  mediapipe_landmarks :    0.0s
  mediapipe_overlapped:    6.7s  (overlapped with capture, not on the critical path)
  hand_crop           :    0.0s
  dinov2_hands        :    0.0s
  face_crop           :    0.0s
  dinov2_face         :    0.0s
  dinov2_overlapped   :    3.4s  (overlapped with capture, not on the critical path)
  pose_features       :    0.0s
  byt5_inference      :    4.3s
  total               :    4.4s
  enqueue     50 submitted ->  50 through MediaPipe ->  50 kept  ( 11.7s wall,   6.7s perception)
             'She said because of the same situation.'

eval_set_openasl/clips/uZwKNtHx9FE_10.mp4: 14 frames at stride 2, head padded with 15
W0000 00:00:1787357089.447751   17148 face_landmarker_graph.cc:174] Sets FaceBlendshapesGraph acceleration to xnnpack by default.
W0000 00:00:1787357089.512174   17155 face_landmarker_graph.cc:174] Sets FaceBlendshapesGraph acceleration to xnnpack by default.

--- ByT5 stage breakdown ---
  checkpoint_load :    0.0s
  to_device+eval  :    0.0s
  generate        :    1.7s

--- Stage timing breakdown ---
  video_read          :    0.0s
  mediapipe_landmarks :    0.0s
  mediapipe_overlapped:    4.0s  (overlapped with capture, not on the critical path)
  hand_crop           :    0.0s
  dinov2_hands        :    0.0s
  face_crop           :    0.0s
  dinov2_face         :    0.0s
  dinov2_overlapped   :    1.9s  (overlapped with capture, not on the critical path)
  pose_features       :    0.0s
  byt5_inference      :    1.8s
  total               :    1.8s
  submitted   29 submitted ->  29 through MediaPipe ->  14 kept  (  7.7s wall,   4.0s perception)
             'What do you think?'
W0000 00:00:1787357097.307273   17200 face_landmarker_graph.cc:174] Sets FaceBlendshapesGraph acceleration to xnnpack by default.
W0000 00:00:1787357097.360746   17207 face_landmarker_graph.cc:174] Sets FaceBlendshapesGraph acceleration to xnnpack by default.

--- ByT5 stage breakdown ---
  checkpoint_load :    0.0s
  to_device+eval  :    0.0s
  generate        :    1.1s

--- Stage timing breakdown ---
  video_read          :    0.0s
  mediapipe_landmarks :    0.0s
  mediapipe_overlapped:    1.4s  (overlapped with capture, not on the critical path)
  hand_crop           :    0.0s
  dinov2_hands        :    0.0s
  face_crop           :    0.0s
  dinov2_face         :    0.0s
  dinov2_overlapped   :    1.1s  (overlapped with capture, not on the critical path)
  pose_features       :    0.0s
  byt5_inference      :    1.1s
  total               :    1.1s
  enqueue     14 submitted ->  14 through MediaPipe ->  14 kept  (  3.6s wall,   1.4s perception)
             'Hello.'

eval_set_openasl/clips/j2iRHiIYtTg_01.mp4: 43 frames at stride 2, head padded with 15
W0000 00:00:1787357101.143869   17253 face_landmarker_graph.cc:174] Sets FaceBlendshapesGraph acceleration to xnnpack by default.
W0000 00:00:1787357101.202066   17260 face_landmarker_graph.cc:174] Sets FaceBlendshapesGraph acceleration to xnnpack by default.

--- ByT5 stage breakdown ---
  checkpoint_load :    0.0s
  to_device+eval  :    0.0s
  generate        :    4.0s

--- Stage timing breakdown ---
  video_read          :    0.0s
  mediapipe_landmarks :    0.0s
  mediapipe_overlapped:    5.9s  (overlapped with capture, not on the critical path)
  hand_crop           :    0.0s
  dinov2_hands        :    0.0s
  face_crop           :    0.0s
  dinov2_face         :    0.0s
  dinov2_overlapped   :    4.0s  (overlapped with capture, not on the critical path)
  pose_features       :    0.0s
  byt5_inference      :    4.0s
  total               :    4.0s
  submitted   58 submitted ->  58 through MediaPipe ->  43 kept  ( 10.9s wall,   5.9s perception)
             'What are your thoughts on and on their activities?'
W0000 00:00:1787357112.159044   17304 face_landmarker_graph.cc:174] Sets FaceBlendshapesGraph acceleration to xnnpack by default.
W0000 00:00:1787357112.217867   17311 face_landmarker_graph.cc:174] Sets FaceBlendshapesGraph acceleration to xnnpack by default.

--- ByT5 stage breakdown ---
  checkpoint_load :    0.0s
  to_device+eval  :    0.0s
  generate        :    4.1s

--- Stage timing breakdown ---
  video_read          :    0.0s
  mediapipe_landmarks :    0.0s
  mediapipe_overlapped:    5.1s  (overlapped with capture, not on the critical path)
  hand_crop           :    0.0s
  dinov2_hands        :    0.0s
  face_crop           :    0.0s
  dinov2_face         :    0.0s
  dinov2_overlapped   :    2.7s  (overlapped with capture, not on the critical path)
  pose_features       :    0.0s
  byt5_inference      :    4.2s
  total               :    4.2s
  enqueue     43 submitted ->  43 through MediaPipe ->  43 kept  ( 10.6s wall,   5.1s perception)
             'What are your thoughts on and on their activities?'

eval_set_openasl/clips/j2iRHiIYtTg_02.mp4: 44 frames at stride 2, head padded with 15
W0000 00:00:1787357123.030553   17361 face_landmarker_graph.cc:174] Sets FaceBlendshapesGraph acceleration to xnnpack by default.
W0000 00:00:1787357123.086980   17368 face_landmarker_graph.cc:174] Sets FaceBlendshapesGraph acceleration to xnnpack by default.

--- ByT5 stage breakdown ---
  checkpoint_load :    0.0s
  to_device+eval  :    0.0s
  generate        :    5.1s

--- Stage timing breakdown ---
  video_read          :    0.0s
  mediapipe_landmarks :    0.0s
  mediapipe_overlapped:    6.7s  (overlapped with capture, not on the critical path)
  hand_crop           :    0.0s
  dinov2_hands        :    0.0s
  face_crop           :    0.0s
  dinov2_face         :    0.0s
  dinov2_overlapped   :    4.0s  (overlapped with capture, not on the critical path)
  pose_features       :    0.0s
  byt5_inference      :    5.1s
  total               :    5.1s
  submitted   59 submitted ->  59 through MediaPipe ->  44 kept  ( 12.3s wall,   6.7s perception)
             'So this person wants them to rather than how the students resulted.'
W0000 00:00:1787357135.462876   17411 face_landmarker_graph.cc:174] Sets FaceBlendshapesGraph acceleration to xnnpack by default.
W0000 00:00:1787357135.535558   17418 face_landmarker_graph.cc:174] Sets FaceBlendshapesGraph acceleration to xnnpack by default.

--- ByT5 stage breakdown ---
  checkpoint_load :    0.0s
  to_device+eval  :    0.0s
  generate        :    4.0s

--- Stage timing breakdown ---
  video_read          :    0.0s
  mediapipe_landmarks :    0.0s
  mediapipe_overlapped:    6.0s  (overlapped with capture, not on the critical path)
  hand_crop           :    0.0s
  dinov2_hands        :    0.0s
  face_crop           :    0.0s
  dinov2_face         :    0.0s
  dinov2_overlapped   :    2.8s  (overlapped with capture, not on the critical path)
  pose_features       :    0.0s
  byt5_inference      :    4.0s
  total               :    4.0s
  enqueue     44 submitted ->  44 through MediaPipe ->  44 kept  ( 11.1s wall,   6.0s perception)
             "So that's what the students have resulted in."

eval_set_openasl/clips/j2iRHiIYtTg_03.mp4: 42 frames at stride 2, head padded with 15
W0000 00:00:1787357146.820452   17467 face_landmarker_graph.cc:174] Sets FaceBlendshapesGraph acceleration to xnnpack by default.
W0000 00:00:1787357146.870486   17474 face_landmarker_graph.cc:174] Sets FaceBlendshapesGraph acceleration to xnnpack by default.

--- ByT5 stage breakdown ---
  checkpoint_load :    0.0s
  to_device+eval  :    0.0s
  generate        :    4.2s

--- Stage timing breakdown ---
  video_read          :    0.0s
  mediapipe_landmarks :    0.0s
  mediapipe_overlapped:    6.5s  (overlapped with capture, not on the critical path)
  hand_crop           :    0.0s
  dinov2_hands        :    0.0s
  face_crop           :    0.0s
  dinov2_face         :    0.0s
  dinov2_overlapped   :    3.9s  (overlapped with capture, not on the critical path)
  pose_features       :    0.0s
  byt5_inference      :    4.2s
  total               :    4.2s
  submitted   57 submitted ->  57 through MediaPipe ->  42 kept  ( 11.4s wall,   6.5s perception)
             'When will the next day prevent that interpreter?'
W0000 00:00:1787357158.311194   17517 face_landmarker_graph.cc:174] Sets FaceBlendshapesGraph acceleration to xnnpack by default.
W0000 00:00:1787357158.362722   17524 face_landmarker_graph.cc:174] Sets FaceBlendshapesGraph acceleration to xnnpack by default.

--- ByT5 stage breakdown ---
  checkpoint_load :    0.0s
  to_device+eval  :    0.0s
  generate        :    4.6s

--- Stage timing breakdown ---
  video_read          :    0.0s
  mediapipe_landmarks :    0.0s
  mediapipe_overlapped:    5.8s  (overlapped with capture, not on the critical path)
  hand_crop           :    0.0s
  dinov2_hands        :    0.0s
  face_crop           :    0.0s
  dinov2_face         :    0.0s
  dinov2_overlapped   :    3.0s  (overlapped with capture, not on the critical path)
  pose_features       :    0.0s
  byt5_inference      :    4.6s
  total               :    4.6s
  enqueue     42 submitted ->  42 through MediaPipe ->  42 kept  ( 12.1s wall,   5.8s perception)
             'What would the great day be to reduce that interpreter?'

eval_set_openasl/clips/j2iRHiIYtTg_04.mp4: 47 frames at stride 2, head padded with 15
W0000 00:00:1787357170.654953   17573 face_landmarker_graph.cc:174] Sets FaceBlendshapesGraph acceleration to xnnpack by default.
W0000 00:00:1787357170.707544   17580 face_landmarker_graph.cc:174] Sets FaceBlendshapesGraph acceleration to xnnpack by default.

--- ByT5 stage breakdown ---
  checkpoint_load :    0.0s
  to_device+eval  :    0.0s
  generate        :    3.8s

--- Stage timing breakdown ---
  video_read          :    0.0s
  mediapipe_landmarks :    0.0s
  mediapipe_overlapped:    7.4s  (overlapped with capture, not on the critical path)
  hand_crop           :    0.0s
  dinov2_hands        :    0.0s
  face_crop           :    0.0s
  dinov2_face         :    0.0s
  dinov2_overlapped   :    3.8s  (overlapped with capture, not on the critical path)
  pose_features       :    0.0s
  byt5_inference      :    3.9s
  total               :    3.9s
  submitted   62 submitted ->  62 through MediaPipe ->  47 kept  ( 11.4s wall,   7.4s perception)
             'President of RID confirmed that four years.'
W0000 00:00:1787357182.198065   17624 face_landmarker_graph.cc:174] Sets FaceBlendshapesGraph acceleration to xnnpack by default.
W0000 00:00:1787357182.262945   17631 face_landmarker_graph.cc:174] Sets FaceBlendshapesGraph acceleration to xnnpack by default.

--- ByT5 stage breakdown ---
  checkpoint_load :    0.0s
  to_device+eval  :    0.0s
  generate        :    3.9s

--- Stage timing breakdown ---
  video_read          :    0.0s
  mediapipe_landmarks :    0.0s
  mediapipe_overlapped:    6.2s  (overlapped with capture, not on the critical path)
  hand_crop           :    0.0s
  dinov2_hands        :    0.0s
  face_crop           :    0.0s
  dinov2_face         :    0.0s
  dinov2_overlapped   :    3.2s  (overlapped with capture, not on the critical path)
  pose_features       :    0.0s
  byt5_inference      :    4.0s
  total               :    4.0s
  enqueue     47 submitted ->  47 through MediaPipe ->  47 kept  ( 11.1s wall,   6.2s perception)
             'RID has confirmed with that five-year purpose.'

eval_set_openasl/clips/j2iRHiIYtTg_05.mp4: 26 frames at stride 2, head padded with 15
W0000 00:00:1787357193.578439   17680 face_landmarker_graph.cc:174] Sets FaceBlendshapesGraph acceleration to xnnpack by default.
W0000 00:00:1787357193.638076   17687 face_landmarker_graph.cc:174] Sets FaceBlendshapesGraph acceleration to xnnpack by default.

--- ByT5 stage breakdown ---
  checkpoint_load :    0.0s
  to_device+eval  :    0.0s
  generate        :    2.4s

--- Stage timing breakdown ---
  video_read          :    0.0s
  mediapipe_landmarks :    0.0s
  mediapipe_overlapped:    6.4s  (overlapped with capture, not on the critical path)
  hand_crop           :    0.0s
  dinov2_hands        :    0.0s
  face_crop           :    0.0s
  dinov2_face         :    0.0s
  dinov2_overlapped   :    2.8s  (overlapped with capture, not on the critical path)
  pose_features       :    0.0s
  byt5_inference      :    2.4s
  total               :    2.5s
  submitted   41 submitted ->  41 through MediaPipe ->  26 kept  ( 10.2s wall,   6.4s perception)
             "That's all I have to learn."
W0000 00:00:1787357203.917260   17731 face_landmarker_graph.cc:174] Sets FaceBlendshapesGraph acceleration to xnnpack by default.
W0000 00:00:1787357203.977524   17738 face_landmarker_graph.cc:174] Sets FaceBlendshapesGraph acceleration to xnnpack by default.

--- ByT5 stage breakdown ---
  checkpoint_load :    0.0s
  to_device+eval  :    0.0s
  generate        :    2.3s

--- Stage timing breakdown ---
  video_read          :    0.0s
  mediapipe_landmarks :    0.0s
  mediapipe_overlapped:    4.0s  (overlapped with capture, not on the critical path)
  hand_crop           :    0.0s
  dinov2_hands        :    0.0s
  face_crop           :    0.0s
  dinov2_face         :    0.0s
  dinov2_overlapped   :    1.8s  (overlapped with capture, not on the critical path)
  pose_features       :    0.0s
  byt5_inference      :    2.3s
  total               :    2.3s
  enqueue     26 submitted ->  26 through MediaPipe ->  26 kept  (  8.1s wall,   4.0s perception)
             "That's all I have to learn."

eval_set_openasl/clips/j2iRHiIYtTg_06.mp4: 247 frames at stride 2, head padded with 15
W0000 00:00:1787357212.719357   17784 face_landmarker_graph.cc:174] Sets FaceBlendshapesGraph acceleration to xnnpack by default.
W0000 00:00:1787357212.771212   17791 face_landmarker_graph.cc:174] Sets FaceBlendshapesGraph acceleration to xnnpack by default.

--- ByT5 stage breakdown ---
  checkpoint_load :    0.0s
  to_device+eval  :    0.0s
  generate        :    8.5s

--- Stage timing breakdown ---
  video_read          :    0.0s
  mediapipe_landmarks :    0.0s
  mediapipe_overlapped:   33.9s  (overlapped with capture, not on the critical path)
  hand_crop           :    0.0s
  dinov2_hands        :    0.0s
  face_crop           :    0.0s
  dinov2_face         :    0.0s
  dinov2_overlapped   :   19.0s  (overlapped with capture, not on the critical path)
  pose_features       :    0.0s
  byt5_inference      :    8.5s
  total               :    8.6s
  submitted  262 submitted -> 262 through MediaPipe -> 247 kept  ( 32.2s wall,  33.9s perception)
             'The first thing I know is it will take when we risk our students of color, BIPOC, and persons of color.'
W0000 00:00:1787357245.079433   17843 face_landmarker_graph.cc:174] Sets FaceBlendshapesGraph acceleration to xnnpack by default.
W0000 00:00:1787357245.144737   17850 face_landmarker_graph.cc:174] Sets FaceBlendshapesGraph acceleration to xnnpack by default.

--- ByT5 stage breakdown ---
  checkpoint_load :    0.0s
  to_device+eval  :    0.0s
  generate        :    9.4s

--- Stage timing breakdown ---
  video_read          :    0.0s
  mediapipe_landmarks :    0.0s
  mediapipe_overlapped:   32.2s  (overlapped with capture, not on the critical path)
  hand_crop           :    0.0s
  dinov2_hands        :    0.0s
  face_crop           :    0.0s
  dinov2_face         :    0.0s
  dinov2_overlapped   :   19.0s  (overlapped with capture, not on the critical path)
  pose_features       :    0.0s
  byt5_inference      :    9.4s
  total               :    9.5s
  enqueue    247 submitted -> 247 through MediaPipe -> 247 kept  ( 33.2s wall,  32.2s perception)
             'The first thing I know is it takes time to risk for our students of color, BIPOC, and persons of color.'

eval_set_openasl/clips/j2iRHiIYtTg_07.mp4: 74 frames at stride 2, head padded with 15
W0000 00:00:1787357278.686373   17916 face_landmarker_graph.cc:174] Sets FaceBlendshapesGraph acceleration to xnnpack by default.
W0000 00:00:1787357278.725932   17923 face_landmarker_graph.cc:174] Sets FaceBlendshapesGraph acceleration to xnnpack by default.

--- ByT5 stage breakdown ---
  checkpoint_load :    0.0s
  to_device+eval  :    0.0s
  generate        :    7.2s

--- Stage timing breakdown ---
  video_read          :    0.0s
  mediapipe_landmarks :    0.0s
  mediapipe_overlapped:   11.4s  (overlapped with capture, not on the critical path)
  hand_crop           :    0.0s
  dinov2_hands        :    0.0s
  face_crop           :    0.0s
  dinov2_face         :    0.0s
  dinov2_overlapped   :    5.8s  (overlapped with capture, not on the critical path)
  pose_features       :    0.0s
  byt5_inference      :    7.3s
  total               :    7.3s
  submitted   89 submitted ->  89 through MediaPipe ->  74 kept  ( 16.8s wall,  11.4s perception)
             'When we have to have our own opportunities, we don t have to be frustrated.'
W0000 00:00:1787357295.640041   17968 face_landmarker_graph.cc:174] Sets FaceBlendshapesGraph acceleration to xnnpack by default.
W0000 00:00:1787357295.697004   17975 face_landmarker_graph.cc:174] Sets FaceBlendshapesGraph acceleration to xnnpack by default.

--- ByT5 stage breakdown ---
  checkpoint_load :    0.0s
  to_device+eval  :    0.0s
  generate        :    5.7s

--- Stage timing breakdown ---
  video_read          :    0.0s
  mediapipe_landmarks :    0.0s
  mediapipe_overlapped:    9.6s  (overlapped with capture, not on the critical path)
  hand_crop           :    0.0s
  dinov2_hands        :    0.0s
  face_crop           :    0.0s
  dinov2_face         :    0.0s
  dinov2_overlapped   :    5.1s  (overlapped with capture, not on the critical path)
  pose_features       :    0.0s
  byt5_inference      :    5.8s
  total               :    5.8s
  enqueue     74 submitted ->  74 through MediaPipe ->  74 kept  ( 14.9s wall,   9.6s perception)
             "When we have to invite ourselves and others, we don't have to be frustrated."

eval_set_openasl/clips/j2iRHiIYtTg_08.mp4: 151 frames at stride 2, head padded with 15
W0000 00:00:1787357311.027985   18024 face_landmarker_graph.cc:174] Sets FaceBlendshapesGraph acceleration to xnnpack by default.
W0000 00:00:1787357311.081743   18031 face_landmarker_graph.cc:174] Sets FaceBlendshapesGraph acceleration to xnnpack by default.

--- ByT5 stage breakdown ---
  checkpoint_load :    0.0s
  to_device+eval  :    0.0s
  generate        :    8.4s

--- Stage timing breakdown ---
  video_read          :    0.0s
  mediapipe_landmarks :    0.0s
  mediapipe_overlapped:   21.9s  (overlapped with capture, not on the critical path)
  hand_crop           :    0.0s
  dinov2_hands        :    0.0s
  face_crop           :    0.0s
  dinov2_face         :    0.0s
  dinov2_overlapped   :   12.0s  (overlapped with capture, not on the critical path)
  pose_features       :    0.0s
  byt5_inference      :    8.4s
  total               :    8.4s
  submitted  166 submitted -> 166 through MediaPipe -> 151 kept  ( 25.1s wall,  21.9s perception)
             "I've spoken about this and Gallaudet's presidency failed us and our community for five years."
W0000 00:00:1787357336.263772   18079 face_landmarker_graph.cc:174] Sets FaceBlendshapesGraph acceleration to xnnpack by default.
W0000 00:00:1787357336.320651   18086 face_landmarker_graph.cc:174] Sets FaceBlendshapesGraph acceleration to xnnpack by default.

--- ByT5 stage breakdown ---
  checkpoint_load :    0.0s
  to_device+eval  :    0.0s
  generate        :    8.3s

--- Stage timing breakdown ---
  video_read          :    0.0s
  mediapipe_landmarks :    0.0s
  mediapipe_overlapped:   19.4s  (overlapped with capture, not on the critical path)
  hand_crop           :    0.0s
  dinov2_hands        :    0.0s
  face_crop           :    0.0s
  dinov2_face         :    0.0s
  dinov2_overlapped   :   11.4s  (overlapped with capture, not on the critical path)
  pose_features       :    0.0s
  byt5_inference      :    8.4s
  total               :    8.4s
  enqueue    151 submitted -> 151 through MediaPipe -> 151 kept  ( 23.3s wall,  19.4s perception)
             "I've spoken about this and Gallaudet's presidency failed us and our community for five years."

eval_set_openasl/clips/j2iRHiIYtTg_09.mp4: 65 frames at stride 2, head padded with 15
W0000 00:00:1787357359.940815   18135 face_landmarker_graph.cc:174] Sets FaceBlendshapesGraph acceleration to xnnpack by default.
W0000 00:00:1787357360.014271   18142 face_landmarker_graph.cc:174] Sets FaceBlendshapesGraph acceleration to xnnpack by default.

--- ByT5 stage breakdown ---
  checkpoint_load :    0.0s
  to_device+eval  :    0.0s
  generate        :    6.0s

--- Stage timing breakdown ---
  video_read          :    0.0s
  mediapipe_landmarks :    0.0s
  mediapipe_overlapped:   10.0s  (overlapped with capture, not on the critical path)
  hand_crop           :    0.0s
  dinov2_hands        :    0.0s
  face_crop           :    0.0s
  dinov2_face         :    0.0s
  dinov2_overlapped   :    5.2s  (overlapped with capture, not on the critical path)
  pose_features       :    0.0s
  byt5_inference      :    6.0s
  total               :    6.0s
  submitted   80 submitted ->  80 through MediaPipe ->  65 kept  ( 14.9s wall,  10.0s perception)
             'If you feel like you have to stop yourself from being racist.'
W0000 00:00:1787357375.020330   18190 face_landmarker_graph.cc:174] Sets FaceBlendshapesGraph acceleration to xnnpack by default.
W0000 00:00:1787357375.049977   18197 face_landmarker_graph.cc:174] Sets FaceBlendshapesGraph acceleration to xnnpack by default.

--- ByT5 stage breakdown ---
  checkpoint_load :    0.0s
  to_device+eval  :    0.0s
  generate        :    6.4s

--- Stage timing breakdown ---
  video_read          :    0.0s
  mediapipe_landmarks :    0.0s
  mediapipe_overlapped:    8.7s  (overlapped with capture, not on the critical path)
  hand_crop           :    0.0s
  dinov2_hands        :    0.0s
  face_crop           :    0.0s
  dinov2_face         :    0.0s
  dinov2_overlapped   :    4.0s  (overlapped with capture, not on the critical path)
  pose_features       :    0.0s
  byt5_inference      :    6.4s
  total               :    6.4s
  enqueue     65 submitted ->  65 through MediaPipe ->  65 kept  ( 14.8s wall,   8.7s perception)
             'If you struggle with that, you have to express yourself by saying to them and stop it.'

eval_set_openasl/clips/j2iRHiIYtTg_10.mp4: 94 frames at stride 2, head padded with 15
W0000 00:00:1787357390.183760   18246 face_landmarker_graph.cc:174] Sets FaceBlendshapesGraph acceleration to xnnpack by default.
W0000 00:00:1787357390.247121   18253 face_landmarker_graph.cc:174] Sets FaceBlendshapesGraph acceleration to xnnpack by default.

--- ByT5 stage breakdown ---
  checkpoint_load :    0.0s
  to_device+eval  :    0.0s
  generate        :    1.6s

--- Stage timing breakdown ---
  video_read          :    0.0s
  mediapipe_landmarks :    0.0s
  mediapipe_overlapped:   14.7s  (overlapped with capture, not on the critical path)
  hand_crop           :    0.0s
  dinov2_hands        :    0.0s
  face_crop           :    0.0s
  dinov2_face         :    0.0s
  dinov2_overlapped   :    7.8s  (overlapped with capture, not on the critical path)
  pose_features       :    0.0s
  byt5_inference      :    1.6s
  total               :    1.7s
  submitted  109 submitted -> 109 through MediaPipe ->  94 kept  ( 13.8s wall,  14.7s perception)
             'Dr. Glenn Anger.'
W0000 00:00:1787357404.100905   18296 face_landmarker_graph.cc:174] Sets FaceBlendshapesGraph acceleration to xnnpack by default.
W0000 00:00:1787357404.131267   18303 face_landmarker_graph.cc:174] Sets FaceBlendshapesGraph acceleration to xnnpack by default.

--- ByT5 stage breakdown ---
  checkpoint_load :    0.0s
  to_device+eval  :    0.0s
  generate        :    1.7s

--- Stage timing breakdown ---
  video_read          :    0.0s
  mediapipe_landmarks :    0.0s
  mediapipe_overlapped:   13.7s  (overlapped with capture, not on the critical path)
  hand_crop           :    0.0s
  dinov2_hands        :    0.0s
  face_crop           :    0.0s
  dinov2_face         :    0.0s
  dinov2_overlapped   :    6.2s  (overlapped with capture, not on the critical path)
  pose_features       :    0.0s
  byt5_inference      :    1.7s
  total               :    1.7s
  enqueue     94 submitted ->  94 through MediaPipe ->  94 kept  ( 12.3s wall,  13.7s perception)
             'Dr. Glenn Anderson.'

eval_set_openasl/clips/wH3lJm0Typ0_01.mp4: 214 frames at stride 2, head padded with 15
W0000 00:00:1787357417.053718   18352 face_landmarker_graph.cc:174] Sets FaceBlendshapesGraph acceleration to xnnpack by default.
W0000 00:00:1787357417.114217   18359 face_landmarker_graph.cc:174] Sets FaceBlendshapesGraph acceleration to xnnpack by default.

--- ByT5 stage breakdown ---
  checkpoint_load :    0.0s
  to_device+eval  :    0.0s
  generate        :   12.1s

--- Stage timing breakdown ---
  video_read          :    0.0s
  mediapipe_landmarks :    0.0s
  mediapipe_overlapped:   23.7s  (overlapped with capture, not on the critical path)
  hand_crop           :    0.0s
  dinov2_hands        :    0.0s
  face_crop           :    0.0s
  dinov2_face         :    0.0s
  dinov2_overlapped   :   17.2s  (overlapped with capture, not on the critical path)
  pose_features       :    0.0s
  byt5_inference      :   12.1s
  total               :   12.1s
  submitted  229 submitted -> 229 through MediaPipe -> 214 kept  ( 32.7s wall,  23.7s perception)
             'His second friend, along with a team facilitator from Washburn University, Dwane Simons, was with Corei and was killed from the shooting.'
W0000 00:00:1787357449.901851   18408 face_landmarker_graph.cc:174] Sets FaceBlendshapesGraph acceleration to xnnpack by default.
W0000 00:00:1787357449.973640   18415 face_landmarker_graph.cc:174] Sets FaceBlendshapesGraph acceleration to xnnpack by default.

--- ByT5 stage breakdown ---
  checkpoint_load :    0.0s
  to_device+eval  :    0.0s
  generate        :   11.8s

--- Stage timing breakdown ---
  video_read          :    0.0s
  mediapipe_landmarks :    0.0s
  mediapipe_overlapped:   22.2s  (overlapped with capture, not on the critical path)
  hand_crop           :    0.0s
  dinov2_hands        :    0.0s
  face_crop           :    0.0s
  dinov2_face         :    0.0s
  dinov2_overlapped   :   16.1s  (overlapped with capture, not on the critical path)
  pose_features       :    0.0s
  byt5_inference      :   11.9s
  total               :   11.9s
  enqueue    214 submitted -> 214 through MediaPipe -> 214 kept  ( 31.3s wall,  22.2s perception)
             'His two friends and a teammate at Washburn University, Dwane Simons, was with Corei and was killed from the shooting.'

eval_set_openasl/clips/wH3lJm0Typ0_02.mp4: 84 frames at stride 2, head padded with 15
W0000 00:00:1787357481.601690   18469 face_landmarker_graph.cc:174] Sets FaceBlendshapesGraph acceleration to xnnpack by default.
W0000 00:00:1787357481.661113   18476 face_landmarker_graph.cc:174] Sets FaceBlendshapesGraph acceleration to xnnpack by default.

--- ByT5 stage breakdown ---
  checkpoint_load :    0.0s
  to_device+eval  :    0.0s
  generate        :    5.5s

--- Stage timing breakdown ---
  video_read          :    0.0s
  mediapipe_landmarks :    0.0s
  mediapipe_overlapped:   11.0s  (overlapped with capture, not on the critical path)
  hand_crop           :    0.0s
  dinov2_hands        :    0.0s
  face_crop           :    0.0s
  dinov2_face         :    0.0s
  dinov2_overlapped   :    6.6s  (overlapped with capture, not on the critical path)
  pose_features       :    0.0s
  byt5_inference      :    5.6s
  total               :    5.6s
  submitted   99 submitted ->  99 through MediaPipe ->  84 kept  ( 15.3s wall,  11.0s perception)
             'Which country has the highest gathering originally opened in their country?'
W0000 00:00:1787357497.073488   18519 face_landmarker_graph.cc:174] Sets FaceBlendshapesGraph acceleration to xnnpack by default.
W0000 00:00:1787357497.141381   18526 face_landmarker_graph.cc:174] Sets FaceBlendshapesGraph acceleration to xnnpack by default.

--- ByT5 stage breakdown ---
  checkpoint_load :    0.0s
  to_device+eval  :    0.0s
  generate        :    5.2s

--- Stage timing breakdown ---
  video_read          :    0.0s
  mediapipe_landmarks :    0.0s
  mediapipe_overlapped:   10.3s  (overlapped with capture, not on the critical path)
  hand_crop           :    0.0s
  dinov2_hands        :    0.0s
  face_crop           :    0.0s
  dinov2_face         :    0.0s
  dinov2_overlapped   :    5.7s  (overlapped with capture, not on the critical path)
  pose_features       :    0.0s
  byt5_inference      :    5.2s
  total               :    5.2s
  enqueue     84 submitted ->  84 through MediaPipe ->  84 kept  ( 14.7s wall,  10.3s perception)
             'Which country has the most granted from the opening?'

eval_set_openasl/clips/wH3lJm0Typ0_03.mp4: 135 frames at stride 2, head padded with 15
W0000 00:00:1787357512.270692   18576 face_landmarker_graph.cc:174] Sets FaceBlendshapesGraph acceleration to xnnpack by default.
W0000 00:00:1787357512.298681   18583 face_landmarker_graph.cc:174] Sets FaceBlendshapesGraph acceleration to xnnpack by default.

--- ByT5 stage breakdown ---
  checkpoint_load :    0.0s
  to_device+eval  :    0.0s
  generate        :    8.1s

--- Stage timing breakdown ---
  video_read          :    0.0s
  mediapipe_landmarks :    0.0s
  mediapipe_overlapped:   16.7s  (overlapped with capture, not on the critical path)
  hand_crop           :    0.0s
  dinov2_hands        :    0.0s
  face_crop           :    0.0s
  dinov2_face         :    0.0s
  dinov2_overlapped   :   10.7s  (overlapped with capture, not on the critical path)
  pose_features       :    0.0s
  byt5_inference      :    8.1s
  total               :    8.1s
  submitted  150 submitted -> 150 through MediaPipe -> 135 kept  ( 22.2s wall,  16.7s perception)
             'At the end of the game, there were also fans who cheered and critics who criticized her as well.'
W0000 00:00:1787357534.608320   18631 face_landmarker_graph.cc:174] Sets FaceBlendshapesGraph acceleration to xnnpack by default.
W0000 00:00:1787357534.677428   18638 face_landmarker_graph.cc:174] Sets FaceBlendshapesGraph acceleration to xnnpack by default.

--- ByT5 stage breakdown ---
  checkpoint_load :    0.0s
  to_device+eval  :    0.0s
  generate        :    8.6s

--- Stage timing breakdown ---
  video_read          :    0.0s
  mediapipe_landmarks :    0.0s
  mediapipe_overlapped:   14.5s  (overlapped with capture, not on the critical path)
  hand_crop           :    0.0s
  dinov2_hands        :    0.0s
  face_crop           :    0.0s
  dinov2_face         :    0.0s
  dinov2_overlapped   :   10.0s  (overlapped with capture, not on the critical path)
  pose_features       :    0.0s
  byt5_inference      :    8.6s
  total               :    8.6s
  enqueue    135 submitted -> 135 through MediaPipe -> 135 kept  ( 22.0s wall,  14.5s perception)
             'At the end of the game, there were also fans who cheered their fans and critics who criticized them.'

eval_set_openasl/clips/wH3lJm0Typ0_04.mp4: 50 frames at stride 2, head padded with 15
W0000 00:00:1787357556.939056   18697 face_landmarker_graph.cc:174] Sets FaceBlendshapesGraph acceleration to xnnpack by default.
W0000 00:00:1787357556.997624   18704 face_landmarker_graph.cc:174] Sets FaceBlendshapesGraph acceleration to xnnpack by default.

--- ByT5 stage breakdown ---
  checkpoint_load :    0.0s
  to_device+eval  :    0.0s
  generate        :    3.9s

--- Stage timing breakdown ---
  video_read          :    0.0s
  mediapipe_landmarks :    0.0s
  mediapipe_overlapped:    8.5s  (overlapped with capture, not on the critical path)
  hand_crop           :    0.0s
  dinov2_hands        :    0.0s
  face_crop           :    0.0s
  dinov2_face         :    0.0s
  dinov2_overlapped   :    4.3s  (overlapped with capture, not on the critical path)
  pose_features       :    0.0s
  byt5_inference      :    4.0s
  total               :    4.0s
  submitted   65 submitted ->  65 through MediaPipe ->  50 kept  ( 12.8s wall,   8.5s perception)
             'Would that cocktail beat any of the four movies?'
W0000 00:00:1787357569.850026   18747 face_landmarker_graph.cc:174] Sets FaceBlendshapesGraph acceleration to xnnpack by default.
W0000 00:00:1787357569.917308   18754 face_landmarker_graph.cc:174] Sets FaceBlendshapesGraph acceleration to xnnpack by default.

--- ByT5 stage breakdown ---
  checkpoint_load :    0.0s
  to_device+eval  :    0.0s
  generate        :    3.8s

--- Stage timing breakdown ---
  video_read          :    0.0s
  mediapipe_landmarks :    0.0s
  mediapipe_overlapped:    5.9s  (overlapped with capture, not on the critical path)
  hand_crop           :    0.0s
  dinov2_hands        :    0.0s
  face_crop           :    0.0s
  dinov2_face         :    0.0s
  dinov2_overlapped   :    3.4s  (overlapped with capture, not on the critical path)
  pose_features       :    0.0s
  byt5_inference      :    3.8s
  total               :    3.8s
  enqueue     50 submitted ->  50 through MediaPipe ->  50 kept  ( 11.2s wall,   5.9s perception)
             'Will this workshop beat any of the four movies?'

eval_set_openasl/clips/wH3lJm0Typ0_05.mp4: 89 frames at stride 2, head padded with 15
W0000 00:00:1787357581.452325   18803 face_landmarker_graph.cc:174] Sets FaceBlendshapesGraph acceleration to xnnpack by default.
W0000 00:00:1787357581.524385   18810 face_landmarker_graph.cc:174] Sets FaceBlendshapesGraph acceleration to xnnpack by default.

--- ByT5 stage breakdown ---
  checkpoint_load :    0.0s
  to_device+eval  :    0.0s
  generate        :    5.2s

--- Stage timing breakdown ---
  video_read          :    0.0s
  mediapipe_landmarks :    0.0s
  mediapipe_overlapped:   10.8s  (overlapped with capture, not on the critical path)
  hand_crop           :    0.0s
  dinov2_hands        :    0.0s
  face_crop           :    0.0s
  dinov2_face         :    0.0s
  dinov2_overlapped   :    7.4s  (overlapped with capture, not on the critical path)
  pose_features       :    0.0s
  byt5_inference      :    5.2s
  total               :    5.3s
  submitted  104 submitted -> 104 through MediaPipe ->  89 kept  ( 16.1s wall,  10.8s perception)
             'Saudi Arabia usually executes people with bad injuries.'
W0000 00:00:1787357597.780928   18853 face_landmarker_graph.cc:174] Sets FaceBlendshapesGraph acceleration to xnnpack by default.
W0000 00:00:1787357597.835988   18860 face_landmarker_graph.cc:174] Sets FaceBlendshapesGraph acceleration to xnnpack by default.

--- ByT5 stage breakdown ---
  checkpoint_load :    0.0s
  to_device+eval  :    0.0s
  generate        :    4.6s

--- Stage timing breakdown ---
  video_read          :    0.0s
  mediapipe_landmarks :    0.0s
  mediapipe_overlapped:   10.0s  (overlapped with capture, not on the critical path)
  hand_crop           :    0.0s
  dinov2_hands        :    0.0s
  face_crop           :    0.0s
  dinov2_face         :    0.0s
  dinov2_overlapped   :    5.9s  (overlapped with capture, not on the critical path)
  pose_features       :    0.0s
  byt5_inference      :    4.6s
  total               :    4.7s
  enqueue     89 submitted ->  89 through MediaPipe ->  89 kept  ( 14.4s wall,  10.0s perception)
             'Saudi Arabia usually executes people with bad injuries.'

eval_set_openasl/clips/wH3lJm0Typ0_06.mp4: 323 frames at stride 2, head padded with 15
W0000 00:00:1787357612.975088   18914 face_landmarker_graph.cc:174] Sets FaceBlendshapesGraph acceleration to xnnpack by default.
W0000 00:00:1787357613.032639   18921 face_landmarker_graph.cc:174] Sets FaceBlendshapesGraph acceleration to xnnpack by default.

--- ByT5 stage breakdown ---
  checkpoint_load :    0.0s
  to_device+eval  :    0.0s
  generate        :   19.5s

--- Stage timing breakdown ---
  video_read          :    0.0s
  mediapipe_landmarks :    0.0s
  mediapipe_overlapped:   37.9s  (overlapped with capture, not on the critical path)
  hand_crop           :    0.0s
  dinov2_hands        :    0.0s
  face_crop           :    0.0s
  dinov2_face         :    0.0s
  dinov2_overlapped   :   26.1s  (overlapped with capture, not on the critical path)
  pose_features       :    0.1s
  byt5_inference      :   19.5s
  total               :   19.6s
  submitted  338 submitted -> 338 through MediaPipe -> 323 kept  ( 49.3s wall,  37.9s perception)
             'The person also told me that Hicks was in a boyfriend and girlfriend relationship with the former President of ISD, Marybeth Lauderdale, and is currently the Director of the West Pennsylvania School for the Deaf.'
W0000 00:00:1787357662.482150   18971 face_landmarker_graph.cc:174] Sets FaceBlendshapesGraph acceleration to xnnpack by default.
W0000 00:00:1787357662.548750   18978 face_landmarker_graph.cc:174] Sets FaceBlendshapesGraph acceleration to xnnpack by default.

--- ByT5 stage breakdown ---
  checkpoint_load :    0.0s
  to_device+eval  :    0.0s
  generate        :   19.1s

--- Stage timing breakdown ---
  video_read          :    0.0s
  mediapipe_landmarks :    0.0s
  mediapipe_overlapped:   36.1s  (overlapped with capture, not on the critical path)
  hand_crop           :    0.0s
  dinov2_hands        :    0.0s
  face_crop           :    0.0s
  dinov2_face         :    0.0s
  dinov2_overlapped   :   24.5s  (overlapped with capture, not on the critical path)
  pose_features       :    0.1s
  byt5_inference      :   19.2s
  total               :   19.2s
  enqueue    323 submitted -> 323 through MediaPipe -> 323 kept  ( 47.3s wall,  36.1s perception)
             'The person also told me that Hicks was in a boyfriend and girlfriend s relationship with the former President of ISD, Marybeth Lauderdale, and is currently the Director of the West Pennsylvania School for the Deaf.'

eval_set_openasl/clips/wH3lJm0Typ0_07.mp4: 41 frames at stride 2, head padded with 15
W0000 00:00:1787357710.073199   19027 face_landmarker_graph.cc:174] Sets FaceBlendshapesGraph acceleration to xnnpack by default.
W0000 00:00:1787357710.146998   19034 face_landmarker_graph.cc:174] Sets FaceBlendshapesGraph acceleration to xnnpack by default.

--- ByT5 stage breakdown ---
  checkpoint_load :    0.0s
  to_device+eval  :    0.0s
  generate        :    2.1s

--- Stage timing breakdown ---
  video_read          :    0.0s
  mediapipe_landmarks :    0.0s
  mediapipe_overlapped:    5.6s  (overlapped with capture, not on the critical path)
  hand_crop           :    0.0s
  dinov2_hands        :    0.0s
  face_crop           :    0.0s
  dinov2_face         :    0.0s
  dinov2_overlapped   :    3.4s  (overlapped with capture, not on the critical path)
  pose_features       :    0.0s
  byt5_inference      :    2.1s
  total               :    2.1s
  submitted   56 submitted ->  56 through MediaPipe ->  41 kept  (  8.3s wall,   5.6s perception)
             'Do you do this month?'
W0000 00:00:1787357718.569491   19077 face_landmarker_graph.cc:174] Sets FaceBlendshapesGraph acceleration to xnnpack by default.
W0000 00:00:1787357718.594926   19084 face_landmarker_graph.cc:174] Sets FaceBlendshapesGraph acceleration to xnnpack by default.

--- ByT5 stage breakdown ---
  checkpoint_load :    0.0s
  to_device+eval  :    0.0s
  generate        :    3.5s

--- Stage timing breakdown ---
  video_read          :    0.0s
  mediapipe_landmarks :    0.0s
  mediapipe_overlapped:    4.7s  (overlapped with capture, not on the critical path)
  hand_crop           :    0.0s
  dinov2_hands        :    0.0s
  face_crop           :    0.0s
  dinov2_face         :    0.0s
  dinov2_overlapped   :    2.6s  (overlapped with capture, not on the critical path)
  pose_features       :    0.0s
  byt5_inference      :    3.5s
  total               :    3.5s
  enqueue     41 submitted ->  41 through MediaPipe ->  41 kept  (  9.5s wall,   4.7s perception)
             '&gt;&gt; What does this moment mean to you?'

eval_set_openasl/clips/wH3lJm0Typ0_08.mp4: 51 frames at stride 2, head padded with 15
W0000 00:00:1787357728.274702   19133 face_landmarker_graph.cc:174] Sets FaceBlendshapesGraph acceleration to xnnpack by default.
W0000 00:00:1787357728.333554   19140 face_landmarker_graph.cc:174] Sets FaceBlendshapesGraph acceleration to xnnpack by default.

--- ByT5 stage breakdown ---
  checkpoint_load :    0.0s
  to_device+eval  :    0.0s
  generate        :    2.8s

--- Stage timing breakdown ---
  video_read          :    0.0s
  mediapipe_landmarks :    0.0s
  mediapipe_overlapped:    7.4s  (overlapped with capture, not on the critical path)
  hand_crop           :    0.0s
  dinov2_hands        :    0.0s
  face_crop           :    0.0s
  dinov2_face         :    0.0s
  dinov2_overlapped   :    4.4s  (overlapped with capture, not on the critical path)
  pose_features       :    0.0s
  byt5_inference      :    2.8s
  total               :    2.8s
  submitted   66 submitted ->  66 through MediaPipe ->  51 kept  ( 10.5s wall,   7.4s perception)
             "I'm Crystal Cousineau."
W0000 00:00:1787357738.956996   19184 face_landmarker_graph.cc:174] Sets FaceBlendshapesGraph acceleration to xnnpack by default.
W0000 00:00:1787357739.025686   19191 face_landmarker_graph.cc:174] Sets FaceBlendshapesGraph acceleration to xnnpack by default.

--- ByT5 stage breakdown ---
  checkpoint_load :    0.0s
  to_device+eval  :    0.0s
  generate        :    2.1s

--- Stage timing breakdown ---
  video_read          :    0.0s
  mediapipe_landmarks :    0.0s
  mediapipe_overlapped:    5.3s  (overlapped with capture, not on the critical path)
  hand_crop           :    0.0s
  dinov2_hands        :    0.0s
  face_crop           :    0.0s
  dinov2_face         :    0.0s
  dinov2_overlapped   :    3.6s  (overlapped with capture, not on the critical path)
  pose_features       :    0.0s
  byt5_inference      :    2.1s
  total               :    2.1s
  enqueue     51 submitted ->  51 through MediaPipe ->  51 kept  (  8.9s wall,   5.3s perception)
             "I'm Crystal Cousineau."

eval_set_openasl/clips/wH3lJm0Typ0_09.mp4: 132 frames at stride 2, head padded with 15
W0000 00:00:1787357748.290695   19245 face_landmarker_graph.cc:174] Sets FaceBlendshapesGraph acceleration to xnnpack by default.
W0000 00:00:1787357748.313085   19252 face_landmarker_graph.cc:174] Sets FaceBlendshapesGraph acceleration to xnnpack by default.

--- ByT5 stage breakdown ---
  checkpoint_load :    0.0s
  to_device+eval  :    0.0s
  generate        :    7.8s

--- Stage timing breakdown ---
  video_read          :    0.0s
  mediapipe_landmarks :    0.0s
  mediapipe_overlapped:   17.1s  (overlapped with capture, not on the critical path)
  hand_crop           :    0.0s
  dinov2_hands        :    0.0s
  face_crop           :    0.0s
  dinov2_face         :    0.0s
  dinov2_overlapped   :   10.8s  (overlapped with capture, not on the critical path)
  pose_features       :    0.0s
  byt5_inference      :    7.8s
  total               :    7.8s
  submitted  147 submitted -> 147 through MediaPipe -> 132 kept  ( 21.8s wall,  17.1s perception)
             "The president's office says he was three years old and he was three years old."
W0000 00:00:1787357770.313611   19296 face_landmarker_graph.cc:174] Sets FaceBlendshapesGraph acceleration to xnnpack by default.
W0000 00:00:1787357770.348332   19303 face_landmarker_graph.cc:174] Sets FaceBlendshapesGraph acceleration to xnnpack by default.

--- ByT5 stage breakdown ---
  checkpoint_load :    0.0s
  to_device+eval  :    0.0s
  generate        :    5.9s

--- Stage timing breakdown ---
  video_read          :    0.0s
  mediapipe_landmarks :    0.0s
  mediapipe_overlapped:   15.9s  (overlapped with capture, not on the critical path)
  hand_crop           :    0.0s
  dinov2_hands        :    0.0s
  face_crop           :    0.0s
  dinov2_face         :    0.0s
  dinov2_overlapped   :    9.1s  (overlapped with capture, not on the critical path)
  pose_features       :    0.0s
  byt5_inference      :    5.9s
  total               :    6.0s
  enqueue    132 submitted -> 132 through MediaPipe -> 132 kept  ( 18.6s wall,  15.9s perception)
             "The president's office says he was three years old and he was three years old."

eval_set_openasl/clips/fNT8a6e1gx8_02.mp4: 18 frames at stride 2, head padded with 15
W0000 00:00:1787357789.175150   19357 face_landmarker_graph.cc:174] Sets FaceBlendshapesGraph acceleration to xnnpack by default.
W0000 00:00:1787357789.230307   19364 face_landmarker_graph.cc:174] Sets FaceBlendshapesGraph acceleration to xnnpack by default.

--- ByT5 stage breakdown ---
  checkpoint_load :    0.0s
  to_device+eval  :    0.0s
  generate        :    2.9s

--- Stage timing breakdown ---
  video_read          :    0.0s
  mediapipe_landmarks :    0.0s
  mediapipe_overlapped:    5.6s  (overlapped with capture, not on the critical path)
  hand_crop           :    0.0s
  dinov2_hands        :    0.0s
  face_crop           :    0.0s
  dinov2_face         :    0.0s
  dinov2_overlapped   :    2.4s  (overlapped with capture, not on the critical path)
  pose_features       :    0.0s
  byt5_inference      :    2.9s
  total               :    2.9s
  submitted   33 submitted ->  33 through MediaPipe ->  18 kept  ( 10.4s wall,   5.6s perception)
             'This is the first one.'
W0000 00:00:1787357799.739774   19407 face_landmarker_graph.cc:174] Sets FaceBlendshapesGraph acceleration to xnnpack by default.
W0000 00:00:1787357799.795354   19414 face_landmarker_graph.cc:174] Sets FaceBlendshapesGraph acceleration to xnnpack by default.

--- ByT5 stage breakdown ---
  checkpoint_load :    0.0s
  to_device+eval  :    0.0s
  generate        :    2.5s

--- Stage timing breakdown ---
  video_read          :    0.0s
  mediapipe_landmarks :    0.0s
  mediapipe_overlapped:    2.7s  (overlapped with capture, not on the critical path)
  hand_crop           :    0.0s
  dinov2_hands        :    0.0s
  face_crop           :    0.0s
  dinov2_face         :    0.0s
  dinov2_overlapped   :    1.4s  (overlapped with capture, not on the critical path)
  pose_features       :    0.0s
  byt5_inference      :    2.5s
  total               :    2.5s
  enqueue     18 submitted ->  18 through MediaPipe ->  18 kept  (  6.7s wall,   2.7s perception)
             'David: Will you see that?'

eval_set_openasl/clips/fNT8a6e1gx8_03.mp4: 31 frames at stride 2, head padded with 15
W0000 00:00:1787357806.642955   19460 face_landmarker_graph.cc:174] Sets FaceBlendshapesGraph acceleration to xnnpack by default.
W0000 00:00:1787357806.695168   19467 face_landmarker_graph.cc:174] Sets FaceBlendshapesGraph acceleration to xnnpack by default.

--- ByT5 stage breakdown ---
  checkpoint_load :    0.0s
  to_device+eval  :    0.0s
  generate        :    4.1s

--- Stage timing breakdown ---
  video_read          :    0.0s
  mediapipe_landmarks :    0.0s
  mediapipe_overlapped:    6.1s  (overlapped with capture, not on the critical path)
  hand_crop           :    0.0s
  dinov2_hands        :    0.0s
  face_crop           :    0.0s
  dinov2_face         :    0.0s
  dinov2_overlapped   :    3.2s  (overlapped with capture, not on the critical path)
  pose_features       :    0.0s
  byt5_inference      :    4.2s
  total               :    4.2s
  submitted   46 submitted ->  46 through MediaPipe ->  31 kept  ( 11.7s wall,   6.1s perception)
             'Those who make mistakes learn from mistakes.'
W0000 00:00:1787357818.496685   19510 face_landmarker_graph.cc:174] Sets FaceBlendshapesGraph acceleration to xnnpack by default.
W0000 00:00:1787357818.561574   19517 face_landmarker_graph.cc:174] Sets FaceBlendshapesGraph acceleration to xnnpack by default.

--- ByT5 stage breakdown ---
  checkpoint_load :    0.0s
  to_device+eval  :    0.0s
  generate        :    3.5s

--- Stage timing breakdown ---
  video_read          :    0.0s
  mediapipe_landmarks :    0.0s
  mediapipe_overlapped:    4.3s  (overlapped with capture, not on the critical path)
  hand_crop           :    0.0s
  dinov2_hands        :    0.0s
  face_crop           :    0.0s
  dinov2_face         :    0.0s
  dinov2_overlapped   :    2.0s  (overlapped with capture, not on the critical path)
  pose_features       :    0.0s
  byt5_inference      :    3.6s
  total               :    3.6s
  enqueue     31 submitted ->  31 through MediaPipe ->  31 kept  (  9.7s wall,   4.3s perception)
             'When you make mistakes, you learn from mistakes.'

eval_set_openasl/clips/fNT8a6e1gx8_05.mp4: 21 frames at stride 2, head padded with 15
W0000 00:00:1787357828.467417   19570 face_landmarker_graph.cc:174] Sets FaceBlendshapesGraph acceleration to xnnpack by default.
W0000 00:00:1787357828.544799   19577 face_landmarker_graph.cc:174] Sets FaceBlendshapesGraph acceleration to xnnpack by default.

--- ByT5 stage breakdown ---
  checkpoint_load :    0.0s
  to_device+eval  :    0.0s
  generate        :    4.1s

--- Stage timing breakdown ---
  video_read          :    0.0s
  mediapipe_landmarks :    0.0s
  mediapipe_overlapped:    5.7s  (overlapped with capture, not on the critical path)
  hand_crop           :    0.0s
  dinov2_hands        :    0.0s
  face_crop           :    0.0s
  dinov2_face         :    0.0s
  dinov2_overlapped   :    2.1s  (overlapped with capture, not on the critical path)
  pose_features       :    0.0s
  byt5_inference      :    4.1s
  total               :    4.1s
  submitted   36 submitted ->  36 through MediaPipe ->  21 kept  ( 11.1s wall,   5.7s perception)
             "It's one of the most important things to know about."
W0000 00:00:1787357839.692623   19620 face_landmarker_graph.cc:174] Sets FaceBlendshapesGraph acceleration to xnnpack by default.
W0000 00:00:1787357839.749739   19627 face_landmarker_graph.cc:174] Sets FaceBlendshapesGraph acceleration to xnnpack by default.

--- ByT5 stage breakdown ---
  checkpoint_load :    0.0s
  to_device+eval  :    0.0s
  generate        :    4.5s

--- Stage timing breakdown ---
  video_read          :    0.0s
  mediapipe_landmarks :    0.0s
  mediapipe_overlapped:    3.3s  (overlapped with capture, not on the critical path)
  hand_crop           :    0.0s
  dinov2_hands        :    0.0s
  face_crop           :    0.0s
  dinov2_face         :    0.0s
  dinov2_overlapped   :    1.4s  (overlapped with capture, not on the critical path)
  pose_features       :    0.0s
  byt5_inference      :    4.5s
  total               :    4.5s
  enqueue     21 submitted ->  21 through MediaPipe ->  21 kept  (  9.3s wall,   3.3s perception)
             "It's one of the most important things to know about."

eval_set_openasl/clips/fNT8a6e1gx8_06.mp4: 42 frames at stride 2, head padded with 15
W0000 00:00:1787357849.274168   19682 face_landmarker_graph.cc:174] Sets FaceBlendshapesGraph acceleration to xnnpack by default.
W0000 00:00:1787357849.325692   19689 face_landmarker_graph.cc:174] Sets FaceBlendshapesGraph acceleration to xnnpack by default.

--- ByT5 stage breakdown ---
  checkpoint_load :    0.0s
  to_device+eval  :    0.0s
  generate        :    8.1s

--- Stage timing breakdown ---
  video_read          :    0.0s
  mediapipe_landmarks :    0.0s
  mediapipe_overlapped:    7.1s  (overlapped with capture, not on the critical path)
  hand_crop           :    0.0s
  dinov2_hands        :    0.0s
  face_crop           :    0.0s
  dinov2_face         :    0.0s
  dinov2_overlapped   :    3.4s  (overlapped with capture, not on the critical path)
  pose_features       :    0.0s
  byt5_inference      :    8.1s
  total               :    8.1s
  submitted   57 submitted ->  57 through MediaPipe ->  42 kept  ( 15.9s wall,   7.1s perception)
             "I feel that 10,000 students have asked me if I can go to the school for the deaf's four times."
W0000 00:00:1787357865.269513   19733 face_landmarker_graph.cc:174] Sets FaceBlendshapesGraph acceleration to xnnpack by default.
W0000 00:00:1787357865.321961   19740 face_landmarker_graph.cc:174] Sets FaceBlendshapesGraph acceleration to xnnpack by default.

--- ByT5 stage breakdown ---
  checkpoint_load :    0.0s
  to_device+eval  :    0.0s
  generate        :    3.4s

--- Stage timing breakdown ---
  video_read          :    0.0s
  mediapipe_landmarks :    0.0s
  mediapipe_overlapped:    5.5s  (overlapped with capture, not on the critical path)
  hand_crop           :    0.0s
  dinov2_hands        :    0.0s
  face_crop           :    0.0s
  dinov2_face         :    0.0s
  dinov2_overlapped   :    2.7s  (overlapped with capture, not on the critical path)
  pose_features       :    0.0s
  byt5_inference      :    3.4s
  total               :    3.4s
  enqueue     42 submitted ->  42 through MediaPipe ->  42 kept  ( 10.3s wall,   5.5s perception)
             'Tend to ask your students to graduate.'

eval_set_openasl/clips/fNT8a6e1gx8_07.mp4: 21 frames at stride 2, head padded with 15
W0000 00:00:1787357875.781182   19794 face_landmarker_graph.cc:174] Sets FaceBlendshapesGraph acceleration to xnnpack by default.
W0000 00:00:1787357875.806204   19801 face_landmarker_graph.cc:174] Sets FaceBlendshapesGraph acceleration to xnnpack by default.

--- ByT5 stage breakdown ---
  checkpoint_load :    0.0s
  to_device+eval  :    0.0s
  generate        :    2.2s

--- Stage timing breakdown ---
  video_read          :    0.0s
  mediapipe_landmarks :    0.0s
  mediapipe_overlapped:    4.3s  (overlapped with capture, not on the critical path)
  hand_crop           :    0.0s
  dinov2_hands        :    0.0s
  face_crop           :    0.0s
  dinov2_face         :    0.0s
  dinov2_overlapped   :    2.5s  (overlapped with capture, not on the critical path)
  pose_features       :    0.0s
  byt5_inference      :    2.2s
  total               :    2.3s
  submitted   36 submitted ->  36 through MediaPipe ->  21 kept  (  8.5s wall,   4.3s perception)
             'My name is Marine Lewis.'
W0000 00:00:1787357884.356222   19849 face_landmarker_graph.cc:174] Sets FaceBlendshapesGraph acceleration to xnnpack by default.
W0000 00:00:1787357884.381479   19856 face_landmarker_graph.cc:174] Sets FaceBlendshapesGraph acceleration to xnnpack by default.

--- ByT5 stage breakdown ---
  checkpoint_load :    0.0s
  to_device+eval  :    0.0s
  generate        :    2.4s

--- Stage timing breakdown ---
  video_read          :    0.0s
  mediapipe_landmarks :    0.0s
  mediapipe_overlapped:    2.8s  (overlapped with capture, not on the critical path)
  hand_crop           :    0.0s
  dinov2_hands        :    0.0s
  face_crop           :    0.0s
  dinov2_face         :    0.0s
  dinov2_overlapped   :    1.4s  (overlapped with capture, not on the critical path)
  pose_features       :    0.0s
  byt5_inference      :    2.4s
  total               :    2.4s
  enqueue     21 submitted ->  21 through MediaPipe ->  21 kept  (  6.7s wall,   2.8s perception)
             'My name is Andrew Marindy.'

eval_set_openasl/clips/fNT8a6e1gx8_08.mp4: 54 frames at stride 2, head padded with 15
W0000 00:00:1787357891.363997   19902 face_landmarker_graph.cc:174] Sets FaceBlendshapesGraph acceleration to xnnpack by default.
W0000 00:00:1787357891.442318   19909 face_landmarker_graph.cc:174] Sets FaceBlendshapesGraph acceleration to xnnpack by default.

--- ByT5 stage breakdown ---
  checkpoint_load :    0.0s
  to_device+eval  :    0.0s
  generate        :    4.7s

--- Stage timing breakdown ---
  video_read          :    0.0s
  mediapipe_landmarks :    0.0s
  mediapipe_overlapped:    6.8s  (overlapped with capture, not on the critical path)
  hand_crop           :    0.0s
  dinov2_hands        :    0.0s
  face_crop           :    0.0s
  dinov2_face         :    0.0s
  dinov2_overlapped   :    4.8s  (overlapped with capture, not on the critical path)
  pose_features       :    0.0s
  byt5_inference      :    4.7s
  total               :    4.7s
  submitted   69 submitted ->  69 through MediaPipe ->  54 kept  ( 12.4s wall,   6.8s perception)
             "It's just about our problems with expressing ourselves."
W0000 00:00:1787357903.951966   19952 face_landmarker_graph.cc:174] Sets FaceBlendshapesGraph acceleration to xnnpack by default.
W0000 00:00:1787357904.017945   19959 face_landmarker_graph.cc:174] Sets FaceBlendshapesGraph acceleration to xnnpack by default.

--- ByT5 stage breakdown ---
  checkpoint_load :    0.0s
  to_device+eval  :    0.0s
  generate        :    5.0s

--- Stage timing breakdown ---
  video_read          :    0.0s
  mediapipe_landmarks :    0.0s
  mediapipe_overlapped:    5.7s  (overlapped with capture, not on the critical path)
  hand_crop           :    0.0s
  dinov2_hands        :    0.0s
  face_crop           :    0.0s
  dinov2_face         :    0.0s
  dinov2_overlapped   :    3.8s  (overlapped with capture, not on the critical path)
  pose_features       :    0.0s
  byt5_inference      :    5.0s
  total               :    5.0s
  enqueue     54 submitted ->  54 through MediaPipe ->  54 kept  ( 12.0s wall,   5.7s perception)
             "It's just that we have problems with expressing ourselves."

eval_set_openasl/clips/jsOSzFyx8RA_01.mp4: 80 frames at stride 2, head padded with 15
W0000 00:00:1787357916.332998   20010 face_landmarker_graph.cc:174] Sets FaceBlendshapesGraph acceleration to xnnpack by default.
W0000 00:00:1787357916.358801   20017 face_landmarker_graph.cc:174] Sets FaceBlendshapesGraph acceleration to xnnpack by default.

--- ByT5 stage breakdown ---
  checkpoint_load :    0.0s
  to_device+eval  :    0.0s
  generate        :    4.8s

--- Stage timing breakdown ---
  video_read          :    0.0s
  mediapipe_landmarks :    0.0s
  mediapipe_overlapped:   12.1s  (overlapped with capture, not on the critical path)
  hand_crop           :    0.0s
  dinov2_hands        :    0.0s
  face_crop           :    0.0s
  dinov2_face         :    0.0s
  dinov2_overlapped   :    6.3s  (overlapped with capture, not on the critical path)
  pose_features       :    0.0s
  byt5_inference      :    4.8s
  total               :    4.8s
  submitted   95 submitted ->  95 through MediaPipe ->  80 kept  ( 15.4s wall,  12.1s perception)
             'Many of us, including myself, are all episodes.'
W0000 00:00:1787357931.912538   20065 face_landmarker_graph.cc:174] Sets FaceBlendshapesGraph acceleration to xnnpack by default.
W0000 00:00:1787357931.966247   20072 face_landmarker_graph.cc:174] Sets FaceBlendshapesGraph acceleration to xnnpack by default.

--- ByT5 stage breakdown ---
  checkpoint_load :    0.0s
  to_device+eval  :    0.0s
  generate        :    4.7s

--- Stage timing breakdown ---
  video_read          :    0.0s
  mediapipe_landmarks :    0.0s
  mediapipe_overlapped:    9.5s  (overlapped with capture, not on the critical path)
  hand_crop           :    0.0s
  dinov2_hands        :    0.0s
  face_crop           :    0.0s
  dinov2_face         :    0.0s
  dinov2_overlapped   :    5.3s  (overlapped with capture, not on the critical path)
  pose_features       :    0.0s
  byt5_inference      :    4.7s
  total               :    4.7s
  enqueue     80 submitted ->  80 through MediaPipe ->  80 kept  ( 14.0s wall,   9.5s perception)
             'Many of us, including ourselves, range from all episodes.'

eval_set_openasl/clips/jsOSzFyx8RA_02.mp4: 160 frames at stride 2, head padded with 15
W0000 00:00:1787357946.382740   20121 face_landmarker_graph.cc:174] Sets FaceBlendshapesGraph acceleration to xnnpack by default.
W0000 00:00:1787357946.447839   20128 face_landmarker_graph.cc:174] Sets FaceBlendshapesGraph acceleration to xnnpack by default.

--- ByT5 stage breakdown ---
  checkpoint_load :    0.0s
  to_device+eval  :    0.0s
  generate        :    9.6s

--- Stage timing breakdown ---
  video_read          :    0.0s
  mediapipe_landmarks :    0.0s
  mediapipe_overlapped:   20.5s  (overlapped with capture, not on the critical path)
  hand_crop           :    0.0s
  dinov2_hands        :    0.0s
  face_crop           :    0.0s
  dinov2_face         :    0.0s
  dinov2_overlapped   :   12.9s  (overlapped with capture, not on the critical path)
  pose_features       :    0.0s
  byt5_inference      :    9.6s
  total               :    9.6s
  submitted  175 submitted -> 175 through MediaPipe -> 160 kept  ( 26.6s wall,  20.5s perception)
             'I feel that this is a really good way to show the broader mainstream community that Deaf people are really as normal.'
W0000 00:00:1787357973.177694   20176 face_landmarker_graph.cc:174] Sets FaceBlendshapesGraph acceleration to xnnpack by default.
W0000 00:00:1787357973.238411   20183 face_landmarker_graph.cc:174] Sets FaceBlendshapesGraph acceleration to xnnpack by default.

--- ByT5 stage breakdown ---
  checkpoint_load :    0.0s
  to_device+eval  :    0.0s
  generate        :    9.4s

--- Stage timing breakdown ---
  video_read          :    0.0s
  mediapipe_landmarks :    0.0s
  mediapipe_overlapped:   18.0s  (overlapped with capture, not on the critical path)
  hand_crop           :    0.0s
  dinov2_hands        :    0.0s
  face_crop           :    0.0s
  dinov2_face         :    0.0s
  dinov2_overlapped   :   13.9s  (overlapped with capture, not on the critical path)
  pose_features       :    0.0s
  byt5_inference      :    9.4s
  total               :    9.5s
  enqueue    160 submitted -> 160 through MediaPipe -> 160 kept  ( 26.9s wall,  18.0s perception)
             'I feel that this is a really good way to show the broader mainstreaming that Deaf people are really as normal.'

eval_set_openasl/clips/jsOSzFyx8RA_03.mp4: 191 frames at stride 2, head padded with 15
W0000 00:00:1787358000.701146   20232 face_landmarker_graph.cc:174] Sets FaceBlendshapesGraph acceleration to xnnpack by default.
W0000 00:00:1787358000.769075   20239 face_landmarker_graph.cc:174] Sets FaceBlendshapesGraph acceleration to xnnpack by default.

--- ByT5 stage breakdown ---
  checkpoint_load :    0.0s
  to_device+eval  :    0.0s
  generate        :   15.8s

--- Stage timing breakdown ---
  video_read          :    0.0s
  mediapipe_landmarks :    0.0s
  mediapipe_overlapped:   22.4s  (overlapped with capture, not on the critical path)
  hand_crop           :    0.0s
  dinov2_hands        :    0.0s
  face_crop           :    0.0s
  dinov2_face         :    0.0s
  dinov2_overlapped   :   15.5s  (overlapped with capture, not on the critical path)
  pose_features       :    0.0s
  byt5_inference      :   15.9s
  total               :   15.9s
  submitted  206 submitted -> 206 through MediaPipe -> 191 kept  ( 34.8s wall,  22.4s perception)
             "Or the show isn't much about the audiological experience, but about who you are as a person and how you through savingstories throughout life, photography, as a Deaf person, as well."
W0000 00:00:1787358035.684626   20287 face_landmarker_graph.cc:174] Sets FaceBlendshapesGraph acceleration to xnnpack by default.
W0000 00:00:1787358035.744730   20294 face_landmarker_graph.cc:174] Sets FaceBlendshapesGraph acceleration to xnnpack by default.

--- ByT5 stage breakdown ---
  checkpoint_load :    0.0s
  to_device+eval  :    0.0s
  generate        :   15.0s

--- Stage timing breakdown ---
  video_read          :    0.0s
  mediapipe_landmarks :    0.0s
  mediapipe_overlapped:   21.0s  (overlapped with capture, not on the critical path)
  hand_crop           :    0.0s
  dinov2_hands        :    0.0s
  face_crop           :    0.0s
  dinov2_face         :    0.0s
  dinov2_overlapped   :   14.7s  (overlapped with capture, not on the critical path)
  pose_features       :    0.0s
  byt5_inference      :   15.1s
  total               :   15.1s
  enqueue    191 submitted -> 191 through MediaPipe -> 191 kept  ( 33.1s wall,  21.0s perception)
             "Or the show isn't a lot about the experience, but it's about who you are as a person and how you through surveillance through life, the photography, too."

eval_set_openasl/clips/jsOSzFyx8RA_04.mp4: 56 frames at stride 2, head padded with 15
W0000 00:00:1787358069.083087   20349 face_landmarker_graph.cc:174] Sets FaceBlendshapesGraph acceleration to xnnpack by default.
W0000 00:00:1787358069.111965   20356 face_landmarker_graph.cc:174] Sets FaceBlendshapesGraph acceleration to xnnpack by default.

--- ByT5 stage breakdown ---
  checkpoint_load :    0.0s
  to_device+eval  :    0.0s
  generate        :    2.2s

--- Stage timing breakdown ---
  video_read          :    0.0s
  mediapipe_landmarks :    0.0s
  mediapipe_overlapped:    7.7s  (overlapped with capture, not on the critical path)
  hand_crop           :    0.0s
  dinov2_hands        :    0.0s
  face_crop           :    0.0s
  dinov2_face         :    0.0s
  dinov2_overlapped   :    4.9s  (overlapped with capture, not on the critical path)
  pose_features       :    0.0s
  byt5_inference      :    2.2s
  total               :    2.2s
  submitted   71 submitted ->  71 through MediaPipe ->  56 kept  ( 10.6s wall,   7.7s perception)
             "You're honestly growing."
W0000 00:00:1787358079.898474   20399 face_landmarker_graph.cc:174] Sets FaceBlendshapesGraph acceleration to xnnpack by default.
W0000 00:00:1787358079.956260   20406 face_landmarker_graph.cc:174] Sets FaceBlendshapesGraph acceleration to xnnpack by default.

--- ByT5 stage breakdown ---
  checkpoint_load :    0.0s
  to_device+eval  :    0.0s
  generate        :    5.3s

--- Stage timing breakdown ---
  video_read          :    0.0s
  mediapipe_landmarks :    0.0s
  mediapipe_overlapped:    6.0s  (overlapped with capture, not on the critical path)
  hand_crop           :    0.0s
  dinov2_hands        :    0.0s
  face_crop           :    0.0s
  dinov2_face         :    0.0s
  dinov2_overlapped   :    4.2s  (overlapped with capture, not on the critical path)
  pose_features       :    0.0s
  byt5_inference      :    5.3s
  total               :    5.4s
  enqueue     56 submitted ->  56 through MediaPipe ->  56 kept  ( 13.0s wall,   6.0s perception)
             'Honestly, we have a lot of honesty and authenticity and our remaining.'

eval_set_openasl/clips/jsOSzFyx8RA_05.mp4: 109 frames at stride 2, head padded with 15
W0000 00:00:1787358093.261476   20455 face_landmarker_graph.cc:174] Sets FaceBlendshapesGraph acceleration to xnnpack by default.
W0000 00:00:1787358093.328394   20462 face_landmarker_graph.cc:174] Sets FaceBlendshapesGraph acceleration to xnnpack by default.

--- ByT5 stage breakdown ---
  checkpoint_load :    0.0s
  to_device+eval  :    0.0s
  generate        :    6.9s

--- Stage timing breakdown ---
  video_read          :    0.0s
  mediapipe_landmarks :    0.0s
  mediapipe_overlapped:   13.0s  (overlapped with capture, not on the critical path)
  hand_crop           :    0.0s
  dinov2_hands        :    0.0s
  face_crop           :    0.0s
  dinov2_face         :    0.0s
  dinov2_overlapped   :    8.8s  (overlapped with capture, not on the critical path)
  pose_features       :    0.0s
  byt5_inference      :    6.9s
  total               :    7.0s
  submitted  124 submitted -> 124 through MediaPipe -> 109 kept  ( 19.1s wall,  13.0s perception)
             'When I was three years old, student athletes for the Information Center were helping me.'
W0000 00:00:1787358112.571885   20505 face_landmarker_graph.cc:174] Sets FaceBlendshapesGraph acceleration to xnnpack by default.
W0000 00:00:1787358112.630234   20512 face_landmarker_graph.cc:174] Sets FaceBlendshapesGraph acceleration to xnnpack by default.

--- ByT5 stage breakdown ---
  checkpoint_load :    0.0s
  to_device+eval  :    0.0s
  generate        :    6.7s

--- Stage timing breakdown ---
  video_read          :    0.0s
  mediapipe_landmarks :    0.0s
  mediapipe_overlapped:   10.6s  (overlapped with capture, not on the critical path)
  hand_crop           :    0.0s
  dinov2_hands        :    0.0s
  face_crop           :    0.0s
  dinov2_face         :    0.0s
  dinov2_overlapped   :    7.9s  (overlapped with capture, not on the critical path)
  pose_features       :    0.0s
  byt5_inference      :    6.7s
  total               :    6.7s
  enqueue    109 submitted -> 109 through MediaPipe -> 109 kept  ( 17.8s wall,  10.6s perception)
             'When I was 10 years old, student athletes for the same team were helping me.'

eval_set_openasl/clips/jsOSzFyx8RA_06.mp4: 38 frames at stride 2, head padded with 15
W0000 00:00:1787358130.594192   20566 face_landmarker_graph.cc:174] Sets FaceBlendshapesGraph acceleration to xnnpack by default.
W0000 00:00:1787358130.654989   20573 face_landmarker_graph.cc:174] Sets FaceBlendshapesGraph acceleration to xnnpack by default.

--- ByT5 stage breakdown ---
  checkpoint_load :    0.0s
  to_device+eval  :    0.0s
  generate        :    4.7s

--- Stage timing breakdown ---
  video_read          :    0.0s
  mediapipe_landmarks :    0.0s
  mediapipe_overlapped:    6.2s  (overlapped with capture, not on the critical path)
  hand_crop           :    0.0s
  dinov2_hands        :    0.0s
  face_crop           :    0.0s
  dinov2_face         :    0.0s
  dinov2_overlapped   :    3.6s  (overlapped with capture, not on the critical path)
  pose_features       :    0.0s
  byt5_inference      :    4.7s
  total               :    4.7s
  submitted   53 submitted ->  53 through MediaPipe ->  38 kept  ( 11.7s wall,   6.2s perception)
             'We will show that this human experience is possible.'
W0000 00:00:1787358142.499263   20617 face_landmarker_graph.cc:174] Sets FaceBlendshapesGraph acceleration to xnnpack by default.
W0000 00:00:1787358142.560722   20624 face_landmarker_graph.cc:174] Sets FaceBlendshapesGraph acceleration to xnnpack by default.

--- ByT5 stage breakdown ---
  checkpoint_load :    0.0s
  to_device+eval  :    0.0s
  generate        :    5.1s

--- Stage timing breakdown ---
  video_read          :    0.0s
  mediapipe_landmarks :    0.0s
  mediapipe_overlapped:    4.8s  (overlapped with capture, not on the critical path)
  hand_crop           :    0.0s
  dinov2_hands        :    0.0s
  face_crop           :    0.0s
  dinov2_face         :    0.0s
  dinov2_overlapped   :    2.8s  (overlapped with capture, not on the critical path)
  pose_features       :    0.0s
  byt5_inference      :    5.1s
  total               :    5.1s
  enqueue     38 submitted ->  38 through MediaPipe ->  38 kept  ( 11.8s wall,   4.8s perception)
             "I'm going to show that this human experience is possible."

eval_set_openasl/clips/jsOSzFyx8RA_07.mp4: 73 frames at stride 2, head padded with 15
W0000 00:00:1787358154.554946   20683 face_landmarker_graph.cc:174] Sets FaceBlendshapesGraph acceleration to xnnpack by default.
W0000 00:00:1787358154.604091   20690 face_landmarker_graph.cc:174] Sets FaceBlendshapesGraph acceleration to xnnpack by default.

--- ByT5 stage breakdown ---
  checkpoint_load :    0.0s
  to_device+eval  :    0.0s
  generate        :    7.7s

--- Stage timing breakdown ---
  video_read          :    0.0s
  mediapipe_landmarks :    0.0s
  mediapipe_overlapped:    9.0s  (overlapped with capture, not on the critical path)
  hand_crop           :    0.0s
  dinov2_hands        :    0.0s
  face_crop           :    0.0s
  dinov2_face         :    0.0s
  dinov2_overlapped   :    5.9s  (overlapped with capture, not on the critical path)
  pose_features       :    0.0s
  byt5_inference      :    7.7s
  total               :    7.7s
  submitted   88 submitted ->  88 through MediaPipe ->  73 kept  ( 16.9s wall,   9.0s perception)
             "I might suggest some that you don't enjoy it, some don't enjoy it, but I'm thankful for it!"
W0000 00:00:1787358171.625848   20733 face_landmarker_graph.cc:174] Sets FaceBlendshapesGraph acceleration to xnnpack by default.
W0000 00:00:1787358171.697341   20740 face_landmarker_graph.cc:174] Sets FaceBlendshapesGraph acceleration to xnnpack by default.

--- ByT5 stage breakdown ---
  checkpoint_load :    0.0s
  to_device+eval  :    0.0s
  generate        :    7.2s

--- Stage timing breakdown ---
  video_read          :    0.0s
  mediapipe_landmarks :    0.0s
  mediapipe_overlapped:    8.2s  (overlapped with capture, not on the critical path)
  hand_crop           :    0.0s
  dinov2_hands        :    0.0s
  face_crop           :    0.0s
  dinov2_face         :    0.0s
  dinov2_overlapped   :    4.8s  (overlapped with capture, not on the critical path)
  pose_features       :    0.0s
  byt5_inference      :    7.2s
  total               :    7.2s
  enqueue     73 submitted ->  73 through MediaPipe ->  73 kept  ( 15.6s wall,   8.2s perception)
             "I might suggest some that you don't enjoy it, some would enjoy it, but I'm thankful for that."

eval_set_openasl/clips/jsOSzFyx8RA_08.mp4: 21 frames at stride 2, head padded with 15
W0000 00:00:1787358187.464931   20789 face_landmarker_graph.cc:174] Sets FaceBlendshapesGraph acceleration to xnnpack by default.
W0000 00:00:1787358187.527119   20796 face_landmarker_graph.cc:174] Sets FaceBlendshapesGraph acceleration to xnnpack by default.

--- ByT5 stage breakdown ---
  checkpoint_load :    0.0s
  to_device+eval  :    0.0s
  generate        :    2.0s

--- Stage timing breakdown ---
  video_read          :    0.0s
  mediapipe_landmarks :    0.0s
  mediapipe_overlapped:    5.9s  (overlapped with capture, not on the critical path)
  hand_crop           :    0.0s
  dinov2_hands        :    0.0s
  face_crop           :    0.0s
  dinov2_face         :    0.0s
  dinov2_overlapped   :    2.6s  (overlapped with capture, not on the critical path)
  pose_features       :    0.0s
  byt5_inference      :    2.0s
  total               :    2.0s
  submitted   36 submitted ->  36 through MediaPipe ->  21 kept  (  9.6s wall,   5.9s perception)
             "It's a funny history."
W0000 00:00:1787358197.257232   20839 face_landmarker_graph.cc:174] Sets FaceBlendshapesGraph acceleration to xnnpack by default.
W0000 00:00:1787358197.314638   20846 face_landmarker_graph.cc:174] Sets FaceBlendshapesGraph acceleration to xnnpack by default.

--- ByT5 stage breakdown ---
  checkpoint_load :    0.0s
  to_device+eval  :    0.0s
  generate        :    2.1s

--- Stage timing breakdown ---
  video_read          :    0.0s
  mediapipe_landmarks :    0.0s
  mediapipe_overlapped:    3.1s  (overlapped with capture, not on the critical path)
  hand_crop           :    0.0s
  dinov2_hands        :    0.0s
  face_crop           :    0.0s
  dinov2_face         :    0.0s
  dinov2_overlapped   :    1.5s  (overlapped with capture, not on the critical path)
  pose_features       :    0.0s
  byt5_inference      :    2.1s
  total               :    2.1s
  enqueue     21 submitted ->  21 through MediaPipe ->  21 kept  (  6.7s wall,   3.1s perception)
             "It's a funny setting."

eval_set_openasl/clips/u919vf-yghQ_01.mp4: 237 frames at stride 2, head padded with 15
W0000 00:00:1787358204.585899   20897 face_landmarker_graph.cc:174] Sets FaceBlendshapesGraph acceleration to xnnpack by default.
W0000 00:00:1787358204.645469   20904 face_landmarker_graph.cc:174] Sets FaceBlendshapesGraph acceleration to xnnpack by default.

--- ByT5 stage breakdown ---
  checkpoint_load :    0.0s
  to_device+eval  :    0.0s
  generate        :   25.3s

--- Stage timing breakdown ---
  video_read          :    0.0s
  mediapipe_landmarks :    0.0s
  mediapipe_overlapped:   28.3s  (overlapped with capture, not on the critical path)
  hand_crop           :    0.0s
  dinov2_hands        :    0.0s
  face_crop           :    0.0s
  dinov2_face         :    0.0s
  dinov2_overlapped   :   19.1s  (overlapped with capture, not on the critical path)
  pose_features       :    0.0s
  byt5_inference      :   25.4s
  total               :   25.5s
  submitted  252 submitted -> 252 through MediaPipe -> 237 kept  ( 48.0s wall,  28.3s perception)
             "Trump himself has tweeted a response to that article and told him that he has great news for the Republican Party and told Amazon that he wouldn't make nominations again in Michigan because he doesn't want to have a challenger for himself as a House Representative."
W0000 00:00:1787358252.743190   20952 face_landmarker_graph.cc:174] Sets FaceBlendshapesGraph acceleration to xnnpack by default.
W0000 00:00:1787358252.809061   20959 face_landmarker_graph.cc:174] Sets FaceBlendshapesGraph acceleration to xnnpack by default.

--- ByT5 stage breakdown ---
  checkpoint_load :    0.0s
  to_device+eval  :    0.0s
  generate        :   24.5s

--- Stage timing breakdown ---
  video_read          :    0.0s
  mediapipe_landmarks :    0.0s
  mediapipe_overlapped:   27.4s  (overlapped with capture, not on the critical path)
  hand_crop           :    0.0s
  dinov2_hands        :    0.0s
  face_crop           :    0.0s
  dinov2_face         :    0.0s
  dinov2_overlapped   :   18.5s  (overlapped with capture, not on the critical path)
  pose_features       :    0.0s
  byt5_inference      :   24.6s
  total               :   24.6s
  enqueue    237 submitted -> 237 through MediaPipe -> 237 kept  ( 47.1s wall,  27.4s perception)
             "Trump himself has tweeted a response to that article and told him that this is great news for the Democratic Party and that Amash knows that he won't get the right to go back in Michigan because he wants to be a man or a challenger for his role as a House Representative."

eval_set_openasl/clips/u919vf-yghQ_02.mp4: 305 frames at stride 2, head padded with 15
W0000 00:00:1787358300.707792   21013 face_landmarker_graph.cc:174] Sets FaceBlendshapesGraph acceleration to xnnpack by default.
W0000 00:00:1787358300.786134   21020 face_landmarker_graph.cc:174] Sets FaceBlendshapesGraph acceleration to xnnpack by default.

--- ByT5 stage breakdown ---
  checkpoint_load :    0.0s
  to_device+eval  :    0.0s
  generate        :   41.1s

--- Stage timing breakdown ---
  video_read          :    0.0s
  mediapipe_landmarks :    0.0s
  mediapipe_overlapped:   34.7s  (overlapped with capture, not on the critical path)
  hand_crop           :    0.0s
  dinov2_hands        :    0.0s
  face_crop           :    0.0s
  dinov2_face         :    0.0s
  dinov2_overlapped   :   24.1s  (overlapped with capture, not on the critical path)
  pose_features       :    0.1s
  byt5_inference      :   41.2s
  total               :   41.2s
  submitted  320 submitted -> 320 through MediaPipe -> 305 kept  ( 68.6s wall,  34.7s perception)
             'Amash said growing up in the past few years that he has always been a Republican, but he has noticed that he became more disappointed and fearful by those who tend to be a party radiologist, Democrat, Democrat, and mentioned that most Americans have never been a professional, but also mentioned that Deaf Americans have never been a professional in the past few years, that Deaf Americans have been in the party system.'
W0000 00:00:1787358369.560756   21068 face_landmarker_graph.cc:174] Sets FaceBlendshapesGraph acceleration to xnnpack by default.
W0000 00:00:1787358369.596042   21075 face_landmarker_graph.cc:174] Sets FaceBlendshapesGraph acceleration to xnnpack by default.

--- ByT5 stage breakdown ---
  checkpoint_load :    0.0s
  to_device+eval  :    0.0s
  generate        :   58.7s

--- Stage timing breakdown ---
  video_read          :    0.0s
  mediapipe_landmarks :    0.0s
  mediapipe_overlapped:   33.7s  (overlapped with capture, not on the critical path)
  hand_crop           :    0.0s
  dinov2_hands        :    0.0s
  face_crop           :    0.0s
  dinov2_face         :    0.0s
  dinov2_overlapped   :   23.8s  (overlapped with capture, not on the critical path)
  pose_features       :    0.1s
  byt5_inference      :   58.8s
  total               :   58.9s
  enqueue    305 submitted -> 305 through MediaPipe -> 305 kept  ( 86.1s wall,  33.7s perception)
             'Amash said growing up always been a Republican, but he has noticed that in the past few years, he has been more disappointed and he became more disappointed by being a party or a politician and a Democrat, he said that most Americans were not a professional, and also mentioned that most Americans were not a professional, but he also mentioned that Americans were not a professional, but that he also mentioned that Americans were not a professional, and that he went to two parties that were not a party system.'

eval_set_openasl/clips/u919vf-yghQ_03.mp4: 137 frames at stride 2, head padded with 15
W0000 00:00:1787358456.195849   21140 face_landmarker_graph.cc:174] Sets FaceBlendshapesGraph acceleration to xnnpack by default.
W0000 00:00:1787358456.262024   21147 face_landmarker_graph.cc:174] Sets FaceBlendshapesGraph acceleration to xnnpack by default.

--- ByT5 stage breakdown ---
  checkpoint_load :    0.0s
  to_device+eval  :    0.0s
  generate        :   10.4s

--- Stage timing breakdown ---
  video_read          :    0.0s
  mediapipe_landmarks :    0.0s
  mediapipe_overlapped:   17.7s  (overlapped with capture, not on the critical path)
  hand_crop           :    0.0s
  dinov2_hands        :    0.0s
  face_crop           :    0.0s
  dinov2_face         :    0.0s
  dinov2_overlapped   :   10.4s  (overlapped with capture, not on the critical path)
  pose_features       :    0.0s
  byt5_inference      :   10.5s
  total               :   10.5s
  submitted  152 submitted -> 152 through MediaPipe -> 137 kept  ( 25.3s wall,  17.7s perception)
             'This is an update on the White House currently promoting the citizenship question that we want to add on the 2020 census.'
W0000 00:00:1787358481.652846   21195 face_landmarker_graph.cc:174] Sets FaceBlendshapesGraph acceleration to xnnpack by default.
W0000 00:00:1787358481.708076   21202 face_landmarker_graph.cc:174] Sets FaceBlendshapesGraph acceleration to xnnpack by default.

--- ByT5 stage breakdown ---
  checkpoint_load :    0.0s
  to_device+eval  :    0.0s
  generate        :   12.7s

--- Stage timing breakdown ---
  video_read          :    0.0s
  mediapipe_landmarks :    0.0s
  mediapipe_overlapped:   16.1s  (overlapped with capture, not on the critical path)
  hand_crop           :    0.0s
  dinov2_hands        :    0.0s
  face_crop           :    0.0s
  dinov2_face         :    0.0s
  dinov2_overlapped   :    9.9s  (overlapped with capture, not on the critical path)
  pose_features       :    0.0s
  byt5_inference      :   12.8s
  total               :   12.8s
  enqueue    137 submitted -> 137 through MediaPipe -> 137 kept  ( 26.8s wall,  16.1s perception)
             'Currently, the current plate is on its own White House and is promoting that we want to add a citizenship question to the 2020 Census medical form.'

eval_set_openasl/clips/u919vf-yghQ_04.mp4: 48 frames at stride 2, head padded with 15
W0000 00:00:1787358508.755375   21257 face_landmarker_graph.cc:174] Sets FaceBlendshapesGraph acceleration to xnnpack by default.
W0000 00:00:1787358508.827994   21264 face_landmarker_graph.cc:174] Sets FaceBlendshapesGraph acceleration to xnnpack by default.

--- ByT5 stage breakdown ---
  checkpoint_load :    0.0s
  to_device+eval  :    0.0s
  generate        :    5.3s

--- Stage timing breakdown ---
  video_read          :    0.0s
  mediapipe_landmarks :    0.0s
  mediapipe_overlapped:    6.6s  (overlapped with capture, not on the critical path)
  hand_crop           :    0.0s
  dinov2_hands        :    0.0s
  face_crop           :    0.0s
  dinov2_face         :    0.0s
  dinov2_overlapped   :    4.5s  (overlapped with capture, not on the critical path)
  pose_features       :    0.0s
  byt5_inference      :    5.3s
  total               :    5.3s
  submitted   63 submitted ->  63 through MediaPipe ->  48 kept  ( 12.7s wall,   6.6s perception)
             "It is afraid that China's justice system violates the flooding."
W0000 00:00:1787358521.615676   21307 face_landmarker_graph.cc:174] Sets FaceBlendshapesGraph acceleration to xnnpack by default.
W0000 00:00:1787358521.699165   21314 face_landmarker_graph.cc:174] Sets FaceBlendshapesGraph acceleration to xnnpack by default.

--- ByT5 stage breakdown ---
  checkpoint_load :    0.0s
  to_device+eval  :    0.0s
  generate        :    5.2s

--- Stage timing breakdown ---
  video_read          :    0.0s
  mediapipe_landmarks :    0.0s
  mediapipe_overlapped:    5.5s  (overlapped with capture, not on the critical path)
  hand_crop           :    0.0s
  dinov2_hands        :    0.0s
  face_crop           :    0.0s
  dinov2_face         :    0.0s
  dinov2_overlapped   :    3.2s  (overlapped with capture, not on the critical path)
  pose_features       :    0.0s
  byt5_inference      :    5.2s
  total               :    5.2s
  enqueue     48 submitted ->  48 through MediaPipe ->  48 kept  ( 11.9s wall,   5.5s perception)
             "It is afraid that China's justice system violates the flooding."

eval_set_openasl/clips/u919vf-yghQ_05.mp4: 26 frames at stride 2, head padded with 15
W0000 00:00:1787358533.809673   21363 face_landmarker_graph.cc:174] Sets FaceBlendshapesGraph acceleration to xnnpack by default.
W0000 00:00:1787358533.836834   21370 face_landmarker_graph.cc:174] Sets FaceBlendshapesGraph acceleration to xnnpack by default.

--- ByT5 stage breakdown ---
  checkpoint_load :    0.0s
  to_device+eval  :    0.0s
  generate        :    2.3s

--- Stage timing breakdown ---
  video_read          :    0.0s
  mediapipe_landmarks :    0.0s
  mediapipe_overlapped:    5.4s  (overlapped with capture, not on the critical path)
  hand_crop           :    0.0s
  dinov2_hands        :    0.0s
  face_crop           :    0.0s
  dinov2_face         :    0.0s
  dinov2_overlapped   :    2.8s  (overlapped with capture, not on the critical path)
  pose_features       :    0.0s
  byt5_inference      :    2.3s
  total               :    2.3s
  submitted   41 submitted ->  41 through MediaPipe ->  26 kept  (  9.0s wall,   5.4s perception)
             'We look forward to it.'
W0000 00:00:1787358542.913992   21413 face_landmarker_graph.cc:174] Sets FaceBlendshapesGraph acceleration to xnnpack by default.
W0000 00:00:1787358542.987987   21420 face_landmarker_graph.cc:174] Sets FaceBlendshapesGraph acceleration to xnnpack by default.

--- ByT5 stage breakdown ---
  checkpoint_load :    0.0s
  to_device+eval  :    0.0s
  generate        :    2.9s

--- Stage timing breakdown ---
  video_read          :    0.0s
  mediapipe_landmarks :    0.0s
  mediapipe_overlapped:    3.2s  (overlapped with capture, not on the critical path)
  hand_crop           :    0.0s
  dinov2_hands        :    0.0s
  face_crop           :    0.0s
  dinov2_face         :    0.0s
  dinov2_overlapped   :    1.9s  (overlapped with capture, not on the critical path)
  pose_features       :    0.0s
  byt5_inference      :    2.9s
  total               :    2.9s
  enqueue     26 submitted ->  26 through MediaPipe ->  26 kept  (  8.0s wall,   3.2s perception)
             'We look forward to staying here.'

eval_set_openasl/clips/u919vf-yghQ_06.mp4: 59 frames at stride 2, head padded with 15
W0000 00:00:1787358551.214789   21466 face_landmarker_graph.cc:174] Sets FaceBlendshapesGraph acceleration to xnnpack by default.
W0000 00:00:1787358551.270769   21473 face_landmarker_graph.cc:174] Sets FaceBlendshapesGraph acceleration to xnnpack by default.

--- ByT5 stage breakdown ---
  checkpoint_load :    0.0s
  to_device+eval  :    0.0s
  generate        :    4.4s

--- Stage timing breakdown ---
  video_read          :    0.0s
  mediapipe_landmarks :    0.0s
  mediapipe_overlapped:    7.1s  (overlapped with capture, not on the critical path)
  hand_crop           :    0.0s
  dinov2_hands        :    0.0s
  face_crop           :    0.0s
  dinov2_face         :    0.0s
  dinov2_overlapped   :    5.1s  (overlapped with capture, not on the critical path)
  pose_features       :    0.0s
  byt5_inference      :    4.4s
  total               :    4.4s
  submitted   74 submitted ->  74 through MediaPipe ->  59 kept  ( 12.4s wall,   7.1s perception)
             "How does this bill impact deaf people's lives if it passes?"
W0000 00:00:1787358563.779731   21516 face_landmarker_graph.cc:174] Sets FaceBlendshapesGraph acceleration to xnnpack by default.
W0000 00:00:1787358563.840655   21523 face_landmarker_graph.cc:174] Sets FaceBlendshapesGraph acceleration to xnnpack by default.

--- ByT5 stage breakdown ---
  checkpoint_load :    0.0s
  to_device+eval  :    0.0s
  generate        :    4.9s

--- Stage timing breakdown ---
  video_read          :    0.0s
  mediapipe_landmarks :    0.0s
  mediapipe_overlapped:    6.5s  (overlapped with capture, not on the critical path)
  hand_crop           :    0.0s
  dinov2_hands        :    0.0s
  face_crop           :    0.0s
  dinov2_face         :    0.0s
  dinov2_overlapped   :    3.7s  (overlapped with capture, not on the critical path)
  pose_features       :    0.0s
  byt5_inference      :    4.9s
  total               :    4.9s
  enqueue     59 submitted ->  59 through MediaPipe ->  59 kept  ( 12.0s wall,   6.5s perception)
             "How will this bill impact deaf people's lives if it passes?"

eval_set_openasl/clips/u919vf-yghQ_07.mp4: 73 frames at stride 2, head padded with 15
W0000 00:00:1787358576.116420   21577 face_landmarker_graph.cc:174] Sets FaceBlendshapesGraph acceleration to xnnpack by default.
W0000 00:00:1787358576.176148   21584 face_landmarker_graph.cc:174] Sets FaceBlendshapesGraph acceleration to xnnpack by default.

--- ByT5 stage breakdown ---
  checkpoint_load :    0.0s
  to_device+eval  :    0.0s
  generate        :    4.5s

--- Stage timing breakdown ---
  video_read          :    0.0s
  mediapipe_landmarks :    0.0s
  mediapipe_overlapped:   10.4s  (overlapped with capture, not on the critical path)
  hand_crop           :    0.0s
  dinov2_hands        :    0.0s
  face_crop           :    0.0s
  dinov2_face         :    0.0s
  dinov2_overlapped   :    5.6s  (overlapped with capture, not on the critical path)
  pose_features       :    0.0s
  byt5_inference      :    4.6s
  total               :    4.6s
  submitted   88 submitted ->  88 through MediaPipe ->  73 kept  ( 14.3s wall,  10.4s perception)
             "That's why the economy has been related to Hong Kong."
W0000 00:00:1787358590.564236   21627 face_landmarker_graph.cc:174] Sets FaceBlendshapesGraph acceleration to xnnpack by default.
W0000 00:00:1787358590.627312   21634 face_landmarker_graph.cc:174] Sets FaceBlendshapesGraph acceleration to xnnpack by default.

--- ByT5 stage breakdown ---
  checkpoint_load :    0.0s
  to_device+eval  :    0.0s
  generate        :    5.3s

--- Stage timing breakdown ---
  video_read          :    0.0s
  mediapipe_landmarks :    0.0s
  mediapipe_overlapped:    8.2s  (overlapped with capture, not on the critical path)
  hand_crop           :    0.0s
  dinov2_hands        :    0.0s
  face_crop           :    0.0s
  dinov2_face         :    0.0s
  dinov2_overlapped   :    5.0s  (overlapped with capture, not on the critical path)
  pose_features       :    0.0s
  byt5_inference      :    5.3s
  total               :    5.3s
  enqueue     73 submitted ->  73 through MediaPipe ->  73 kept  ( 13.7s wall,   8.2s perception)
             'And that s why we need evidence to connect here to Hong Kong.'

eval_set_openasl/clips/D9HR4q0vbwE_01.mp4: 70 frames at stride 2, head padded with 15
W0000 00:00:1787358604.539994   21690 face_landmarker_graph.cc:174] Sets FaceBlendshapesGraph acceleration to xnnpack by default.
W0000 00:00:1787358604.592254   21697 face_landmarker_graph.cc:174] Sets FaceBlendshapesGraph acceleration to xnnpack by default.

--- ByT5 stage breakdown ---
  checkpoint_load :    0.0s
  to_device+eval  :    0.0s
  generate        :   10.4s

--- Stage timing breakdown ---
  video_read          :    0.0s
  mediapipe_landmarks :    0.0s
  mediapipe_overlapped:    9.7s  (overlapped with capture, not on the critical path)
  hand_crop           :    0.0s
  dinov2_hands        :    0.0s
  face_crop           :    0.0s
  dinov2_face         :    0.0s
  dinov2_overlapped   :    5.7s  (overlapped with capture, not on the critical path)
  pose_features       :    0.0s
  byt5_inference      :   10.4s
  total               :   10.4s
  submitted   85 submitted ->  85 through MediaPipe ->  70 kept  ( 19.7s wall,   9.7s perception)
             'The Presidential Schools Program is a program that provides Secretary of Schools for the Deaf (USA).'
W0000 00:00:1787358624.397222   21741 face_landmarker_graph.cc:174] Sets FaceBlendshapesGraph acceleration to xnnpack by default.
W0000 00:00:1787358624.465190   21748 face_landmarker_graph.cc:174] Sets FaceBlendshapesGraph acceleration to xnnpack by default.

--- ByT5 stage breakdown ---
  checkpoint_load :    0.0s
  to_device+eval  :    0.0s
  generate        :    9.6s

--- Stage timing breakdown ---
  video_read          :    0.0s
  mediapipe_landmarks :    0.0s
  mediapipe_overlapped:    7.4s  (overlapped with capture, not on the critical path)
  hand_crop           :    0.0s
  dinov2_hands        :    0.0s
  face_crop           :    0.0s
  dinov2_face         :    0.0s
  dinov2_overlapped   :    4.7s  (overlapped with capture, not on the critical path)
  pose_features       :    0.0s
  byt5_inference      :    9.6s
  total               :    9.7s
  enqueue     70 submitted ->  70 through MediaPipe ->  70 kept  ( 17.5s wall,   7.4s perception)
             'The Presidential Scholars Program (PSA) is a program that invites Secretary of School for the Deaf (WSA).'

eval_set_openasl/clips/D9HR4q0vbwE_02.mp4: 18 frames at stride 2, head padded with 15
W0000 00:00:1787358642.158735   21798 face_landmarker_graph.cc:174] Sets FaceBlendshapesGraph acceleration to xnnpack by default.
W0000 00:00:1787358642.221146   21805 face_landmarker_graph.cc:174] Sets FaceBlendshapesGraph acceleration to xnnpack by default.

--- ByT5 stage breakdown ---
  checkpoint_load :    0.0s
  to_device+eval  :    0.0s
  generate        :    1.3s

--- Stage timing breakdown ---
  video_read          :    0.0s
  mediapipe_landmarks :    0.0s
  mediapipe_overlapped:    5.3s  (overlapped with capture, not on the critical path)
  hand_crop           :    0.0s
  dinov2_hands        :    0.0s
  face_crop           :    0.0s
  dinov2_face         :    0.0s
  dinov2_overlapped   :    2.1s  (overlapped with capture, not on the critical path)
  pose_features       :    0.0s
  byt5_inference      :    1.3s
  total               :    1.4s
  submitted   33 submitted ->  33 through MediaPipe ->  18 kept  (  8.4s wall,   5.3s perception)
             'Thank you!'
W0000 00:00:1787358650.682423   21848 face_landmarker_graph.cc:174] Sets FaceBlendshapesGraph acceleration to xnnpack by default.
W0000 00:00:1787358650.746494   21855 face_landmarker_graph.cc:174] Sets FaceBlendshapesGraph acceleration to xnnpack by default.

--- ByT5 stage breakdown ---
  checkpoint_load :    0.0s
  to_device+eval  :    0.0s
  generate        :    1.9s

--- Stage timing breakdown ---
  video_read          :    0.0s
  mediapipe_landmarks :    0.0s
  mediapipe_overlapped:    2.5s  (overlapped with capture, not on the critical path)
  hand_crop           :    0.0s
  dinov2_hands        :    0.0s
  face_crop           :    0.0s
  dinov2_face         :    0.0s
  dinov2_overlapped   :    1.3s  (overlapped with capture, not on the critical path)
  pose_features       :    0.0s
  byt5_inference      :    1.9s
  total               :    1.9s
  enqueue     18 submitted ->  18 through MediaPipe ->  18 kept  (  5.7s wall,   2.5s perception)
             'Thank you!'

eval_set_openasl/clips/D9HR4q0vbwE_03.mp4: 39 frames at stride 2, head padded with 15
W0000 00:00:1787358656.637663   21901 face_landmarker_graph.cc:174] Sets FaceBlendshapesGraph acceleration to xnnpack by default.
W0000 00:00:1787358656.688321   21908 face_landmarker_graph.cc:174] Sets FaceBlendshapesGraph acceleration to xnnpack by default.

--- ByT5 stage breakdown ---
  checkpoint_load :    0.0s
  to_device+eval  :    0.0s
  generate        :    3.6s

--- Stage timing breakdown ---
  video_read          :    0.0s
  mediapipe_landmarks :    0.0s
  mediapipe_overlapped:    8.0s  (overlapped with capture, not on the critical path)
  hand_crop           :    0.0s
  dinov2_hands        :    0.0s
  face_crop           :    0.0s
  dinov2_face         :    0.0s
  dinov2_overlapped   :    3.1s  (overlapped with capture, not on the critical path)
  pose_features       :    0.0s
  byt5_inference      :    3.7s
  total               :    3.7s
  submitted   54 submitted ->  54 through MediaPipe ->  39 kept  ( 11.5s wall,   8.0s perception)
             "I'm going to show you how to do it."
W0000 00:00:1787358668.254647   21956 face_landmarker_graph.cc:174] Sets FaceBlendshapesGraph acceleration to xnnpack by default.
W0000 00:00:1787358668.330346   21963 face_landmarker_graph.cc:174] Sets FaceBlendshapesGraph acceleration to xnnpack by default.

--- ByT5 stage breakdown ---
  checkpoint_load :    0.0s
  to_device+eval  :    0.0s
  generate        :    7.0s

--- Stage timing breakdown ---
  video_read          :    0.0s
  mediapipe_landmarks :    0.0s
  mediapipe_overlapped:    5.9s  (overlapped with capture, not on the critical path)
  hand_crop           :    0.0s
  dinov2_hands        :    0.0s
  face_crop           :    0.0s
  dinov2_face         :    0.0s
  dinov2_overlapped   :    2.7s  (overlapped with capture, not on the critical path)
  pose_features       :    0.0s
  byt5_inference      :    7.0s
  total               :    7.0s
  enqueue     39 submitted ->  39 through MediaPipe ->  39 kept  ( 14.5s wall,   5.9s perception)
             'I would think what can I do to direct, how can I improve as an artist. How would I direct?'

eval_set_openasl/clips/D9HR4q0vbwE_05.mp4: 25 frames at stride 2, head padded with 15
W0000 00:00:1787358683.024461   22012 face_landmarker_graph.cc:174] Sets FaceBlendshapesGraph acceleration to xnnpack by default.
W0000 00:00:1787358683.100319   22019 face_landmarker_graph.cc:174] Sets FaceBlendshapesGraph acceleration to xnnpack by default.

--- ByT5 stage breakdown ---
  checkpoint_load :    0.0s
  to_device+eval  :    0.0s
  generate        :    1.8s

--- Stage timing breakdown ---
  video_read          :    0.0s
  mediapipe_landmarks :    0.0s
  mediapipe_overlapped:    4.9s  (overlapped with capture, not on the critical path)
  hand_crop           :    0.0s
  dinov2_hands        :    0.0s
  face_crop           :    0.0s
  dinov2_face         :    0.0s
  dinov2_overlapped   :    2.7s  (overlapped with capture, not on the critical path)
  pose_features       :    0.0s
  byt5_inference      :    1.8s
  total               :    1.8s
  submitted   40 submitted ->  40 through MediaPipe ->  25 kept  (  8.4s wall,   4.9s perception)
             'Thank you!'
W0000 00:00:1787358691.569669   22067 face_landmarker_graph.cc:174] Sets FaceBlendshapesGraph acceleration to xnnpack by default.
W0000 00:00:1787358691.625253   22074 face_landmarker_graph.cc:174] Sets FaceBlendshapesGraph acceleration to xnnpack by default.

--- ByT5 stage breakdown ---
  checkpoint_load :    0.0s
  to_device+eval  :    0.0s
  generate        :    1.8s

--- Stage timing breakdown ---
  video_read          :    0.0s
  mediapipe_landmarks :    0.0s
  mediapipe_overlapped:    3.6s  (overlapped with capture, not on the critical path)
  hand_crop           :    0.0s
  dinov2_hands        :    0.0s
  face_crop           :    0.0s
  dinov2_face         :    0.0s
  dinov2_overlapped   :    1.6s  (overlapped with capture, not on the critical path)
  pose_features       :    0.0s
  byt5_inference      :    1.9s
  total               :    1.9s
  enqueue     25 submitted ->  25 through MediaPipe ->  25 kept  (  7.1s wall,   3.6s perception)
             'How are you doing?'

eval_set_openasl/clips/D9HR4q0vbwE_06.mp4: 62 frames at stride 2, head padded with 15
W0000 00:00:1787358698.942352   22120 face_landmarker_graph.cc:174] Sets FaceBlendshapesGraph acceleration to xnnpack by default.
W0000 00:00:1787358698.993696   22127 face_landmarker_graph.cc:174] Sets FaceBlendshapesGraph acceleration to xnnpack by default.

--- ByT5 stage breakdown ---
  checkpoint_load :    0.0s
  to_device+eval  :    0.0s
  generate        :    3.9s

--- Stage timing breakdown ---
  video_read          :    0.0s
  mediapipe_landmarks :    0.0s
  mediapipe_overlapped:    9.3s  (overlapped with capture, not on the critical path)
  hand_crop           :    0.0s
  dinov2_hands        :    0.0s
  face_crop           :    0.0s
  dinov2_face         :    0.0s
  dinov2_overlapped   :    5.2s  (overlapped with capture, not on the critical path)
  pose_features       :    0.0s
  byt5_inference      :    3.9s
  total               :    3.9s
  submitted   77 submitted ->  77 through MediaPipe ->  62 kept  ( 12.7s wall,   9.3s perception)
             'I wanted to say no, no, no, no, no, no, no, no, no.'
W0000 00:00:1787358711.799213   22170 face_landmarker_graph.cc:174] Sets FaceBlendshapesGraph acceleration to xnnpack by default.
W0000 00:00:1787358711.853020   22177 face_landmarker_graph.cc:174] Sets FaceBlendshapesGraph acceleration to xnnpack by default.

--- ByT5 stage breakdown ---
  checkpoint_load :    0.0s
  to_device+eval  :    0.0s
  generate        :    6.1s

--- Stage timing breakdown ---
  video_read          :    0.0s
  mediapipe_landmarks :    0.0s
  mediapipe_overlapped:    7.3s  (overlapped with capture, not on the critical path)
  hand_crop           :    0.0s
  dinov2_hands        :    0.0s
  face_crop           :    0.0s
  dinov2_face         :    0.0s
  dinov2_overlapped   :    3.6s  (overlapped with capture, not on the critical path)
  pose_features       :    0.0s
  byt5_inference      :    6.2s
  total               :    6.2s
  enqueue     62 submitted ->  62 through MediaPipe ->  62 kept  ( 13.3s wall,   7.3s perception)
             "I'm going to show you how to do it and now I'm going to show you how to do it, yes."

eval_set_openasl/clips/D9HR4q0vbwE_07.mp4: 55 frames at stride 2, head padded with 15
W0000 00:00:1787358725.374656   22226 face_landmarker_graph.cc:174] Sets FaceBlendshapesGraph acceleration to xnnpack by default.
W0000 00:00:1787358725.437791   22233 face_landmarker_graph.cc:174] Sets FaceBlendshapesGraph acceleration to xnnpack by default.

--- ByT5 stage breakdown ---
  checkpoint_load :    0.0s
  to_device+eval  :    0.0s
  generate        :    5.8s

--- Stage timing breakdown ---
  video_read          :    0.0s
  mediapipe_landmarks :    0.0s
  mediapipe_overlapped:    8.8s  (overlapped with capture, not on the critical path)
  hand_crop           :    0.0s
  dinov2_hands        :    0.0s
  face_crop           :    0.0s
  dinov2_face         :    0.0s
  dinov2_overlapped   :    4.6s  (overlapped with capture, not on the critical path)
  pose_features       :    0.0s
  byt5_inference      :    5.8s
  total               :    5.8s
  submitted   70 submitted ->  70 through MediaPipe ->  55 kept  ( 14.5s wall,   8.8s perception)
             'This is the first time you see the video of the music video of the music video.'
W0000 00:00:1787358740.034592   22283 face_landmarker_graph.cc:174] Sets FaceBlendshapesGraph acceleration to xnnpack by default.
W0000 00:00:1787358740.060154   22290 face_landmarker_graph.cc:174] Sets FaceBlendshapesGraph acceleration to xnnpack by default.

--- ByT5 stage breakdown ---
  checkpoint_load :    0.0s
  to_device+eval  :    0.0s
  generate        :    4.8s

--- Stage timing breakdown ---
  video_read          :    0.0s
  mediapipe_landmarks :    0.0s
  mediapipe_overlapped:    7.4s  (overlapped with capture, not on the critical path)
  hand_crop           :    0.0s
  dinov2_hands        :    0.0s
  face_crop           :    0.0s
  dinov2_face         :    0.0s
  dinov2_overlapped   :    3.7s  (overlapped with capture, not on the critical path)
  pose_features       :    0.0s
  byt5_inference      :    4.8s
  total               :    4.8s
  enqueue     55 submitted ->  55 through MediaPipe ->  55 kept  ( 12.7s wall,   7.4s perception)
             'Thank you for watching Sign1News live.'

eval_set_openasl/clips/I976oI3s1jQ_01.mp4: 84 frames at stride 2, head padded with 15
W0000 00:00:1787358753.111553   22349 face_landmarker_graph.cc:174] Sets FaceBlendshapesGraph acceleration to xnnpack by default.
W0000 00:00:1787358753.164814   22356 face_landmarker_graph.cc:174] Sets FaceBlendshapesGraph acceleration to xnnpack by default.

--- ByT5 stage breakdown ---
  checkpoint_load :    0.0s
  to_device+eval  :    0.0s
  generate        :    6.3s

--- Stage timing breakdown ---
  video_read          :    0.0s
  mediapipe_landmarks :    0.0s
  mediapipe_overlapped:   10.9s  (overlapped with capture, not on the critical path)
  hand_crop           :    0.0s
  dinov2_hands        :    0.0s
  face_crop           :    0.0s
  dinov2_face         :    0.0s
  dinov2_overlapped   :    6.9s  (overlapped with capture, not on the critical path)
  pose_features       :    0.0s
  byt5_inference      :    6.3s
  total               :    6.3s
  submitted   99 submitted ->  99 through MediaPipe ->  84 kept  ( 16.6s wall,  10.9s perception)
             "It's kind of a cold chill, I have to be patient, I think it's possible."
W0000 00:00:1787358769.895459   22401 face_landmarker_graph.cc:174] Sets FaceBlendshapesGraph acceleration to xnnpack by default.
W0000 00:00:1787358769.963887   22408 face_landmarker_graph.cc:174] Sets FaceBlendshapesGraph acceleration to xnnpack by default.

--- ByT5 stage breakdown ---
  checkpoint_load :    0.0s
  to_device+eval  :    0.0s
  generate        :    7.1s

--- Stage timing breakdown ---
  video_read          :    0.0s
  mediapipe_landmarks :    0.0s
  mediapipe_overlapped:    9.5s  (overlapped with capture, not on the critical path)
  hand_crop           :    0.0s
  dinov2_hands        :    0.0s
  face_crop           :    0.0s
  dinov2_face         :    0.0s
  dinov2_overlapped   :    5.9s  (overlapped with capture, not on the critical path)
  pose_features       :    0.0s
  byt5_inference      :    7.1s
  total               :    7.2s
  enqueue     84 submitted ->  84 through MediaPipe ->  84 kept  ( 16.5s wall,   9.5s perception)
             'My strategy on the chill was a little bit patient and I thought it would be perfect.'

eval_set_openasl/clips/I976oI3s1jQ_02.mp4: 162 frames at stride 2, head padded with 15
W0000 00:00:1787358786.910334   22462 face_landmarker_graph.cc:174] Sets FaceBlendshapesGraph acceleration to xnnpack by default.
W0000 00:00:1787358786.972088   22469 face_landmarker_graph.cc:174] Sets FaceBlendshapesGraph acceleration to xnnpack by default.

--- ByT5 stage breakdown ---
  checkpoint_load :    0.0s
  to_device+eval  :    0.0s
  generate        :   10.4s

--- Stage timing breakdown ---
  video_read          :    0.0s
  mediapipe_landmarks :    0.0s
  mediapipe_overlapped:   17.9s  (overlapped with capture, not on the critical path)
  hand_crop           :    0.0s
  dinov2_hands        :    0.0s
  face_crop           :    0.0s
  dinov2_face         :    0.0s
  dinov2_overlapped   :   13.1s  (overlapped with capture, not on the critical path)
  pose_features       :    0.0s
  byt5_inference      :   10.4s
  total               :   10.4s
  submitted  177 submitted -> 177 through MediaPipe -> 162 kept  ( 26.9s wall,  17.9s perception)
             'She said she was still working for two days after she had high fever and chills, but decided to stay home and recover.'
W0000 00:00:1787358813.942666   22512 face_landmarker_graph.cc:174] Sets FaceBlendshapesGraph acceleration to xnnpack by default.
W0000 00:00:1787358814.017564   22519 face_landmarker_graph.cc:174] Sets FaceBlendshapesGraph acceleration to xnnpack by default.

--- ByT5 stage breakdown ---
  checkpoint_load :    0.0s
  to_device+eval  :    0.0s
  generate        :    9.3s

--- Stage timing breakdown ---
  video_read          :    0.0s
  mediapipe_landmarks :    0.0s
  mediapipe_overlapped:   16.7s  (overlapped with capture, not on the critical path)
  hand_crop           :    0.0s
  dinov2_hands        :    0.0s
  face_crop           :    0.0s
  dinov2_face         :    0.0s
  dinov2_overlapped   :   11.4s  (overlapped with capture, not on the critical path)
  pose_features       :    0.0s
  byt5_inference      :    9.3s
  total               :    9.4s
  enqueue    162 submitted -> 162 through MediaPipe -> 162 kept  ( 24.3s wall,  16.7s perception)
             'She said she was still working for two days, but she had a high fever and chills and decided to stay home recovering.'

eval_set_openasl/clips/I976oI3s1jQ_03.mp4: 87 frames at stride 2, head padded with 15
W0000 00:00:1787358838.614794   22568 face_landmarker_graph.cc:174] Sets FaceBlendshapesGraph acceleration to xnnpack by default.
W0000 00:00:1787358838.641745   22575 face_landmarker_graph.cc:174] Sets FaceBlendshapesGraph acceleration to xnnpack by default.

--- ByT5 stage breakdown ---
  checkpoint_load :    0.0s
  to_device+eval  :    0.0s
  generate        :    4.6s

--- Stage timing breakdown ---
  video_read          :    0.0s
  mediapipe_landmarks :    0.0s
  mediapipe_overlapped:   11.7s  (overlapped with capture, not on the critical path)
  hand_crop           :    0.0s
  dinov2_hands        :    0.0s
  face_crop           :    0.0s
  dinov2_face         :    0.0s
  dinov2_overlapped   :    7.4s  (overlapped with capture, not on the critical path)
  pose_features       :    0.0s
  byt5_inference      :    4.6s
  total               :    4.6s
  submitted  102 submitted -> 102 through MediaPipe ->  87 kept  ( 15.6s wall,  11.7s perception)
             'I typically realized I needed to use my text message.'
W0000 00:00:1787358854.281731   22624 face_landmarker_graph.cc:174] Sets FaceBlendshapesGraph acceleration to xnnpack by default.
W0000 00:00:1787358854.346650   22631 face_landmarker_graph.cc:174] Sets FaceBlendshapesGraph acceleration to xnnpack by default.

--- ByT5 stage breakdown ---
  checkpoint_load :    0.0s
  to_device+eval  :    0.0s
  generate        :    7.1s

--- Stage timing breakdown ---
  video_read          :    0.0s
  mediapipe_landmarks :    0.0s
  mediapipe_overlapped:    9.6s  (overlapped with capture, not on the critical path)
  hand_crop           :    0.0s
  dinov2_hands        :    0.0s
  face_crop           :    0.0s
  dinov2_face         :    0.0s
  dinov2_overlapped   :    6.1s  (overlapped with capture, not on the critical path)
  pose_features       :    0.0s
  byt5_inference      :    7.2s
  total               :    7.2s
  enqueue     87 submitted ->  87 through MediaPipe ->  87 kept  ( 16.6s wall,   9.6s perception)
             'You know hearing people who wrote early calls and realized that I had to use my texts.'

eval_set_openasl/clips/I976oI3s1jQ_04.mp4: 21 frames at stride 2, head padded with 15
W0000 00:00:1787358871.131989   22680 face_landmarker_graph.cc:174] Sets FaceBlendshapesGraph acceleration to xnnpack by default.
W0000 00:00:1787358871.192403   22687 face_landmarker_graph.cc:174] Sets FaceBlendshapesGraph acceleration to xnnpack by default.

--- ByT5 stage breakdown ---
  checkpoint_load :    0.0s
  to_device+eval  :    0.0s
  generate        :    2.1s

--- Stage timing breakdown ---
  video_read          :    0.0s
  mediapipe_landmarks :    0.0s
  mediapipe_overlapped:    5.1s  (overlapped with capture, not on the critical path)
  hand_crop           :    0.0s
  dinov2_hands        :    0.0s
  face_crop           :    0.0s
  dinov2_face         :    0.0s
  dinov2_overlapped   :    2.1s  (overlapped with capture, not on the critical path)
  pose_features       :    0.0s
  byt5_inference      :    2.1s
  total               :    2.1s
  submitted   36 submitted ->  36 through MediaPipe ->  21 kept  (  8.7s wall,   5.1s perception)
             "I don't understand."
W0000 00:00:1787358879.980116   22736 face_landmarker_graph.cc:174] Sets FaceBlendshapesGraph acceleration to xnnpack by default.
W0000 00:00:1787358880.064265   22743 face_landmarker_graph.cc:174] Sets FaceBlendshapesGraph acceleration to xnnpack by default.

--- ByT5 stage breakdown ---
  checkpoint_load :    0.0s
  to_device+eval  :    0.0s
  generate        :    1.8s

--- Stage timing breakdown ---
  video_read          :    0.0s
  mediapipe_landmarks :    0.0s
  mediapipe_overlapped:    2.9s  (overlapped with capture, not on the critical path)
  hand_crop           :    0.0s
  dinov2_hands        :    0.0s
  face_crop           :    0.0s
  dinov2_face         :    0.0s
  dinov2_overlapped   :    1.4s  (overlapped with capture, not on the critical path)
  pose_features       :    0.0s
  byt5_inference      :    1.8s
  total               :    1.8s
  enqueue     21 submitted ->  21 through MediaPipe ->  21 kept  (  6.1s wall,   2.9s perception)
             'I understand.'

eval_set_openasl/clips/I976oI3s1jQ_05.mp4: 41 frames at stride 2, head padded with 15
W0000 00:00:1787358886.362312   22789 face_landmarker_graph.cc:174] Sets FaceBlendshapesGraph acceleration to xnnpack by default.
W0000 00:00:1787358886.416653   22796 face_landmarker_graph.cc:174] Sets FaceBlendshapesGraph acceleration to xnnpack by default.

--- ByT5 stage breakdown ---
  checkpoint_load :    0.0s
  to_device+eval  :    0.0s
  generate        :    5.0s

--- Stage timing breakdown ---
  video_read          :    0.0s
  mediapipe_landmarks :    0.0s
  mediapipe_overlapped:    6.8s  (overlapped with capture, not on the critical path)
  hand_crop           :    0.0s
  dinov2_hands        :    0.0s
  face_crop           :    0.0s
  dinov2_face         :    0.0s
  dinov2_overlapped   :    3.6s  (overlapped with capture, not on the critical path)
  pose_features       :    0.0s
  byt5_inference      :    5.1s
  total               :    5.1s
  submitted   56 submitted ->  56 through MediaPipe ->  41 kept  ( 12.7s wall,   6.8s perception)
             "I'm trying to make sure that everyone understands me."
W0000 00:00:1787358899.230410   22839 face_landmarker_graph.cc:174] Sets FaceBlendshapesGraph acceleration to xnnpack by default.
W0000 00:00:1787358899.290837   22846 face_landmarker_graph.cc:174] Sets FaceBlendshapesGraph acceleration to xnnpack by default.

--- ByT5 stage breakdown ---
  checkpoint_load :    0.0s
  to_device+eval  :    0.0s
  generate        :    4.3s

--- Stage timing breakdown ---
  video_read          :    0.0s
  mediapipe_landmarks :    0.0s
  mediapipe_overlapped:    5.0s  (overlapped with capture, not on the critical path)
  hand_crop           :    0.0s
  dinov2_hands        :    0.0s
  face_crop           :    0.0s
  dinov2_face         :    0.0s
  dinov2_overlapped   :    2.9s  (overlapped with capture, not on the critical path)
  pose_features       :    0.0s
  byt5_inference      :    4.3s
  total               :    4.3s
  enqueue     41 submitted ->  41 through MediaPipe ->  41 kept  ( 11.1s wall,   5.0s perception)
             'I want to make sure that everyone understands me.'

eval_set_openasl/clips/I976oI3s1jQ_06.mp4: 122 frames at stride 2, head padded with 15
W0000 00:00:1787358910.758338   22895 face_landmarker_graph.cc:174] Sets FaceBlendshapesGraph acceleration to xnnpack by default.
W0000 00:00:1787358910.811838   22902 face_landmarker_graph.cc:174] Sets FaceBlendshapesGraph acceleration to xnnpack by default.

--- ByT5 stage breakdown ---
  checkpoint_load :    0.0s
  to_device+eval  :    0.0s
  generate        :    7.0s

--- Stage timing breakdown ---
  video_read          :    0.0s
  mediapipe_landmarks :    0.0s
  mediapipe_overlapped:   15.8s  (overlapped with capture, not on the critical path)
  hand_crop           :    0.0s
  dinov2_hands        :    0.0s
  face_crop           :    0.0s
  dinov2_face         :    0.0s
  dinov2_overlapped   :   10.2s  (overlapped with capture, not on the critical path)
  pose_features       :    0.0s
  byt5_inference      :    7.1s
  total               :    7.1s
  submitted  137 submitted -> 137 through MediaPipe -> 122 kept  ( 21.2s wall,  15.8s perception)
             'His nose was very small and he resisted very deeply in the recent time and coughed.'
W0000 00:00:1787358932.091503   22945 face_landmarker_graph.cc:174] Sets FaceBlendshapesGraph acceleration to xnnpack by default.
W0000 00:00:1787358932.154842   22952 face_landmarker_graph.cc:174] Sets FaceBlendshapesGraph acceleration to xnnpack by default.

--- ByT5 stage breakdown ---
  checkpoint_load :    0.0s
  to_device+eval  :    0.0s
  generate        :    6.3s

--- Stage timing breakdown ---
  video_read          :    0.0s
  mediapipe_landmarks :    0.0s
  mediapipe_overlapped:   14.1s  (overlapped with capture, not on the critical path)
  hand_crop           :    0.0s
  dinov2_hands        :    0.0s
  face_crop           :    0.0s
  dinov2_face         :    0.0s
  dinov2_overlapped   :    9.2s  (overlapped with capture, not on the critical path)
  pose_features       :    0.0s
  byt5_inference      :    6.4s
  total               :    6.4s
  enqueue    122 submitted -> 122 through MediaPipe -> 122 kept  ( 19.0s wall,  14.1s perception)
             'His nose was very small and that he resisted very deeply in the air and coughed.'

eval_set_openasl/clips/I976oI3s1jQ_07.mp4: 270 frames at stride 2, head padded with 15
W0000 00:00:1787358951.795324   23006 face_landmarker_graph.cc:174] Sets FaceBlendshapesGraph acceleration to xnnpack by default.
W0000 00:00:1787358951.819032   23013 face_landmarker_graph.cc:174] Sets FaceBlendshapesGraph acceleration to xnnpack by default.

--- ByT5 stage breakdown ---
  checkpoint_load :    0.0s
  to_device+eval  :    0.0s
  generate        :   19.2s

--- Stage timing breakdown ---
  video_read          :    0.0s
  mediapipe_landmarks :    0.0s
  mediapipe_overlapped:   32.2s  (overlapped with capture, not on the critical path)
  hand_crop           :    0.0s
  dinov2_hands        :    0.0s
  face_crop           :    0.0s
  dinov2_face         :    0.0s
  dinov2_overlapped   :   21.6s  (overlapped with capture, not on the critical path)
  pose_features       :    0.1s
  byt5_inference      :   19.3s
  total               :   19.3s
  submitted  285 submitted -> 285 through MediaPipe -> 270 kept  ( 44.6s wall,  32.2s perception)
             'He encourages deaf people if you think you might have a virus and be sick to work with healthcare physicians to make sure they are willing to sit down and be patient with your communication needs and delay surgery.'
W0000 00:00:1787358996.617326   23061 face_landmarker_graph.cc:174] Sets FaceBlendshapesGraph acceleration to xnnpack by default.
W0000 00:00:1787358996.690929   23068 face_landmarker_graph.cc:174] Sets FaceBlendshapesGraph acceleration to xnnpack by default.

--- ByT5 stage breakdown ---
  checkpoint_load :    0.0s
  to_device+eval  :    0.0s
  generate        :   24.0s

--- Stage timing breakdown ---
  video_read          :    0.0s
  mediapipe_landmarks :    0.0s
  mediapipe_overlapped:   30.3s  (overlapped with capture, not on the critical path)
  hand_crop           :    0.0s
  dinov2_hands        :    0.0s
  face_crop           :    0.0s
  dinov2_face         :    0.0s
  dinov2_overlapped   :   20.5s  (overlapped with capture, not on the critical path)
  pose_features       :    0.1s
  byt5_inference      :   24.1s
  total               :   24.2s
  enqueue    270 submitted -> 270 through MediaPipe -> 270 kept  ( 48.7s wall,  30.3s perception)
             'He encouraged deaf people if you think you might have the virus and be sure to work with healthcare providers to make sure they are willing to sit down and be patient with your communication needs and delay communication.'

eval_set_openasl/clips/wPJ_InXF_I8_01.mp4: 30 frames at stride 2, head padded with 15
W0000 00:00:1787359045.597881   23128 face_landmarker_graph.cc:174] Sets FaceBlendshapesGraph acceleration to xnnpack by default.
W0000 00:00:1787359045.669346   23135 face_landmarker_graph.cc:174] Sets FaceBlendshapesGraph acceleration to xnnpack by default.

--- ByT5 stage breakdown ---
  checkpoint_load :    0.0s
  to_device+eval  :    0.0s
  generate        :    2.2s

--- Stage timing breakdown ---
  video_read          :    0.0s
  mediapipe_landmarks :    0.0s
  mediapipe_overlapped:    5.8s  (overlapped with capture, not on the critical path)
  hand_crop           :    0.0s
  dinov2_hands        :    0.0s
  face_crop           :    0.0s
  dinov2_face         :    0.0s
  dinov2_overlapped   :    3.4s  (overlapped with capture, not on the critical path)
  pose_features       :    0.0s
  byt5_inference      :    2.2s
  total               :    2.2s
  submitted   45 submitted ->  45 through MediaPipe ->  30 kept  (  9.6s wall,   5.8s perception)
             'Ready for the news?'
W0000 00:00:1787359055.342661   23183 face_landmarker_graph.cc:174] Sets FaceBlendshapesGraph acceleration to xnnpack by default.
W0000 00:00:1787359055.372846   23190 face_landmarker_graph.cc:174] Sets FaceBlendshapesGraph acceleration to xnnpack by default.

--- ByT5 stage breakdown ---
  checkpoint_load :    0.0s
  to_device+eval  :    0.0s
  generate        :    2.2s

--- Stage timing breakdown ---
  video_read          :    0.0s
  mediapipe_landmarks :    0.0s
  mediapipe_overlapped:    4.5s  (overlapped with capture, not on the critical path)
  hand_crop           :    0.0s
  dinov2_hands        :    0.0s
  face_crop           :    0.0s
  dinov2_face         :    0.0s
  dinov2_overlapped   :    2.0s  (overlapped with capture, not on the critical path)
  pose_features       :    0.0s
  byt5_inference      :    2.2s
  total               :    2.2s
  enqueue     30 submitted ->  30 through MediaPipe ->  30 kept  (  8.8s wall,   4.5s perception)
             'Ready for the news?'

eval_set_openasl/clips/wPJ_InXF_I8_02.mp4: 212 frames at stride 2, head padded with 15
W0000 00:00:1787359064.707192   23236 face_landmarker_graph.cc:174] Sets FaceBlendshapesGraph acceleration to xnnpack by default.
W0000 00:00:1787359064.769867   23243 face_landmarker_graph.cc:174] Sets FaceBlendshapesGraph acceleration to xnnpack by default.

--- ByT5 stage breakdown ---
  checkpoint_load :    0.0s
  to_device+eval  :    0.0s
  generate        :   11.8s

--- Stage timing breakdown ---
  video_read          :    0.0s
  mediapipe_landmarks :    0.0s
  mediapipe_overlapped:   24.1s  (overlapped with capture, not on the critical path)
  hand_crop           :    0.0s
  dinov2_hands        :    0.0s
  face_crop           :    0.0s
  dinov2_face         :    0.0s
  dinov2_overlapped   :   17.3s  (overlapped with capture, not on the critical path)
  pose_features       :    0.0s
  byt5_inference      :   11.9s
  total               :   11.9s
  submitted  227 submitted -> 227 through MediaPipe -> 212 kept  ( 32.7s wall,  24.1s perception)
             'The article also said Barack Obama would forgive the declaration of support for him, but Biden said he asked Obama to not endorse him.'
W0000 00:00:1787359097.638417   23286 face_landmarker_graph.cc:174] Sets FaceBlendshapesGraph acceleration to xnnpack by default.
W0000 00:00:1787359097.706005   23293 face_landmarker_graph.cc:174] Sets FaceBlendshapesGraph acceleration to xnnpack by default.

--- ByT5 stage breakdown ---
  checkpoint_load :    0.0s
  to_device+eval  :    0.0s
  generate        :    8.6s

--- Stage timing breakdown ---
  video_read          :    0.0s
  mediapipe_landmarks :    0.0s
  mediapipe_overlapped:   22.5s  (overlapped with capture, not on the critical path)
  hand_crop           :    0.0s
  dinov2_hands        :    0.0s
  face_crop           :    0.0s
  dinov2_face         :    0.0s
  dinov2_overlapped   :   15.7s  (overlapped with capture, not on the critical path)
  pose_features       :    0.0s
  byt5_inference      :    8.6s
  total               :    8.7s
  enqueue    212 submitted -> 212 through MediaPipe -> 212 kept  ( 28.0s wall,  22.5s perception)
             'AP also said Barack Obama has declared to endorse him, but Biden said he asked Obama to not endorse him.'

eval_set_openasl/clips/wPJ_InXF_I8_03.mp4: 64 frames at stride 2, head padded with 15
W0000 00:00:1787359125.975050   23347 face_landmarker_graph.cc:174] Sets FaceBlendshapesGraph acceleration to xnnpack by default.
W0000 00:00:1787359126.042506   23354 face_landmarker_graph.cc:174] Sets FaceBlendshapesGraph acceleration to xnnpack by default.

--- ByT5 stage breakdown ---
  checkpoint_load :    0.0s
  to_device+eval  :    0.0s
  generate        :    5.1s

--- Stage timing breakdown ---
  video_read          :    0.0s
  mediapipe_landmarks :    0.0s
  mediapipe_overlapped:    8.1s  (overlapped with capture, not on the critical path)
  hand_crop           :    0.0s
  dinov2_hands        :    0.0s
  face_crop           :    0.0s
  dinov2_face         :    0.0s
  dinov2_overlapped   :    5.3s  (overlapped with capture, not on the critical path)
  pose_features       :    0.0s
  byt5_inference      :    5.1s
  total               :    5.1s
  submitted   79 submitted ->  79 through MediaPipe ->  64 kept  ( 13.5s wall,   8.1s perception)
             'The filter is now unknown, but for how long it will take.'
W0000 00:00:1787359139.668486   23397 face_landmarker_graph.cc:174] Sets FaceBlendshapesGraph acceleration to xnnpack by default.
W0000 00:00:1787359139.735779   23404 face_landmarker_graph.cc:174] Sets FaceBlendshapesGraph acceleration to xnnpack by default.

--- ByT5 stage breakdown ---
  checkpoint_load :    0.0s
  to_device+eval  :    0.0s
  generate        :    4.8s

--- Stage timing breakdown ---
  video_read          :    0.0s
  mediapipe_landmarks :    0.0s
  mediapipe_overlapped:    7.3s  (overlapped with capture, not on the critical path)
  hand_crop           :    0.0s
  dinov2_hands        :    0.0s
  face_crop           :    0.0s
  dinov2_face         :    0.0s
  dinov2_overlapped   :    4.6s  (overlapped with capture, not on the critical path)
  pose_features       :    0.0s
  byt5_inference      :    4.8s
  total               :    4.8s
  enqueue     64 submitted ->  64 through MediaPipe ->  64 kept  ( 12.5s wall,   7.3s perception)
             'The filter is now unknown for how long it will take.'

eval_set_openasl/clips/wPJ_InXF_I8_04.mp4: 34 frames at stride 2, head padded with 15
W0000 00:00:1787359152.452401   23458 face_landmarker_graph.cc:174] Sets FaceBlendshapesGraph acceleration to xnnpack by default.
W0000 00:00:1787359152.519544   23465 face_landmarker_graph.cc:174] Sets FaceBlendshapesGraph acceleration to xnnpack by default.

--- ByT5 stage breakdown ---
  checkpoint_load :    0.0s
  to_device+eval  :    0.0s
  generate        :    2.3s

--- Stage timing breakdown ---
  video_read          :    0.0s
  mediapipe_landmarks :    0.0s
  mediapipe_overlapped:    6.6s  (overlapped with capture, not on the critical path)
  hand_crop           :    0.0s
  dinov2_hands        :    0.0s
  face_crop           :    0.0s
  dinov2_face         :    0.0s
  dinov2_overlapped   :    3.2s  (overlapped with capture, not on the critical path)
  pose_features       :    0.0s
  byt5_inference      :    2.3s
  total               :    2.4s
  submitted   49 submitted ->  49 through MediaPipe ->  34 kept  ( 10.2s wall,   6.6s perception)
             'Hello, I m my supporter.'
W0000 00:00:1787359162.827902   23508 face_landmarker_graph.cc:174] Sets FaceBlendshapesGraph acceleration to xnnpack by default.
W0000 00:00:1787359162.899683   23515 face_landmarker_graph.cc:174] Sets FaceBlendshapesGraph acceleration to xnnpack by default.

--- ByT5 stage breakdown ---
  checkpoint_load :    0.0s
  to_device+eval  :    0.0s
  generate        :    3.6s

--- Stage timing breakdown ---
  video_read          :    0.0s
  mediapipe_landmarks :    0.0s
  mediapipe_overlapped:    4.6s  (overlapped with capture, not on the critical path)
  hand_crop           :    0.0s
  dinov2_hands        :    0.0s
  face_crop           :    0.0s
  dinov2_face         :    0.0s
  dinov2_overlapped   :    2.2s  (overlapped with capture, not on the critical path)
  pose_features       :    0.0s
  byt5_inference      :    3.6s
  total               :    3.6s
  enqueue     34 submitted ->  34 through MediaPipe ->  34 kept  ( 10.0s wall,   4.6s perception)
             'Hello, I m supporting all of you.'

eval_set_openasl/clips/wPJ_InXF_I8_05.mp4: 187 frames at stride 2, head padded with 15
W0000 00:00:1787359173.300645   23564 face_landmarker_graph.cc:174] Sets FaceBlendshapesGraph acceleration to xnnpack by default.
W0000 00:00:1787359173.324095   23571 face_landmarker_graph.cc:174] Sets FaceBlendshapesGraph acceleration to xnnpack by default.

--- ByT5 stage breakdown ---
  checkpoint_load :    0.0s
  to_device+eval  :    0.0s
  generate        :   11.0s

--- Stage timing breakdown ---
  video_read          :    0.0s
  mediapipe_landmarks :    0.0s
  mediapipe_overlapped:   22.7s  (overlapped with capture, not on the critical path)
  hand_crop           :    0.0s
  dinov2_hands        :    0.0s
  face_crop           :    0.0s
  dinov2_face         :    0.0s
  dinov2_overlapped   :   14.9s  (overlapped with capture, not on the critical path)
  pose_features       :    0.0s
  byt5_inference      :   11.0s
  total               :   11.1s
  submitted  202 submitted -> 202 through MediaPipe -> 187 kept  ( 30.1s wall,  22.7s perception)
             'Here is an interview with Marlee Matlin about Mark Medocff, who wrote the "Children of a Lower God" about his death at the age of 79.'
W0000 00:00:1787359203.606969   23614 face_landmarker_graph.cc:174] Sets FaceBlendshapesGraph acceleration to xnnpack by default.
W0000 00:00:1787359203.676964   23621 face_landmarker_graph.cc:174] Sets FaceBlendshapesGraph acceleration to xnnpack by default.

--- ByT5 stage breakdown ---
  checkpoint_load :    0.0s
  to_device+eval  :    0.0s
  generate        :   12.3s

--- Stage timing breakdown ---
  video_read          :    0.0s
  mediapipe_landmarks :    0.0s
  mediapipe_overlapped:   21.0s  (overlapped with capture, not on the critical path)
  hand_crop           :    0.0s
  dinov2_hands        :    0.0s
  face_crop           :    0.0s
  dinov2_face         :    0.0s
  dinov2_overlapped   :   14.3s  (overlapped with capture, not on the critical path)
  pose_features       :    0.0s
  byt5_inference      :   12.4s
  total               :   12.4s
  enqueue    187 submitted -> 187 through MediaPipe -> 187 kept  ( 30.1s wall,  21.0s perception)
             'Here is an interview with Marlee Matlin about Marlee Medocff who wrote about the "Children of a Loss God" that has passed away at the age of 79.'

eval_set_openasl/clips/wPJ_InXF_I8_06.mp4: 74 frames at stride 2, head padded with 15
W0000 00:00:1787359234.083799   23675 face_landmarker_graph.cc:174] Sets FaceBlendshapesGraph acceleration to xnnpack by default.
W0000 00:00:1787359234.150076   23682 face_landmarker_graph.cc:174] Sets FaceBlendshapesGraph acceleration to xnnpack by default.

--- ByT5 stage breakdown ---
  checkpoint_load :    0.0s
  to_device+eval  :    0.0s
  generate        :    3.5s

--- Stage timing breakdown ---
  video_read          :    0.0s
  mediapipe_landmarks :    0.0s
  mediapipe_overlapped:   11.5s  (overlapped with capture, not on the critical path)
  hand_crop           :    0.0s
  dinov2_hands        :    0.0s
  face_crop           :    0.0s
  dinov2_face         :    0.0s
  dinov2_overlapped   :    5.7s  (overlapped with capture, not on the critical path)
  pose_features       :    0.0s
  byt5_inference      :    3.6s
  total               :    3.6s
  submitted   89 submitted ->  89 through MediaPipe ->  74 kept  ( 13.6s wall,  11.5s perception)
             'the app storytelling comprehension abilities.'
W0000 00:00:1787359247.896324   23730 face_landmarker_graph.cc:174] Sets FaceBlendshapesGraph acceleration to xnnpack by default.
W0000 00:00:1787359247.957196   23737 face_landmarker_graph.cc:174] Sets FaceBlendshapesGraph acceleration to xnnpack by default.

--- ByT5 stage breakdown ---
  checkpoint_load :    0.0s
  to_device+eval  :    0.0s
  generate        :    4.2s

--- Stage timing breakdown ---
  video_read          :    0.0s
  mediapipe_landmarks :    0.0s
  mediapipe_overlapped:   10.3s  (overlapped with capture, not on the critical path)
  hand_crop           :    0.0s
  dinov2_hands        :    0.0s
  face_crop           :    0.0s
  dinov2_face         :    0.0s
  dinov2_overlapped   :    4.9s  (overlapped with capture, not on the critical path)
  pose_features       :    0.0s
  byt5_inference      :    4.2s
  total               :    4.2s
  enqueue     74 submitted ->  74 through MediaPipe ->  74 kept  ( 13.6s wall,  10.3s perception)
             'the students storytelling comprehension abilities.'

eval_set_openasl/clips/wPJ_InXF_I8_07.mp4: 63 frames at stride 2, head padded with 15
W0000 00:00:1787359261.823019   23786 face_landmarker_graph.cc:174] Sets FaceBlendshapesGraph acceleration to xnnpack by default.
W0000 00:00:1787359261.890477   23793 face_landmarker_graph.cc:174] Sets FaceBlendshapesGraph acceleration to xnnpack by default.

--- ByT5 stage breakdown ---
  checkpoint_load :    0.0s
  to_device+eval  :    0.0s
  generate        :    4.7s

--- Stage timing breakdown ---
  video_read          :    0.0s
  mediapipe_landmarks :    0.0s
  mediapipe_overlapped:   10.1s  (overlapped with capture, not on the critical path)
  hand_crop           :    0.0s
  dinov2_hands        :    0.0s
  face_crop           :    0.0s
  dinov2_face         :    0.0s
  dinov2_overlapped   :    5.3s  (overlapped with capture, not on the critical path)
  pose_features       :    0.0s
  byt5_inference      :    4.7s
  total               :    4.8s
  submitted   78 submitted ->  78 through MediaPipe ->  63 kept  ( 13.9s wall,  10.1s perception)
             'I want to share a little bit of my sign language with you.'
W0000 00:00:1787359275.850742   23836 face_landmarker_graph.cc:174] Sets FaceBlendshapesGraph acceleration to xnnpack by default.
W0000 00:00:1787359275.912517   23843 face_landmarker_graph.cc:174] Sets FaceBlendshapesGraph acceleration to xnnpack by default.

--- ByT5 stage breakdown ---
  checkpoint_load :    0.0s
  to_device+eval  :    0.0s
  generate        :    8.1s

--- Stage timing breakdown ---
  video_read          :    0.0s
  mediapipe_landmarks :    0.0s
  mediapipe_overlapped:    8.1s  (overlapped with capture, not on the critical path)
  hand_crop           :    0.0s
  dinov2_hands        :    0.0s
  face_crop           :    0.0s
  dinov2_face         :    0.0s
  dinov2_overlapped   :    4.2s  (overlapped with capture, not on the critical path)
  pose_features       :    0.0s
  byt5_inference      :    8.1s
  total               :    8.1s
  enqueue     63 submitted ->  63 through MediaPipe ->  63 kept  ( 16.0s wall,   8.1s perception)
             'I want to share a little bit of information with you about the interpreter being involved in the community.'

eval_set_openasl/clips/z3jAMn3xpoM_01.mp4: 286 frames at stride 2, head padded with 15
W0000 00:00:1787359292.608008   23892 face_landmarker_graph.cc:174] Sets FaceBlendshapesGraph acceleration to xnnpack by default.
W0000 00:00:1787359292.669780   23899 face_landmarker_graph.cc:174] Sets FaceBlendshapesGraph acceleration to xnnpack by default.

--- ByT5 stage breakdown ---
  checkpoint_load :    0.0s
  to_device+eval  :    0.0s
  generate        :   11.9s

--- Stage timing breakdown ---
  video_read          :    0.0s
  mediapipe_landmarks :    0.0s
  mediapipe_overlapped:   31.7s  (overlapped with capture, not on the critical path)
  hand_crop           :    0.0s
  dinov2_hands        :    0.0s
  face_crop           :    0.0s
  dinov2_face         :    0.0s
  dinov2_overlapped   :   23.9s  (overlapped with capture, not on the critical path)
  pose_features       :    0.1s
  byt5_inference      :   12.0s
  total               :   12.0s
  submitted  301 submitted -> 301 through MediaPipe -> 286 kept  ( 39.5s wall,  31.7s perception)
             'The second news - an author, E. Jean Carroll, accused Donald Trump of raping him in a dress room in New York City in the 1990s.'
W0000 00:00:1787359332.326003   23952 face_landmarker_graph.cc:174] Sets FaceBlendshapesGraph acceleration to xnnpack by default.
W0000 00:00:1787359332.387117   23959 face_landmarker_graph.cc:174] Sets FaceBlendshapesGraph acceleration to xnnpack by default.

--- ByT5 stage breakdown ---
  checkpoint_load :    0.0s
  to_device+eval  :    0.0s
  generate        :   12.4s

--- Stage timing breakdown ---
  video_read          :    0.0s
  mediapipe_landmarks :    0.0s
  mediapipe_overlapped:   29.7s  (overlapped with capture, not on the critical path)
  hand_crop           :    0.0s
  dinov2_hands        :    0.0s
  face_crop           :    0.0s
  dinov2_face         :    0.0s
  dinov2_overlapped   :   21.9s  (overlapped with capture, not on the critical path)
  pose_features       :    0.1s
  byt5_inference      :   12.4s
  total               :   12.5s
  enqueue    286 submitted -> 286 through MediaPipe -> 286 kept  ( 37.6s wall,  29.7s perception)
             'The second news - an author, E. Jean Carroll, accused Donald Trump of raping him in a breathing room in the New York City in the 1990s.'

eval_set_openasl/clips/z3jAMn3xpoM_02.mp4: 122 frames at stride 2, head padded with 15
W0000 00:00:1787359370.414231   24014 face_landmarker_graph.cc:174] Sets FaceBlendshapesGraph acceleration to xnnpack by default.
W0000 00:00:1787359370.478126   24021 face_landmarker_graph.cc:174] Sets FaceBlendshapesGraph acceleration to xnnpack by default.

--- ByT5 stage breakdown ---
  checkpoint_load :    0.0s
  to_device+eval  :    0.0s
  generate        :    7.0s

--- Stage timing breakdown ---
  video_read          :    0.0s
  mediapipe_landmarks :    0.0s
  mediapipe_overlapped:   14.7s  (overlapped with capture, not on the critical path)
  hand_crop           :    0.0s
  dinov2_hands        :    0.0s
  face_crop           :    0.0s
  dinov2_face         :    0.0s
  dinov2_overlapped   :    9.8s  (overlapped with capture, not on the critical path)
  pose_features       :    0.0s
  byt5_inference      :    7.1s
  total               :    7.1s
  submitted  137 submitted -> 137 through MediaPipe -> 122 kept  ( 20.4s wall,  14.7s perception)
             'One of them filmed on Facebook LIVE showing officers lying on the floor on blood.'
W0000 00:00:1787359390.929851   24070 face_landmarker_graph.cc:174] Sets FaceBlendshapesGraph acceleration to xnnpack by default.
W0000 00:00:1787359390.999816   24077 face_landmarker_graph.cc:174] Sets FaceBlendshapesGraph acceleration to xnnpack by default.

--- ByT5 stage breakdown ---
  checkpoint_load :    0.0s
  to_device+eval  :    0.0s
  generate        :    7.1s

--- Stage timing breakdown ---
  video_read          :    0.0s
  mediapipe_landmarks :    0.0s
  mediapipe_overlapped:   13.4s  (overlapped with capture, not on the critical path)
  hand_crop           :    0.0s
  dinov2_hands        :    0.0s
  face_crop           :    0.0s
  dinov2_face         :    0.0s
  dinov2_overlapped   :    9.1s  (overlapped with capture, not on the critical path)
  pose_features       :    0.0s
  byt5_inference      :    7.1s
  total               :    7.2s
  enqueue    122 submitted -> 122 through MediaPipe -> 122 kept  ( 19.4s wall,  13.4s perception)
             'One of them filmed on Facebook LIVE showing officers lying on the floor on blood.'

eval_set_openasl/clips/z3jAMn3xpoM_03.mp4: 124 frames at stride 2, head padded with 15
W0000 00:00:1787359410.833735   24126 face_landmarker_graph.cc:174] Sets FaceBlendshapesGraph acceleration to xnnpack by default.
W0000 00:00:1787359410.897541   24133 face_landmarker_graph.cc:174] Sets FaceBlendshapesGraph acceleration to xnnpack by default.

--- ByT5 stage breakdown ---
  checkpoint_load :    0.0s
  to_device+eval  :    0.0s
  generate        :   13.7s

--- Stage timing breakdown ---
  video_read          :    0.0s
  mediapipe_landmarks :    0.0s
  mediapipe_overlapped:   14.9s  (overlapped with capture, not on the critical path)
  hand_crop           :    0.0s
  dinov2_hands        :    0.0s
  face_crop           :    0.0s
  dinov2_face         :    0.0s
  dinov2_overlapped   :    9.8s  (overlapped with capture, not on the critical path)
  pose_features       :    0.0s
  byt5_inference      :   13.8s
  total               :   13.8s
  submitted  139 submitted -> 139 through MediaPipe -> 124 kept  ( 26.8s wall,  14.9s perception)
             "I feel that music is never really important but I feel that deaf people can pick up that music in the hearing world, but until there's a big problem, it's really transformational."
W0000 00:00:1787359437.806651   24181 face_landmarker_graph.cc:174] Sets FaceBlendshapesGraph acceleration to xnnpack by default.
W0000 00:00:1787359437.870864   24188 face_landmarker_graph.cc:174] Sets FaceBlendshapesGraph acceleration to xnnpack by default.

--- ByT5 stage breakdown ---
  checkpoint_load :    0.0s
  to_device+eval  :    0.0s
  generate        :   12.5s

--- Stage timing breakdown ---
  video_read          :    0.0s
  mediapipe_landmarks :    0.0s
  mediapipe_overlapped:   14.6s  (overlapped with capture, not on the critical path)
  hand_crop           :    0.0s
  dinov2_hands        :    0.0s
  face_crop           :    0.0s
  dinov2_face         :    0.0s
  dinov2_overlapped   :    8.7s  (overlapped with capture, not on the critical path)
  pose_features       :    0.0s
  byt5_inference      :   12.6s
  total               :   12.6s
  enqueue    124 submitted -> 124 through MediaPipe -> 124 kept  ( 25.3s wall,  14.6s perception)
             'I feel that music is never really important but I feel that deaf people can sign that music is the hearing world, but until the Black problem is really translated.'

eval_set_openasl/clips/z3jAMn3xpoM_04.mp4: 59 frames at stride 2, head padded with 15
W0000 00:00:1787359463.468599   24237 face_landmarker_graph.cc:174] Sets FaceBlendshapesGraph acceleration to xnnpack by default.
W0000 00:00:1787359463.529376   24244 face_landmarker_graph.cc:174] Sets FaceBlendshapesGraph acceleration to xnnpack by default.

--- ByT5 stage breakdown ---
  checkpoint_load :    0.0s
  to_device+eval  :    0.0s
  generate        :    4.9s

--- Stage timing breakdown ---
  video_read          :    0.0s
  mediapipe_landmarks :    0.0s
  mediapipe_overlapped:    7.7s  (overlapped with capture, not on the critical path)
  hand_crop           :    0.0s
  dinov2_hands        :    0.0s
  face_crop           :    0.0s
  dinov2_face         :    0.0s
  dinov2_overlapped   :    5.0s  (overlapped with capture, not on the critical path)
  pose_features       :    0.0s
  byt5_inference      :    5.0s
  total               :    5.0s
  submitted   74 submitted ->  74 through MediaPipe ->  59 kept  ( 13.0s wall,   7.7s perception)
             'Growing up, I trusted that I thought I was deaf.'
W0000 00:00:1787359476.608048   24287 face_landmarker_graph.cc:174] Sets FaceBlendshapesGraph acceleration to xnnpack by default.
W0000 00:00:1787359476.635537   24294 face_landmarker_graph.cc:174] Sets FaceBlendshapesGraph acceleration to xnnpack by default.

--- ByT5 stage breakdown ---
  checkpoint_load :    0.0s
  to_device+eval  :    0.0s
  generate        :    5.8s

--- Stage timing breakdown ---
  video_read          :    0.0s
  mediapipe_landmarks :    0.0s
  mediapipe_overlapped:    6.4s  (overlapped with capture, not on the critical path)
  hand_crop           :    0.0s
  dinov2_hands        :    0.0s
  face_crop           :    0.0s
  dinov2_face         :    0.0s
  dinov2_overlapped   :    3.9s  (overlapped with capture, not on the critical path)
  pose_features       :    0.0s
  byt5_inference      :    5.8s
  total               :    5.8s
  enqueue     59 submitted ->  59 through MediaPipe ->  59 kept  ( 12.9s wall,   6.4s perception)
             'Growing up, I was able to acknowledge that I was deaf and because I was deaf.'

eval_set_openasl/clips/z3jAMn3xpoM_05.mp4: 54 frames at stride 2, head padded with 15
W0000 00:00:1787359489.823114   24348 face_landmarker_graph.cc:174] Sets FaceBlendshapesGraph acceleration to xnnpack by default.
W0000 00:00:1787359489.881551   24355 face_landmarker_graph.cc:174] Sets FaceBlendshapesGraph acceleration to xnnpack by default.

--- ByT5 stage breakdown ---
  checkpoint_load :    0.0s
  to_device+eval  :    0.0s
  generate        :    3.9s

--- Stage timing breakdown ---
  video_read          :    0.0s
  mediapipe_landmarks :    0.0s
  mediapipe_overlapped:    7.8s  (overlapped with capture, not on the critical path)
  hand_crop           :    0.0s
  dinov2_hands        :    0.0s
  face_crop           :    0.0s
  dinov2_face         :    0.0s
  dinov2_overlapped   :    4.7s  (overlapped with capture, not on the critical path)
  pose_features       :    0.0s
  byt5_inference      :    3.9s
  total               :    3.9s
  submitted   69 submitted ->  69 through MediaPipe ->  54 kept  ( 12.5s wall,   7.8s perception)
             'Thank you, Otalora, for sending in the video.'
W0000 00:00:1787359502.448293   24399 face_landmarker_graph.cc:174] Sets FaceBlendshapesGraph acceleration to xnnpack by default.
W0000 00:00:1787359502.525098   24406 face_landmarker_graph.cc:174] Sets FaceBlendshapesGraph acceleration to xnnpack by default.

--- ByT5 stage breakdown ---
  checkpoint_load :    0.0s
  to_device+eval  :    0.0s
  generate        :    3.5s

--- Stage timing breakdown ---
  video_read          :    0.0s
  mediapipe_landmarks :    0.0s
  mediapipe_overlapped:    5.6s  (overlapped with capture, not on the critical path)
  hand_crop           :    0.0s
  dinov2_hands        :    0.0s
  face_crop           :    0.0s
  dinov2_face         :    0.0s
  dinov2_overlapped   :    3.4s  (overlapped with capture, not on the critical path)
  pose_features       :    0.0s
  byt5_inference      :    3.5s
  total               :    3.5s
  enqueue     54 submitted ->  54 through MediaPipe ->  54 kept  ( 10.2s wall,   5.6s perception)
             'Thank you, Otalora, for sending in this video.'

eval_set_openasl/clips/z3jAMn3xpoM_06.mp4: 57 frames at stride 2, head padded with 15
W0000 00:00:1787359512.945573   24460 face_landmarker_graph.cc:174] Sets FaceBlendshapesGraph acceleration to xnnpack by default.
W0000 00:00:1787359513.005759   24467 face_landmarker_graph.cc:174] Sets FaceBlendshapesGraph acceleration to xnnpack by default.

--- ByT5 stage breakdown ---
  checkpoint_load :    0.0s
  to_device+eval  :    0.0s
  generate        :    7.3s

--- Stage timing breakdown ---
  video_read          :    0.0s
  mediapipe_landmarks :    0.0s
  mediapipe_overlapped:    9.4s  (overlapped with capture, not on the critical path)
  hand_crop           :    0.0s
  dinov2_hands        :    0.0s
  face_crop           :    0.0s
  dinov2_face         :    0.0s
  dinov2_overlapped   :    4.8s  (overlapped with capture, not on the critical path)
  pose_features       :    0.0s
  byt5_inference      :    7.3s
  total               :    7.3s
  submitted   72 submitted ->  72 through MediaPipe ->  57 kept  ( 16.4s wall,   9.4s perception)
             'THE RESTAURANT IS THE NATIVE TO HIS CHILDREN, AND THE FUTURE IS THE NATIVE TO HIS CAMPUS.'
W0000 00:00:1787359529.543786   24510 face_landmarker_graph.cc:174] Sets FaceBlendshapesGraph acceleration to xnnpack by default.
W0000 00:00:1787359529.599031   24517 face_landmarker_graph.cc:174] Sets FaceBlendshapesGraph acceleration to xnnpack by default.

--- ByT5 stage breakdown ---
  checkpoint_load :    0.0s
  to_device+eval  :    0.0s
  generate        :    7.7s

--- Stage timing breakdown ---
  video_read          :    0.0s
  mediapipe_landmarks :    0.0s
  mediapipe_overlapped:    7.7s  (overlapped with capture, not on the critical path)
  hand_crop           :    0.0s
  dinov2_hands        :    0.0s
  face_crop           :    0.0s
  dinov2_face         :    0.0s
  dinov2_overlapped   :    3.6s  (overlapped with capture, not on the critical path)
  pose_features       :    0.0s
  byt5_inference      :    7.7s
  total               :    7.7s
  enqueue     57 submitted ->  57 through MediaPipe ->  57 kept  ( 15.5s wall,   7.7s perception)
             'THE REST OF THE CLASSROOM WAS A PINK FOR THE CHILDREN, AND THE FUTURE WAS A LITTLE BIT OF A CLASSROOM.'

eval_set_openasl/clips/z3jAMn3xpoM_07.mp4: 20 frames at stride 2, head padded with 15
W0000 00:00:1787359545.236973   24566 face_landmarker_graph.cc:174] Sets FaceBlendshapesGraph acceleration to xnnpack by default.
W0000 00:00:1787359545.290269   24573 face_landmarker_graph.cc:174] Sets FaceBlendshapesGraph acceleration to xnnpack by default.

--- ByT5 stage breakdown ---
  checkpoint_load :    0.0s
  to_device+eval  :    0.0s
  generate        :    1.6s

--- Stage timing breakdown ---
  video_read          :    0.0s
  mediapipe_landmarks :    0.0s
  mediapipe_overlapped:    4.5s  (overlapped with capture, not on the critical path)
  hand_crop           :    0.0s
  dinov2_hands        :    0.0s
  face_crop           :    0.0s
  dinov2_face         :    0.0s
  dinov2_overlapped   :    2.5s  (overlapped with capture, not on the critical path)
  pose_features       :    0.0s
  byt5_inference      :    1.6s
  total               :    1.6s
  submitted   35 submitted ->  35 through MediaPipe ->  20 kept  (  8.0s wall,   4.5s perception)
             'English: Your...'
W0000 00:00:1787359553.365515   24616 face_landmarker_graph.cc:174] Sets FaceBlendshapesGraph acceleration to xnnpack by default.
W0000 00:00:1787359553.421994   24623 face_landmarker_graph.cc:174] Sets FaceBlendshapesGraph acceleration to xnnpack by default.

--- ByT5 stage breakdown ---
  checkpoint_load :    0.0s
  to_device+eval  :    0.0s
  generate        :   74.9s

--- Stage timing breakdown ---
  video_read          :    0.0s
  mediapipe_landmarks :    0.0s
  mediapipe_overlapped:    2.7s  (overlapped with capture, not on the critical path)
  hand_crop           :    0.0s
  dinov2_hands        :    0.0s
  face_crop           :    0.0s
  dinov2_face         :    0.0s
  dinov2_overlapped   :    1.4s  (overlapped with capture, not on the critical path)
  pose_features       :    0.0s
  byt5_inference      :   74.9s
  total               :   74.9s
  enqueue     20 submitted ->  20 through MediaPipe ->  20 kept  ( 79.0s wall,   2.7s perception)
             'English: Your gesture.'

eval_set_openasl/clips/mNF1kg9azQw_01.mp4: 193 frames at stride 2, head padded with 15
W0000 00:00:1787359632.870714   24679 face_landmarker_graph.cc:174] Sets FaceBlendshapesGraph acceleration to xnnpack by default.
W0000 00:00:1787359632.897800   24686 face_landmarker_graph.cc:174] Sets FaceBlendshapesGraph acceleration to xnnpack by default.

--- ByT5 stage breakdown ---
  checkpoint_load :    0.0s
  to_device+eval  :    0.0s
  generate        :   14.4s

--- Stage timing breakdown ---
  video_read          :    0.0s
  mediapipe_landmarks :    0.0s
  mediapipe_overlapped:   22.3s  (overlapped with capture, not on the critical path)
  hand_crop           :    0.0s
  dinov2_hands        :    0.0s
  face_crop           :    0.0s
  dinov2_face         :    0.0s
  dinov2_overlapped   :   15.5s  (overlapped with capture, not on the critical path)
  pose_features       :    0.0s
  byt5_inference      :   14.4s
  total               :   14.4s
  submitted  208 submitted -> 208 through MediaPipe -> 193 kept  ( 33.4s wall,  22.3s perception)
             'Lauricella responded by saying that you previously saw one incident when Silvay took over the top of Ramirez and that the next day saw a small bruise on her lip.'
W0000 00:00:1787359666.392925   24738 face_landmarker_graph.cc:174] Sets FaceBlendshapesGraph acceleration to xnnpack by default.
W0000 00:00:1787359666.468927   24745 face_landmarker_graph.cc:174] Sets FaceBlendshapesGraph acceleration to xnnpack by default.

--- ByT5 stage breakdown ---
  checkpoint_load :    0.0s
  to_device+eval  :    0.0s
  generate        :   13.6s

--- Stage timing breakdown ---
  video_read          :    0.0s
  mediapipe_landmarks :    0.0s
  mediapipe_overlapped:   21.0s  (overlapped with capture, not on the critical path)
  hand_crop           :    0.0s
  dinov2_hands        :    0.0s
  face_crop           :    0.0s
  dinov2_face         :    0.0s
  dinov2_overlapped   :   14.0s  (overlapped with capture, not on the critical path)
  pose_features       :    0.0s
  byt5_inference      :   13.6s
  total               :   13.7s
  enqueue    193 submitted -> 193 through MediaPipe -> 193 kept  ( 31.4s wall,  21.0s perception)
             'Lauricella responded by saying that you previously saw something that happened on the top of Ramirez and that the next day you saw a small bruise on her lip.'

eval_set_openasl/clips/mNF1kg9azQw_02.mp4: 78 frames at stride 2, head padded with 15
W0000 00:00:1787359698.191961   24800 face_landmarker_graph.cc:174] Sets FaceBlendshapesGraph acceleration to xnnpack by default.
W0000 00:00:1787359698.258015   24807 face_landmarker_graph.cc:174] Sets FaceBlendshapesGraph acceleration to xnnpack by default.

--- ByT5 stage breakdown ---
  checkpoint_load :    0.0s
  to_device+eval  :    0.0s
  generate        :    5.4s

--- Stage timing breakdown ---
  video_read          :    0.0s
  mediapipe_landmarks :    0.0s
  mediapipe_overlapped:    9.5s  (overlapped with capture, not on the critical path)
  hand_crop           :    0.0s
  dinov2_hands        :    0.0s
  face_crop           :    0.0s
  dinov2_face         :    0.0s
  dinov2_overlapped   :    6.0s  (overlapped with capture, not on the critical path)
  pose_features       :    0.0s
  byt5_inference      :    5.4s
  total               :    5.4s
  submitted   93 submitted ->  93 through MediaPipe ->  78 kept  ( 14.6s wall,   9.5s perception)
             'They said there is a lot more to it and that he is not a bad one.'
W0000 00:00:1787359712.936686   24850 face_landmarker_graph.cc:174] Sets FaceBlendshapesGraph acceleration to xnnpack by default.
W0000 00:00:1787359713.001829   24857 face_landmarker_graph.cc:174] Sets FaceBlendshapesGraph acceleration to xnnpack by default.

--- ByT5 stage breakdown ---
  checkpoint_load :    0.0s
  to_device+eval  :    0.0s
  generate        :    5.1s

--- Stage timing breakdown ---
  video_read          :    0.0s
  mediapipe_landmarks :    0.0s
  mediapipe_overlapped:    8.5s  (overlapped with capture, not on the critical path)
  hand_crop           :    0.0s
  dinov2_hands        :    0.0s
  face_crop           :    0.0s
  dinov2_face         :    0.0s
  dinov2_overlapped   :    5.2s  (overlapped with capture, not on the critical path)
  pose_features       :    0.0s
  byt5_inference      :    5.1s
  total               :    5.1s
  enqueue     78 submitted ->  78 through MediaPipe ->  78 kept  ( 13.8s wall,   8.5s perception)
             'They said there is a lot more to it and that he is not a bad one.'

eval_set_openasl/clips/mNF1kg9azQw_03.mp4: 137 frames at stride 2, head padded with 15
W0000 00:00:1787359727.122667   24906 face_landmarker_graph.cc:174] Sets FaceBlendshapesGraph acceleration to xnnpack by default.
W0000 00:00:1787359727.185007   24913 face_landmarker_graph.cc:174] Sets FaceBlendshapesGraph acceleration to xnnpack by default.

--- ByT5 stage breakdown ---
  checkpoint_load :    0.0s
  to_device+eval  :    0.0s
  generate        :    6.4s

--- Stage timing breakdown ---
  video_read          :    0.0s
  mediapipe_landmarks :    0.0s
  mediapipe_overlapped:   19.1s  (overlapped with capture, not on the critical path)
  hand_crop           :    0.0s
  dinov2_hands        :    0.0s
  face_crop           :    0.0s
  dinov2_face         :    0.0s
  dinov2_overlapped   :   10.8s  (overlapped with capture, not on the critical path)
  pose_features       :    0.0s
  byt5_inference      :    6.4s
  total               :    6.4s
  submitted  152 submitted -> 152 through MediaPipe -> 137 kept  ( 20.6s wall,  19.1s perception)
             'There was a woman who said she was emergency instructions to block the viral video.'
W0000 00:00:1787359747.865751   24957 face_landmarker_graph.cc:174] Sets FaceBlendshapesGraph acceleration to xnnpack by default.
W0000 00:00:1787359747.934976   24964 face_landmarker_graph.cc:174] Sets FaceBlendshapesGraph acceleration to xnnpack by default.

--- ByT5 stage breakdown ---
  checkpoint_load :    0.0s
  to_device+eval  :    0.0s
  generate        :    6.8s

--- Stage timing breakdown ---
  video_read          :    0.0s
  mediapipe_landmarks :    0.0s
  mediapipe_overlapped:   17.5s  (overlapped with capture, not on the critical path)
  hand_crop           :    0.0s
  dinov2_hands        :    0.0s
  face_crop           :    0.0s
  dinov2_face         :    0.0s
  dinov2_overlapped   :    9.9s  (overlapped with capture, not on the critical path)
  pose_features       :    0.0s
  byt5_inference      :    6.8s
  total               :    6.9s
  enqueue    137 submitted -> 137 through MediaPipe -> 137 kept  ( 20.7s wall,  17.5s perception)
             'Jennifer shared her experience with a woman who was currently in the photography of Floyd.'

eval_set_openasl/clips/mNF1kg9azQw_04.mp4: 110 frames at stride 2, head padded with 15
W0000 00:00:1787359768.952834   25018 face_landmarker_graph.cc:174] Sets FaceBlendshapesGraph acceleration to xnnpack by default.
W0000 00:00:1787359769.022035   25025 face_landmarker_graph.cc:174] Sets FaceBlendshapesGraph acceleration to xnnpack by default.

--- ByT5 stage breakdown ---
  checkpoint_load :    0.0s
  to_device+eval  :    0.0s
  generate        :    5.6s

--- Stage timing breakdown ---
  video_read          :    0.0s
  mediapipe_landmarks :    0.0s
  mediapipe_overlapped:   16.3s  (overlapped with capture, not on the critical path)
  hand_crop           :    0.0s
  dinov2_hands        :    0.0s
  face_crop           :    0.0s
  dinov2_face         :    0.0s
  dinov2_overlapped   :    8.8s  (overlapped with capture, not on the critical path)
  pose_features       :    0.0s
  byt5_inference      :    5.6s
  total               :    5.7s
  submitted  125 submitted -> 125 through MediaPipe -> 110 kept  ( 18.5s wall,  16.3s perception)
             'Did you mention that there are amounts of people who have seen it?'
W0000 00:00:1787359787.587063   25073 face_landmarker_graph.cc:174] Sets FaceBlendshapesGraph acceleration to xnnpack by default.
W0000 00:00:1787359787.647559   25080 face_landmarker_graph.cc:174] Sets FaceBlendshapesGraph acceleration to xnnpack by default.

--- ByT5 stage breakdown ---
  checkpoint_load :    0.0s
  to_device+eval  :    0.0s
  generate        :    4.5s

--- Stage timing breakdown ---
  video_read          :    0.0s
  mediapipe_landmarks :    0.0s
  mediapipe_overlapped:   14.8s  (overlapped with capture, not on the critical path)
  hand_crop           :    0.0s
  dinov2_hands        :    0.0s
  face_crop           :    0.0s
  dinov2_face         :    0.0s
  dinov2_overlapped   :    8.4s  (overlapped with capture, not on the critical path)
  pose_features       :    0.0s
  byt5_inference      :    4.6s
  total               :    4.6s
  enqueue    110 submitted -> 110 through MediaPipe -> 110 kept  ( 17.0s wall,  14.8s perception)
             'Last year, I was involved with YATA.'

eval_set_openasl/clips/mNF1kg9azQw_05.mp4: 124 frames at stride 2, head padded with 15
W0000 00:00:1787359805.017195   25129 face_landmarker_graph.cc:174] Sets FaceBlendshapesGraph acceleration to xnnpack by default.
W0000 00:00:1787359805.051217   25136 face_landmarker_graph.cc:174] Sets FaceBlendshapesGraph acceleration to xnnpack by default.

--- ByT5 stage breakdown ---
  checkpoint_load :    0.0s
  to_device+eval  :    0.0s
  generate        :    7.1s

--- Stage timing breakdown ---
  video_read          :    0.0s
  mediapipe_landmarks :    0.0s
  mediapipe_overlapped:   16.3s  (overlapped with capture, not on the critical path)
  hand_crop           :    0.0s
  dinov2_hands        :    0.0s
  face_crop           :    0.0s
  dinov2_face         :    0.0s
  dinov2_overlapped   :    9.8s  (overlapped with capture, not on the critical path)
  pose_features       :    0.0s
  byt5_inference      :    7.1s
  total               :    7.1s
  submitted  139 submitted -> 139 through MediaPipe -> 124 kept  ( 21.3s wall,  16.3s perception)
             'I recommend that people respond to other owners who have opened up their experience.'
W0000 00:00:1787359826.555753   25179 face_landmarker_graph.cc:174] Sets FaceBlendshapesGraph acceleration to xnnpack by default.
W0000 00:00:1787359826.584895   25186 face_landmarker_graph.cc:174] Sets FaceBlendshapesGraph acceleration to xnnpack by default.

--- ByT5 stage breakdown ---
  checkpoint_load :    0.0s
  to_device+eval  :    0.0s
  generate        :    4.9s

--- Stage timing breakdown ---
  video_read          :    0.0s
  mediapipe_landmarks :    0.0s
  mediapipe_overlapped:   14.7s  (overlapped with capture, not on the critical path)
  hand_crop           :    0.0s
  dinov2_hands        :    0.0s
  face_crop           :    0.0s
  dinov2_face         :    0.0s
  dinov2_overlapped   :    8.7s  (overlapped with capture, not on the critical path)
  pose_features       :    0.0s
  byt5_inference      :    5.0s
  total               :    5.0s
  enqueue    124 submitted -> 124 through MediaPipe -> 124 kept  ( 18.0s wall,  14.7s perception)
             "I'm wondering how to send it to another person who sent it to me."

eval_set_openasl/clips/mNF1kg9azQw_06.mp4: 43 frames at stride 2, head padded with 15
W0000 00:00:1787359844.819334   25240 face_landmarker_graph.cc:174] Sets FaceBlendshapesGraph acceleration to xnnpack by default.
W0000 00:00:1787359844.894609   25247 face_landmarker_graph.cc:174] Sets FaceBlendshapesGraph acceleration to xnnpack by default.

--- ByT5 stage breakdown ---
  checkpoint_load :    0.0s
  to_device+eval  :    0.0s
  generate        :    3.4s

--- Stage timing breakdown ---
  video_read          :    0.0s
  mediapipe_landmarks :    0.0s
  mediapipe_overlapped:    7.5s  (overlapped with capture, not on the critical path)
  hand_crop           :    0.0s
  dinov2_hands        :    0.0s
  face_crop           :    0.0s
  dinov2_face         :    0.0s
  dinov2_overlapped   :    3.7s  (overlapped with capture, not on the critical path)
  pose_features       :    0.0s
  byt5_inference      :    3.4s
  total               :    3.4s
  submitted   58 submitted ->  58 through MediaPipe ->  43 kept  ( 11.5s wall,   7.5s perception)
             "There's something that's raining there."
W0000 00:00:1787359856.478232   25290 face_landmarker_graph.cc:174] Sets FaceBlendshapesGraph acceleration to xnnpack by default.
W0000 00:00:1787359856.546223   25297 face_landmarker_graph.cc:174] Sets FaceBlendshapesGraph acceleration to xnnpack by default.

--- ByT5 stage breakdown ---
  checkpoint_load :    0.0s
  to_device+eval  :    0.0s
  generate        :    2.2s

--- Stage timing breakdown ---
  video_read          :    0.0s
  mediapipe_landmarks :    0.0s
  mediapipe_overlapped:    6.5s  (overlapped with capture, not on the critical path)
  hand_crop           :    0.0s
  dinov2_hands        :    0.0s
  face_crop           :    0.0s
  dinov2_face         :    0.0s
  dinov2_overlapped   :    3.0s  (overlapped with capture, not on the critical path)
  pose_features       :    0.0s
  byt5_inference      :    2.2s
  total               :    2.2s
  enqueue     43 submitted ->  43 through MediaPipe ->  43 kept  (  9.9s wall,   6.5s perception)
             "It's raining there."

eval_set_openasl/clips/mNF1kg9azQw_07.mp4: 113 frames at stride 2, head padded with 15
W0000 00:00:1787359866.730926   25346 face_landmarker_graph.cc:174] Sets FaceBlendshapesGraph acceleration to xnnpack by default.
W0000 00:00:1787359866.787550   25353 face_landmarker_graph.cc:174] Sets FaceBlendshapesGraph acceleration to xnnpack by default.

--- ByT5 stage breakdown ---
  checkpoint_load :    0.0s
  to_device+eval  :    0.0s
  generate        :   10.1s

--- Stage timing breakdown ---
  video_read          :    0.0s
  mediapipe_landmarks :    0.0s
  mediapipe_overlapped:   13.0s  (overlapped with capture, not on the critical path)
  hand_crop           :    0.0s
  dinov2_hands        :    0.0s
  face_crop           :    0.0s
  dinov2_face         :    0.0s
  dinov2_overlapped   :    9.3s  (overlapped with capture, not on the critical path)
  pose_features       :    0.0s
  byt5_inference      :   10.1s
  total               :   10.1s
  submitted  128 submitted -> 128 through MediaPipe -> 113 kept  ( 22.5s wall,  13.0s perception)
             'If you are interested in food or money, there is an article by MTV that lists different ways you can support your needs.'
W0000 00:00:1787359889.342359   25401 face_landmarker_graph.cc:174] Sets FaceBlendshapesGraph acceleration to xnnpack by default.
W0000 00:00:1787359889.411273   25408 face_landmarker_graph.cc:174] Sets FaceBlendshapesGraph acceleration to xnnpack by default.

--- ByT5 stage breakdown ---
  checkpoint_load :    0.0s
  to_device+eval  :    0.0s
  generate        :    9.0s

--- Stage timing breakdown ---
  video_read          :    0.0s
  mediapipe_landmarks :    0.0s
  mediapipe_overlapped:   12.7s  (overlapped with capture, not on the critical path)
  hand_crop           :    0.0s
  dinov2_hands        :    0.0s
  face_crop           :    0.0s
  dinov2_face         :    0.0s
  dinov2_overlapped   :    8.1s  (overlapped with capture, not on the critical path)
  pose_features       :    0.0s
  byt5_inference      :    9.0s
  total               :    9.1s
  enqueue    113 submitted -> 113 through MediaPipe -> 113 kept  ( 20.7s wall,  12.7s perception)
             'If you are interested in food or money, there is an article by MTV that lists different ways you can support your needs.'

eval_set_openasl/clips/rSiciLyYOyI_01.mp4: 87 frames at stride 2, head padded with 15
W0000 00:00:1787359910.400917   25457 face_landmarker_graph.cc:174] Sets FaceBlendshapesGraph acceleration to xnnpack by default.
W0000 00:00:1787359910.454708   25464 face_landmarker_graph.cc:174] Sets FaceBlendshapesGraph acceleration to xnnpack by default.

--- ByT5 stage breakdown ---
  checkpoint_load :    0.0s
  to_device+eval  :    0.0s
  generate        :    7.3s

--- Stage timing breakdown ---
  video_read          :    0.0s
  mediapipe_landmarks :    0.0s
  mediapipe_overlapped:   11.0s  (overlapped with capture, not on the critical path)
  hand_crop           :    0.0s
  dinov2_hands        :    0.0s
  face_crop           :    0.0s
  dinov2_face         :    0.0s
  dinov2_overlapped   :    8.2s  (overlapped with capture, not on the critical path)
  pose_features       :    0.0s
  byt5_inference      :    7.3s
  total               :    7.3s
  submitted  102 submitted -> 102 through MediaPipe ->  87 kept  ( 18.6s wall,  11.0s perception)
             'One of the caregivers of bees said they are heartbroken to see the loss of all of these groups.'
W0000 00:00:1787359929.203467   25507 face_landmarker_graph.cc:174] Sets FaceBlendshapesGraph acceleration to xnnpack by default.
W0000 00:00:1787359929.275241   25514 face_landmarker_graph.cc:174] Sets FaceBlendshapesGraph acceleration to xnnpack by default.

--- ByT5 stage breakdown ---
  checkpoint_load :    0.0s
  to_device+eval  :    0.0s
  generate        :    8.3s

--- Stage timing breakdown ---
  video_read          :    0.0s
  mediapipe_landmarks :    0.0s
  mediapipe_overlapped:   10.1s  (overlapped with capture, not on the critical path)
  hand_crop           :    0.0s
  dinov2_hands        :    0.0s
  face_crop           :    0.0s
  dinov2_face         :    0.0s
  dinov2_overlapped   :    6.1s  (overlapped with capture, not on the critical path)
  pose_features       :    0.0s
  byt5_inference      :    8.3s
  total               :    8.3s
  enqueue     87 submitted ->  87 through MediaPipe ->  87 kept  ( 18.1s wall,  10.1s perception)
             'One of the people who treat bees says they are heartbroken to see the loss of all these groups.'

eval_set_openasl/clips/rSiciLyYOyI_02.mp4: 72 frames at stride 2, head padded with 15
W0000 00:00:1787359947.654957   25573 face_landmarker_graph.cc:174] Sets FaceBlendshapesGraph acceleration to xnnpack by default.
W0000 00:00:1787359947.683210   25580 face_landmarker_graph.cc:174] Sets FaceBlendshapesGraph acceleration to xnnpack by default.

--- ByT5 stage breakdown ---
  checkpoint_load :    0.0s
  to_device+eval  :    0.0s
  generate        :    6.3s

--- Stage timing breakdown ---
  video_read          :    0.0s
  mediapipe_landmarks :    0.0s
  mediapipe_overlapped:    9.6s  (overlapped with capture, not on the critical path)
  hand_crop           :    0.0s
  dinov2_hands        :    0.0s
  face_crop           :    0.0s
  dinov2_face         :    0.0s
  dinov2_overlapped   :    5.6s  (overlapped with capture, not on the critical path)
  pose_features       :    0.0s
  byt5_inference      :    6.3s
  total               :    6.3s
  submitted   87 submitted ->  87 through MediaPipe ->  72 kept  ( 15.4s wall,   9.6s perception)
             'First, the child was tested with human cells.'
W0000 00:00:1787359963.219104   25623 face_landmarker_graph.cc:174] Sets FaceBlendshapesGraph acceleration to xnnpack by default.
W0000 00:00:1787359963.317860   25630 face_landmarker_graph.cc:174] Sets FaceBlendshapesGraph acceleration to xnnpack by default.

--- ByT5 stage breakdown ---
  checkpoint_load :    0.0s
  to_device+eval  :    0.0s
  generate        :    4.7s

--- Stage timing breakdown ---
  video_read          :    0.0s
  mediapipe_landmarks :    0.0s
  mediapipe_overlapped:    8.8s  (overlapped with capture, not on the critical path)
  hand_crop           :    0.0s
  dinov2_hands        :    0.0s
  face_crop           :    0.0s
  dinov2_face         :    0.0s
  dinov2_overlapped   :    5.2s  (overlapped with capture, not on the critical path)
  pose_features       :    0.0s
  byt5_inference      :    4.8s
  total               :    4.8s
  enqueue     72 submitted ->  72 through MediaPipe ->  72 kept  ( 13.9s wall,   8.8s perception)
             'First, the child was tested with human cells.'

eval_set_openasl/clips/rSiciLyYOyI_03.mp4: 19 frames at stride 2, head padded with 15
W0000 00:00:1787359977.376517   25684 face_landmarker_graph.cc:174] Sets FaceBlendshapesGraph acceleration to xnnpack by default.
W0000 00:00:1787359977.436831   25691 face_landmarker_graph.cc:174] Sets FaceBlendshapesGraph acceleration to xnnpack by default.

--- ByT5 stage breakdown ---
  checkpoint_load :    0.0s
  to_device+eval  :    0.0s
  generate        :    3.4s

--- Stage timing breakdown ---
  video_read          :    0.0s
  mediapipe_landmarks :    0.0s
  mediapipe_overlapped:    4.2s  (overlapped with capture, not on the critical path)
  hand_crop           :    0.0s
  dinov2_hands        :    0.0s
  face_crop           :    0.0s
  dinov2_face         :    0.0s
  dinov2_overlapped   :    2.3s  (overlapped with capture, not on the critical path)
  pose_features       :    0.0s
  byt5_inference      :    3.4s
  total               :    3.4s
  submitted   34 submitted ->  34 through MediaPipe ->  19 kept  (  9.3s wall,   4.2s perception)
             '&gt;&gt; CHRISTOPHER JOHNSON: Yes.'
W0000 00:00:1787359986.799064   25734 face_landmarker_graph.cc:174] Sets FaceBlendshapesGraph acceleration to xnnpack by default.
W0000 00:00:1787359986.851928   25741 face_landmarker_graph.cc:174] Sets FaceBlendshapesGraph acceleration to xnnpack by default.

--- ByT5 stage breakdown ---
  checkpoint_load :    0.0s
  to_device+eval  :    0.0s
  generate        :    4.1s

--- Stage timing breakdown ---
  video_read          :    0.0s
  mediapipe_landmarks :    0.0s
  mediapipe_overlapped:    2.3s  (overlapped with capture, not on the critical path)
  hand_crop           :    0.0s
  dinov2_hands        :    0.0s
  face_crop           :    0.0s
  dinov2_face         :    0.0s
  dinov2_overlapped   :    1.4s  (overlapped with capture, not on the critical path)
  pose_features       :    0.0s
  byt5_inference      :    4.1s
  total               :    4.1s
  enqueue     19 submitted ->  19 through MediaPipe ->  19 kept  (  7.9s wall,   2.3s perception)
             '&gt;&gt; CHRISTOPHER JOHNSON: Yes.'

eval_set_openasl/clips/rSiciLyYOyI_04.mp4: 20 frames at stride 2, head padded with 15
W0000 00:00:1787359994.901075   25787 face_landmarker_graph.cc:174] Sets FaceBlendshapesGraph acceleration to xnnpack by default.
W0000 00:00:1787359994.928764   25794 face_landmarker_graph.cc:174] Sets FaceBlendshapesGraph acceleration to xnnpack by default.

--- ByT5 stage breakdown ---
  checkpoint_load :    0.0s
  to_device+eval  :    0.0s
  generate        :    2.7s

--- Stage timing breakdown ---
  video_read          :    0.0s
  mediapipe_landmarks :    0.0s
  mediapipe_overlapped:    5.8s  (overlapped with capture, not on the critical path)
  hand_crop           :    0.0s
  dinov2_hands        :    0.0s
  face_crop           :    0.0s
  dinov2_face         :    0.0s
  dinov2_overlapped   :    2.4s  (overlapped with capture, not on the critical path)
  pose_features       :    0.0s
  byt5_inference      :    2.7s
  total               :    2.7s
  submitted   35 submitted ->  35 through MediaPipe ->  20 kept  ( 10.3s wall,   5.8s perception)
             'We share with each other.'
W0000 00:00:1787360005.405683   25837 face_landmarker_graph.cc:174] Sets FaceBlendshapesGraph acceleration to xnnpack by default.
W0000 00:00:1787360005.483830   25844 face_landmarker_graph.cc:174] Sets FaceBlendshapesGraph acceleration to xnnpack by default.

--- ByT5 stage breakdown ---
  checkpoint_load :    0.0s
  to_device+eval  :    0.0s
  generate        :    3.6s

--- Stage timing breakdown ---
  video_read          :    0.0s
  mediapipe_landmarks :    0.0s
  mediapipe_overlapped:    3.1s  (overlapped with capture, not on the critical path)
  hand_crop           :    0.0s
  dinov2_hands        :    0.0s
  face_crop           :    0.0s
  dinov2_face         :    0.0s
  dinov2_overlapped   :    1.4s  (overlapped with capture, not on the critical path)
  pose_features       :    0.0s
  byt5_inference      :    3.6s
  total               :    3.6s
  enqueue     20 submitted ->  20 through MediaPipe ->  20 kept  (  8.1s wall,   3.1s perception)
             'There are a variety of differences.'

eval_set_openasl/clips/rSiciLyYOyI_05.mp4: 84 frames at stride 2, head padded with 15
W0000 00:00:1787360013.912548   25890 face_landmarker_graph.cc:174] Sets FaceBlendshapesGraph acceleration to xnnpack by default.
W0000 00:00:1787360013.976923   25897 face_landmarker_graph.cc:174] Sets FaceBlendshapesGraph acceleration to xnnpack by default.

--- ByT5 stage breakdown ---
  checkpoint_load :    0.0s
  to_device+eval  :    0.0s
  generate        :    6.1s

--- Stage timing breakdown ---
  video_read          :    0.0s
  mediapipe_landmarks :    0.0s
  mediapipe_overlapped:   12.9s  (overlapped with capture, not on the critical path)
  hand_crop           :    0.0s
  dinov2_hands        :    0.0s
  face_crop           :    0.0s
  dinov2_face         :    0.0s
  dinov2_overlapped   :    6.8s  (overlapped with capture, not on the critical path)
  pose_features       :    0.0s
  byt5_inference      :    6.1s
  total               :    6.1s
  submitted   99 submitted ->  99 through MediaPipe ->  84 kept  ( 16.5s wall,  12.9s perception)
             'When we looked at the door, we started to feel quiet and quiet.'
W0000 00:00:1787360030.615088   25946 face_landmarker_graph.cc:174] Sets FaceBlendshapesGraph acceleration to xnnpack by default.
W0000 00:00:1787360030.671237   25953 face_landmarker_graph.cc:174] Sets FaceBlendshapesGraph acceleration to xnnpack by default.

--- ByT5 stage breakdown ---
  checkpoint_load :    0.0s
  to_device+eval  :    0.0s
  generate        :    5.1s

--- Stage timing breakdown ---
  video_read          :    0.0s
  mediapipe_landmarks :    0.0s
  mediapipe_overlapped:   10.8s  (overlapped with capture, not on the critical path)
  hand_crop           :    0.0s
  dinov2_hands        :    0.0s
  face_crop           :    0.0s
  dinov2_face         :    0.0s
  dinov2_overlapped   :    5.5s  (overlapped with capture, not on the critical path)
  pose_features       :    0.0s
  byt5_inference      :    5.2s
  total               :    5.2s
  enqueue     84 submitted ->  84 through MediaPipe ->  84 kept  ( 14.6s wall,  10.8s perception)
             'We chatted and started to feel somewhat solitary and chatted.'

eval_set_openasl/clips/rSiciLyYOyI_06.mp4: 21 frames at stride 2, head padded with 15
W0000 00:00:1787360045.389408   26002 face_landmarker_graph.cc:174] Sets FaceBlendshapesGraph acceleration to xnnpack by default.
W0000 00:00:1787360045.447645   26009 face_landmarker_graph.cc:174] Sets FaceBlendshapesGraph acceleration to xnnpack by default.

--- ByT5 stage breakdown ---
  checkpoint_load :    0.0s
  to_device+eval  :    0.0s
  generate        :    2.3s

--- Stage timing breakdown ---
  video_read          :    0.0s
  mediapipe_landmarks :    0.0s
  mediapipe_overlapped:    5.8s  (overlapped with capture, not on the critical path)
  hand_crop           :    0.0s
  dinov2_hands        :    0.0s
  face_crop           :    0.0s
  dinov2_face         :    0.0s
  dinov2_overlapped   :    2.3s  (overlapped with capture, not on the critical path)
  pose_features       :    0.0s
  byt5_inference      :    2.3s
  total               :    2.3s
  submitted   36 submitted ->  36 through MediaPipe ->  21 kept  (  9.5s wall,   5.8s perception)
             'It was very positive.'
W0000 00:00:1787360055.071022   26054 face_landmarker_graph.cc:174] Sets FaceBlendshapesGraph acceleration to xnnpack by default.
W0000 00:00:1787360055.141389   26061 face_landmarker_graph.cc:174] Sets FaceBlendshapesGraph acceleration to xnnpack by default.

--- ByT5 stage breakdown ---
  checkpoint_load :    0.0s
  to_device+eval  :    0.0s
  generate        :    2.8s

--- Stage timing breakdown ---
  video_read          :    0.0s
  mediapipe_landmarks :    0.0s
  mediapipe_overlapped:    3.3s  (overlapped with capture, not on the critical path)
  hand_crop           :    0.0s
  dinov2_hands        :    0.0s
  face_crop           :    0.0s
  dinov2_face         :    0.0s
  dinov2_overlapped   :    1.3s  (overlapped with capture, not on the critical path)
  pose_features       :    0.0s
  byt5_inference      :    2.8s
  total               :    2.8s
  enqueue     21 submitted ->  21 through MediaPipe ->  21 kept  (  7.5s wall,   3.3s perception)
             'When it comes to communication...'

eval_set_openasl/clips/rSiciLyYOyI_07.mp4: 35 frames at stride 2, head padded with 15
W0000 00:00:1787360062.800372   26107 face_landmarker_graph.cc:174] Sets FaceBlendshapesGraph acceleration to xnnpack by default.
W0000 00:00:1787360062.861712   26114 face_landmarker_graph.cc:174] Sets FaceBlendshapesGraph acceleration to xnnpack by default.

--- ByT5 stage breakdown ---
  checkpoint_load :    0.0s
  to_device+eval  :    0.0s
  generate        :    3.7s

--- Stage timing breakdown ---
  video_read          :    0.0s
  mediapipe_landmarks :    0.0s
  mediapipe_overlapped:    6.3s  (overlapped with capture, not on the critical path)
  hand_crop           :    0.0s
  dinov2_hands        :    0.0s
  face_crop           :    0.0s
  dinov2_face         :    0.0s
  dinov2_overlapped   :    3.3s  (overlapped with capture, not on the critical path)
  pose_features       :    0.0s
  byt5_inference      :    3.7s
  total               :    3.7s
  submitted   50 submitted ->  50 through MediaPipe ->  35 kept  ( 10.3s wall,   6.3s perception)
             'That was amazing and never experienced!'
W0000 00:00:1787360073.247599   26157 face_landmarker_graph.cc:174] Sets FaceBlendshapesGraph acceleration to xnnpack by default.
W0000 00:00:1787360073.316040   26164 face_landmarker_graph.cc:174] Sets FaceBlendshapesGraph acceleration to xnnpack by default.

--- ByT5 stage breakdown ---
  checkpoint_load :    0.0s
  to_device+eval  :    0.0s
  generate        :    1.8s

--- Stage timing breakdown ---
  video_read          :    0.0s
  mediapipe_landmarks :    0.0s
  mediapipe_overlapped:    4.9s  (overlapped with capture, not on the critical path)
  hand_crop           :    0.0s
  dinov2_hands        :    0.0s
  face_crop           :    0.0s
  dinov2_face         :    0.0s
  dinov2_overlapped   :    2.4s  (overlapped with capture, not on the critical path)
  pose_features       :    0.0s
  byt5_inference      :    1.8s
  total               :    1.9s
  enqueue     35 submitted ->  35 through MediaPipe ->  35 kept  (  8.4s wall,   4.9s perception)
             'That was amazing.'

eval_set_openasl/clips/wdmj6E_faOo_01.mp4: 87 frames at stride 2, head padded with 15
W0000 00:00:1787360082.031535   26213 face_landmarker_graph.cc:174] Sets FaceBlendshapesGraph acceleration to xnnpack by default.
W0000 00:00:1787360082.082910   26220 face_landmarker_graph.cc:174] Sets FaceBlendshapesGraph acceleration to xnnpack by default.

--- ByT5 stage breakdown ---
  checkpoint_load :    0.0s
  to_device+eval  :    0.0s
  generate        :    5.2s

--- Stage timing breakdown ---
  video_read          :    0.0s
  mediapipe_landmarks :    0.0s
  mediapipe_overlapped:    9.6s  (overlapped with capture, not on the critical path)
  hand_crop           :    0.0s
  dinov2_hands        :    0.0s
  face_crop           :    0.0s
  dinov2_face         :    0.0s
  dinov2_overlapped   :    6.9s  (overlapped with capture, not on the critical path)
  pose_features       :    0.0s
  byt5_inference      :    5.2s
  total               :    5.2s
  submitted  102 submitted -> 102 through MediaPipe ->  87 kept  ( 15.0s wall,   9.6s perception)
             'This is the first day of the year.'
W0000 00:00:1787360097.206835   26263 face_landmarker_graph.cc:174] Sets FaceBlendshapesGraph acceleration to xnnpack by default.
W0000 00:00:1787360097.265924   26270 face_landmarker_graph.cc:174] Sets FaceBlendshapesGraph acceleration to xnnpack by default.

--- ByT5 stage breakdown ---
  checkpoint_load :    0.0s
  to_device+eval  :    0.0s
  generate        :    4.9s

--- Stage timing breakdown ---
  video_read          :    0.0s
  mediapipe_landmarks :    0.0s
  mediapipe_overlapped:    8.4s  (overlapped with capture, not on the critical path)
  hand_crop           :    0.0s
  dinov2_hands        :    0.0s
  face_crop           :    0.0s
  dinov2_face         :    0.0s
  dinov2_overlapped   :    5.5s  (overlapped with capture, not on the critical path)
  pose_features       :    0.0s
  byt5_inference      :    4.9s
  total               :    4.9s
  enqueue     87 submitted ->  87 through MediaPipe ->  87 kept  ( 13.5s wall,   8.4s perception)
             'You will notice that you have the right to vote on the phone.'

eval_set_openasl/clips/wdmj6E_faOo_02.mp4: 56 frames at stride 2, head padded with 15
W0000 00:00:1787360110.997754   26324 face_landmarker_graph.cc:174] Sets FaceBlendshapesGraph acceleration to xnnpack by default.
W0000 00:00:1787360111.064339   26331 face_landmarker_graph.cc:174] Sets FaceBlendshapesGraph acceleration to xnnpack by default.

--- ByT5 stage breakdown ---
  checkpoint_load :    0.0s
  to_device+eval  :    0.0s
  generate        :    2.7s

--- Stage timing breakdown ---
  video_read          :    0.0s
  mediapipe_landmarks :    0.0s
  mediapipe_overlapped:    8.2s  (overlapped with capture, not on the critical path)
  hand_crop           :    0.0s
  dinov2_hands        :    0.0s
  face_crop           :    0.0s
  dinov2_face         :    0.0s
  dinov2_overlapped   :    4.5s  (overlapped with capture, not on the critical path)
  pose_features       :    0.0s
  byt5_inference      :    2.7s
  total               :    2.7s
  submitted   71 submitted ->  71 through MediaPipe ->  56 kept  ( 11.1s wall,   8.2s perception)
             'I would like to see you there.'
W0000 00:00:1787360122.300763   26374 face_landmarker_graph.cc:174] Sets FaceBlendshapesGraph acceleration to xnnpack by default.
W0000 00:00:1787360122.331325   26381 face_landmarker_graph.cc:174] Sets FaceBlendshapesGraph acceleration to xnnpack by default.

--- ByT5 stage breakdown ---
  checkpoint_load :    0.0s
  to_device+eval  :    0.0s
  generate        :    2.6s

--- Stage timing breakdown ---
  video_read          :    0.0s
  mediapipe_landmarks :    0.0s
  mediapipe_overlapped:    5.5s  (overlapped with capture, not on the critical path)
  hand_crop           :    0.0s
  dinov2_hands        :    0.0s
  face_crop           :    0.0s
  dinov2_face         :    0.0s
  dinov2_overlapped   :    3.7s  (overlapped with capture, not on the critical path)
  pose_features       :    0.0s
  byt5_inference      :    2.6s
  total               :    2.6s
  enqueue     56 submitted ->  56 through MediaPipe ->  56 kept  (  9.3s wall,   5.5s perception)
             'The world is quiet.'

eval_set_openasl/clips/wdmj6E_faOo_03.mp4: 68 frames at stride 2, head padded with 15
W0000 00:00:1787360131.968797   26435 face_landmarker_graph.cc:174] Sets FaceBlendshapesGraph acceleration to xnnpack by default.
W0000 00:00:1787360132.023191   26442 face_landmarker_graph.cc:174] Sets FaceBlendshapesGraph acceleration to xnnpack by default.

--- ByT5 stage breakdown ---
  checkpoint_load :    0.0s
  to_device+eval  :    0.0s
  generate        :    6.5s

--- Stage timing breakdown ---
  video_read          :    0.0s
  mediapipe_landmarks :    0.0s
  mediapipe_overlapped:    7.8s  (overlapped with capture, not on the critical path)
  hand_crop           :    0.0s
  dinov2_hands        :    0.0s
  face_crop           :    0.0s
  dinov2_face         :    0.0s
  dinov2_overlapped   :    5.6s  (overlapped with capture, not on the critical path)
  pose_features       :    0.0s
  byt5_inference      :    6.5s
  total               :    6.5s
  submitted   83 submitted ->  83 through MediaPipe ->  68 kept  ( 15.0s wall,   7.8s perception)
             'In this video, I will show you how to use an intelligence system.'
W0000 00:00:1787360147.109365   26485 face_landmarker_graph.cc:174] Sets FaceBlendshapesGraph acceleration to xnnpack by default.
W0000 00:00:1787360147.186933   26492 face_landmarker_graph.cc:174] Sets FaceBlendshapesGraph acceleration to xnnpack by default.

--- ByT5 stage breakdown ---
  checkpoint_load :    0.0s
  to_device+eval  :    0.0s
  generate        :    5.9s

--- Stage timing breakdown ---
  video_read          :    0.0s
  mediapipe_landmarks :    0.0s
  mediapipe_overlapped:    6.4s  (overlapped with capture, not on the critical path)
  hand_crop           :    0.0s
  dinov2_hands        :    0.0s
  face_crop           :    0.0s
  dinov2_face         :    0.0s
  dinov2_overlapped   :    4.5s  (overlapped with capture, not on the critical path)
  pose_features       :    0.0s
  byt5_inference      :    5.9s
  total               :    5.9s
  enqueue     68 submitted ->  68 through MediaPipe ->  68 kept  ( 13.4s wall,   6.4s perception)
             'It is close to me and I understand what is happening in the community.'

eval_set_openasl/clips/wdmj6E_faOo_04.mp4: 88 frames at stride 2, head padded with 15
W0000 00:00:1787360160.921013   26541 face_landmarker_graph.cc:174] Sets FaceBlendshapesGraph acceleration to xnnpack by default.
W0000 00:00:1787360160.979645   26548 face_landmarker_graph.cc:174] Sets FaceBlendshapesGraph acceleration to xnnpack by default.

--- ByT5 stage breakdown ---
  checkpoint_load :    0.0s
  to_device+eval  :    0.0s
  generate        :   14.5s

--- Stage timing breakdown ---
  video_read          :    0.0s
  mediapipe_landmarks :    0.0s
  mediapipe_overlapped:    9.9s  (overlapped with capture, not on the critical path)
  hand_crop           :    0.0s
  dinov2_hands        :    0.0s
  face_crop           :    0.0s
  dinov2_face         :    0.0s
  dinov2_overlapped   :    7.1s  (overlapped with capture, not on the critical path)
  pose_features       :    0.0s
  byt5_inference      :   14.5s
  total               :   14.5s
  submitted  103 submitted -> 103 through MediaPipe ->  88 kept  ( 24.8s wall,   9.9s perception)
             'The first thing you need to do is you want to know is you will need to be able to see the first thing you need to do in your life.'
W0000 00:00:1787360185.921432   26591 face_landmarker_graph.cc:174] Sets FaceBlendshapesGraph acceleration to xnnpack by default.
W0000 00:00:1787360185.985682   26598 face_landmarker_graph.cc:174] Sets FaceBlendshapesGraph acceleration to xnnpack by default.

--- ByT5 stage breakdown ---
  checkpoint_load :    0.0s
  to_device+eval  :    0.0s
  generate        :   16.7s

--- Stage timing breakdown ---
  video_read          :    0.0s
  mediapipe_landmarks :    0.0s
  mediapipe_overlapped:    8.6s  (overlapped with capture, not on the critical path)
  hand_crop           :    0.0s
  dinov2_hands        :    0.0s
  face_crop           :    0.0s
  dinov2_face         :    0.0s
  dinov2_overlapped   :    5.7s  (overlapped with capture, not on the critical path)
  pose_features       :    0.0s
  byt5_inference      :   16.7s
  total               :   16.8s
  enqueue     88 submitted ->  88 through MediaPipe ->  88 kept  ( 25.6s wall,   8.6s perception)
             'The first thing you need to do is you want to know is you will need to be able to see the first thing you need to know is you will need to be able to see the first thing you need to do in your life.'

eval_set_openasl/clips/wdmj6E_faOo_05.mp4: 20 frames at stride 2, head padded with 15
W0000 00:00:1787360211.768895   26652 face_landmarker_graph.cc:174] Sets FaceBlendshapesGraph acceleration to xnnpack by default.
W0000 00:00:1787360211.825666   26659 face_landmarker_graph.cc:174] Sets FaceBlendshapesGraph acceleration to xnnpack by default.

--- ByT5 stage breakdown ---
  checkpoint_load :    0.0s
  to_device+eval  :    0.0s
  generate        :    2.4s

--- Stage timing breakdown ---
  video_read          :    0.0s
  mediapipe_landmarks :    0.0s
  mediapipe_overlapped:    4.8s  (overlapped with capture, not on the critical path)
  hand_crop           :    0.0s
  dinov2_hands        :    0.0s
  face_crop           :    0.0s
  dinov2_face         :    0.0s
  dinov2_overlapped   :    2.4s  (overlapped with capture, not on the critical path)
  pose_features       :    0.0s
  byt5_inference      :    2.4s
  total               :    2.4s
  submitted   35 submitted ->  35 through MediaPipe ->  20 kept  (  9.0s wall,   4.8s perception)
             'Hello my name is Rosenblum'
W0000 00:00:1787360220.882868   26702 face_landmarker_graph.cc:174] Sets FaceBlendshapesGraph acceleration to xnnpack by default.
W0000 00:00:1787360220.915563   26709 face_landmarker_graph.cc:174] Sets FaceBlendshapesGraph acceleration to xnnpack by default.

--- ByT5 stage breakdown ---
  checkpoint_load :    0.0s
  to_device+eval  :    0.0s
  generate        :    1.4s

--- Stage timing breakdown ---
  video_read          :    0.0s
  mediapipe_landmarks :    0.0s
  mediapipe_overlapped:    2.5s  (overlapped with capture, not on the critical path)
  hand_crop           :    0.0s
  dinov2_hands        :    0.0s
  face_crop           :    0.0s
  dinov2_face         :    0.0s
  dinov2_overlapped   :    1.3s  (overlapped with capture, not on the critical path)
  pose_features       :    0.0s
  byt5_inference      :    1.4s
  total               :    1.4s
  enqueue     20 submitted ->  20 through MediaPipe ->  20 kept  (  5.3s wall,   2.5s perception)
             "I'm so good."

eval_set_openasl/clips/wdmj6E_faOo_06.mp4: 28 frames at stride 2, head padded with 15
W0000 00:00:1787360226.411154   26760 face_landmarker_graph.cc:174] Sets FaceBlendshapesGraph acceleration to xnnpack by default.
W0000 00:00:1787360226.475941   26767 face_landmarker_graph.cc:174] Sets FaceBlendshapesGraph acceleration to xnnpack by default.

--- ByT5 stage breakdown ---
  checkpoint_load :    0.0s
  to_device+eval  :    0.0s
  generate        :    3.6s

--- Stage timing breakdown ---
  video_read          :    0.0s
  mediapipe_landmarks :    0.0s
  mediapipe_overlapped:    5.0s  (overlapped with capture, not on the critical path)
  hand_crop           :    0.0s
  dinov2_hands        :    0.0s
  face_crop           :    0.0s
  dinov2_face         :    0.0s
  dinov2_overlapped   :    3.0s  (overlapped with capture, not on the critical path)
  pose_features       :    0.0s
  byt5_inference      :    3.6s
  total               :    3.6s
  submitted   43 submitted ->  43 through MediaPipe ->  28 kept  ( 10.2s wall,   5.0s perception)
             'When we visit hearing people, we will see them.'
W0000 00:00:1787360236.783324   26810 face_landmarker_graph.cc:174] Sets FaceBlendshapesGraph acceleration to xnnpack by default.
W0000 00:00:1787360236.855484   26817 face_landmarker_graph.cc:174] Sets FaceBlendshapesGraph acceleration to xnnpack by default.

--- ByT5 stage breakdown ---
  checkpoint_load :    0.0s
  to_device+eval  :    0.0s
  generate        :    2.9s

--- Stage timing breakdown ---
  video_read          :    0.0s
  mediapipe_landmarks :    0.0s
  mediapipe_overlapped:    3.7s  (overlapped with capture, not on the critical path)
  hand_crop           :    0.0s
  dinov2_hands        :    0.0s
  face_crop           :    0.0s
  dinov2_face         :    0.0s
  dinov2_overlapped   :    1.9s  (overlapped with capture, not on the critical path)
  pose_features       :    0.0s
  byt5_inference      :    2.9s
  total               :    3.0s
  enqueue     28 submitted ->  28 through MediaPipe ->  28 kept  (  8.6s wall,   3.7s perception)
             'This is my first time editing.'

eval_set_openasl/clips/LT0-h4P_xBY_01.mp4: 23 frames at stride 2, head padded with 15
W0000 00:00:1787360245.549393   26867 face_landmarker_graph.cc:174] Sets FaceBlendshapesGraph acceleration to xnnpack by default.
W0000 00:00:1787360245.602389   26874 face_landmarker_graph.cc:174] Sets FaceBlendshapesGraph acceleration to xnnpack by default.

--- ByT5 stage breakdown ---
  checkpoint_load :    0.0s
  to_device+eval  :    0.0s
  generate        :    1.8s

--- Stage timing breakdown ---
  video_read          :    0.0s
  mediapipe_landmarks :    0.0s
  mediapipe_overlapped:    6.3s  (overlapped with capture, not on the critical path)
  hand_crop           :    0.0s
  dinov2_hands        :    0.0s
  face_crop           :    0.0s
  dinov2_face         :    0.0s
  dinov2_overlapped   :    2.5s  (overlapped with capture, not on the critical path)
  pose_features       :    0.0s
  byt5_inference      :    1.8s
  total               :    1.8s
  submitted   38 submitted ->  38 through MediaPipe ->  23 kept  (  9.4s wall,   6.3s perception)
             "I'm Jethro Wooddall."
W0000 00:00:1787360255.116616   26917 face_landmarker_graph.cc:174] Sets FaceBlendshapesGraph acceleration to xnnpack by default.
W0000 00:00:1787360255.183280   26924 face_landmarker_graph.cc:174] Sets FaceBlendshapesGraph acceleration to xnnpack by default.

--- ByT5 stage breakdown ---
  checkpoint_load :    0.0s
  to_device+eval  :    0.0s
  generate        :    2.0s

--- Stage timing breakdown ---
  video_read          :    0.0s
  mediapipe_landmarks :    0.0s
  mediapipe_overlapped:    4.3s  (overlapped with capture, not on the critical path)
  hand_crop           :    0.0s
  dinov2_hands        :    0.0s
  face_crop           :    0.0s
  dinov2_face         :    0.0s
  dinov2_overlapped   :    1.6s  (overlapped with capture, not on the critical path)
  pose_features       :    0.0s
  byt5_inference      :    2.0s
  total               :    2.0s
  enqueue     23 submitted ->  23 through MediaPipe ->  23 kept  (  8.0s wall,   4.3s perception)
             "I'm Jethro Wooddall."

eval_set_openasl/clips/LT0-h4P_xBY_02.mp4: 130 frames at stride 2, head padded with 15
W0000 00:00:1787360263.481582   26970 face_landmarker_graph.cc:174] Sets FaceBlendshapesGraph acceleration to xnnpack by default.
W0000 00:00:1787360263.533590   26977 face_landmarker_graph.cc:174] Sets FaceBlendshapesGraph acceleration to xnnpack by default.

--- ByT5 stage breakdown ---
  checkpoint_load :    0.0s
  to_device+eval  :    0.0s
  generate        :    8.9s

--- Stage timing breakdown ---
  video_read          :    0.0s
  mediapipe_landmarks :    0.0s
  mediapipe_overlapped:   16.6s  (overlapped with capture, not on the critical path)
  hand_crop           :    0.0s
  dinov2_hands        :    0.0s
  face_crop           :    0.0s
  dinov2_face         :    0.0s
  dinov2_overlapped   :    9.5s  (overlapped with capture, not on the critical path)
  pose_features       :    0.0s
  byt5_inference      :    8.9s
  total               :    8.9s
  submitted  145 submitted -> 145 through MediaPipe -> 130 kept  ( 22.6s wall,  16.6s perception)
             'Do you need to minimize the effects you need and demand for things like checks or allergies?'
W0000 00:00:1787360286.206664   27020 face_landmarker_graph.cc:174] Sets FaceBlendshapesGraph acceleration to xnnpack by default.
W0000 00:00:1787360286.284736   27027 face_landmarker_graph.cc:174] Sets FaceBlendshapesGraph acceleration to xnnpack by default.

--- ByT5 stage breakdown ---
  checkpoint_load :    0.0s
  to_device+eval  :    0.0s
  generate        :    8.6s

--- Stage timing breakdown ---
  video_read          :    0.0s
  mediapipe_landmarks :    0.0s
  mediapipe_overlapped:   15.2s  (overlapped with capture, not on the critical path)
  hand_crop           :    0.0s
  dinov2_hands        :    0.0s
  face_crop           :    0.0s
  dinov2_face         :    0.0s
  dinov2_overlapped   :    9.6s  (overlapped with capture, not on the critical path)
  pose_features       :    0.0s
  byt5_inference      :    8.6s
  total               :    8.6s
  enqueue    130 submitted -> 130 through MediaPipe -> 130 kept  ( 21.7s wall,  15.2s perception)
             'You will also need to lessen your time percentage as well as demands for things like blood pressure.'

eval_set_openasl/clips/LT0-h4P_xBY_03.mp4: 186 frames at stride 2, head padded with 15
W0000 00:00:1787360308.493989   27076 face_landmarker_graph.cc:174] Sets FaceBlendshapesGraph acceleration to xnnpack by default.
W0000 00:00:1787360308.546337   27083 face_landmarker_graph.cc:174] Sets FaceBlendshapesGraph acceleration to xnnpack by default.

--- ByT5 stage breakdown ---
  checkpoint_load :    0.0s
  to_device+eval  :    0.0s
  generate        :   17.8s

--- Stage timing breakdown ---
  video_read          :    0.0s
  mediapipe_landmarks :    0.0s
  mediapipe_overlapped:   21.5s  (overlapped with capture, not on the critical path)
  hand_crop           :    0.0s
  dinov2_hands        :    0.0s
  face_crop           :    0.0s
  dinov2_face         :    0.0s
  dinov2_overlapped   :   14.1s  (overlapped with capture, not on the critical path)
  pose_features       :    0.0s
  byt5_inference      :   17.9s
  total               :   17.9s
  submitted  201 submitted -> 201 through MediaPipe -> 186 kept  ( 35.4s wall,  21.5s perception)
             'However, if you have been quitting smoking for several months, do you have to clean up a little bit of your survival a little bit on Sunday but that decision to quit your smoking?'
W0000 00:00:1787360344.086415   27127 face_landmarker_graph.cc:174] Sets FaceBlendshapesGraph acceleration to xnnpack by default.
W0000 00:00:1787360344.145493   27134 face_landmarker_graph.cc:174] Sets FaceBlendshapesGraph acceleration to xnnpack by default.

--- ByT5 stage breakdown ---
  checkpoint_load :    0.0s
  to_device+eval  :    0.0s
  generate        :   15.5s

--- Stage timing breakdown ---
  video_read          :    0.0s
  mediapipe_landmarks :    0.0s
  mediapipe_overlapped:   19.9s  (overlapped with capture, not on the critical path)
  hand_crop           :    0.0s
  dinov2_hands        :    0.0s
  face_crop           :    0.0s
  dinov2_face         :    0.0s
  dinov2_overlapped   :   12.9s  (overlapped with capture, not on the critical path)
  pose_features       :    0.0s
  byt5_inference      :   15.6s
  total               :   15.6s
  enqueue    186 submitted -> 186 through MediaPipe -> 186 kept  ( 32.2s wall,  19.9s perception)
             'However, if you have been watering for several months you have been working hard to eliminate your cleanup, then you have decided to quit it and you will be happy and closed.'

eval_set_openasl/clips/LT0-h4P_xBY_04.mp4: 117 frames at stride 2, head padded with 15
W0000 00:00:1787360376.683125   27183 face_landmarker_graph.cc:174] Sets FaceBlendshapesGraph acceleration to xnnpack by default.
W0000 00:00:1787360376.743398   27190 face_landmarker_graph.cc:174] Sets FaceBlendshapesGraph acceleration to xnnpack by default.

--- ByT5 stage breakdown ---
  checkpoint_load :    0.0s
  to_device+eval  :    0.0s
  generate        :    9.8s

--- Stage timing breakdown ---
  video_read          :    0.0s
  mediapipe_landmarks :    0.0s
  mediapipe_overlapped:   15.0s  (overlapped with capture, not on the critical path)
  hand_crop           :    0.0s
  dinov2_hands        :    0.0s
  face_crop           :    0.0s
  dinov2_face         :    0.0s
  dinov2_overlapped   :    9.1s  (overlapped with capture, not on the critical path)
  pose_features       :    0.0s
  byt5_inference      :    9.9s
  total               :    9.9s
  submitted  132 submitted -> 132 through MediaPipe -> 117 kept  ( 22.4s wall,  15.0s perception)
             'Of course, I want to clearly remember that I just shared with the people that I was self-esteeming.'
W0000 00:00:1787360399.267017   27233 face_landmarker_graph.cc:174] Sets FaceBlendshapesGraph acceleration to xnnpack by default.
W0000 00:00:1787360399.331264   27240 face_landmarker_graph.cc:174] Sets FaceBlendshapesGraph acceleration to xnnpack by default.

--- ByT5 stage breakdown ---
  checkpoint_load :    0.0s
  to_device+eval  :    0.0s
  generate        :    9.7s

--- Stage timing breakdown ---
  video_read          :    0.0s
  mediapipe_landmarks :    0.0s
  mediapipe_overlapped:   13.5s  (overlapped with capture, not on the critical path)
  hand_crop           :    0.0s
  dinov2_hands        :    0.0s
  face_crop           :    0.0s
  dinov2_face         :    0.0s
  dinov2_overlapped   :    9.3s  (overlapped with capture, not on the critical path)
  pose_features       :    0.0s
  byt5_inference      :    9.8s
  total               :    9.8s
  enqueue    117 submitted -> 117 through MediaPipe -> 117 kept  ( 22.9s wall,  13.5s perception)
             'Of course, I want to make sure that the police officers and the police officers are shared with the people and the clients.'

eval_set_openasl/clips/LT0-h4P_xBY_05.mp4: 86 frames at stride 2, head padded with 15
W0000 00:00:1787360422.474392   27289 face_landmarker_graph.cc:174] Sets FaceBlendshapesGraph acceleration to xnnpack by default.
W0000 00:00:1787360422.546373   27296 face_landmarker_graph.cc:174] Sets FaceBlendshapesGraph acceleration to xnnpack by default.

--- ByT5 stage breakdown ---
  checkpoint_load :    0.0s
  to_device+eval  :    0.0s
  generate        :    7.3s

--- Stage timing breakdown ---
  video_read          :    0.0s
  mediapipe_landmarks :    0.0s
  mediapipe_overlapped:   11.0s  (overlapped with capture, not on the critical path)
  hand_crop           :    0.0s
  dinov2_hands        :    0.0s
  face_crop           :    0.0s
  dinov2_face         :    0.0s
  dinov2_overlapped   :    6.8s  (overlapped with capture, not on the critical path)
  pose_features       :    0.0s
  byt5_inference      :    7.3s
  total               :    7.3s
  submitted  101 submitted -> 101 through MediaPipe ->  86 kept  ( 17.4s wall,  11.0s perception)
             'The police is the third biggest person to email them about their personal complaint.'
W0000 00:00:1787360440.032603   27340 face_landmarker_graph.cc:174] Sets FaceBlendshapesGraph acceleration to xnnpack by default.
W0000 00:00:1787360440.095289   27347 face_landmarker_graph.cc:174] Sets FaceBlendshapesGraph acceleration to xnnpack by default.

--- ByT5 stage breakdown ---
  checkpoint_load :    0.0s
  to_device+eval  :    0.0s
  generate        :    9.1s

--- Stage timing breakdown ---
  video_read          :    0.0s
  mediapipe_landmarks :    0.0s
  mediapipe_overlapped:   10.1s  (overlapped with capture, not on the critical path)
  hand_crop           :    0.0s
  dinov2_hands        :    0.0s
  face_crop           :    0.0s
  dinov2_face         :    0.0s
  dinov2_overlapped   :    5.5s  (overlapped with capture, not on the critical path)
  pose_features       :    0.0s
  byt5_inference      :    9.1s
  total               :    9.2s
  enqueue     86 submitted ->  86 through MediaPipe ->  86 kept  ( 18.2s wall,  10.1s perception)
             'Has you been the third biggest person in your classroom and the best person in your classroom?'

eval_set_openasl/clips/LT0-h4P_xBY_06.mp4: 126 frames at stride 2, head padded with 15
W0000 00:00:1787360458.650196   27396 face_landmarker_graph.cc:174] Sets FaceBlendshapesGraph acceleration to xnnpack by default.
W0000 00:00:1787360458.702285   27403 face_landmarker_graph.cc:174] Sets FaceBlendshapesGraph acceleration to xnnpack by default.

--- ByT5 stage breakdown ---
  checkpoint_load :    0.0s
  to_device+eval  :    0.0s
  generate        :    5.2s

--- Stage timing breakdown ---
  video_read          :    0.0s
  mediapipe_landmarks :    0.0s
  mediapipe_overlapped:   17.5s  (overlapped with capture, not on the critical path)
  hand_crop           :    0.0s
  dinov2_hands        :    0.0s
  face_crop           :    0.0s
  dinov2_face         :    0.0s
  dinov2_overlapped   :    9.6s  (overlapped with capture, not on the critical path)
  pose_features       :    0.0s
  byt5_inference      :    5.2s
  total               :    5.2s
  submitted  141 submitted -> 141 through MediaPipe -> 126 kept  ( 19.3s wall,  17.5s perception)
             'Have you been racing on a business owner of the Ionizer Knox?'
W0000 00:00:1787360478.059024   27446 face_landmarker_graph.cc:174] Sets FaceBlendshapesGraph acceleration to xnnpack by default.
W0000 00:00:1787360478.114346   27453 face_landmarker_graph.cc:174] Sets FaceBlendshapesGraph acceleration to xnnpack by default.

--- ByT5 stage breakdown ---
  checkpoint_load :    0.0s
  to_device+eval  :    0.0s
  generate        :    5.5s

--- Stage timing breakdown ---
  video_read          :    0.0s
  mediapipe_landmarks :    0.0s
  mediapipe_overlapped:   14.8s  (overlapped with capture, not on the critical path)
  hand_crop           :    0.0s
  dinov2_hands        :    0.0s
  face_crop           :    0.0s
  dinov2_face         :    0.0s
  dinov2_overlapped   :    8.6s  (overlapped with capture, not on the critical path)
  pose_features       :    0.0s
  byt5_inference      :    5.6s
  total               :    5.6s
  enqueue    126 submitted -> 126 through MediaPipe -> 126 kept  ( 18.3s wall,  14.8s perception)
             'Do you have a race on the owner of the Ioniar Knox?'

eval_set_openasl/clips/YR7BS6l_95E_01.mp4: 62 frames at stride 2, head padded with 15
W0000 00:00:1787360496.619540   27502 face_landmarker_graph.cc:174] Sets FaceBlendshapesGraph acceleration to xnnpack by default.
W0000 00:00:1787360496.679913   27509 face_landmarker_graph.cc:174] Sets FaceBlendshapesGraph acceleration to xnnpack by default.

--- ByT5 stage breakdown ---
  checkpoint_load :    0.0s
  to_device+eval  :    0.0s
  generate        :    4.1s

--- Stage timing breakdown ---
  video_read          :    0.0s
  mediapipe_landmarks :    0.0s
  mediapipe_overlapped:   10.7s  (overlapped with capture, not on the critical path)
  hand_crop           :    0.0s
  dinov2_hands        :    0.0s
  face_crop           :    0.0s
  dinov2_face         :    0.0s
  dinov2_overlapped   :    5.1s  (overlapped with capture, not on the critical path)
  pose_features       :    0.0s
  byt5_inference      :    4.2s
  total               :    4.2s
  submitted   77 submitted ->  77 through MediaPipe ->  62 kept  ( 13.7s wall,  10.7s perception)
             'Who crowns the glory of humanity.'
W0000 00:00:1787360510.497678   27552 face_landmarker_graph.cc:174] Sets FaceBlendshapesGraph acceleration to xnnpack by default.
W0000 00:00:1787360510.560155   27559 face_landmarker_graph.cc:174] Sets FaceBlendshapesGraph acceleration to xnnpack by default.

--- ByT5 stage breakdown ---
  checkpoint_load :    0.0s
  to_device+eval  :    0.0s
  generate        :    3.9s

--- Stage timing breakdown ---
  video_read          :    0.0s
  mediapipe_landmarks :    0.0s
  mediapipe_overlapped:    8.2s  (overlapped with capture, not on the critical path)
  hand_crop           :    0.0s
  dinov2_hands        :    0.0s
  face_crop           :    0.0s
  dinov2_face         :    0.0s
  dinov2_overlapped   :    3.8s  (overlapped with capture, not on the critical path)
  pose_features       :    0.0s
  byt5_inference      :    3.9s
  total               :    3.9s
  enqueue     62 submitted ->  62 through MediaPipe ->  62 kept  ( 11.8s wall,   8.2s perception)
             'Who crowns the glory of humanity.'

eval_set_openasl/clips/YR7BS6l_95E_02.mp4: 74 frames at stride 2, head padded with 15
W0000 00:00:1787360522.699271   27608 face_landmarker_graph.cc:174] Sets FaceBlendshapesGraph acceleration to xnnpack by default.
W0000 00:00:1787360522.757445   27615 face_landmarker_graph.cc:174] Sets FaceBlendshapesGraph acceleration to xnnpack by default.

--- ByT5 stage breakdown ---
  checkpoint_load :    0.0s
  to_device+eval  :    0.0s
  generate        :    6.1s

--- Stage timing breakdown ---
  video_read          :    0.0s
  mediapipe_landmarks :    0.0s
  mediapipe_overlapped:   10.5s  (overlapped with capture, not on the critical path)
  hand_crop           :    0.0s
  dinov2_hands        :    0.0s
  face_crop           :    0.0s
  dinov2_face         :    0.0s
  dinov2_overlapped   :    5.8s  (overlapped with capture, not on the critical path)
  pose_features       :    0.0s
  byt5_inference      :    6.1s
  total               :    6.1s
  submitted   89 submitted ->  89 through MediaPipe ->  74 kept  ( 16.0s wall,  10.5s perception)
             "There are so many variations, but I can't feel that they've been filming."
W0000 00:00:1787360538.845652   27659 face_landmarker_graph.cc:174] Sets FaceBlendshapesGraph acceleration to xnnpack by default.
W0000 00:00:1787360538.907477   27666 face_landmarker_graph.cc:174] Sets FaceBlendshapesGraph acceleration to xnnpack by default.

--- ByT5 stage breakdown ---
  checkpoint_load :    0.0s
  to_device+eval  :    0.0s
  generate        :    6.8s

--- Stage timing breakdown ---
  video_read          :    0.0s
  mediapipe_landmarks :    0.0s
  mediapipe_overlapped:    9.6s  (overlapped with capture, not on the critical path)
  hand_crop           :    0.0s
  dinov2_hands        :    0.0s
  face_crop           :    0.0s
  dinov2_face         :    0.0s
  dinov2_overlapped   :    4.8s  (overlapped with capture, not on the critical path)
  pose_features       :    0.0s
  byt5_inference      :    6.8s
  total               :    6.9s
  enqueue     74 submitted ->  74 through MediaPipe ->  74 kept  ( 15.8s wall,   9.6s perception)
             "I've met so many different people, but I can't feel it's a lot of people filming."

eval_set_openasl/clips/YR7BS6l_95E_03.mp4: 63 frames at stride 2, head padded with 15
W0000 00:00:1787360554.998963   27720 face_landmarker_graph.cc:174] Sets FaceBlendshapesGraph acceleration to xnnpack by default.
W0000 00:00:1787360555.060961   27727 face_landmarker_graph.cc:174] Sets FaceBlendshapesGraph acceleration to xnnpack by default.

--- ByT5 stage breakdown ---
  checkpoint_load :    0.0s
  to_device+eval  :    0.0s
  generate        :    6.0s

--- Stage timing breakdown ---
  video_read          :    0.0s
  mediapipe_landmarks :    0.0s
  mediapipe_overlapped:    8.9s  (overlapped with capture, not on the critical path)
  hand_crop           :    0.0s
  dinov2_hands        :    0.0s
  face_crop           :    0.0s
  dinov2_face         :    0.0s
  dinov2_overlapped   :    5.3s  (overlapped with capture, not on the critical path)
  pose_features       :    0.0s
  byt5_inference      :    6.0s
  total               :    6.0s
  submitted   78 submitted ->  78 through MediaPipe ->  63 kept  ( 15.2s wall,   8.9s perception)
             'I feel so blessed that I am very grateful for the community and the staff.'
W0000 00:00:1787360570.413206   27771 face_landmarker_graph.cc:174] Sets FaceBlendshapesGraph acceleration to xnnpack by default.
W0000 00:00:1787360570.476242   27778 face_landmarker_graph.cc:174] Sets FaceBlendshapesGraph acceleration to xnnpack by default.

--- ByT5 stage breakdown ---
  checkpoint_load :    0.0s
  to_device+eval  :    0.0s
  generate        :    4.0s

--- Stage timing breakdown ---
  video_read          :    0.0s
  mediapipe_landmarks :    0.0s
  mediapipe_overlapped:    7.1s  (overlapped with capture, not on the critical path)
  hand_crop           :    0.0s
  dinov2_hands        :    0.0s
  face_crop           :    0.0s
  dinov2_face         :    0.0s
  dinov2_overlapped   :    3.9s  (overlapped with capture, not on the critical path)
  pose_features       :    0.0s
  byt5_inference      :    4.0s
  total               :    4.1s
  enqueue     63 submitted ->  63 through MediaPipe ->  63 kept  ( 11.6s wall,   7.1s perception)
             'I feel so blessed that it feels so much to me.'

eval_set_openasl/clips/YR7BS6l_95E_04.mp4: 226 frames at stride 2, head padded with 15
W0000 00:00:1787360582.613490   27827 face_landmarker_graph.cc:174] Sets FaceBlendshapesGraph acceleration to xnnpack by default.
W0000 00:00:1787360582.668845   27834 face_landmarker_graph.cc:174] Sets FaceBlendshapesGraph acceleration to xnnpack by default.

--- ByT5 stage breakdown ---
  checkpoint_load :    0.0s
  to_device+eval  :    0.0s
  generate        :    8.8s

--- Stage timing breakdown ---
  video_read          :    0.0s
  mediapipe_landmarks :    0.0s
  mediapipe_overlapped:   25.5s  (overlapped with capture, not on the critical path)
  hand_crop           :    0.0s
  dinov2_hands        :    0.0s
  face_crop           :    0.0s
  dinov2_face         :    0.0s
  dinov2_overlapped   :   18.9s  (overlapped with capture, not on the critical path)
  pose_features       :    0.0s
  byt5_inference      :    8.8s
  total               :    8.8s
  submitted  241 submitted -> 241 through MediaPipe -> 226 kept  ( 31.1s wall,  25.5s perception)
             "Last week a royal viewer noticed her dress during a wedding in Prince Eugenie's wedding."
W0000 00:00:1787360613.868389   27877 face_landmarker_graph.cc:174] Sets FaceBlendshapesGraph acceleration to xnnpack by default.
W0000 00:00:1787360613.938005   27884 face_landmarker_graph.cc:174] Sets FaceBlendshapesGraph acceleration to xnnpack by default.

--- ByT5 stage breakdown ---
  checkpoint_load :    0.0s
  to_device+eval  :    0.0s
  generate        :    9.3s

--- Stage timing breakdown ---
  video_read          :    0.0s
  mediapipe_landmarks :    0.0s
  mediapipe_overlapped:   24.3s  (overlapped with capture, not on the critical path)
  hand_crop           :    0.0s
  dinov2_hands        :    0.0s
  face_crop           :    0.0s
  dinov2_face         :    0.0s
  dinov2_overlapped   :   17.5s  (overlapped with capture, not on the critical path)
  pose_features       :    0.0s
  byt5_inference      :    9.4s
  total               :    9.4s
  enqueue    226 submitted -> 226 through MediaPipe -> 226 kept  ( 30.2s wall,  24.3s perception)
             'Last week a royal watcher noticed Brown dressed up at a wedding in Prince Eugenie.'

eval_set_openasl/clips/YR7BS6l_95E_05.mp4: 174 frames at stride 2, head padded with 15
W0000 00:00:1787360644.638015   27933 face_landmarker_graph.cc:174] Sets FaceBlendshapesGraph acceleration to xnnpack by default.
W0000 00:00:1787360644.697279   27940 face_landmarker_graph.cc:174] Sets FaceBlendshapesGraph acceleration to xnnpack by default.

--- ByT5 stage breakdown ---
  checkpoint_load :    0.0s
  to_device+eval  :    0.0s
  generate        :    7.9s

--- Stage timing breakdown ---
  video_read          :    0.0s
  mediapipe_landmarks :    0.0s
  mediapipe_overlapped:   19.8s  (overlapped with capture, not on the critical path)
  hand_crop           :    0.0s
  dinov2_hands        :    0.0s
  face_crop           :    0.0s
  dinov2_face         :    0.0s
  dinov2_overlapped   :   14.0s  (overlapped with capture, not on the critical path)
  pose_features       :    0.0s
  byt5_inference      :    7.9s
  total               :    8.0s
  submitted  189 submitted -> 189 through MediaPipe -> 174 kept  ( 25.4s wall,  19.8s perception)
             'The helicopter then travels to a shelter to help provide supplies with supplies.'
W0000 00:00:1787360670.176669   27984 face_landmarker_graph.cc:174] Sets FaceBlendshapesGraph acceleration to xnnpack by default.
W0000 00:00:1787360670.215524   27991 face_landmarker_graph.cc:174] Sets FaceBlendshapesGraph acceleration to xnnpack by default.

--- ByT5 stage breakdown ---
  checkpoint_load :    0.0s
  to_device+eval  :    0.0s
  generate        :    8.6s

--- Stage timing breakdown ---
  video_read          :    0.0s
  mediapipe_landmarks :    0.0s
  mediapipe_overlapped:   18.9s  (overlapped with capture, not on the critical path)
  hand_crop           :    0.0s
  dinov2_hands        :    0.0s
  face_crop           :    0.0s
  dinov2_face         :    0.0s
  dinov2_overlapped   :   12.9s  (overlapped with capture, not on the critical path)
  pose_features       :    0.0s
  byt5_inference      :    8.6s
  total               :    8.6s
  enqueue    174 submitted -> 174 through MediaPipe -> 174 kept  ( 25.1s wall,  18.9s perception)
             'The helicopter travels to the area and flies to a shelter to help provide supplies with supplies.'

eval_set_openasl/clips/YR7BS6l_95E_06.mp4: 200 frames at stride 2, head padded with 15
W0000 00:00:1787360695.934583   28040 face_landmarker_graph.cc:174] Sets FaceBlendshapesGraph acceleration to xnnpack by default.
W0000 00:00:1787360696.000330   28047 face_landmarker_graph.cc:174] Sets FaceBlendshapesGraph acceleration to xnnpack by default.

--- ByT5 stage breakdown ---
  checkpoint_load :    0.0s
  to_device+eval  :    0.0s
  generate        :   11.0s

--- Stage timing breakdown ---
  video_read          :    0.0s
  mediapipe_landmarks :    0.0s
  mediapipe_overlapped:   23.1s  (overlapped with capture, not on the critical path)
  hand_crop           :    0.0s
  dinov2_hands        :    0.0s
  face_crop           :    0.0s
  dinov2_face         :    0.0s
  dinov2_overlapped   :   16.4s  (overlapped with capture, not on the critical path)
  pose_features       :    0.0s
  byt5_inference      :   11.0s
  total               :   11.0s
  submitted  215 submitted -> 215 through MediaPipe -> 200 kept  ( 31.1s wall,  23.1s perception)
             'The new trailer features a male-field bullying company, including putting a stone on it, managing its truck and tall boil.'
W0000 00:00:1787360727.237966   28090 face_landmarker_graph.cc:174] Sets FaceBlendshapesGraph acceleration to xnnpack by default.
W0000 00:00:1787360727.310201   28097 face_landmarker_graph.cc:174] Sets FaceBlendshapesGraph acceleration to xnnpack by default.

--- ByT5 stage breakdown ---
  checkpoint_load :    0.0s
  to_device+eval  :    0.0s
  generate        :    9.9s

--- Stage timing breakdown ---
  video_read          :    0.0s
  mediapipe_landmarks :    0.0s
  mediapipe_overlapped:   20.5s  (overlapped with capture, not on the critical path)
  hand_crop           :    0.0s
  dinov2_hands        :    0.0s
  face_crop           :    0.0s
  dinov2_face         :    0.0s
  dinov2_overlapped   :   15.5s  (overlapped with capture, not on the critical path)
  pose_features       :    0.0s
  byt5_inference      :    9.9s
  total               :   10.0s
  enqueue    200 submitted -> 200 through MediaPipe -> 200 kept  ( 28.8s wall,  20.5s perception)
             'The new trailer features a male-field belly guttering company, including chocolate, trump management and clock boil.'

eval_set_openasl/clips/k5Gxbifw8s8_01.mp4: 15 frames at stride 2, head padded with 15
W0000 00:00:1787360756.328343   28146 face_landmarker_graph.cc:174] Sets FaceBlendshapesGraph acceleration to xnnpack by default.
W0000 00:00:1787360756.395542   28153 face_landmarker_graph.cc:174] Sets FaceBlendshapesGraph acceleration to xnnpack by default.

--- ByT5 stage breakdown ---
  checkpoint_load :    0.0s
  to_device+eval  :    0.0s
  generate        :    1.8s

--- Stage timing breakdown ---
  video_read          :    0.0s
  mediapipe_landmarks :    0.0s
  mediapipe_overlapped:    4.0s  (overlapped with capture, not on the critical path)
  hand_crop           :    0.0s
  dinov2_hands        :    0.0s
  face_crop           :    0.0s
  dinov2_face         :    0.0s
  dinov2_overlapped   :    2.0s  (overlapped with capture, not on the critical path)
  pose_features       :    0.0s
  byt5_inference      :    1.8s
  total               :    1.8s
  submitted   30 submitted ->  30 through MediaPipe ->  15 kept  (  7.8s wall,   4.0s perception)
             "I'm Candace Jones."
W0000 00:00:1787360764.312804   28193 face_landmarker_graph.cc:174] Sets FaceBlendshapesGraph acceleration to xnnpack by default.
W0000 00:00:1787360764.395291   28200 face_landmarker_graph.cc:174] Sets FaceBlendshapesGraph acceleration to xnnpack by default.

--- ByT5 stage breakdown ---
  checkpoint_load :    0.0s
  to_device+eval  :    0.0s
  generate        :    1.7s

--- Stage timing breakdown ---
  video_read          :    0.0s
  mediapipe_landmarks :    0.0s
  mediapipe_overlapped:    2.2s  (overlapped with capture, not on the critical path)
  hand_crop           :    0.0s
  dinov2_hands        :    0.0s
  face_crop           :    0.0s
  dinov2_face         :    0.0s
  dinov2_overlapped   :    1.1s  (overlapped with capture, not on the critical path)
  pose_features       :    0.0s
  byt5_inference      :    1.7s
  total               :    1.7s
  enqueue     15 submitted ->  15 through MediaPipe ->  15 kept  (  5.1s wall,   2.2s perception)
             "I'm Candace Jones."

eval_set_openasl/clips/k5Gxbifw8s8_02.mp4: 291 frames at stride 2, head padded with 15
W0000 00:00:1787360770.237417   28246 face_landmarker_graph.cc:174] Sets FaceBlendshapesGraph acceleration to xnnpack by default.
W0000 00:00:1787360770.267387   28253 face_landmarker_graph.cc:174] Sets FaceBlendshapesGraph acceleration to xnnpack by default.

--- ByT5 stage breakdown ---
  checkpoint_load :    0.0s
  to_device+eval  :    0.0s
  generate        :   15.6s

--- Stage timing breakdown ---
  video_read          :    0.0s
  mediapipe_landmarks :    0.0s
  mediapipe_overlapped:   33.4s  (overlapped with capture, not on the critical path)
  hand_crop           :    0.0s
  dinov2_hands        :    0.0s
  face_crop           :    0.0s
  dinov2_face         :    0.0s
  dinov2_overlapped   :   23.5s  (overlapped with capture, not on the critical path)
  pose_features       :    0.1s
  byt5_inference      :   15.6s
  total               :   15.7s
  submitted  306 submitted -> 306 through MediaPipe -> 291 kept  ( 42.5s wall,  33.4s perception)
             'We decided to reject the top three important information and decided to provide the students with the importance of professional information I wanted to present to the Deaf community.'
W0000 00:00:1787360812.866789   28296 face_landmarker_graph.cc:174] Sets FaceBlendshapesGraph acceleration to xnnpack by default.
W0000 00:00:1787360812.933371   28303 face_landmarker_graph.cc:174] Sets FaceBlendshapesGraph acceleration to xnnpack by default.

--- ByT5 stage breakdown ---
  checkpoint_load :    0.0s
  to_device+eval  :    0.0s
  generate        :   16.9s

--- Stage timing breakdown ---
  video_read          :    0.0s
  mediapipe_landmarks :    0.0s
  mediapipe_overlapped:   32.2s  (overlapped with capture, not on the critical path)
  hand_crop           :    0.0s
  dinov2_hands        :    0.0s
  face_crop           :    0.0s
  dinov2_face         :    0.0s
  dinov2_overlapped   :   22.0s  (overlapped with capture, not on the critical path)
  pose_features       :    0.1s
  byt5_inference      :   16.9s
  total               :   17.0s
  enqueue    291 submitted -> 291 through MediaPipe -> 291 kept  ( 42.9s wall,  32.2s perception)
             'We rejected the top three students that decided to decide what was the importance of the information I wanted to document and present to the Deaf community and professionals in their area.'

eval_set_openasl/clips/k5Gxbifw8s8_03.mp4: 71 frames at stride 2, head padded with 15
W0000 00:00:1787360856.154486   28357 face_landmarker_graph.cc:174] Sets FaceBlendshapesGraph acceleration to xnnpack by default.
W0000 00:00:1787360856.215798   28364 face_landmarker_graph.cc:174] Sets FaceBlendshapesGraph acceleration to xnnpack by default.

--- ByT5 stage breakdown ---
  checkpoint_load :    0.0s
  to_device+eval  :    0.0s
  generate        :    4.2s

--- Stage timing breakdown ---
  video_read          :    0.0s
  mediapipe_landmarks :    0.0s
  mediapipe_overlapped:    8.4s  (overlapped with capture, not on the critical path)
  hand_crop           :    0.0s
  dinov2_hands        :    0.0s
  face_crop           :    0.0s
  dinov2_face         :    0.0s
  dinov2_overlapped   :    5.8s  (overlapped with capture, not on the critical path)
  pose_features       :    0.0s
  byt5_inference      :    4.2s
  total               :    4.2s
  submitted   86 submitted ->  86 through MediaPipe ->  71 kept  ( 13.0s wall,   8.4s perception)
             'The CRI job opportunities for Deaf people are growing.'
W0000 00:00:1787360869.319908   28407 face_landmarker_graph.cc:174] Sets FaceBlendshapesGraph acceleration to xnnpack by default.
W0000 00:00:1787360869.385288   28414 face_landmarker_graph.cc:174] Sets FaceBlendshapesGraph acceleration to xnnpack by default.

--- ByT5 stage breakdown ---
  checkpoint_load :    0.0s
  to_device+eval  :    0.0s
  generate        :    4.5s

--- Stage timing breakdown ---
  video_read          :    0.0s
  mediapipe_landmarks :    0.0s
  mediapipe_overlapped:    7.2s  (overlapped with capture, not on the critical path)
  hand_crop           :    0.0s
  dinov2_hands        :    0.0s
  face_crop           :    0.0s
  dinov2_face         :    0.0s
  dinov2_overlapped   :    4.8s  (overlapped with capture, not on the critical path)
  pose_features       :    0.0s
  byt5_inference      :    4.6s
  total               :    4.6s
  enqueue     71 submitted ->  71 through MediaPipe ->  71 kept  ( 12.6s wall,   7.2s perception)
             'This job opportunity for Deaf people is growing.'

eval_set_openasl/clips/k5Gxbifw8s8_04.mp4: 239 frames at stride 2, head padded with 15
W0000 00:00:1787360882.574001   28463 face_landmarker_graph.cc:174] Sets FaceBlendshapesGraph acceleration to xnnpack by default.
W0000 00:00:1787360882.642559   28470 face_landmarker_graph.cc:174] Sets FaceBlendshapesGraph acceleration to xnnpack by default.

--- ByT5 stage breakdown ---
  checkpoint_load :    0.0s
  to_device+eval  :    0.0s
  generate        :   15.4s

--- Stage timing breakdown ---
  video_read          :    0.0s
  mediapipe_landmarks :    0.0s
  mediapipe_overlapped:   28.3s  (overlapped with capture, not on the critical path)
  hand_crop           :    0.0s
  dinov2_hands        :    0.0s
  face_crop           :    0.0s
  dinov2_face         :    0.0s
  dinov2_overlapped   :   19.1s  (overlapped with capture, not on the critical path)
  pose_features       :    0.0s
  byt5_inference      :   15.5s
  total               :   15.5s
  submitted  254 submitted -> 254 through MediaPipe -> 239 kept  ( 38.2s wall,  28.3s perception)
             "The Trump administration has argued that the House's conduct of impeachment inquiry is not patent because Congress has not officially voted to proceed with the impeachment inquiry."
W0000 00:00:1787360920.999943   28521 face_landmarker_graph.cc:174] Sets FaceBlendshapesGraph acceleration to xnnpack by default.
W0000 00:00:1787360921.072999   28528 face_landmarker_graph.cc:174] Sets FaceBlendshapesGraph acceleration to xnnpack by default.

--- ByT5 stage breakdown ---
  checkpoint_load :    0.0s
  to_device+eval  :    0.0s
  generate        :   15.3s

--- Stage timing breakdown ---
  video_read          :    0.0s
  mediapipe_landmarks :    0.0s
  mediapipe_overlapped:   25.9s  (overlapped with capture, not on the critical path)
  hand_crop           :    0.0s
  dinov2_hands        :    0.0s
  face_crop           :    0.0s
  dinov2_face         :    0.0s
  dinov2_overlapped   :   18.3s  (overlapped with capture, not on the critical path)
  pose_features       :    0.0s
  byt5_inference      :   15.4s
  total               :   15.4s
  enqueue    239 submitted -> 239 through MediaPipe -> 239 kept  ( 37.0s wall,  25.9s perception)
             "The Trump administration has argued that the House's conduct of impeachment inquiry is not valid because Congress has not officially voted to proceed with the House."

eval_set_openasl/clips/k5Gxbifw8s8_05.mp4: 67 frames at stride 2, head padded with 15
W0000 00:00:1787360958.394314   28577 face_landmarker_graph.cc:174] Sets FaceBlendshapesGraph acceleration to xnnpack by default.
W0000 00:00:1787360958.458335   28584 face_landmarker_graph.cc:174] Sets FaceBlendshapesGraph acceleration to xnnpack by default.

--- ByT5 stage breakdown ---
  checkpoint_load :    0.0s
  to_device+eval  :    0.0s
  generate        :    3.4s

--- Stage timing breakdown ---
  video_read          :    0.0s
  mediapipe_landmarks :    0.0s
  mediapipe_overlapped:    7.9s  (overlapped with capture, not on the critical path)
  hand_crop           :    0.0s
  dinov2_hands        :    0.0s
  face_crop           :    0.0s
  dinov2_face         :    0.0s
  dinov2_overlapped   :    5.6s  (overlapped with capture, not on the critical path)
  pose_features       :    0.0s
  byt5_inference      :    3.4s
  total               :    3.4s
  submitted   82 submitted ->  82 through MediaPipe ->  67 kept  ( 12.0s wall,   7.9s perception)
             'And more young people use rabbit.'
W0000 00:00:1787360970.589220   28627 face_landmarker_graph.cc:174] Sets FaceBlendshapesGraph acceleration to xnnpack by default.
W0000 00:00:1787360970.653414   28634 face_landmarker_graph.cc:174] Sets FaceBlendshapesGraph acceleration to xnnpack by default.

--- ByT5 stage breakdown ---
  checkpoint_load :    0.0s
  to_device+eval  :    0.0s
  generate        :    3.1s

--- Stage timing breakdown ---
  video_read          :    0.0s
  mediapipe_landmarks :    0.0s
  mediapipe_overlapped:    6.8s  (overlapped with capture, not on the critical path)
  hand_crop           :    0.0s
  dinov2_hands        :    0.0s
  face_crop           :    0.0s
  dinov2_face         :    0.0s
  dinov2_overlapped   :    4.3s  (overlapped with capture, not on the critical path)
  pose_features       :    0.0s
  byt5_inference      :    3.2s
  total               :    3.2s
  enqueue     67 submitted ->  67 through MediaPipe ->  67 kept  ( 10.6s wall,   6.8s perception)
             'And more young people wear rabbits.'

eval_set_openasl/clips/k5Gxbifw8s8_06.mp4: 75 frames at stride 2, head padded with 15
W0000 00:00:1787360981.520778   28684 face_landmarker_graph.cc:174] Sets FaceBlendshapesGraph acceleration to xnnpack by default.
W0000 00:00:1787360981.588654   28691 face_landmarker_graph.cc:174] Sets FaceBlendshapesGraph acceleration to xnnpack by default.

--- ByT5 stage breakdown ---
  checkpoint_load :    0.0s
  to_device+eval  :    0.0s
  generate        :    5.0s

--- Stage timing breakdown ---
  video_read          :    0.0s
  mediapipe_landmarks :    0.0s
  mediapipe_overlapped:    9.9s  (overlapped with capture, not on the critical path)
  hand_crop           :    0.0s
  dinov2_hands        :    0.0s
  face_crop           :    0.0s
  dinov2_face         :    0.0s
  dinov2_overlapped   :    6.0s  (overlapped with capture, not on the critical path)
  pose_features       :    0.0s
  byt5_inference      :    5.0s
  total               :    5.0s
  submitted   90 submitted ->  90 through MediaPipe ->  75 kept  ( 14.5s wall,   9.9s perception)
             'And Snyders still provides free despite its fees.'
W0000 00:00:1787360996.203198   28734 face_landmarker_graph.cc:174] Sets FaceBlendshapesGraph acceleration to xnnpack by default.
W0000 00:00:1787360996.266884   28741 face_landmarker_graph.cc:174] Sets FaceBlendshapesGraph acceleration to xnnpack by default.

--- ByT5 stage breakdown ---
  checkpoint_load :    0.0s
  to_device+eval  :    0.0s
  generate        :    4.7s

--- Stage timing breakdown ---
  video_read          :    0.0s
  mediapipe_landmarks :    0.0s
  mediapipe_overlapped:    7.7s  (overlapped with capture, not on the critical path)
  hand_crop           :    0.0s
  dinov2_hands        :    0.0s
  face_crop           :    0.0s
  dinov2_face         :    0.0s
  dinov2_overlapped   :    5.4s  (overlapped with capture, not on the critical path)
  pose_features       :    0.0s
  byt5_inference      :    4.7s
  total               :    4.8s
  enqueue     75 submitted ->  75 through MediaPipe ->  75 kept  ( 13.3s wall,   7.7s perception)
             'And Snyders still provides free candy.'

eval_set_openasl/clips/FND2JfzngVY_01.mp4: 14 frames at stride 2, head padded with 15
W0000 00:00:1787361009.713603   28790 face_landmarker_graph.cc:174] Sets FaceBlendshapesGraph acceleration to xnnpack by default.
W0000 00:00:1787361009.777795   28797 face_landmarker_graph.cc:174] Sets FaceBlendshapesGraph acceleration to xnnpack by default.

--- ByT5 stage breakdown ---
  checkpoint_load :    0.0s
  to_device+eval  :    0.0s
  generate        :    1.9s

--- Stage timing breakdown ---
  video_read          :    0.0s
  mediapipe_landmarks :    0.0s
  mediapipe_overlapped:    4.2s  (overlapped with capture, not on the critical path)
  hand_crop           :    0.0s
  dinov2_hands        :    0.0s
  face_crop           :    0.0s
  dinov2_face         :    0.0s
  dinov2_overlapped   :    1.9s  (overlapped with capture, not on the critical path)
  pose_features       :    0.0s
  byt5_inference      :    1.9s
  total               :    1.9s
  submitted   29 submitted ->  29 through MediaPipe ->  14 kept  (  8.0s wall,   4.2s perception)
             "I'm Crystal Cousineau."
W0000 00:00:1787361017.889818   28837 face_landmarker_graph.cc:174] Sets FaceBlendshapesGraph acceleration to xnnpack by default.
W0000 00:00:1787361017.968810   28844 face_landmarker_graph.cc:174] Sets FaceBlendshapesGraph acceleration to xnnpack by default.

--- ByT5 stage breakdown ---
  checkpoint_load :    0.0s
  to_device+eval  :    0.0s
  generate        :    2.1s

--- Stage timing breakdown ---
  video_read          :    0.0s
  mediapipe_landmarks :    0.0s
  mediapipe_overlapped:    2.0s  (overlapped with capture, not on the critical path)
  hand_crop           :    0.0s
  dinov2_hands        :    0.0s
  face_crop           :    0.0s
  dinov2_face         :    0.0s
  dinov2_overlapped   :    1.1s  (overlapped with capture, not on the critical path)
  pose_features       :    0.0s
  byt5_inference      :    2.1s
  total               :    2.1s
  enqueue     14 submitted ->  14 through MediaPipe ->  14 kept  (  5.2s wall,   2.0s perception)
             "I'm Crystal Cousineau."

eval_set_openasl/clips/FND2JfzngVY_02.mp4: 63 frames at stride 2, head padded with 15
W0000 00:00:1787361023.468913   28890 face_landmarker_graph.cc:174] Sets FaceBlendshapesGraph acceleration to xnnpack by default.
W0000 00:00:1787361023.525939   28897 face_landmarker_graph.cc:174] Sets FaceBlendshapesGraph acceleration to xnnpack by default.

--- ByT5 stage breakdown ---
  checkpoint_load :    0.0s
  to_device+eval  :    0.0s
  generate        :    5.3s

--- Stage timing breakdown ---
  video_read          :    0.0s
  mediapipe_landmarks :    0.0s
  mediapipe_overlapped:    7.5s  (overlapped with capture, not on the critical path)
  hand_crop           :    0.0s
  dinov2_hands        :    0.0s
  face_crop           :    0.0s
  dinov2_face         :    0.0s
  dinov2_overlapped   :    5.3s  (overlapped with capture, not on the critical path)
  pose_features       :    0.0s
  byt5_inference      :    5.3s
  total               :    5.3s
  submitted   78 submitted ->  78 through MediaPipe ->  63 kept  ( 13.5s wall,   7.5s perception)
             'The Philadelphia Lions NFL stadium will take place.'
W0000 00:00:1787361037.130225   28940 face_landmarker_graph.cc:174] Sets FaceBlendshapesGraph acceleration to xnnpack by default.
W0000 00:00:1787361037.189883   28947 face_landmarker_graph.cc:174] Sets FaceBlendshapesGraph acceleration to xnnpack by default.

--- ByT5 stage breakdown ---
  checkpoint_load :    0.0s
  to_device+eval  :    0.0s
  generate        :    4.7s

--- Stage timing breakdown ---
  video_read          :    0.0s
  mediapipe_landmarks :    0.0s
  mediapipe_overlapped:    6.2s  (overlapped with capture, not on the critical path)
  hand_crop           :    0.0s
  dinov2_hands        :    0.0s
  face_crop           :    0.0s
  dinov2_face         :    0.0s
  dinov2_overlapped   :    4.3s  (overlapped with capture, not on the critical path)
  pose_features       :    0.0s
  byt5_inference      :    4.7s
  total               :    4.8s
  enqueue     63 submitted ->  63 through MediaPipe ->  63 kept  ( 12.0s wall,   6.2s perception)
             'The Philadelphia Lions NFL stadium will take place.'

eval_set_openasl/clips/FND2JfzngVY_03.mp4: 43 frames at stride 2, head padded with 15
W0000 00:00:1787361049.362821   28996 face_landmarker_graph.cc:174] Sets FaceBlendshapesGraph acceleration to xnnpack by default.
W0000 00:00:1787361049.421049   29003 face_landmarker_graph.cc:174] Sets FaceBlendshapesGraph acceleration to xnnpack by default.

--- ByT5 stage breakdown ---
  checkpoint_load :    0.0s
  to_device+eval  :    0.0s
  generate        :    3.0s

--- Stage timing breakdown ---
  video_read          :    0.0s
  mediapipe_landmarks :    0.0s
  mediapipe_overlapped:    6.6s  (overlapped with capture, not on the critical path)
  hand_crop           :    0.0s
  dinov2_hands        :    0.0s
  face_crop           :    0.0s
  dinov2_face         :    0.0s
  dinov2_overlapped   :    3.9s  (overlapped with capture, not on the critical path)
  pose_features       :    0.0s
  byt5_inference      :    3.0s
  total               :    3.0s
  submitted   58 submitted ->  58 through MediaPipe ->  43 kept  ( 10.4s wall,   6.6s perception)
             'The service is $20 for adults $15.'
W0000 00:00:1787361059.932675   29046 face_landmarker_graph.cc:174] Sets FaceBlendshapesGraph acceleration to xnnpack by default.
W0000 00:00:1787361060.008077   29053 face_landmarker_graph.cc:174] Sets FaceBlendshapesGraph acceleration to xnnpack by default.

--- ByT5 stage breakdown ---
  checkpoint_load :    0.0s
  to_device+eval  :    0.0s
  generate        :    3.8s

--- Stage timing breakdown ---
  video_read          :    0.0s
  mediapipe_landmarks :    0.0s
  mediapipe_overlapped:    4.9s  (overlapped with capture, not on the critical path)
  hand_crop           :    0.0s
  dinov2_hands        :    0.0s
  face_crop           :    0.0s
  dinov2_face         :    0.0s
  dinov2_overlapped   :    3.1s  (overlapped with capture, not on the critical path)
  pose_features       :    0.0s
  byt5_inference      :    3.8s
  total               :    3.8s
  enqueue     43 submitted ->  43 through MediaPipe ->  43 kept  ( 10.5s wall,   4.9s perception)
             'The school is $20 for adults and $15 for students.'

eval_set_openasl/clips/FND2JfzngVY_04.mp4: 250 frames at stride 2, head padded with 15
W0000 00:00:1787361071.134721   29103 face_landmarker_graph.cc:174] Sets FaceBlendshapesGraph acceleration to xnnpack by default.
W0000 00:00:1787361071.191268   29110 face_landmarker_graph.cc:174] Sets FaceBlendshapesGraph acceleration to xnnpack by default.

--- ByT5 stage breakdown ---
  checkpoint_load :    0.0s
  to_device+eval  :    0.0s
  generate        :   10.2s

--- Stage timing breakdown ---
  video_read          :    0.0s
  mediapipe_landmarks :    0.0s
  mediapipe_overlapped:   27.3s  (overlapped with capture, not on the critical path)
  hand_crop           :    0.0s
  dinov2_hands        :    0.0s
  face_crop           :    0.0s
  dinov2_face         :    0.0s
  dinov2_overlapped   :   20.3s  (overlapped with capture, not on the critical path)
  pose_features       :    0.0s
  byt5_inference      :   10.3s
  total               :   10.3s
  submitted  265 submitted -> 265 through MediaPipe -> 250 kept  ( 33.9s wall,  27.3s perception)
             'The returning toys include Beanie Babies, the Gamburgolar and Power Rangers, which have been renrolled in the past.'
W0000 00:00:1787361105.205152   29154 face_landmarker_graph.cc:174] Sets FaceBlendshapesGraph acceleration to xnnpack by default.
W0000 00:00:1787361105.270639   29161 face_landmarker_graph.cc:174] Sets FaceBlendshapesGraph acceleration to xnnpack by default.

--- ByT5 stage breakdown ---
  checkpoint_load :    0.0s
  to_device+eval  :    0.0s
  generate        :    9.6s

--- Stage timing breakdown ---
  video_read          :    0.0s
  mediapipe_landmarks :    0.0s
  mediapipe_overlapped:   25.9s  (overlapped with capture, not on the critical path)
  hand_crop           :    0.0s
  dinov2_hands        :    0.0s
  face_crop           :    0.0s
  dinov2_face         :    0.0s
  dinov2_overlapped   :   19.3s  (overlapped with capture, not on the critical path)
  pose_features       :    0.0s
  byt5_inference      :    9.7s
  total               :    9.7s
  enqueue    250 submitted -> 250 through MediaPipe -> 250 kept  ( 32.3s wall,  25.9s perception)
             'The returning toys include Benie Babies, The Hamburgolar and Power Rangers, which are the retro ages.'

eval_set_openasl/clips/FND2JfzngVY_05.mp4: 55 frames at stride 2, head padded with 15
W0000 00:00:1787361137.805786   29210 face_landmarker_graph.cc:174] Sets FaceBlendshapesGraph acceleration to xnnpack by default.
W0000 00:00:1787361137.868174   29217 face_landmarker_graph.cc:174] Sets FaceBlendshapesGraph acceleration to xnnpack by default.

--- ByT5 stage breakdown ---
  checkpoint_load :    0.0s
  to_device+eval  :    0.0s
  generate        :    2.8s

--- Stage timing breakdown ---
  video_read          :    0.0s
  mediapipe_landmarks :    0.0s
  mediapipe_overlapped:    6.9s  (overlapped with capture, not on the critical path)
  hand_crop           :    0.0s
  dinov2_hands        :    0.0s
  face_crop           :    0.0s
  dinov2_face         :    0.0s
  dinov2_overlapped   :    5.1s  (overlapped with capture, not on the critical path)
  pose_features       :    0.0s
  byt5_inference      :    2.8s
  total               :    2.8s
  submitted   70 submitted ->  70 through MediaPipe ->  55 kept  ( 10.9s wall,   6.9s perception)
             'If you want to go, be prepared.'
W0000 00:00:1787361148.909322   29266 face_landmarker_graph.cc:174] Sets FaceBlendshapesGraph acceleration to xnnpack by default.
W0000 00:00:1787361148.937160   29273 face_landmarker_graph.cc:174] Sets FaceBlendshapesGraph acceleration to xnnpack by default.

--- ByT5 stage breakdown ---
  checkpoint_load :    0.0s
  to_device+eval  :    0.0s
  generate        :    3.9s

--- Stage timing breakdown ---
  video_read          :    0.0s
  mediapipe_landmarks :    0.0s
  mediapipe_overlapped:    5.8s  (overlapped with capture, not on the critical path)
  hand_crop           :    0.0s
  dinov2_hands        :    0.0s
  face_crop           :    0.0s
  dinov2_face         :    0.0s
  dinov2_overlapped   :    3.6s  (overlapped with capture, not on the critical path)
  pose_features       :    0.0s
  byt5_inference      :    3.9s
  total               :    4.0s
  enqueue     55 submitted ->  55 through MediaPipe ->  55 kept  ( 10.8s wall,   5.8s perception)
             'If you want to go, be prepared.'

eval_set_openasl/clips/FND2JfzngVY_06.mp4: 120 frames at stride 2, head padded with 15
W0000 00:00:1787361160.154477   29362 face_landmarker_graph.cc:174] Sets FaceBlendshapesGraph acceleration to xnnpack by default.
W0000 00:00:1787361160.216457   29369 face_landmarker_graph.cc:174] Sets FaceBlendshapesGraph acceleration to xnnpack by default.

--- ByT5 stage breakdown ---
  checkpoint_load :    0.0s
  to_device+eval  :    0.0s
  generate        :    5.3s

--- Stage timing breakdown ---
  video_read          :    0.0s
  mediapipe_landmarks :    0.0s
  mediapipe_overlapped:   14.8s  (overlapped with capture, not on the critical path)
  hand_crop           :    0.0s
  dinov2_hands        :    0.0s
  face_crop           :    0.0s
  dinov2_face         :    0.0s
  dinov2_overlapped   :   10.3s  (overlapped with capture, not on the critical path)
  pose_features       :    0.0s
  byt5_inference      :    5.3s
  total               :    5.3s
  submitted  135 submitted -> 135 through MediaPipe -> 120 kept  ( 18.9s wall,  14.8s perception)
             'The daylight savings will be back on March 8 at 2 AM.'
W0000 00:00:1787361179.246029   29412 face_landmarker_graph.cc:174] Sets FaceBlendshapesGraph acceleration to xnnpack by default.
W0000 00:00:1787361179.337648   29419 face_landmarker_graph.cc:174] Sets FaceBlendshapesGraph acceleration to xnnpack by default.

--- ByT5 stage breakdown ---
  checkpoint_load :    0.0s
  to_device+eval  :    0.0s
  generate        :    4.9s

--- Stage timing breakdown ---
  video_read          :    0.0s
  mediapipe_landmarks :    0.0s
  mediapipe_overlapped:   12.6s  (overlapped with capture, not on the critical path)
  hand_crop           :    0.0s
  dinov2_hands        :    0.0s
  face_crop           :    0.0s
  dinov2_face         :    0.0s
  dinov2_overlapped   :    8.5s  (overlapped with capture, not on the critical path)
  pose_features       :    0.0s
  byt5_inference      :    4.9s
  total               :    5.0s
  enqueue    120 submitted -> 120 through MediaPipe -> 120 kept  ( 16.8s wall,  12.6s perception)
             'The daylight savings will be back on March 8 at 2 AM.'

eval_set_openasl/clips/MJijm9kbdHA_01.mp4: 174 frames at stride 2, head padded with 15
W0000 00:00:1787361196.621532   29469 face_landmarker_graph.cc:174] Sets FaceBlendshapesGraph acceleration to xnnpack by default.
W0000 00:00:1787361196.707991   29476 face_landmarker_graph.cc:174] Sets FaceBlendshapesGraph acceleration to xnnpack by default.

--- ByT5 stage breakdown ---
  checkpoint_load :    0.0s
  to_device+eval  :    0.0s
  generate        :    8.9s

--- Stage timing breakdown ---
  video_read          :    0.0s
  mediapipe_landmarks :    0.0s
  mediapipe_overlapped:   19.7s  (overlapped with capture, not on the critical path)
  hand_crop           :    0.0s
  dinov2_hands        :    0.0s
  face_crop           :    0.0s
  dinov2_face         :    0.0s
  dinov2_overlapped   :   14.0s  (overlapped with capture, not on the critical path)
  pose_features       :    0.0s
  byt5_inference      :    8.9s
  total               :    9.0s
  submitted  189 submitted -> 189 through MediaPipe -> 174 kept  ( 26.5s wall,  19.7s perception)
             'Biden said Bernie had a vote multiple times against a brady bill that required stricter gun control.'
W0000 00:00:1787361223.303210   29519 face_landmarker_graph.cc:174] Sets FaceBlendshapesGraph acceleration to xnnpack by default.
W0000 00:00:1787361223.337989   29526 face_landmarker_graph.cc:174] Sets FaceBlendshapesGraph acceleration to xnnpack by default.

--- ByT5 stage breakdown ---
  checkpoint_load :    0.0s
  to_device+eval  :    0.0s
  generate        :    8.6s

--- Stage timing breakdown ---
  video_read          :    0.0s
  mediapipe_landmarks :    0.0s
  mediapipe_overlapped:   17.6s  (overlapped with capture, not on the critical path)
  hand_crop           :    0.0s
  dinov2_hands        :    0.0s
  face_crop           :    0.0s
  dinov2_face         :    0.0s
  dinov2_overlapped   :   12.8s  (overlapped with capture, not on the critical path)
  pose_features       :    0.0s
  byt5_inference      :    8.7s
  total               :    8.7s
  enqueue    174 submitted -> 174 through MediaPipe -> 174 kept  ( 25.0s wall,  17.6s perception)
             'Biden said Bernie had a vote multiple times against a brady bill that required stricter gun control.'

eval_set_openasl/clips/MJijm9kbdHA_02.mp4: 48 frames at stride 2, head padded with 15
W0000 00:00:1787361248.666419   29576 face_landmarker_graph.cc:174] Sets FaceBlendshapesGraph acceleration to xnnpack by default.
W0000 00:00:1787361248.735465   29583 face_landmarker_graph.cc:174] Sets FaceBlendshapesGraph acceleration to xnnpack by default.

--- ByT5 stage breakdown ---
  checkpoint_load :    0.0s
  to_device+eval  :    0.0s
  generate        :    4.2s

--- Stage timing breakdown ---
  video_read          :    0.0s
  mediapipe_landmarks :    0.0s
  mediapipe_overlapped:    6.6s  (overlapped with capture, not on the critical path)
  hand_crop           :    0.0s
  dinov2_hands        :    0.0s
  face_crop           :    0.0s
  dinov2_face         :    0.0s
  dinov2_overlapped   :    4.4s  (overlapped with capture, not on the critical path)
  pose_features       :    0.0s
  byt5_inference      :    4.3s
  total               :    4.3s
  submitted   63 submitted ->  63 through MediaPipe ->  48 kept  ( 12.0s wall,   6.6s perception)
             'So, that is an acronym for the South Carolina debate.'
W0000 00:00:1787361260.907499   29626 face_landmarker_graph.cc:174] Sets FaceBlendshapesGraph acceleration to xnnpack by default.
W0000 00:00:1787361260.974539   29633 face_landmarker_graph.cc:174] Sets FaceBlendshapesGraph acceleration to xnnpack by default.

--- ByT5 stage breakdown ---
  checkpoint_load :    0.0s
  to_device+eval  :    0.0s
  generate        :    4.4s

--- Stage timing breakdown ---
  video_read          :    0.0s
  mediapipe_landmarks :    0.0s
  mediapipe_overlapped:    5.0s  (overlapped with capture, not on the critical path)
  hand_crop           :    0.0s
  dinov2_hands        :    0.0s
  face_crop           :    0.0s
  dinov2_face         :    0.0s
  dinov2_overlapped   :    3.3s  (overlapped with capture, not on the critical path)
  pose_features       :    0.0s
  byt5_inference      :    4.4s
  total               :    4.5s
  enqueue     48 submitted ->  48 through MediaPipe ->  48 kept  ( 11.0s wall,   5.0s perception)
             'So, that is an acronym for the South Carolina debate.'

eval_set_openasl/clips/MJijm9kbdHA_03.mp4: 190 frames at stride 2, head padded with 15
W0000 00:00:1787361272.505097   29682 face_landmarker_graph.cc:174] Sets FaceBlendshapesGraph acceleration to xnnpack by default.
W0000 00:00:1787361272.562974   29689 face_landmarker_graph.cc:174] Sets FaceBlendshapesGraph acceleration to xnnpack by default.

--- ByT5 stage breakdown ---
  checkpoint_load :    0.0s
  to_device+eval  :    0.0s
  generate        :    8.1s

--- Stage timing breakdown ---
  video_read          :    0.0s
  mediapipe_landmarks :    0.0s
  mediapipe_overlapped:   21.1s  (overlapped with capture, not on the critical path)
  hand_crop           :    0.0s
  dinov2_hands        :    0.0s
  face_crop           :    0.0s
  dinov2_face         :    0.0s
  dinov2_overlapped   :   15.5s  (overlapped with capture, not on the critical path)
  pose_features       :    0.0s
  byt5_inference      :    8.1s
  total               :    8.2s
  submitted  205 submitted -> 205 through MediaPipe -> 190 kept  ( 26.8s wall,  21.1s perception)
             'Johnson was the one who calculated mathematics and helped a man reach on the moon in 1969.'
W0000 00:00:1787361299.481748   29732 face_landmarker_graph.cc:174] Sets FaceBlendshapesGraph acceleration to xnnpack by default.
W0000 00:00:1787361299.553971   29739 face_landmarker_graph.cc:174] Sets FaceBlendshapesGraph acceleration to xnnpack by default.

--- ByT5 stage breakdown ---
  checkpoint_load :    0.0s
  to_device+eval  :    0.0s
  generate        :    7.7s

--- Stage timing breakdown ---
  video_read          :    0.0s
  mediapipe_landmarks :    0.0s
  mediapipe_overlapped:   19.8s  (overlapped with capture, not on the critical path)
  hand_crop           :    0.0s
  dinov2_hands        :    0.0s
  face_crop           :    0.0s
  dinov2_face         :    0.0s
  dinov2_overlapped   :   14.3s  (overlapped with capture, not on the critical path)
  pose_features       :    0.0s
  byt5_inference      :    7.7s
  total               :    7.7s
  enqueue    190 submitted -> 190 through MediaPipe -> 190 kept  ( 25.3s wall,  19.8s perception)
             'Johnson was a measurement of mathematics that helped a man reach on the moon in 1969.'

eval_set_openasl/clips/MJijm9kbdHA_04.mp4: 34 frames at stride 2, head padded with 15
W0000 00:00:1787361325.034773   29789 face_landmarker_graph.cc:174] Sets FaceBlendshapesGraph acceleration to xnnpack by default.
W0000 00:00:1787361325.103174   29796 face_landmarker_graph.cc:174] Sets FaceBlendshapesGraph acceleration to xnnpack by default.

--- ByT5 stage breakdown ---
  checkpoint_load :    0.0s
  to_device+eval  :    0.0s
  generate        :    4.4s

--- Stage timing breakdown ---
  video_read          :    0.0s
  mediapipe_landmarks :    0.0s
  mediapipe_overlapped:    5.8s  (overlapped with capture, not on the critical path)
  hand_crop           :    0.0s
  dinov2_hands        :    0.0s
  face_crop           :    0.0s
  dinov2_face         :    0.0s
  dinov2_overlapped   :    3.4s  (overlapped with capture, not on the critical path)
  pose_features       :    0.0s
  byt5_inference      :    4.4s
  total               :    4.4s
  submitted   49 submitted ->  49 through MediaPipe ->  34 kept  ( 11.3s wall,   5.8s perception)
             'If they check it out, then they will keep it tight.'
W0000 00:00:1787361336.527874   29840 face_landmarker_graph.cc:174] Sets FaceBlendshapesGraph acceleration to xnnpack by default.
W0000 00:00:1787361336.593044   29847 face_landmarker_graph.cc:174] Sets FaceBlendshapesGraph acceleration to xnnpack by default.

--- ByT5 stage breakdown ---
  checkpoint_load :    0.0s
  to_device+eval  :    0.0s
  generate        :    6.3s

--- Stage timing breakdown ---
  video_read          :    0.0s
  mediapipe_landmarks :    0.0s
  mediapipe_overlapped:    5.6s  (overlapped with capture, not on the critical path)
  hand_crop           :    0.0s
  dinov2_hands        :    0.0s
  face_crop           :    0.0s
  dinov2_face         :    0.0s
  dinov2_overlapped   :    2.3s  (overlapped with capture, not on the critical path)
  pose_features       :    0.0s
  byt5_inference      :    6.3s
  total               :    6.4s
  enqueue     34 submitted ->  34 through MediaPipe ->  34 kept  ( 13.8s wall,   5.6s perception)
             'Then they check to see what is going on and when they keep it confidential.'

eval_set_openasl/clips/MJijm9kbdHA_05.mp4: 11 frames at stride 2, head padded with 15
W0000 00:00:1787361350.515589   29896 face_landmarker_graph.cc:174] Sets FaceBlendshapesGraph acceleration to xnnpack by default.
W0000 00:00:1787361350.577428   29903 face_landmarker_graph.cc:174] Sets FaceBlendshapesGraph acceleration to xnnpack by default.

--- ByT5 stage breakdown ---
  checkpoint_load :    0.0s
  to_device+eval  :    0.0s
  generate        :    1.0s

--- Stage timing breakdown ---
  video_read          :    0.0s
  mediapipe_landmarks :    0.0s
  mediapipe_overlapped:    4.0s  (overlapped with capture, not on the critical path)
  hand_crop           :    0.0s
  dinov2_hands        :    0.0s
  face_crop           :    0.0s
  dinov2_face         :    0.0s
  dinov2_overlapped   :    1.8s  (overlapped with capture, not on the critical path)
  pose_features       :    0.0s
  byt5_inference      :    1.0s
  total               :    1.1s
  submitted   26 submitted ->  26 through MediaPipe ->  11 kept  (  6.8s wall,   4.0s perception)
             'I am back.'
W0000 00:00:1787361357.489371   29943 face_landmarker_graph.cc:174] Sets FaceBlendshapesGraph acceleration to xnnpack by default.
W0000 00:00:1787361357.541162   29950 face_landmarker_graph.cc:174] Sets FaceBlendshapesGraph acceleration to xnnpack by default.

--- ByT5 stage breakdown ---
  checkpoint_load :    0.0s
  to_device+eval  :    0.0s
  generate        :    1.0s

--- Stage timing breakdown ---
  video_read          :    0.0s
  mediapipe_landmarks :    0.0s
  mediapipe_overlapped:    2.1s  (overlapped with capture, not on the critical path)
  hand_crop           :    0.0s
  dinov2_hands        :    0.0s
  face_crop           :    0.0s
  dinov2_face         :    0.0s
  dinov2_overlapped   :    1.0s  (overlapped with capture, not on the critical path)
  pose_features       :    0.0s
  byt5_inference      :    1.0s
  total               :    1.0s
  enqueue     11 submitted ->  11 through MediaPipe ->  11 kept  (  4.1s wall,   2.1s perception)
             "I'm back."

eval_set_openasl/clips/WMoeSSvCyTU_01.mp4: 53 frames at stride 2, head padded with 15
W0000 00:00:1787361361.885371   29996 face_landmarker_graph.cc:174] Sets FaceBlendshapesGraph acceleration to xnnpack by default.
W0000 00:00:1787361361.952396   30003 face_landmarker_graph.cc:174] Sets FaceBlendshapesGraph acceleration to xnnpack by default.

--- ByT5 stage breakdown ---
  checkpoint_load :    0.0s
  to_device+eval  :    0.0s
  generate        :    4.0s

--- Stage timing breakdown ---
  video_read          :    0.0s
  mediapipe_landmarks :    0.0s
  mediapipe_overlapped:    8.4s  (overlapped with capture, not on the critical path)
  hand_crop           :    0.0s
  dinov2_hands        :    0.0s
  face_crop           :    0.0s
  dinov2_face         :    0.0s
  dinov2_overlapped   :    4.6s  (overlapped with capture, not on the critical path)
  pose_features       :    0.0s
  byt5_inference      :    4.0s
  total               :    4.0s
  submitted   68 submitted ->  68 through MediaPipe ->  53 kept  ( 12.6s wall,   8.4s perception)
             'Growing up, I love you all on purpose.'
W0000 00:00:1787361374.621875   30046 face_landmarker_graph.cc:174] Sets FaceBlendshapesGraph acceleration to xnnpack by default.
W0000 00:00:1787361374.693793   30053 face_landmarker_graph.cc:174] Sets FaceBlendshapesGraph acceleration to xnnpack by default.

--- ByT5 stage breakdown ---
  checkpoint_load :    0.0s
  to_device+eval  :    0.0s
  generate        :    3.3s

--- Stage timing breakdown ---
  video_read          :    0.0s
  mediapipe_landmarks :    0.0s
  mediapipe_overlapped:    6.1s  (overlapped with capture, not on the critical path)
  hand_crop           :    0.0s
  dinov2_hands        :    0.0s
  face_crop           :    0.0s
  dinov2_face         :    0.0s
  dinov2_overlapped   :    3.5s  (overlapped with capture, not on the critical path)
  pose_features       :    0.0s
  byt5_inference      :    3.3s
  total               :    3.3s
  enqueue     53 submitted ->  53 through MediaPipe ->  53 kept  ( 10.4s wall,   6.1s perception)
             'Growing up, I tend to love you on purpose.'

eval_set_openasl/clips/WMoeSSvCyTU_02.mp4: 62 frames at stride 2, head padded with 15
W0000 00:00:1787361385.374381   30102 face_landmarker_graph.cc:174] Sets FaceBlendshapesGraph acceleration to xnnpack by default.
W0000 00:00:1787361385.427763   30109 face_landmarker_graph.cc:174] Sets FaceBlendshapesGraph acceleration to xnnpack by default.

--- ByT5 stage breakdown ---
  checkpoint_load :    0.0s
  to_device+eval  :    0.0s
  generate        :    3.6s

--- Stage timing breakdown ---
  video_read          :    0.0s
  mediapipe_landmarks :    0.0s
  mediapipe_overlapped:    9.6s  (overlapped with capture, not on the critical path)
  hand_crop           :    0.0s
  dinov2_hands        :    0.0s
  face_crop           :    0.0s
  dinov2_face         :    0.0s
  dinov2_overlapped   :    5.4s  (overlapped with capture, not on the critical path)
  pose_features       :    0.0s
  byt5_inference      :    3.6s
  total               :    3.6s
  submitted   77 submitted ->  77 through MediaPipe ->  62 kept  ( 13.1s wall,   9.6s perception)
             "&gt;&gt; I'm shining because I'm so sad."
W0000 00:00:1787361398.651941   30152 face_landmarker_graph.cc:174] Sets FaceBlendshapesGraph acceleration to xnnpack by default.
W0000 00:00:1787361398.721498   30159 face_landmarker_graph.cc:174] Sets FaceBlendshapesGraph acceleration to xnnpack by default.

--- ByT5 stage breakdown ---
  checkpoint_load :    0.0s
  to_device+eval  :    0.0s
  generate        :    3.4s

--- Stage timing breakdown ---
  video_read          :    0.0s
  mediapipe_landmarks :    0.0s
  mediapipe_overlapped:    8.4s  (overlapped with capture, not on the critical path)
  hand_crop           :    0.0s
  dinov2_hands        :    0.0s
  face_crop           :    0.0s
  dinov2_face         :    0.0s
  dinov2_overlapped   :    3.8s  (overlapped with capture, not on the critical path)
  pose_features       :    0.0s
  byt5_inference      :    3.4s
  total               :    3.5s
  enqueue     62 submitted ->  62 through MediaPipe ->  62 kept  ( 11.3s wall,   8.4s perception)
             "&gt;&gt; I'm shocked because it's so small."

eval_set_openasl/clips/WMoeSSvCyTU_03.mp4: 119 frames at stride 2, head padded with 15
W0000 00:00:1787361410.397196   30208 face_landmarker_graph.cc:174] Sets FaceBlendshapesGraph acceleration to xnnpack by default.
W0000 00:00:1787361410.452236   30215 face_landmarker_graph.cc:174] Sets FaceBlendshapesGraph acceleration to xnnpack by default.

--- ByT5 stage breakdown ---
  checkpoint_load :    0.0s
  to_device+eval  :    0.0s
  generate        :    5.0s

--- Stage timing breakdown ---
  video_read          :    0.0s
  mediapipe_landmarks :    0.0s
  mediapipe_overlapped:   15.5s  (overlapped with capture, not on the critical path)
  hand_crop           :    0.0s
  dinov2_hands        :    0.0s
  face_crop           :    0.0s
  dinov2_face         :    0.0s
  dinov2_overlapped   :   10.7s  (overlapped with capture, not on the critical path)
  pose_features       :    0.0s
  byt5_inference      :    5.0s
  total               :    5.0s
  submitted  134 submitted -> 134 through MediaPipe -> 119 kept  ( 19.2s wall,  15.5s perception)
             'The drug hydrogen is still in controversy.'
W0000 00:00:1787361429.760081   30261 face_landmarker_graph.cc:174] Sets FaceBlendshapesGraph acceleration to xnnpack by default.
W0000 00:00:1787361429.814409   30268 face_landmarker_graph.cc:174] Sets FaceBlendshapesGraph acceleration to xnnpack by default.

--- ByT5 stage breakdown ---
  checkpoint_load :    0.0s
  to_device+eval  :    0.0s
  generate        :    4.6s

--- Stage timing breakdown ---
  video_read          :    0.0s
  mediapipe_landmarks :    0.0s
  mediapipe_overlapped:   14.8s  (overlapped with capture, not on the critical path)
  hand_crop           :    0.0s
  dinov2_hands        :    0.0s
  face_crop           :    0.0s
  dinov2_face         :    0.0s
  dinov2_overlapped   :    9.5s  (overlapped with capture, not on the critical path)
  pose_features       :    0.0s
  byt5_inference      :    4.6s
  total               :    4.7s
  enqueue    119 submitted -> 119 through MediaPipe -> 119 kept  ( 18.2s wall,  14.8s perception)
             'The drug hydrogen is still going on and it is controversial.'

eval_set_openasl/clips/WMoeSSvCyTU_04.mp4: 300 frames at stride 2, head padded with 15
W0000 00:00:1787361448.753015   30321 face_landmarker_graph.cc:174] Sets FaceBlendshapesGraph acceleration to xnnpack by default.
W0000 00:00:1787361448.813786   30328 face_landmarker_graph.cc:174] Sets FaceBlendshapesGraph acceleration to xnnpack by default.

--- ByT5 stage breakdown ---
  checkpoint_load :    0.0s
  to_device+eval  :    0.0s
  generate        :   17.8s

--- Stage timing breakdown ---
  video_read          :    0.0s
  mediapipe_landmarks :    0.0s
  mediapipe_overlapped:   35.2s  (overlapped with capture, not on the critical path)
  hand_crop           :    0.0s
  dinov2_hands        :    0.0s
  face_crop           :    0.0s
  dinov2_face         :    0.0s
  dinov2_overlapped   :   24.1s  (overlapped with capture, not on the critical path)
  pose_features       :    0.1s
  byt5_inference      :   17.9s
  total               :   17.9s
  submitted  315 submitted -> 315 through MediaPipe -> 300 kept  ( 45.3s wall,  35.2s perception)
             'In an interview with a Yale University professor who is a supporter of the drug, there was a study in Detroit that helped patients who were taken to a hospital with less likely to die.'
W0000 00:00:1787361494.211352   30373 face_landmarker_graph.cc:174] Sets FaceBlendshapesGraph acceleration to xnnpack by default.
W0000 00:00:1787361494.270855   30380 face_landmarker_graph.cc:174] Sets FaceBlendshapesGraph acceleration to xnnpack by default.

--- ByT5 stage breakdown ---
  checkpoint_load :    0.0s
  to_device+eval  :    0.0s
  generate        :   18.8s

--- Stage timing breakdown ---
  video_read          :    0.0s
  mediapipe_landmarks :    0.0s
  mediapipe_overlapped:   34.7s  (overlapped with capture, not on the critical path)
  hand_crop           :    0.0s
  dinov2_hands        :    0.0s
  face_crop           :    0.0s
  dinov2_face         :    0.0s
  dinov2_overlapped   :   23.5s  (overlapped with capture, not on the critical path)
  pose_features       :    0.1s
  byt5_inference      :   18.9s
  total               :   19.0s
  enqueue    300 submitted -> 300 through MediaPipe -> 300 kept  ( 46.1s wall,  34.7s perception)
             'In Fox News, she did an interview with a Yale University professor who supports the drug and said there was a study in Detroit that helped patients who were hospitalized with less likely to die.'

eval_set_openasl/clips/WMoeSSvCyTU_05.mp4: 171 frames at stride 2, head padded with 15
W0000 00:00:1787361540.937669   30429 face_landmarker_graph.cc:174] Sets FaceBlendshapesGraph acceleration to xnnpack by default.
W0000 00:00:1787361541.004632   30436 face_landmarker_graph.cc:174] Sets FaceBlendshapesGraph acceleration to xnnpack by default.

--- ByT5 stage breakdown ---
  checkpoint_load :    0.0s
  to_device+eval  :    0.0s
  generate        :   13.0s

--- Stage timing breakdown ---
  video_read          :    0.0s
  mediapipe_landmarks :    0.0s
  mediapipe_overlapped:   22.2s  (overlapped with capture, not on the critical path)
  hand_crop           :    0.0s
  dinov2_hands        :    0.0s
  face_crop           :    0.0s
  dinov2_face         :    0.0s
  dinov2_overlapped   :   13.8s  (overlapped with capture, not on the critical path)
  pose_features       :    0.0s
  byt5_inference      :   13.0s
  total               :   13.0s
  submitted  186 submitted -> 186 through MediaPipe -> 171 kept  ( 30.4s wall,  22.2s perception)
             'The pastor said the church services stopped closing last week after leaders found out that one of the members tested positive for the coronavirus.'
W0000 00:00:1787361571.521605   30479 face_landmarker_graph.cc:174] Sets FaceBlendshapesGraph acceleration to xnnpack by default.
W0000 00:00:1787361571.587034   30486 face_landmarker_graph.cc:174] Sets FaceBlendshapesGraph acceleration to xnnpack by default.

--- ByT5 stage breakdown ---
  checkpoint_load :    0.0s
  to_device+eval  :    0.0s
  generate        :   12.6s

--- Stage timing breakdown ---
  video_read          :    0.0s
  mediapipe_landmarks :    0.0s
  mediapipe_overlapped:   20.6s  (overlapped with capture, not on the critical path)
  hand_crop           :    0.0s
  dinov2_hands        :    0.0s
  face_crop           :    0.0s
  dinov2_face         :    0.0s
  dinov2_overlapped   :   13.1s  (overlapped with capture, not on the critical path)
  pose_features       :    0.0s
  byt5_inference      :   12.7s
  total               :   12.7s
  enqueue    171 submitted -> 171 through MediaPipe -> 171 kept  ( 29.5s wall,  20.6s perception)
             'The pastor said the church services were closed last week after leaders found out that one of the members tested positive for the coronavirus.'

eval_set_openasl/clips/WMoeSSvCyTU_06.mp4: 163 frames at stride 2, head padded with 15
W0000 00:00:1787361601.518323   30535 face_landmarker_graph.cc:174] Sets FaceBlendshapesGraph acceleration to xnnpack by default.
W0000 00:00:1787361601.586422   30542 face_landmarker_graph.cc:174] Sets FaceBlendshapesGraph acceleration to xnnpack by default.

--- ByT5 stage breakdown ---
  checkpoint_load :    0.0s
  to_device+eval  :    0.0s
  generate        :    8.3s

--- Stage timing breakdown ---
  video_read          :    0.0s
  mediapipe_landmarks :    0.0s
  mediapipe_overlapped:   21.0s  (overlapped with capture, not on the critical path)
  hand_crop           :    0.0s
  dinov2_hands        :    0.0s
  face_crop           :    0.0s
  dinov2_face         :    0.0s
  dinov2_overlapped   :   13.8s  (overlapped with capture, not on the critical path)
  pose_features       :    0.0s
  byt5_inference      :    8.4s
  total               :    8.4s
  submitted  178 submitted -> 178 through MediaPipe -> 163 kept  ( 26.0s wall,  21.0s perception)
             'The pastor admitted that he could gather together and know what was possible, but what happened.'
W0000 00:00:1787361627.661301   30585 face_landmarker_graph.cc:174] Sets FaceBlendshapesGraph acceleration to xnnpack by default.
W0000 00:00:1787361627.741883   30592 face_landmarker_graph.cc:174] Sets FaceBlendshapesGraph acceleration to xnnpack by default.

--- ByT5 stage breakdown ---
  checkpoint_load :    0.0s
  to_device+eval  :    0.0s
  generate        :    8.1s

--- Stage timing breakdown ---
  video_read          :    0.0s
  mediapipe_landmarks :    0.0s
  mediapipe_overlapped:   18.4s  (overlapped with capture, not on the critical path)
  hand_crop           :    0.0s
  dinov2_hands        :    0.0s
  face_crop           :    0.0s
  dinov2_face         :    0.0s
  dinov2_overlapped   :   11.6s  (overlapped with capture, not on the critical path)
  pose_features       :    0.0s
  byt5_inference      :    8.1s
  total               :    8.1s
  enqueue    163 submitted -> 163 through MediaPipe -> 163 kept  ( 23.8s wall,  18.4s perception)
             'The pastor admitted that he was able to gather and know what was possible, but what happened.'

eval_set_openasl/clips/ZgvLTS2zJdo_01.mp4: 41 frames at stride 2, head padded with 15
W0000 00:00:1787361651.793907   30642 face_landmarker_graph.cc:174] Sets FaceBlendshapesGraph acceleration to xnnpack by default.
W0000 00:00:1787361651.854795   30649 face_landmarker_graph.cc:174] Sets FaceBlendshapesGraph acceleration to xnnpack by default.

--- ByT5 stage breakdown ---
  checkpoint_load :    0.0s
  to_device+eval  :    0.0s
  generate        :    8.0s

--- Stage timing breakdown ---
  video_read          :    0.0s
  mediapipe_landmarks :    0.0s
  mediapipe_overlapped:    6.6s  (overlapped with capture, not on the critical path)
  hand_crop           :    0.0s
  dinov2_hands        :    0.0s
  face_crop           :    0.0s
  dinov2_face         :    0.0s
  dinov2_overlapped   :    3.5s  (overlapped with capture, not on the critical path)
  pose_features       :    0.0s
  byt5_inference      :    8.1s
  total               :    8.1s
  submitted   56 submitted ->  56 through MediaPipe ->  41 kept  ( 15.0s wall,   6.6s perception)
             'The first priority is to open a motion for people who are deaf, hard of hearing, or hard of hearing.'
W0000 00:00:1787361666.976185   30692 face_landmarker_graph.cc:174] Sets FaceBlendshapesGraph acceleration to xnnpack by default.
W0000 00:00:1787361667.008603   30699 face_landmarker_graph.cc:174] Sets FaceBlendshapesGraph acceleration to xnnpack by default.

--- ByT5 stage breakdown ---
  checkpoint_load :    0.0s
  to_device+eval  :    0.0s
  generate        :    8.2s

--- Stage timing breakdown ---
  video_read          :    0.0s
  mediapipe_landmarks :    0.0s
  mediapipe_overlapped:    5.6s  (overlapped with capture, not on the critical path)
  hand_crop           :    0.0s
  dinov2_hands        :    0.0s
  face_crop           :    0.0s
  dinov2_face         :    0.0s
  dinov2_overlapped   :    2.9s  (overlapped with capture, not on the critical path)
  pose_features       :    0.0s
  byt5_inference      :    8.3s
  total               :    8.3s
  enqueue     41 submitted ->  41 through MediaPipe ->  41 kept  ( 15.2s wall,   5.6s perception)
             'The first thing we want to do is to open and ensure that some students have access to sign language interpreters.'

eval_set_openasl/clips/ZgvLTS2zJdo_02.mp4: 177 frames at stride 2, head padded with 15
W0000 00:00:1787361682.693291   30748 face_landmarker_graph.cc:174] Sets FaceBlendshapesGraph acceleration to xnnpack by default.
W0000 00:00:1787361682.761763   30755 face_landmarker_graph.cc:174] Sets FaceBlendshapesGraph acceleration to xnnpack by default.

--- ByT5 stage breakdown ---
  checkpoint_load :    0.0s
  to_device+eval  :    0.0s
  generate        :    9.5s

--- Stage timing breakdown ---
  video_read          :    0.0s
  mediapipe_landmarks :    0.0s
  mediapipe_overlapped:   20.9s  (overlapped with capture, not on the critical path)
  hand_crop           :    0.0s
  dinov2_hands        :    0.0s
  face_crop           :    0.0s
  dinov2_face         :    0.0s
  dinov2_overlapped   :   13.3s  (overlapped with capture, not on the critical path)
  pose_features       :    0.0s
  byt5_inference      :    9.6s
  total               :    9.6s
  submitted  192 submitted -> 192 through MediaPipe -> 177 kept  ( 25.9s wall,  20.9s perception)
             'I want to share a little bit of a story with you about one of the most important things I want to share.'
W0000 00:00:1787361708.767114   30798 face_landmarker_graph.cc:174] Sets FaceBlendshapesGraph acceleration to xnnpack by default.
W0000 00:00:1787361708.825991   30805 face_landmarker_graph.cc:174] Sets FaceBlendshapesGraph acceleration to xnnpack by default.

--- ByT5 stage breakdown ---
  checkpoint_load :    0.0s
  to_device+eval  :    0.0s
  generate        :    6.6s

--- Stage timing breakdown ---
  video_read          :    0.0s
  mediapipe_landmarks :    0.0s
  mediapipe_overlapped:   18.1s  (overlapped with capture, not on the critical path)
  hand_crop           :    0.0s
  dinov2_hands        :    0.0s
  face_crop           :    0.0s
  dinov2_face         :    0.0s
  dinov2_overlapped   :   12.4s  (overlapped with capture, not on the critical path)
  pose_features       :    0.0s
  byt5_inference      :    6.6s
  total               :    6.6s
  enqueue    177 submitted -> 177 through MediaPipe -> 177 kept  ( 22.3s wall,  18.1s perception)
             'I want to share a little bit of an opportunity with you.'

eval_set_openasl/clips/ZgvLTS2zJdo_03.mp4: 55 frames at stride 2, head padded with 15
W0000 00:00:1787361731.341158   30854 face_landmarker_graph.cc:174] Sets FaceBlendshapesGraph acceleration to xnnpack by default.
W0000 00:00:1787361731.396999   30861 face_landmarker_graph.cc:174] Sets FaceBlendshapesGraph acceleration to xnnpack by default.

--- ByT5 stage breakdown ---
  checkpoint_load :    0.0s
  to_device+eval  :    0.0s
  generate        :    5.1s

--- Stage timing breakdown ---
  video_read          :    0.0s
  mediapipe_landmarks :    0.0s
  mediapipe_overlapped:    6.3s  (overlapped with capture, not on the critical path)
  hand_crop           :    0.0s
  dinov2_hands        :    0.0s
  face_crop           :    0.0s
  dinov2_face         :    0.0s
  dinov2_overlapped   :    5.0s  (overlapped with capture, not on the critical path)
  pose_features       :    0.0s
  byt5_inference      :    5.1s
  total               :    5.2s
  submitted   70 submitted ->  70 through MediaPipe ->  55 kept  ( 12.0s wall,   6.3s perception)
             'There are many different auctions with different auctions.'
W0000 00:00:1787361743.477490   30905 face_landmarker_graph.cc:174] Sets FaceBlendshapesGraph acceleration to xnnpack by default.
W0000 00:00:1787361743.542851   30912 face_landmarker_graph.cc:174] Sets FaceBlendshapesGraph acceleration to xnnpack by default.

--- ByT5 stage breakdown ---
  checkpoint_load :    0.0s
  to_device+eval  :    0.0s
  generate        :    5.3s

--- Stage timing breakdown ---
  video_read          :    0.0s
  mediapipe_landmarks :    0.0s
  mediapipe_overlapped:    5.5s  (overlapped with capture, not on the critical path)
  hand_crop           :    0.0s
  dinov2_hands        :    0.0s
  face_crop           :    0.0s
  dinov2_face         :    0.0s
  dinov2_overlapped   :    3.8s  (overlapped with capture, not on the critical path)
  pose_features       :    0.0s
  byt5_inference      :    5.3s
  total               :    5.3s
  enqueue     55 submitted ->  55 through MediaPipe ->  55 kept  ( 11.7s wall,   5.5s perception)
             'There are many different auctioneers here.'

eval_set_openasl/clips/ZgvLTS2zJdo_04.mp4: 36 frames at stride 2, head padded with 15
W0000 00:00:1787361755.439488   30973 face_landmarker_graph.cc:174] Sets FaceBlendshapesGraph acceleration to xnnpack by default.
W0000 00:00:1787361755.491346   30980 face_landmarker_graph.cc:174] Sets FaceBlendshapesGraph acceleration to xnnpack by default.

--- ByT5 stage breakdown ---
  checkpoint_load :    0.0s
  to_device+eval  :    0.0s
  generate        :   12.8s

--- Stage timing breakdown ---
  video_read          :    0.0s
  mediapipe_landmarks :    0.0s
  mediapipe_overlapped:    5.6s  (overlapped with capture, not on the critical path)
  hand_crop           :    0.0s
  dinov2_hands        :    0.0s
  face_crop           :    0.0s
  dinov2_face         :    0.0s
  dinov2_overlapped   :    3.5s  (overlapped with capture, not on the critical path)
  pose_features       :    0.0s
  byt5_inference      :   12.8s
  total               :   12.8s
  submitted   51 submitted ->  51 through MediaPipe ->  36 kept  ( 19.5s wall,   5.6s perception)
             'AND THE SAME GOES FOR THE HEARING PERSON, AND THE SAME GOES FOR THE HEARINg PERSON, AND THE SAME GOES FOR THE HEARINg PERSON, AND THE SAME GOES FOr ThE HEARINg PERSON.'
W0000 00:00:1787361775.089216   31026 face_landmarker_graph.cc:174] Sets FaceBlendshapesGraph acceleration to xnnpack by default.
W0000 00:00:1787361775.169135   31033 face_landmarker_graph.cc:174] Sets FaceBlendshapesGraph acceleration to xnnpack by default.

--- ByT5 stage breakdown ---
  checkpoint_load :    0.0s
  to_device+eval  :    0.0s
  generate        :    9.2s

--- Stage timing breakdown ---
  video_read          :    0.0s
  mediapipe_landmarks :    0.0s
  mediapipe_overlapped:    4.8s  (overlapped with capture, not on the critical path)
  hand_crop           :    0.0s
  dinov2_hands        :    0.0s
  face_crop           :    0.0s
  dinov2_face         :    0.0s
  dinov2_overlapped   :    2.5s  (overlapped with capture, not on the critical path)
  pose_features       :    0.0s
  byt5_inference      :    9.2s
  total               :    9.3s
  enqueue     36 submitted ->  36 through MediaPipe ->  36 kept  ( 15.8s wall,   4.8s perception)
             "I'M GOING TO TALK TO YOU ABOUT THE SAME THING ON THE OTHER SIDE OF THE CLASSROOM, AND THEN I'M GOING TO TALK TO YOU."

eval_set_openasl/clips/ZgvLTS2zJdo_05.mp4: 76 frames at stride 2, head padded with 15
W0000 00:00:1787361791.206428   31084 face_landmarker_graph.cc:174] Sets FaceBlendshapesGraph acceleration to xnnpack by default.
W0000 00:00:1787361791.263088   31091 face_landmarker_graph.cc:174] Sets FaceBlendshapesGraph acceleration to xnnpack by default.

--- ByT5 stage breakdown ---
  checkpoint_load :    0.0s
  to_device+eval  :    0.0s
  generate        :    7.6s

--- Stage timing breakdown ---
  video_read          :    0.0s
  mediapipe_landmarks :    0.0s
  mediapipe_overlapped:    9.7s  (overlapped with capture, not on the critical path)
  hand_crop           :    0.0s
  dinov2_hands        :    0.0s
  face_crop           :    0.0s
  dinov2_face         :    0.0s
  dinov2_overlapped   :    5.8s  (overlapped with capture, not on the critical path)
  pose_features       :    0.0s
  byt5_inference      :    7.6s
  total               :    7.6s
  submitted   91 submitted ->  91 through MediaPipe ->  76 kept  ( 16.7s wall,   9.7s perception)
             'This is the first time you have your children who are deaf or hard of hearing.'
W0000 00:00:1787361808.022847   31134 face_landmarker_graph.cc:174] Sets FaceBlendshapesGraph acceleration to xnnpack by default.
W0000 00:00:1787361808.111113   31141 face_landmarker_graph.cc:174] Sets FaceBlendshapesGraph acceleration to xnnpack by default.

--- ByT5 stage breakdown ---
  checkpoint_load :    0.0s
  to_device+eval  :    0.0s
  generate        :    6.6s

--- Stage timing breakdown ---
  video_read          :    0.0s
  mediapipe_landmarks :    0.0s
  mediapipe_overlapped:    8.0s  (overlapped with capture, not on the critical path)
  hand_crop           :    0.0s
  dinov2_hands        :    0.0s
  face_crop           :    0.0s
  dinov2_face         :    0.0s
  dinov2_overlapped   :    4.9s  (overlapped with capture, not on the critical path)
  pose_features       :    0.0s
  byt5_inference      :    6.6s
  total               :    6.7s
  enqueue     76 submitted ->  76 through MediaPipe ->  76 kept  ( 15.1s wall,   8.0s perception)
             'The first storm will be available for those who have been diagnosed with the virus.'

eval_set_openasl/clips/ZgvLTS2zJdo_06.mp4: 251 frames at stride 2, head padded with 15
W0000 00:00:1787361823.857917   31190 face_landmarker_graph.cc:174] Sets FaceBlendshapesGraph acceleration to xnnpack by default.
W0000 00:00:1787361823.916589   31197 face_landmarker_graph.cc:174] Sets FaceBlendshapesGraph acceleration to xnnpack by default.

--- ByT5 stage breakdown ---
  checkpoint_load :    0.0s
  to_device+eval  :    0.0s
  generate        :   16.8s

--- Stage timing breakdown ---
  video_read          :    0.0s
  mediapipe_landmarks :    0.0s
  mediapipe_overlapped:   27.1s  (overlapped with capture, not on the critical path)
  hand_crop           :    0.0s
  dinov2_hands        :    0.0s
  face_crop           :    0.0s
  dinov2_face         :    0.0s
  dinov2_overlapped   :   20.7s  (overlapped with capture, not on the critical path)
  pose_features       :    0.0s
  byt5_inference      :   16.9s
  total               :   16.9s
  submitted  266 submitted -> 266 through MediaPipe -> 251 kept  ( 40.5s wall,  27.1s perception)
             'The third person allegedly took the valuable object from a dead body, but it would not include the movement because it was unclear if Mavrick was intentionally taking a car for his car.'
W0000 00:00:1787361864.504716   31240 face_landmarker_graph.cc:174] Sets FaceBlendshapesGraph acceleration to xnnpack by default.
W0000 00:00:1787361864.574071   31247 face_landmarker_graph.cc:174] Sets FaceBlendshapesGraph acceleration to xnnpack by default.

--- ByT5 stage breakdown ---
  checkpoint_load :    0.0s
  to_device+eval  :    0.0s
  generate        :   16.2s

--- Stage timing breakdown ---
  video_read          :    0.0s
  mediapipe_landmarks :    0.0s
  mediapipe_overlapped:   25.9s  (overlapped with capture, not on the critical path)
  hand_crop           :    0.0s
  dinov2_hands        :    0.0s
  face_crop           :    0.0s
  dinov2_face         :    0.0s
  dinov2_overlapped   :   19.8s  (overlapped with capture, not on the critical path)
  pose_features       :    0.0s
  byt5_inference      :   16.3s
  total               :   16.3s
  enqueue    251 submitted -> 251 through MediaPipe -> 251 kept  ( 38.4s wall,  25.9s perception)
             'The third alleged that he took the valuable object from a  dead body, would not include the movement because it was unclear if Mavrick was intentionally taking a  car for his  car.'

eval_set_openasl/clips/L68SkmewDnI_01.mp4: 43 frames at stride 2, head padded with 15
W0000 00:00:1787361903.226357   31296 face_landmarker_graph.cc:174] Sets FaceBlendshapesGraph acceleration to xnnpack by default.
W0000 00:00:1787361903.292209   31303 face_landmarker_graph.cc:174] Sets FaceBlendshapesGraph acceleration to xnnpack by default.

--- ByT5 stage breakdown ---
  checkpoint_load :    0.0s
  to_device+eval  :    0.0s
  generate        :    3.0s

--- Stage timing breakdown ---
  video_read          :    0.0s
  mediapipe_landmarks :    0.0s
  mediapipe_overlapped:    6.9s  (overlapped with capture, not on the critical path)
  hand_crop           :    0.0s
  dinov2_hands        :    0.0s
  face_crop           :    0.0s
  dinov2_face         :    0.0s
  dinov2_overlapped   :    4.2s  (overlapped with capture, not on the critical path)
  pose_features       :    0.0s
  byt5_inference      :    3.0s
  total               :    3.1s
  submitted   58 submitted ->  58 through MediaPipe ->  43 kept  ( 11.2s wall,   6.9s perception)
             'Here are today s top news briefs.'
W0000 00:00:1787361914.598416   31346 face_landmarker_graph.cc:174] Sets FaceBlendshapesGraph acceleration to xnnpack by default.
W0000 00:00:1787361914.673682   31353 face_landmarker_graph.cc:174] Sets FaceBlendshapesGraph acceleration to xnnpack by default.

--- ByT5 stage breakdown ---
  checkpoint_load :    0.0s
  to_device+eval  :    0.0s
  generate        :    3.1s

--- Stage timing breakdown ---
  video_read          :    0.0s
  mediapipe_landmarks :    0.0s
  mediapipe_overlapped:    4.9s  (overlapped with capture, not on the critical path)
  hand_crop           :    0.0s
  dinov2_hands        :    0.0s
  face_crop           :    0.0s
  dinov2_face         :    0.0s
  dinov2_overlapped   :    3.0s  (overlapped with capture, not on the critical path)
  pose_features       :    0.0s
  byt5_inference      :    3.1s
  total               :    3.1s
  enqueue     43 submitted ->  43 through MediaPipe ->  43 kept  (  9.5s wall,   4.9s perception)
             'Here are today s top news briefs.'

eval_set_openasl/clips/L68SkmewDnI_02.mp4: 246 frames at stride 2, head padded with 15
W0000 00:00:1787361924.768504   31402 face_landmarker_graph.cc:174] Sets FaceBlendshapesGraph acceleration to xnnpack by default.
W0000 00:00:1787361924.822570   31409 face_landmarker_graph.cc:174] Sets FaceBlendshapesGraph acceleration to xnnpack by default.

--- ByT5 stage breakdown ---
  checkpoint_load :    0.0s
  to_device+eval  :    0.0s
  generate        :   14.7s

--- Stage timing breakdown ---
  video_read          :    0.0s
  mediapipe_landmarks :    0.0s
  mediapipe_overlapped:   28.9s  (overlapped with capture, not on the critical path)
  hand_crop           :    0.0s
  dinov2_hands        :    0.0s
  face_crop           :    0.0s
  dinov2_face         :    0.0s
  dinov2_overlapped   :   20.2s  (overlapped with capture, not on the critical path)
  pose_features       :    0.0s
  byt5_inference      :   14.8s
  total               :   14.8s
  submitted  261 submitted -> 261 through MediaPipe -> 246 kept  ( 38.8s wall,  28.9s perception)
             'Johns Hopkins has a different sign that says 99,800 people died this afternoon, but it s likely that it will pass 100,000 by the time you watch this video tonight.'
W0000 00:00:1787361963.771300   31453 face_landmarker_graph.cc:174] Sets FaceBlendshapesGraph acceleration to xnnpack by default.
W0000 00:00:1787361963.839107   31460 face_landmarker_graph.cc:174] Sets FaceBlendshapesGraph acceleration to xnnpack by default.

--- ByT5 stage breakdown ---
  checkpoint_load :    0.0s
  to_device+eval  :    0.0s
  generate        :   13.9s

--- Stage timing breakdown ---
  video_read          :    0.0s
  mediapipe_landmarks :    0.0s
  mediapipe_overlapped:   27.0s  (overlapped with capture, not on the critical path)
  hand_crop           :    0.0s
  dinov2_hands        :    0.0s
  face_crop           :    0.0s
  dinov2_face         :    0.0s
  dinov2_overlapped   :   18.7s  (overlapped with capture, not on the critical path)
  pose_features       :    0.0s
  byt5_inference      :   13.9s
  total               :   13.9s
  enqueue    246 submitted -> 246 through MediaPipe -> 246 kept  ( 36.2s wall,  27.0s perception)
             'Johns Hopkins counted a sign that said 99,800 people died this afternoon, but it was likely that it would pass 100,000 by the time you watched this video.'

eval_set_openasl/clips/L68SkmewDnI_03.mp4: 199 frames at stride 2, head padded with 15
W0000 00:00:1787362000.576498   31509 face_landmarker_graph.cc:174] Sets FaceBlendshapesGraph acceleration to xnnpack by default.
W0000 00:00:1787362000.644768   31516 face_landmarker_graph.cc:174] Sets FaceBlendshapesGraph acceleration to xnnpack by default.

--- ByT5 stage breakdown ---
  checkpoint_load :    0.0s
  to_device+eval  :    0.0s
  generate        :   11.0s

--- Stage timing breakdown ---
  video_read          :    0.0s
  mediapipe_landmarks :    0.0s
  mediapipe_overlapped:   23.8s  (overlapped with capture, not on the critical path)
  hand_crop           :    0.0s
  dinov2_hands        :    0.0s
  face_crop           :    0.0s
  dinov2_face         :    0.0s
  dinov2_overlapped   :   16.0s  (overlapped with capture, not on the critical path)
  pose_features       :    0.0s
  byt5_inference      :   11.0s
  total               :   11.0s
  submitted  214 submitted -> 214 through MediaPipe -> 199 kept  ( 30.2s wall,  23.8s perception)
             'Dr. Fauci did not say that he should ban the drug in the U.S. but said data was clear that this tablet could cause heart issues.'
W0000 00:00:1787362031.004403   31559 face_landmarker_graph.cc:174] Sets FaceBlendshapesGraph acceleration to xnnpack by default.
W0000 00:00:1787362031.080896   31566 face_landmarker_graph.cc:174] Sets FaceBlendshapesGraph acceleration to xnnpack by default.

--- ByT5 stage breakdown ---
  checkpoint_load :    0.0s
  to_device+eval  :    0.0s
  generate        :   11.5s

--- Stage timing breakdown ---
  video_read          :    0.0s
  mediapipe_landmarks :    0.0s
  mediapipe_overlapped:   22.0s  (overlapped with capture, not on the critical path)
  hand_crop           :    0.0s
  dinov2_hands        :    0.0s
  face_crop           :    0.0s
  dinov2_face         :    0.0s
  dinov2_overlapped   :   14.9s  (overlapped with capture, not on the critical path)
  pose_features       :    0.0s
  byt5_inference      :   11.5s
  total               :   11.5s
  enqueue    199 submitted -> 199 through MediaPipe -> 199 kept  ( 29.8s wall,  22.0s perception)
             'Dr. Fauci did not say that he should ban the drug in the U.S. but said data was clear that this tablet could cause heart  issues.'

eval_set_openasl/clips/L68SkmewDnI_04.mp4: 312 frames at stride 2, head padded with 15
W0000 00:00:1787362061.630962   31619 face_landmarker_graph.cc:174] Sets FaceBlendshapesGraph acceleration to xnnpack by default.
W0000 00:00:1787362061.661879   31626 face_landmarker_graph.cc:174] Sets FaceBlendshapesGraph acceleration to xnnpack by default.

--- ByT5 stage breakdown ---
  checkpoint_load :    0.0s
  to_device+eval  :    0.0s
  generate        :   11.7s

--- Stage timing breakdown ---
  video_read          :    0.0s
  mediapipe_landmarks :    0.0s
  mediapipe_overlapped:   38.9s  (overlapped with capture, not on the critical path)
  hand_crop           :    0.0s
  dinov2_hands        :    0.0s
  face_crop           :    0.0s
  dinov2_face         :    0.0s
  dinov2_overlapped   :   26.0s  (overlapped with capture, not on the critical path)
  pose_features       :    0.1s
  byt5_inference      :   11.8s
  total               :   11.8s
  submitted  327 submitted -> 327 through MediaPipe -> 312 kept  ( 41.5s wall,  38.9s perception)
             'Trump tweeted that mail-in ballots would be seriously fraudulent and weak and that he was concerned that mail-in ballots would be weak.'
W0000 00:00:1787362103.364207   31670 face_landmarker_graph.cc:174] Sets FaceBlendshapesGraph acceleration to xnnpack by default.
W0000 00:00:1787362103.424232   31677 face_landmarker_graph.cc:174] Sets FaceBlendshapesGraph acceleration to xnnpack by default.

--- ByT5 stage breakdown ---
  checkpoint_load :    0.0s
  to_device+eval  :    0.0s
  generate        :   13.0s

--- Stage timing breakdown ---
  video_read          :    0.0s
  mediapipe_landmarks :    0.0s
  mediapipe_overlapped:   36.4s  (overlapped with capture, not on the critical path)
  hand_crop           :    0.0s
  dinov2_hands        :    0.0s
  face_crop           :    0.0s
  dinov2_face         :    0.0s
  dinov2_overlapped   :   23.2s  (overlapped with capture, not on the critical path)
  pose_features       :    0.1s
  byt5_inference      :   13.1s
  total               :   13.1s
  enqueue    312 submitted -> 312 through MediaPipe -> 312 kept  ( 40.3s wall,  36.4s perception)
             'Trump tweeted that he was concerned that mail-in ballots would be seriously fraudulent and weak and that mail-in ballots would be quickly withheld.'

eval_set_openasl/clips/L68SkmewDnI_05.mp4: 71 frames at stride 2, head padded with 15
W0000 00:00:1787362144.057209   31726 face_landmarker_graph.cc:174] Sets FaceBlendshapesGraph acceleration to xnnpack by default.
W0000 00:00:1787362144.116491   31733 face_landmarker_graph.cc:174] Sets FaceBlendshapesGraph acceleration to xnnpack by default.

--- ByT5 stage breakdown ---
  checkpoint_load :    0.0s
  to_device+eval  :    0.0s
  generate        :    3.2s

--- Stage timing breakdown ---
  video_read          :    0.0s
  mediapipe_landmarks :    0.0s
  mediapipe_overlapped:    8.9s  (overlapped with capture, not on the critical path)
  hand_crop           :    0.0s
  dinov2_hands        :    0.0s
  face_crop           :    0.0s
  dinov2_face         :    0.0s
  dinov2_overlapped   :    6.2s  (overlapped with capture, not on the critical path)
  pose_features       :    0.0s
  byt5_inference      :    3.2s
  total               :    3.2s
  submitted   86 submitted ->  86 through MediaPipe ->  71 kept  ( 12.6s wall,   8.9s perception)
             "The FBI is investigating Floyd's death."
W0000 00:00:1787362156.844184   31776 face_landmarker_graph.cc:174] Sets FaceBlendshapesGraph acceleration to xnnpack by default.
W0000 00:00:1787362156.917195   31783 face_landmarker_graph.cc:174] Sets FaceBlendshapesGraph acceleration to xnnpack by default.

--- ByT5 stage breakdown ---
  checkpoint_load :    0.0s
  to_device+eval  :    0.0s
  generate        :    3.3s

--- Stage timing breakdown ---
  video_read          :    0.0s
  mediapipe_landmarks :    0.0s
  mediapipe_overlapped:    6.9s  (overlapped with capture, not on the critical path)
  hand_crop           :    0.0s
  dinov2_hands        :    0.0s
  face_crop           :    0.0s
  dinov2_face         :    0.0s
  dinov2_overlapped   :    4.9s  (overlapped with capture, not on the critical path)
  pose_features       :    0.0s
  byt5_inference      :    3.3s
  total               :    3.3s
  enqueue     71 submitted ->  71 through MediaPipe ->  71 kept  ( 11.2s wall,   6.9s perception)
             "The FBI is investigating Floyd's death."

eval_set_openasl/clips/L68SkmewDnI_06.mp4: 122 frames at stride 2, head padded with 15
W0000 00:00:1787362168.505156   31832 face_landmarker_graph.cc:174] Sets FaceBlendshapesGraph acceleration to xnnpack by default.
W0000 00:00:1787362168.531619   31839 face_landmarker_graph.cc:174] Sets FaceBlendshapesGraph acceleration to xnnpack by default.

--- ByT5 stage breakdown ---
  checkpoint_load :    0.0s
  to_device+eval  :    0.0s
  generate        :    8.3s

--- Stage timing breakdown ---
  video_read          :    0.0s
  mediapipe_landmarks :    0.0s
  mediapipe_overlapped:   15.2s  (overlapped with capture, not on the critical path)
  hand_crop           :    0.0s
  dinov2_hands        :    0.0s
  face_crop           :    0.0s
  dinov2_face         :    0.0s
  dinov2_overlapped   :   12.1s  (overlapped with capture, not on the critical path)
  pose_features       :    0.0s
  byt5_inference      :    8.4s
  total               :    8.4s
  submitted  137 submitted -> 137 through MediaPipe -> 122 kept  ( 23.4s wall,  15.2s perception)
             'She and three other officers were involved in Folino s arrest and death, and four others have been fired.'
W0000 00:00:1787362192.102328   31882 face_landmarker_graph.cc:174] Sets FaceBlendshapesGraph acceleration to xnnpack by default.
W0000 00:00:1787362192.185056   31889 face_landmarker_graph.cc:174] Sets FaceBlendshapesGraph acceleration to xnnpack by default.

--- ByT5 stage breakdown ---
  checkpoint_load :    0.0s
  to_device+eval  :    0.0s
  generate        :    8.5s

--- Stage timing breakdown ---
  video_read          :    0.0s
  mediapipe_landmarks :    0.0s
  mediapipe_overlapped:   13.0s  (overlapped with capture, not on the critical path)
  hand_crop           :    0.0s
  dinov2_hands        :    0.0s
  face_crop           :    0.0s
  dinov2_face         :    0.0s
  dinov2_overlapped   :    9.1s  (overlapped with capture, not on the critical path)
  pose_features       :    0.0s
  byt5_inference      :    8.5s
  total               :    8.5s
  enqueue    122 submitted -> 122 through MediaPipe -> 122 kept  ( 20.8s wall,  13.0s perception)
             'She and three other officers were involved in Floyd s arrest and death, and four were fired.'

eval_set_openasl/clips/NBpYolVo5WQ_01.mp4: 199 frames at stride 2, head padded with 15
W0000 00:00:1787362213.550730   31940 face_landmarker_graph.cc:174] Sets FaceBlendshapesGraph acceleration to xnnpack by default.
W0000 00:00:1787362213.615995   31947 face_landmarker_graph.cc:174] Sets FaceBlendshapesGraph acceleration to xnnpack by default.

--- ByT5 stage breakdown ---
  checkpoint_load :    0.0s
  to_device+eval  :    0.0s
  generate        :    8.4s

--- Stage timing breakdown ---
  video_read          :    0.0s
  mediapipe_landmarks :    0.0s
  mediapipe_overlapped:   23.9s  (overlapped with capture, not on the critical path)
  hand_crop           :    0.0s
  dinov2_hands        :    0.0s
  face_crop           :    0.0s
  dinov2_face         :    0.0s
  dinov2_overlapped   :   15.8s  (overlapped with capture, not on the critical path)
  pose_features       :    0.0s
  byt5_inference      :    8.5s
  total               :    8.5s
  submitted  214 submitted -> 214 through MediaPipe -> 199 kept  ( 27.8s wall,  23.9s perception)
             'This may include persistent fever, abdominal symptoms, rash, and serious heart issues.'
W0000 00:00:1787362241.562359   31992 face_landmarker_graph.cc:174] Sets FaceBlendshapesGraph acceleration to xnnpack by default.
W0000 00:00:1787362241.638857   31999 face_landmarker_graph.cc:174] Sets FaceBlendshapesGraph acceleration to xnnpack by default.

--- ByT5 stage breakdown ---
  checkpoint_load :    0.0s
  to_device+eval  :    0.0s
  generate        :    8.5s

--- Stage timing breakdown ---
  video_read          :    0.0s
  mediapipe_landmarks :    0.0s
  mediapipe_overlapped:   22.5s  (overlapped with capture, not on the critical path)
  hand_crop           :    0.0s
  dinov2_hands        :    0.0s
  face_crop           :    0.0s
  dinov2_face         :    0.0s
  dinov2_overlapped   :   15.3s  (overlapped with capture, not on the critical path)
  pose_features       :    0.0s
  byt5_inference      :    8.5s
  total               :    8.6s
  enqueue    199 submitted -> 199 through MediaPipe -> 199 kept  ( 27.3s wall,  22.5s perception)
             'This may include persistent fever, abdominal symptoms, rash, and serious heart issues.'

eval_set_openasl/clips/NBpYolVo5WQ_02.mp4: 206 frames at stride 2, head padded with 15
W0000 00:00:1787362269.520955   32048 face_landmarker_graph.cc:174] Sets FaceBlendshapesGraph acceleration to xnnpack by default.
W0000 00:00:1787362269.591258   32055 face_landmarker_graph.cc:174] Sets FaceBlendshapesGraph acceleration to xnnpack by default.

--- ByT5 stage breakdown ---
  checkpoint_load :    0.0s
  to_device+eval  :    0.0s
  generate        :   14.3s

--- Stage timing breakdown ---
  video_read          :    0.0s
  mediapipe_landmarks :    0.0s
  mediapipe_overlapped:   26.7s  (overlapped with capture, not on the critical path)
  hand_crop           :    0.0s
  dinov2_hands        :    0.0s
  face_crop           :    0.0s
  dinov2_face         :    0.0s
  dinov2_overlapped   :   16.6s  (overlapped with capture, not on the critical path)
  pose_features       :    0.0s
  byt5_inference      :   14.4s
  total               :   14.4s
  submitted  221 submitted -> 221 through MediaPipe -> 206 kept  ( 35.7s wall,  26.7s perception)
             'They did get guilty of paying a citing a citing, stopping a cease and desisting mail seriously stopping, and resting over their business.'
W0000 00:00:1787362305.431969   32099 face_landmarker_graph.cc:174] Sets FaceBlendshapesGraph acceleration to xnnpack by default.
W0000 00:00:1787362305.503153   32106 face_landmarker_graph.cc:174] Sets FaceBlendshapesGraph acceleration to xnnpack by default.

--- ByT5 stage breakdown ---
  checkpoint_load :    0.0s
  to_device+eval  :    0.0s
  generate        :   13.0s

--- Stage timing breakdown ---
  video_read          :    0.0s
  mediapipe_landmarks :    0.0s
  mediapipe_overlapped:   23.7s  (overlapped with capture, not on the critical path)
  hand_crop           :    0.0s
  dinov2_hands        :    0.0s
  face_crop           :    0.0s
  dinov2_face         :    0.0s
  dinov2_overlapped   :   15.3s  (overlapped with capture, not on the critical path)
  pose_features       :    0.0s
  byt5_inference      :   13.1s
  total               :   13.1s
  enqueue    206 submitted -> 206 through MediaPipe -> 206 kept  ( 32.1s wall,  23.7s perception)
             'They did get guilty of paying a citing a citizenship, cease and desist mail seriously stopping, and resting over, but they still continued to open their business.'

eval_set_openasl/clips/NBpYolVo5WQ_03.mp4: 236 frames at stride 2, head padded with 15
W0000 00:00:1787362338.177751   32155 face_landmarker_graph.cc:174] Sets FaceBlendshapesGraph acceleration to xnnpack by default.
W0000 00:00:1787362338.257303   32162 face_landmarker_graph.cc:174] Sets FaceBlendshapesGraph acceleration to xnnpack by default.

--- ByT5 stage breakdown ---
  checkpoint_load :    0.0s
  to_device+eval  :    0.0s
  generate        :   12.9s

--- Stage timing breakdown ---
  video_read          :    0.0s
  mediapipe_landmarks :    0.0s
  mediapipe_overlapped:   27.0s  (overlapped with capture, not on the critical path)
  hand_crop           :    0.0s
  dinov2_hands        :    0.0s
  face_crop           :    0.0s
  dinov2_face         :    0.0s
  dinov2_overlapped   :   19.6s  (overlapped with capture, not on the critical path)
  pose_features       :    0.0s
  byt5_inference      :   12.9s
  total               :   13.0s
  submitted  251 submitted -> 251 through MediaPipe -> 236 kept  ( 35.8s wall,  27.0s perception)
             'She is now testing samples from a patient who was sick with respiratory illness in December and January to try and understand how the virus spread.'
W0000 00:00:1787362374.149111   32210 face_landmarker_graph.cc:174] Sets FaceBlendshapesGraph acceleration to xnnpack by default.
W0000 00:00:1787362374.220294   32217 face_landmarker_graph.cc:174] Sets FaceBlendshapesGraph acceleration to xnnpack by default.

--- ByT5 stage breakdown ---
  checkpoint_load :    0.0s
  to_device+eval  :    0.0s
  generate        :   13.2s

--- Stage timing breakdown ---
  video_read          :    0.0s
  mediapipe_landmarks :    0.0s
  mediapipe_overlapped:   25.4s  (overlapped with capture, not on the critical path)
  hand_crop           :    0.0s
  dinov2_hands        :    0.0s
  face_crop           :    0.0s
  dinov2_face         :    0.0s
  dinov2_overlapped   :   18.1s  (overlapped with capture, not on the critical path)
  pose_features       :    0.0s
  byt5_inference      :   13.2s
  total               :   13.3s
  enqueue    236 submitted -> 236 through MediaPipe -> 236 kept  ( 34.9s wall,  25.4s perception)
             'She is now testing samples from a patient who was sick with respiratory illness in December and January to try and understand how the virus spread.'

eval_set_openasl/clips/NBpYolVo5WQ_04.mp4: 115 frames at stride 2, head padded with 15
W0000 00:00:1787362409.526437   32267 face_landmarker_graph.cc:174] Sets FaceBlendshapesGraph acceleration to xnnpack by default.
W0000 00:00:1787362409.552553   32274 face_landmarker_graph.cc:174] Sets FaceBlendshapesGraph acceleration to xnnpack by default.

--- ByT5 stage breakdown ---
  checkpoint_load :    0.0s
  to_device+eval  :    0.0s
  generate        :    6.4s

--- Stage timing breakdown ---
  video_read          :    0.0s
  mediapipe_landmarks :    0.0s
  mediapipe_overlapped:   14.3s  (overlapped with capture, not on the critical path)
  hand_crop           :    0.0s
  dinov2_hands        :    0.0s
  face_crop           :    0.0s
  dinov2_face         :    0.0s
  dinov2_overlapped   :   10.8s  (overlapped with capture, not on the critical path)
  pose_features       :    0.0s
  byt5_inference      :    6.4s
  total               :    6.4s
  submitted  130 submitted -> 130 through MediaPipe -> 115 kept  ( 20.3s wall,  14.3s perception)
             'Gregory used to be a police officer and used to work for a local prosecutor.'
W0000 00:00:1787362430.025412   32317 face_landmarker_graph.cc:174] Sets FaceBlendshapesGraph acceleration to xnnpack by default.
W0000 00:00:1787362430.090506   32324 face_landmarker_graph.cc:174] Sets FaceBlendshapesGraph acceleration to xnnpack by default.

--- ByT5 stage breakdown ---
  checkpoint_load :    0.0s
  to_device+eval  :    0.0s
  generate        :    6.5s

--- Stage timing breakdown ---
  video_read          :    0.0s
  mediapipe_landmarks :    0.0s
  mediapipe_overlapped:   13.7s  (overlapped with capture, not on the critical path)
  hand_crop           :    0.0s
  dinov2_hands        :    0.0s
  face_crop           :    0.0s
  dinov2_face         :    0.0s
  dinov2_overlapped   :    9.6s  (overlapped with capture, not on the critical path)
  pose_features       :    0.0s
  byt5_inference      :    6.5s
  total               :    6.5s
  enqueue    115 submitted -> 115 through MediaPipe -> 115 kept  ( 19.5s wall,  13.7s perception)
             'Gregory used to be a police officer and used to work for a local prosecutor.'

eval_set_openasl/clips/NBpYolVo5WQ_05.mp4: 103 frames at stride 2, head padded with 15
W0000 00:00:1787362449.987587   32373 face_landmarker_graph.cc:174] Sets FaceBlendshapesGraph acceleration to xnnpack by default.
W0000 00:00:1787362450.058945   32380 face_landmarker_graph.cc:174] Sets FaceBlendshapesGraph acceleration to xnnpack by default.

--- ByT5 stage breakdown ---
  checkpoint_load :    0.0s
  to_device+eval  :    0.0s
  generate        :    5.6s

--- Stage timing breakdown ---
  video_read          :    0.0s
  mediapipe_landmarks :    0.0s
  mediapipe_overlapped:   13.2s  (overlapped with capture, not on the critical path)
  hand_crop           :    0.0s
  dinov2_hands        :    0.0s
  face_crop           :    0.0s
  dinov2_face         :    0.0s
  dinov2_overlapped   :    8.7s  (overlapped with capture, not on the critical path)
  pose_features       :    0.0s
  byt5_inference      :    5.6s
  total               :    5.6s
  submitted  118 submitted -> 118 through MediaPipe -> 103 kept  ( 17.8s wall,  13.2s perception)
             'There was a third man at a neighborhood who joined the 13-year-old.'
W0000 00:00:1787362467.945949   32423 face_landmarker_graph.cc:174] Sets FaceBlendshapesGraph acceleration to xnnpack by default.
W0000 00:00:1787362468.002292   32430 face_landmarker_graph.cc:174] Sets FaceBlendshapesGraph acceleration to xnnpack by default.

--- ByT5 stage breakdown ---
  checkpoint_load :    0.0s
  to_device+eval  :    0.0s
  generate        :    6.0s

--- Stage timing breakdown ---
  video_read          :    0.0s
  mediapipe_landmarks :    0.0s
  mediapipe_overlapped:   11.4s  (overlapped with capture, not on the critical path)
  hand_crop           :    0.0s
  dinov2_hands        :    0.0s
  face_crop           :    0.0s
  dinov2_face         :    0.0s
  dinov2_overlapped   :    8.6s  (overlapped with capture, not on the critical path)
  pose_features       :    0.0s
  byt5_inference      :    6.1s
  total               :    6.1s
  enqueue    103 submitted -> 103 through MediaPipe -> 103 kept  ( 18.3s wall,  11.4s perception)
             'There was a third man at a neighborhood who joined the 13-year-old.'

eval_set_openasl/clips/NBpYolVo5WQ_06.mp4: 37 frames at stride 2, head padded with 15
W0000 00:00:1787362486.476422   32480 face_landmarker_graph.cc:174] Sets FaceBlendshapesGraph acceleration to xnnpack by default.
W0000 00:00:1787362486.546148   32487 face_landmarker_graph.cc:174] Sets FaceBlendshapesGraph acceleration to xnnpack by default.

--- ByT5 stage breakdown ---
  checkpoint_load :    0.0s
  to_device+eval  :    0.0s
  generate        :    3.5s

--- Stage timing breakdown ---
  video_read          :    0.0s
  mediapipe_landmarks :    0.0s
  mediapipe_overlapped:    7.0s  (overlapped with capture, not on the critical path)
  hand_crop           :    0.0s
  dinov2_hands        :    0.0s
  face_crop           :    0.0s
  dinov2_face         :    0.0s
  dinov2_overlapped   :    3.6s  (overlapped with capture, not on the critical path)
  pose_features       :    0.0s
  byt5_inference      :    3.5s
  total               :    3.5s
  submitted   52 submitted ->  52 through MediaPipe ->  37 kept  ( 11.6s wall,   7.0s perception)
             'See you tomorrow and stay with the light!'
W0000 00:00:1787362498.304508   32530 face_landmarker_graph.cc:174] Sets FaceBlendshapesGraph acceleration to xnnpack by default.
W0000 00:00:1787362498.370374   32537 face_landmarker_graph.cc:174] Sets FaceBlendshapesGraph acceleration to xnnpack by default.

--- ByT5 stage breakdown ---
  checkpoint_load :    0.0s
  to_device+eval  :    0.0s
  generate        :    3.7s

--- Stage timing breakdown ---
  video_read          :    0.0s
  mediapipe_landmarks :    0.0s
  mediapipe_overlapped:    5.4s  (overlapped with capture, not on the critical path)
  hand_crop           :    0.0s
  dinov2_hands        :    0.0s
  face_crop           :    0.0s
  dinov2_face         :    0.0s
  dinov2_overlapped   :    2.6s  (overlapped with capture, not on the critical path)
  pose_features       :    0.0s
  byt5_inference      :    3.7s
  total               :    3.7s
  enqueue     37 submitted ->  37 through MediaPipe ->  37 kept  ( 10.8s wall,   5.4s perception)
             'See you tomorrow and stay with the light!'

eval_set_openasl/clips/iMJ9CjBX7eo_01.mp4: 48 frames at stride 2, head padded with 15
W0000 00:00:1787362509.437138   32586 face_landmarker_graph.cc:174] Sets FaceBlendshapesGraph acceleration to xnnpack by default.
W0000 00:00:1787362509.498707   32593 face_landmarker_graph.cc:174] Sets FaceBlendshapesGraph acceleration to xnnpack by default.

--- ByT5 stage breakdown ---
  checkpoint_load :    0.0s
  to_device+eval  :    0.0s
  generate        :    2.7s

--- Stage timing breakdown ---
  video_read          :    0.0s
  mediapipe_landmarks :    0.0s
  mediapipe_overlapped:    7.0s  (overlapped with capture, not on the critical path)
  hand_crop           :    0.0s
  dinov2_hands        :    0.0s
  face_crop           :    0.0s
  dinov2_face         :    0.0s
  dinov2_overlapped   :    4.2s  (overlapped with capture, not on the critical path)
  pose_features       :    0.0s
  byt5_inference      :    2.7s
  total               :    2.7s
  submitted   63 submitted ->  63 through MediaPipe ->  48 kept  ( 10.1s wall,   7.0s perception)
             'This is my arm at the age of 8.'
W0000 00:00:1787362519.697263   32637 face_landmarker_graph.cc:174] Sets FaceBlendshapesGraph acceleration to xnnpack by default.
W0000 00:00:1787362519.760856   32644 face_landmarker_graph.cc:174] Sets FaceBlendshapesGraph acceleration to xnnpack by default.

--- ByT5 stage breakdown ---
  checkpoint_load :    0.0s
  to_device+eval  :    0.0s
  generate        :    2.4s

--- Stage timing breakdown ---
  video_read          :    0.0s
  mediapipe_landmarks :    0.0s
  mediapipe_overlapped:    4.9s  (overlapped with capture, not on the critical path)
  hand_crop           :    0.0s
  dinov2_hands        :    0.0s
  face_crop           :    0.0s
  dinov2_face         :    0.0s
  dinov2_overlapped   :    3.4s  (overlapped with capture, not on the critical path)
  pose_features       :    0.0s
  byt5_inference      :    2.4s
  total               :    2.4s
  enqueue     48 submitted ->  48 through MediaPipe ->  48 kept  (  9.1s wall,   4.9s perception)
             'My arm is maximized.'

eval_set_openasl/clips/iMJ9CjBX7eo_02.mp4: 65 frames at stride 2, head padded with 15
W0000 00:00:1787362529.085638   32693 face_landmarker_graph.cc:174] Sets FaceBlendshapesGraph acceleration to xnnpack by default.
W0000 00:00:1787362529.141821   32700 face_landmarker_graph.cc:174] Sets FaceBlendshapesGraph acceleration to xnnpack by default.

--- ByT5 stage breakdown ---
  checkpoint_load :    0.0s
  to_device+eval  :    0.0s
  generate        :    6.9s

--- Stage timing breakdown ---
  video_read          :    0.0s
  mediapipe_landmarks :    0.0s
  mediapipe_overlapped:    8.9s  (overlapped with capture, not on the critical path)
  hand_crop           :    0.0s
  dinov2_hands        :    0.0s
  face_crop           :    0.0s
  dinov2_face         :    0.0s
  dinov2_overlapped   :    5.6s  (overlapped with capture, not on the critical path)
  pose_features       :    0.0s
  byt5_inference      :    7.0s
  total               :    7.0s
  submitted   80 submitted ->  80 through MediaPipe ->  65 kept  ( 15.9s wall,   8.9s perception)
             'Thank you for joining us at the Community Forum and we will be hosting it together.'
W0000 00:00:1787362545.167070   32743 face_landmarker_graph.cc:174] Sets FaceBlendshapesGraph acceleration to xnnpack by default.
W0000 00:00:1787362545.233469   32750 face_landmarker_graph.cc:174] Sets FaceBlendshapesGraph acceleration to xnnpack by default.

--- ByT5 stage breakdown ---
  checkpoint_load :    0.0s
  to_device+eval  :    0.0s
  generate        :    6.8s

--- Stage timing breakdown ---
  video_read          :    0.0s
  mediapipe_landmarks :    0.0s
  mediapipe_overlapped:    8.1s  (overlapped with capture, not on the critical path)
  hand_crop           :    0.0s
  dinov2_hands        :    0.0s
  face_crop           :    0.0s
  dinov2_face         :    0.0s
  dinov2_overlapped   :    4.3s  (overlapped with capture, not on the critical path)
  pose_features       :    0.0s
  byt5_inference      :    6.8s
  total               :    6.9s
  enqueue     65 submitted ->  65 through MediaPipe ->  65 kept  ( 14.8s wall,   8.1s perception)
             'Thank you for joining us at the Community Forum and we will host it together.'

eval_set_openasl/clips/iMJ9CjBX7eo_03.mp4: 81 frames at stride 2, head padded with 15
W0000 00:00:1787362560.361274   32799 face_landmarker_graph.cc:174] Sets FaceBlendshapesGraph acceleration to xnnpack by default.
W0000 00:00:1787362560.418018   32806 face_landmarker_graph.cc:174] Sets FaceBlendshapesGraph acceleration to xnnpack by default.

--- ByT5 stage breakdown ---
  checkpoint_load :    0.0s
  to_device+eval  :    0.0s
  generate        :   10.1s

--- Stage timing breakdown ---
  video_read          :    0.0s
  mediapipe_landmarks :    0.0s
  mediapipe_overlapped:   10.0s  (overlapped with capture, not on the critical path)
  hand_crop           :    0.0s
  dinov2_hands        :    0.0s
  face_crop           :    0.0s
  dinov2_face         :    0.0s
  dinov2_overlapped   :    7.4s  (overlapped with capture, not on the critical path)
  pose_features       :    0.0s
  byt5_inference      :   10.2s
  total               :   10.2s
  submitted   96 submitted ->  96 through MediaPipe ->  81 kept  ( 21.0s wall,  10.0s perception)
             'The goal of this program is to have a span of Deaf classes and interpreting workshops for all three years.'
W0000 00:00:1787362581.556112   32849 face_landmarker_graph.cc:174] Sets FaceBlendshapesGraph acceleration to xnnpack by default.
W0000 00:00:1787362581.626078   32856 face_landmarker_graph.cc:174] Sets FaceBlendshapesGraph acceleration to xnnpack by default.

--- ByT5 stage breakdown ---
  checkpoint_load :    0.0s
  to_device+eval  :    0.0s
  generate        :    8.4s

--- Stage timing breakdown ---
  video_read          :    0.0s
  mediapipe_landmarks :    0.0s
  mediapipe_overlapped:    8.7s  (overlapped with capture, not on the critical path)
  hand_crop           :    0.0s
  dinov2_hands        :    0.0s
  face_crop           :    0.0s
  dinov2_face         :    0.0s
  dinov2_overlapped   :    5.7s  (overlapped with capture, not on the critical path)
  pose_features       :    0.0s
  byt5_inference      :    8.4s
  total               :    8.5s
  enqueue     81 submitted ->  81 through MediaPipe ->  81 kept  ( 17.5s wall,   8.7s perception)
             'The goal of this event is to have Deaf classes and interpreting classes split into night-time classes.'

eval_set_openasl/clips/iMJ9CjBX7eo_04.mp4: 129 frames at stride 2, head padded with 15
W0000 00:00:1787362599.575215   32906 face_landmarker_graph.cc:174] Sets FaceBlendshapesGraph acceleration to xnnpack by default.
W0000 00:00:1787362599.641948   32913 face_landmarker_graph.cc:174] Sets FaceBlendshapesGraph acceleration to xnnpack by default.

--- ByT5 stage breakdown ---
  checkpoint_load :    0.0s
  to_device+eval  :    0.0s
  generate        :    8.2s

--- Stage timing breakdown ---
  video_read          :    0.0s
  mediapipe_landmarks :    0.0s
  mediapipe_overlapped:   15.2s  (overlapped with capture, not on the critical path)
  hand_crop           :    0.0s
  dinov2_hands        :    0.0s
  face_crop           :    0.0s
  dinov2_face         :    0.0s
  dinov2_overlapped   :   10.3s  (overlapped with capture, not on the critical path)
  pose_features       :    0.0s
  byt5_inference      :    8.2s
  total               :    8.2s
  submitted  144 submitted -> 144 through MediaPipe -> 129 kept  ( 21.8s wall,  15.2s perception)
             'I am thrilled to be involved in men and women with diversity and LGBTQ diversity.'
W0000 00:00:1787362621.517346   32956 face_landmarker_graph.cc:174] Sets FaceBlendshapesGraph acceleration to xnnpack by default.
W0000 00:00:1787362621.588851   32963 face_landmarker_graph.cc:174] Sets FaceBlendshapesGraph acceleration to xnnpack by default.

--- ByT5 stage breakdown ---
  checkpoint_load :    0.0s
  to_device+eval  :    0.0s
  generate        :    7.5s

--- Stage timing breakdown ---
  video_read          :    0.0s
  mediapipe_landmarks :    0.0s
  mediapipe_overlapped:   14.4s  (overlapped with capture, not on the critical path)
  hand_crop           :    0.0s
  dinov2_hands        :    0.0s
  face_crop           :    0.0s
  dinov2_face         :    0.0s
  dinov2_overlapped   :    9.5s  (overlapped with capture, not on the critical path)
  pose_features       :    0.0s
  byt5_inference      :    7.5s
  total               :    7.5s
  enqueue    129 submitted -> 129 through MediaPipe -> 129 kept  ( 20.6s wall,  14.4s perception)
             'I am thrilled to be involved with men and women and LGBTQ diversity as a host as the OC.'

eval_set_openasl/clips/iMJ9CjBX7eo_05.mp4: 105 frames at stride 2, head padded with 15
W0000 00:00:1787362642.549909   33012 face_landmarker_graph.cc:174] Sets FaceBlendshapesGraph acceleration to xnnpack by default.
W0000 00:00:1787362642.576084   33019 face_landmarker_graph.cc:174] Sets FaceBlendshapesGraph acceleration to xnnpack by default.

--- ByT5 stage breakdown ---
  checkpoint_load :    0.0s
  to_device+eval  :    0.0s
  generate        :    9.0s

--- Stage timing breakdown ---
  video_read          :    0.0s
  mediapipe_landmarks :    0.0s
  mediapipe_overlapped:   12.2s  (overlapped with capture, not on the critical path)
  hand_crop           :    0.0s
  dinov2_hands        :    0.0s
  face_crop           :    0.0s
  dinov2_face         :    0.0s
  dinov2_overlapped   :    8.5s  (overlapped with capture, not on the critical path)
  pose_features       :    0.0s
  byt5_inference      :    9.0s
  total               :    9.1s
  submitted  120 submitted -> 120 through MediaPipe -> 105 kept  ( 20.6s wall,  12.2s perception)
             'We want to see you bringing your weekends, credit cards, or checks to see if you have any questions.'
W0000 00:00:1787362663.280607   33066 face_landmarker_graph.cc:174] Sets FaceBlendshapesGraph acceleration to xnnpack by default.
W0000 00:00:1787362663.310362   33073 face_landmarker_graph.cc:174] Sets FaceBlendshapesGraph acceleration to xnnpack by default.

--- ByT5 stage breakdown ---
  checkpoint_load :    0.0s
  to_device+eval  :    0.0s
  generate        :    5.8s

--- Stage timing breakdown ---
  video_read          :    0.0s
  mediapipe_landmarks :    0.0s
  mediapipe_overlapped:   10.8s  (overlapped with capture, not on the critical path)
  hand_crop           :    0.0s
  dinov2_hands        :    0.0s
  face_crop           :    0.0s
  dinov2_face         :    0.0s
  dinov2_overlapped   :    7.1s  (overlapped with capture, not on the critical path)
  pose_features       :    0.0s
  byt5_inference      :    5.9s
  total               :    5.9s
  enqueue    105 submitted -> 105 through MediaPipe -> 105 kept  ( 16.3s wall,  10.8s perception)
             'We want to see you bringing your weekends, credit cards, or checks!'

eval_set_openasl/clips/TXyNxVRRPt8_01.mp4: 94 frames at stride 2, head padded with 15
W0000 00:00:1787362679.971492   33122 face_landmarker_graph.cc:174] Sets FaceBlendshapesGraph acceleration to xnnpack by default.
W0000 00:00:1787362680.031111   33129 face_landmarker_graph.cc:174] Sets FaceBlendshapesGraph acceleration to xnnpack by default.

--- ByT5 stage breakdown ---
  checkpoint_load :    0.0s
  to_device+eval  :    0.0s
  generate        :    6.6s

--- Stage timing breakdown ---
  video_read          :    0.0s
  mediapipe_landmarks :    0.0s
  mediapipe_overlapped:   12.7s  (overlapped with capture, not on the critical path)
  hand_crop           :    0.0s
  dinov2_hands        :    0.0s
  face_crop           :    0.0s
  dinov2_face         :    0.0s
  dinov2_overlapped   :    7.4s  (overlapped with capture, not on the critical path)
  pose_features       :    0.0s
  byt5_inference      :    6.7s
  total               :    6.7s
  submitted  109 submitted -> 109 through MediaPipe ->  94 kept  ( 18.5s wall,  12.7s perception)
             'Those who have arrived at the community forum will bring their concerns to South Carolina.'
W0000 00:00:1787362698.657858   33172 face_landmarker_graph.cc:174] Sets FaceBlendshapesGraph acceleration to xnnpack by default.
W0000 00:00:1787362698.731421   33179 face_landmarker_graph.cc:174] Sets FaceBlendshapesGraph acceleration to xnnpack by default.

--- ByT5 stage breakdown ---
  checkpoint_load :    0.0s
  to_device+eval  :    0.0s
  generate        :    7.2s

--- Stage timing breakdown ---
  video_read          :    0.0s
  mediapipe_landmarks :    0.0s
  mediapipe_overlapped:    9.8s  (overlapped with capture, not on the critical path)
  hand_crop           :    0.0s
  dinov2_hands        :    0.0s
  face_crop           :    0.0s
  dinov2_face         :    0.0s
  dinov2_overlapped   :    6.3s  (overlapped with capture, not on the critical path)
  pose_features       :    0.0s
  byt5_inference      :    7.2s
  total               :    7.2s
  enqueue     94 submitted ->  94 through MediaPipe ->  94 kept  ( 16.8s wall,   9.8s perception)
             'We brought them to the Deaf Community Forum to bring their concerns to South Carolina.'

eval_set_openasl/clips/TXyNxVRRPt8_03.mp4: 68 frames at stride 2, head padded with 15
W0000 00:00:1787362715.814802   33228 face_landmarker_graph.cc:174] Sets FaceBlendshapesGraph acceleration to xnnpack by default.
W0000 00:00:1787362715.893120   33235 face_landmarker_graph.cc:174] Sets FaceBlendshapesGraph acceleration to xnnpack by default.

--- ByT5 stage breakdown ---
  checkpoint_load :    0.0s
  to_device+eval  :    0.0s
  generate        :    5.2s

--- Stage timing breakdown ---
  video_read          :    0.0s
  mediapipe_landmarks :    0.0s
  mediapipe_overlapped:    9.1s  (overlapped with capture, not on the critical path)
  hand_crop           :    0.0s
  dinov2_hands        :    0.0s
  face_crop           :    0.0s
  dinov2_face         :    0.0s
  dinov2_overlapped   :    5.8s  (overlapped with capture, not on the critical path)
  pose_features       :    0.0s
  byt5_inference      :    5.2s
  total               :    5.2s
  submitted   83 submitted ->  83 through MediaPipe ->  68 kept  ( 14.6s wall,   9.1s perception)
             'Most people use the SSD program.'
W0000 00:00:1787362730.564131   33278 face_landmarker_graph.cc:174] Sets FaceBlendshapesGraph acceleration to xnnpack by default.
W0000 00:00:1787362730.589191   33285 face_landmarker_graph.cc:174] Sets FaceBlendshapesGraph acceleration to xnnpack by default.

--- ByT5 stage breakdown ---
  checkpoint_load :    0.0s
  to_device+eval  :    0.0s
  generate        :    3.2s

--- Stage timing breakdown ---
  video_read          :    0.0s
  mediapipe_landmarks :    0.0s
  mediapipe_overlapped:    8.0s  (overlapped with capture, not on the critical path)
  hand_crop           :    0.0s
  dinov2_hands        :    0.0s
  face_crop           :    0.0s
  dinov2_face         :    0.0s
  dinov2_overlapped   :    4.3s  (overlapped with capture, not on the critical path)
  pose_features       :    0.0s
  byt5_inference      :    3.3s
  total               :    3.3s
  enqueue     68 submitted ->  68 through MediaPipe ->  68 kept  ( 11.5s wall,   8.0s perception)
             "Most people don't know about it."

eval_set_openasl/clips/TXyNxVRRPt8_04.mp4: 91 frames at stride 2, head padded with 15
W0000 00:00:1787362742.457777   33334 face_landmarker_graph.cc:174] Sets FaceBlendshapesGraph acceleration to xnnpack by default.
W0000 00:00:1787362742.489837   33341 face_landmarker_graph.cc:174] Sets FaceBlendshapesGraph acceleration to xnnpack by default.

--- ByT5 stage breakdown ---
  checkpoint_load :    0.0s
  to_device+eval  :    0.0s
  generate        :    5.7s

--- Stage timing breakdown ---
  video_read          :    0.0s
  mediapipe_landmarks :    0.0s
  mediapipe_overlapped:   10.2s  (overlapped with capture, not on the critical path)
  hand_crop           :    0.0s
  dinov2_hands        :    0.0s
  face_crop           :    0.0s
  dinov2_face         :    0.0s
  dinov2_overlapped   :    7.2s  (overlapped with capture, not on the critical path)
  pose_features       :    0.0s
  byt5_inference      :    5.7s
  total               :    5.7s
  submitted  106 submitted -> 106 through MediaPipe ->  91 kept  ( 15.8s wall,  10.2s perception)
             'We will look forward to having the next Board meeting every month.'
W0000 00:00:1787362758.452074   33384 face_landmarker_graph.cc:174] Sets FaceBlendshapesGraph acceleration to xnnpack by default.
W0000 00:00:1787362758.519144   33391 face_landmarker_graph.cc:174] Sets FaceBlendshapesGraph acceleration to xnnpack by default.

--- ByT5 stage breakdown ---
  checkpoint_load :    0.0s
  to_device+eval  :    0.0s
  generate        :    5.7s

--- Stage timing breakdown ---
  video_read          :    0.0s
  mediapipe_landmarks :    0.0s
  mediapipe_overlapped:    8.6s  (overlapped with capture, not on the critical path)
  hand_crop           :    0.0s
  dinov2_hands        :    0.0s
  face_crop           :    0.0s
  dinov2_face         :    0.0s
  dinov2_overlapped   :    5.9s  (overlapped with capture, not on the critical path)
  pose_features       :    0.0s
  byt5_inference      :    5.7s
  total               :    5.8s
  enqueue     91 submitted ->  91 through MediaPipe ->  91 kept  ( 14.7s wall,   8.6s perception)
             'I have been involved in the monthly meetings.'

eval_set_openasl/clips/TXyNxVRRPt8_05.mp4: 15 frames at stride 2, head padded with 15
W0000 00:00:1787362773.407364   33440 face_landmarker_graph.cc:174] Sets FaceBlendshapesGraph acceleration to xnnpack by default.
W0000 00:00:1787362773.486594   33447 face_landmarker_graph.cc:174] Sets FaceBlendshapesGraph acceleration to xnnpack by default.

--- ByT5 stage breakdown ---
  checkpoint_load :    0.0s
  to_device+eval  :    0.0s
  generate        :    2.2s

--- Stage timing breakdown ---
  video_read          :    0.0s
  mediapipe_landmarks :    0.0s
  mediapipe_overlapped:    4.0s  (overlapped with capture, not on the critical path)
  hand_crop           :    0.0s
  dinov2_hands        :    0.0s
  face_crop           :    0.0s
  dinov2_face         :    0.0s
  dinov2_overlapped   :    2.1s  (overlapped with capture, not on the critical path)
  pose_features       :    0.0s
  byt5_inference      :    2.2s
  total               :    2.2s
  submitted   30 submitted ->  30 through MediaPipe ->  15 kept  (  8.3s wall,   4.0s perception)
             '&gt;&gt; Thank you.'
W0000 00:00:1787362781.923569   33487 face_landmarker_graph.cc:174] Sets FaceBlendshapesGraph acceleration to xnnpack by default.
W0000 00:00:1787362781.950066   33494 face_landmarker_graph.cc:174] Sets FaceBlendshapesGraph acceleration to xnnpack by default.

--- ByT5 stage breakdown ---
  checkpoint_load :    0.0s
  to_device+eval  :    0.0s
  generate        :    2.1s

--- Stage timing breakdown ---
  video_read          :    0.0s
  mediapipe_landmarks :    0.0s
  mediapipe_overlapped:    2.3s  (overlapped with capture, not on the critical path)
  hand_crop           :    0.0s
  dinov2_hands        :    0.0s
  face_crop           :    0.0s
  dinov2_face         :    0.0s
  dinov2_overlapped   :    1.0s  (overlapped with capture, not on the critical path)
  pose_features       :    0.0s
  byt5_inference      :    2.1s
  total               :    2.1s
  enqueue     15 submitted ->  15 through MediaPipe ->  15 kept  (  5.5s wall,   2.3s perception)
             '&gt;&gt; Thank you.'

eval_set_openasl/clips/J-0KHhPS_m4_01.mp4: 205 frames at stride 2, head padded with 15
W0000 00:00:1787362787.976717   33540 face_landmarker_graph.cc:174] Sets FaceBlendshapesGraph acceleration to xnnpack by default.
W0000 00:00:1787362788.036846   33547 face_landmarker_graph.cc:174] Sets FaceBlendshapesGraph acceleration to xnnpack by default.

--- ByT5 stage breakdown ---
  checkpoint_load :    0.0s
  to_device+eval  :    0.0s
  generate        :    9.7s

--- Stage timing breakdown ---
  video_read          :    0.0s
  mediapipe_landmarks :    0.0s
  mediapipe_overlapped:   23.0s  (overlapped with capture, not on the critical path)
  hand_crop           :    0.0s
  dinov2_hands        :    0.0s
  face_crop           :    0.0s
  dinov2_face         :    0.0s
  dinov2_overlapped   :   18.5s  (overlapped with capture, not on the critical path)
  pose_features       :    0.0s
  byt5_inference      :    9.7s
  total               :    9.8s
  submitted  220 submitted -> 220 through MediaPipe -> 205 kept  ( 31.8s wall,  23.0s perception)
             'And some are also recalling other customers involved in the scamming scammers to receive dickbacks.'
W0000 00:00:1787362819.927073   33590 face_landmarker_graph.cc:174] Sets FaceBlendshapesGraph acceleration to xnnpack by default.
W0000 00:00:1787362819.997224   33597 face_landmarker_graph.cc:174] Sets FaceBlendshapesGraph acceleration to xnnpack by default.

--- ByT5 stage breakdown ---
  checkpoint_load :    0.0s
  to_device+eval  :    0.0s
  generate        :    6.9s

--- Stage timing breakdown ---
  video_read          :    0.0s
  mediapipe_landmarks :    0.0s
  mediapipe_overlapped:   21.3s  (overlapped with capture, not on the critical path)
  hand_crop           :    0.0s
  dinov2_hands        :    0.0s
  face_crop           :    0.0s
  dinov2_face         :    0.0s
  dinov2_overlapped   :   15.1s  (overlapped with capture, not on the critical path)
  pose_features       :    0.0s
  byt5_inference      :    6.9s
  total               :    7.0s
  enqueue    205 submitted -> 205 through MediaPipe -> 205 kept  ( 25.7s wall,  21.3s perception)
             'And some retirees are also raising money for other involved in the scammers.'

eval_set_openasl/clips/J-0KHhPS_m4_02.mp4: 122 frames at stride 2, head padded with 15
W0000 00:00:1787362846.055882   33646 face_landmarker_graph.cc:174] Sets FaceBlendshapesGraph acceleration to xnnpack by default.
W0000 00:00:1787362846.123267   33653 face_landmarker_graph.cc:174] Sets FaceBlendshapesGraph acceleration to xnnpack by default.

--- ByT5 stage breakdown ---
  checkpoint_load :    0.0s
  to_device+eval  :    0.0s
  generate        :    5.9s

--- Stage timing breakdown ---
  video_read          :    0.0s
  mediapipe_landmarks :    0.0s
  mediapipe_overlapped:   15.1s  (overlapped with capture, not on the critical path)
  hand_crop           :    0.0s
  dinov2_hands        :    0.0s
  face_crop           :    0.0s
  dinov2_face         :    0.0s
  dinov2_overlapped   :   11.3s  (overlapped with capture, not on the critical path)
  pose_features       :    0.0s
  byt5_inference      :    6.0s
  total               :    6.0s
  submitted  137 submitted -> 137 through MediaPipe -> 122 kept  ( 20.8s wall,  15.1s perception)
             'Google showed 2019 is the 10th top health question of people across the country.'
W0000 00:00:1787362867.083386   33696 face_landmarker_graph.cc:174] Sets FaceBlendshapesGraph acceleration to xnnpack by default.
W0000 00:00:1787362867.150488   33703 face_landmarker_graph.cc:174] Sets FaceBlendshapesGraph acceleration to xnnpack by default.

--- ByT5 stage breakdown ---
  checkpoint_load :    0.0s
  to_device+eval  :    0.0s
  generate        :    6.1s

--- Stage timing breakdown ---
  video_read          :    0.0s
  mediapipe_landmarks :    0.0s
  mediapipe_overlapped:   12.6s  (overlapped with capture, not on the critical path)
  hand_crop           :    0.0s
  dinov2_hands        :    0.0s
  face_crop           :    0.0s
  dinov2_face         :    0.0s
  dinov2_overlapped   :    8.5s  (overlapped with capture, not on the critical path)
  pose_features       :    0.0s
  byt5_inference      :    6.1s
  total               :    6.1s
  enqueue    122 submitted -> 122 through MediaPipe -> 122 kept  ( 18.1s wall,  12.6s perception)
             'Google showed 2019 is the tenth most healthy one in the country.'

eval_set_openasl/clips/J-0KHhPS_m4_03.mp4: 75 frames at stride 2, head padded with 15
W0000 00:00:1787362885.555929   33752 face_landmarker_graph.cc:174] Sets FaceBlendshapesGraph acceleration to xnnpack by default.
W0000 00:00:1787362885.621254   33759 face_landmarker_graph.cc:174] Sets FaceBlendshapesGraph acceleration to xnnpack by default.

--- ByT5 stage breakdown ---
  checkpoint_load :    0.0s
  to_device+eval  :    0.0s
  generate        :    4.2s

--- Stage timing breakdown ---
  video_read          :    0.0s
  mediapipe_landmarks :    0.0s
  mediapipe_overlapped:    9.3s  (overlapped with capture, not on the critical path)
  hand_crop           :    0.0s
  dinov2_hands        :    0.0s
  face_crop           :    0.0s
  dinov2_face         :    0.0s
  dinov2_overlapped   :    6.5s  (overlapped with capture, not on the critical path)
  pose_features       :    0.0s
  byt5_inference      :    4.2s
  total               :    4.2s
  submitted   90 submitted ->  90 through MediaPipe ->  75 kept  ( 13.6s wall,   9.3s perception)
             "Here's a question from the question: How did it stop?"
W0000 00:00:1787362899.291213   33802 face_landmarker_graph.cc:174] Sets FaceBlendshapesGraph acceleration to xnnpack by default.
W0000 00:00:1787362899.359238   33809 face_landmarker_graph.cc:174] Sets FaceBlendshapesGraph acceleration to xnnpack by default.

--- ByT5 stage breakdown ---
  checkpoint_load :    0.0s
  to_device+eval  :    0.0s
  generate        :    3.6s

--- Stage timing breakdown ---
  video_read          :    0.0s
  mediapipe_landmarks :    0.0s
  mediapipe_overlapped:    7.9s  (overlapped with capture, not on the critical path)
  hand_crop           :    0.0s
  dinov2_hands        :    0.0s
  face_crop           :    0.0s
  dinov2_face         :    0.0s
  dinov2_overlapped   :    5.4s  (overlapped with capture, not on the critical path)
  pose_features       :    0.0s
  byt5_inference      :    3.6s
  total               :    3.6s
  enqueue     75 submitted ->  75 through MediaPipe ->  75 kept  ( 12.0s wall,   7.9s perception)
             "Here's a quick question: How can I help?"

eval_set_openasl/clips/J-0KHhPS_m4_04.mp4: 177 frames at stride 2, head padded with 15
W0000 00:00:1787362911.791099   33858 face_landmarker_graph.cc:174] Sets FaceBlendshapesGraph acceleration to xnnpack by default.
W0000 00:00:1787362911.855826   33865 face_landmarker_graph.cc:174] Sets FaceBlendshapesGraph acceleration to xnnpack by default.

--- ByT5 stage breakdown ---
  checkpoint_load :    0.0s
  to_device+eval  :    0.0s
  generate        :   11.2s

--- Stage timing breakdown ---
  video_read          :    0.0s
  mediapipe_landmarks :    0.0s
  mediapipe_overlapped:   19.6s  (overlapped with capture, not on the critical path)
  hand_crop           :    0.0s
  dinov2_hands        :    0.0s
  face_crop           :    0.0s
  dinov2_face         :    0.0s
  dinov2_overlapped   :   14.2s  (overlapped with capture, not on the critical path)
  pose_features       :    0.0s
  byt5_inference      :   11.2s
  total               :   11.3s
  submitted  192 submitted -> 192 through MediaPipe -> 177 kept  ( 28.8s wall,  19.6s perception)
             "But if you are trying to participate in a positive change to see what happens in your lifetime today, we'll see what happens."
W0000 00:00:1787362940.744618   33909 face_landmarker_graph.cc:174] Sets FaceBlendshapesGraph acceleration to xnnpack by default.
W0000 00:00:1787362940.900982   33916 face_landmarker_graph.cc:174] Sets FaceBlendshapesGraph acceleration to xnnpack by default.

--- ByT5 stage breakdown ---
  checkpoint_load :    0.0s
  to_device+eval  :    0.0s
  generate        :   11.1s

--- Stage timing breakdown ---
  video_read          :    0.0s
  mediapipe_landmarks :    0.0s
  mediapipe_overlapped:   18.6s  (overlapped with capture, not on the critical path)
  hand_crop           :    0.0s
  dinov2_hands        :    0.0s
  face_crop           :    0.0s
  dinov2_face         :    0.0s
  dinov2_overlapped   :   13.8s  (overlapped with capture, not on the critical path)
  pose_features       :    0.0s
  byt5_inference      :   11.1s
  total               :   11.1s
  enqueue    177 submitted -> 177 through MediaPipe -> 177 kept  ( 28.4s wall,  18.6s perception)
             "Here's a quick recap of this Monday: Don't be afraid to try to participate in a positive way to see what happens in your life."

eval_set_openasl/clips/J-0KHhPS_m4_05.mp4: 29 frames at stride 2, head padded with 15
W0000 00:00:1787362969.541371   33971 face_landmarker_graph.cc:174] Sets FaceBlendshapesGraph acceleration to xnnpack by default.
W0000 00:00:1787362969.598633   33978 face_landmarker_graph.cc:174] Sets FaceBlendshapesGraph acceleration to xnnpack by default.

--- ByT5 stage breakdown ---
  checkpoint_load :    0.0s
  to_device+eval  :    0.0s
  generate        :    1.9s

--- Stage timing breakdown ---
  video_read          :    0.0s
  mediapipe_landmarks :    0.0s
  mediapipe_overlapped:    4.6s  (overlapped with capture, not on the critical path)
  hand_crop           :    0.0s
  dinov2_hands        :    0.0s
  face_crop           :    0.0s
  dinov2_face         :    0.0s
  dinov2_overlapped   :    3.7s  (overlapped with capture, not on the critical path)
  pose_features       :    0.0s
  byt5_inference      :    1.9s
  total               :    2.0s
  submitted   44 submitted ->  44 through MediaPipe ->  29 kept  (  8.9s wall,   4.6s perception)
             "I'm Crystal Cousineau."
W0000 00:00:1787362978.599428   34021 face_landmarker_graph.cc:174] Sets FaceBlendshapesGraph acceleration to xnnpack by default.
W0000 00:00:1787362978.672655   34028 face_landmarker_graph.cc:174] Sets FaceBlendshapesGraph acceleration to xnnpack by default.

--- ByT5 stage breakdown ---
  checkpoint_load :    0.0s
  to_device+eval  :    0.0s
  generate        :    1.9s

--- Stage timing breakdown ---
  video_read          :    0.0s
  mediapipe_landmarks :    0.0s
  mediapipe_overlapped:    3.4s  (overlapped with capture, not on the critical path)
  hand_crop           :    0.0s
  dinov2_hands        :    0.0s
  face_crop           :    0.0s
  dinov2_face         :    0.0s
  dinov2_overlapped   :    2.0s  (overlapped with capture, not on the critical path)
  pose_features       :    0.0s
  byt5_inference      :    1.9s
  total               :    1.9s
  enqueue     29 submitted ->  29 through MediaPipe ->  29 kept  (  7.4s wall,   3.4s perception)
             "I'm Crystal Cousineau."

eval_set_openasl/clips/2_PWeBb41qM_01.mp4: 271 frames at stride 2, head padded with 15
W0000 00:00:1787362986.680134   34074 face_landmarker_graph.cc:174] Sets FaceBlendshapesGraph acceleration to xnnpack by default.
W0000 00:00:1787362986.738431   34081 face_landmarker_graph.cc:174] Sets FaceBlendshapesGraph acceleration to xnnpack by default.

--- ByT5 stage breakdown ---
  checkpoint_load :    0.0s
  to_device+eval  :    0.0s
  generate        :   21.5s

--- Stage timing breakdown ---
  video_read          :    0.0s
  mediapipe_landmarks :    0.0s
  mediapipe_overlapped:   28.3s  (overlapped with capture, not on the critical path)
  hand_crop           :    0.0s
  dinov2_hands        :    0.0s
  face_crop           :    0.0s
  dinov2_face         :    0.0s
  dinov2_overlapped   :   20.6s  (overlapped with capture, not on the critical path)
  pose_features       :    0.1s
  byt5_inference      :   21.6s
  total               :   21.6s
  submitted  286 submitted -> 286 through MediaPipe -> 271 kept  ( 45.4s wall,  28.3s perception)
             'There are several different groups that have interpreters available for the government, like for interpreter departments, that have the choice of getting the state emergency running for the position and setting up an interpreter.'
W0000 00:00:1787363032.232800   34124 face_landmarker_graph.cc:174] Sets FaceBlendshapesGraph acceleration to xnnpack by default.
W0000 00:00:1787363032.310252   34131 face_landmarker_graph.cc:174] Sets FaceBlendshapesGraph acceleration to xnnpack by default.

--- ByT5 stage breakdown ---
  checkpoint_load :    0.0s
  to_device+eval  :    0.0s
  generate        :   17.8s

--- Stage timing breakdown ---
  video_read          :    0.0s
  mediapipe_landmarks :    0.0s
  mediapipe_overlapped:   27.4s  (overlapped with capture, not on the critical path)
  hand_crop           :    0.0s
  dinov2_hands        :    0.0s
  face_crop           :    0.0s
  dinov2_face         :    0.0s
  dinov2_overlapped   :   19.0s  (overlapped with capture, not on the critical path)
  pose_features       :    0.1s
  byt5_inference      :   17.9s
  total               :   17.9s
  enqueue    271 submitted -> 271 through MediaPipe -> 271 kept  ( 40.2s wall,  27.4s perception)
             "The school has interpreters for the disability skills because they are the first interpreting group to determine who is the state's emergency running group to become the state's emergency runner."

eval_set_openasl/clips/2_PWeBb41qM_02.mp4: 126 frames at stride 2, head padded with 15
W0000 00:00:1787363072.866758   34180 face_landmarker_graph.cc:174] Sets FaceBlendshapesGraph acceleration to xnnpack by default.
W0000 00:00:1787363072.930957   34187 face_landmarker_graph.cc:174] Sets FaceBlendshapesGraph acceleration to xnnpack by default.

--- ByT5 stage breakdown ---
  checkpoint_load :    0.0s
  to_device+eval  :    0.0s
  generate        :    7.1s

--- Stage timing breakdown ---
  video_read          :    0.0s
  mediapipe_landmarks :    0.0s
  mediapipe_overlapped:   17.1s  (overlapped with capture, not on the critical path)
  hand_crop           :    0.0s
  dinov2_hands        :    0.0s
  face_crop           :    0.0s
  dinov2_face         :    0.0s
  dinov2_overlapped   :    9.9s  (overlapped with capture, not on the critical path)
  pose_features       :    0.0s
  byt5_inference      :    7.1s
  total               :    7.1s
  submitted  141 submitted -> 141 through MediaPipe -> 126 kept  ( 21.0s wall,  17.1s perception)
             'As of Saturday morning, the number of coronavirus deaths in the United States has over 7,000.'
W0000 00:00:1787363094.050782   34230 face_landmarker_graph.cc:174] Sets FaceBlendshapesGraph acceleration to xnnpack by default.
W0000 00:00:1787363094.109098   34237 face_landmarker_graph.cc:174] Sets FaceBlendshapesGraph acceleration to xnnpack by default.

--- ByT5 stage breakdown ---
  checkpoint_load :    0.0s
  to_device+eval  :    0.0s
  generate        :    7.2s

--- Stage timing breakdown ---
  video_read          :    0.0s
  mediapipe_landmarks :    0.0s
  mediapipe_overlapped:   14.8s  (overlapped with capture, not on the critical path)
  hand_crop           :    0.0s
  dinov2_hands        :    0.0s
  face_crop           :    0.0s
  dinov2_face         :    0.0s
  dinov2_overlapped   :    9.1s  (overlapped with capture, not on the critical path)
  pose_features       :    0.0s
  byt5_inference      :    7.2s
  total               :    7.2s
  enqueue    126 submitted -> 126 through MediaPipe -> 126 kept  ( 20.3s wall,  14.8s perception)
             'As of Saturday morning, the U.S. has 7,000 coronavirus deaths.'

eval_set_openasl/clips/2_PWeBb41qM_03.mp4: 218 frames at stride 2, head padded with 15
W0000 00:00:1787363114.885579   34286 face_landmarker_graph.cc:174] Sets FaceBlendshapesGraph acceleration to xnnpack by default.
W0000 00:00:1787363114.940876   34293 face_landmarker_graph.cc:174] Sets FaceBlendshapesGraph acceleration to xnnpack by default.

--- ByT5 stage breakdown ---
  checkpoint_load :    0.0s
  to_device+eval  :    0.0s
  generate        :   14.5s

--- Stage timing breakdown ---
  video_read          :    0.0s
  mediapipe_landmarks :    0.0s
  mediapipe_overlapped:   26.7s  (overlapped with capture, not on the critical path)
  hand_crop           :    0.0s
  dinov2_hands        :    0.0s
  face_crop           :    0.0s
  dinov2_face         :    0.0s
  dinov2_overlapped   :   17.7s  (overlapped with capture, not on the critical path)
  pose_features       :    0.0s
  byt5_inference      :   14.6s
  total               :   14.6s
  submitted  233 submitted -> 233 through MediaPipe -> 218 kept  ( 35.8s wall,  26.7s perception)
             'On Saturday, in Florida, there was an arrest in an independent audience at a church that brought deaf people together to socialize and ignore rallies.'
W0000 00:00:1787363150.891118   34336 face_landmarker_graph.cc:174] Sets FaceBlendshapesGraph acceleration to xnnpack by default.
W0000 00:00:1787363150.920335   34343 face_landmarker_graph.cc:174] Sets FaceBlendshapesGraph acceleration to xnnpack by default.

--- ByT5 stage breakdown ---
  checkpoint_load :    0.0s
  to_device+eval  :    0.0s
  generate        :   15.9s

--- Stage timing breakdown ---
  video_read          :    0.0s
  mediapipe_landmarks :    0.0s
  mediapipe_overlapped:   25.5s  (overlapped with capture, not on the critical path)
  hand_crop           :    0.0s
  dinov2_hands        :    0.0s
  face_crop           :    0.0s
  dinov2_face         :    0.0s
  dinov2_overlapped   :   19.6s  (overlapped with capture, not on the critical path)
  pose_features       :    0.0s
  byt5_inference      :   15.9s
  total               :   16.0s
  enqueue    218 submitted -> 218 through MediaPipe -> 218 kept  ( 39.4s wall,  25.5s perception)
             'On Saturday, in Florida, they were arrested due to independent audiences attending churches, bringing passengers and passengers to socialize and ignore the audience.'

eval_set_openasl/clips/2_PWeBb41qM_04.mp4: 75 frames at stride 2, head padded with 15
W0000 00:00:1787363190.690070   34392 face_landmarker_graph.cc:174] Sets FaceBlendshapesGraph acceleration to xnnpack by default.
W0000 00:00:1787363190.755549   34399 face_landmarker_graph.cc:174] Sets FaceBlendshapesGraph acceleration to xnnpack by default.

--- ByT5 stage breakdown ---
  checkpoint_load :    0.0s
  to_device+eval  :    0.0s
  generate        :    4.8s

--- Stage timing breakdown ---
  video_read          :    0.0s
  mediapipe_landmarks :    0.0s
  mediapipe_overlapped:   10.1s  (overlapped with capture, not on the critical path)
  hand_crop           :    0.0s
  dinov2_hands        :    0.0s
  face_crop           :    0.0s
  dinov2_face         :    0.0s
  dinov2_overlapped   :    5.7s  (overlapped with capture, not on the critical path)
  pose_features       :    0.0s
  byt5_inference      :    4.8s
  total               :    4.8s
  submitted   90 submitted ->  90 through MediaPipe ->  75 kept  ( 13.5s wall,  10.1s perception)
             'Tomorrow she picked Smollett, who was both Smollett.'
W0000 00:00:1787363204.388294   34442 face_landmarker_graph.cc:174] Sets FaceBlendshapesGraph acceleration to xnnpack by default.
W0000 00:00:1787363204.456989   34449 face_landmarker_graph.cc:174] Sets FaceBlendshapesGraph acceleration to xnnpack by default.

--- ByT5 stage breakdown ---
  checkpoint_load :    0.0s
  to_device+eval  :    0.0s
  generate        :    4.0s

--- Stage timing breakdown ---
  video_read          :    0.0s
  mediapipe_landmarks :    0.0s
  mediapipe_overlapped:    9.4s  (overlapped with capture, not on the critical path)
  hand_crop           :    0.0s
  dinov2_hands        :    0.0s
  face_crop           :    0.0s
  dinov2_face         :    0.0s
  dinov2_overlapped   :    5.0s  (overlapped with capture, not on the critical path)
  pose_features       :    0.0s
  byt5_inference      :    4.0s
  total               :    4.0s
  enqueue     75 submitted ->  75 through MediaPipe ->  75 kept  ( 13.1s wall,   9.4s perception)
             'She was picked South Dakota tomorrow.'

eval_set_openasl/clips/2_PWeBb41qM_05.mp4: 33 frames at stride 2, head padded with 15
W0000 00:00:1787363217.770474   34498 face_landmarker_graph.cc:174] Sets FaceBlendshapesGraph acceleration to xnnpack by default.
W0000 00:00:1787363217.844553   34505 face_landmarker_graph.cc:174] Sets FaceBlendshapesGraph acceleration to xnnpack by default.

--- ByT5 stage breakdown ---
  checkpoint_load :    0.0s
  to_device+eval  :    0.0s
  generate        :    2.9s

--- Stage timing breakdown ---
  video_read          :    0.0s
  mediapipe_landmarks :    0.0s
  mediapipe_overlapped:    5.9s  (overlapped with capture, not on the critical path)
  hand_crop           :    0.0s
  dinov2_hands        :    0.0s
  face_crop           :    0.0s
  dinov2_face         :    0.0s
  dinov2_overlapped   :    3.0s  (overlapped with capture, not on the critical path)
  pose_features       :    0.0s
  byt5_inference      :    2.9s
  total               :    2.9s
  submitted   48 submitted ->  48 through MediaPipe ->  33 kept  (  9.4s wall,   5.9s perception)
             'Thank you for watching Sign1News.'
W0000 00:00:1787363227.305420   34548 face_landmarker_graph.cc:174] Sets FaceBlendshapesGraph acceleration to xnnpack by default.
W0000 00:00:1787363227.388651   34555 face_landmarker_graph.cc:174] Sets FaceBlendshapesGraph acceleration to xnnpack by default.

--- ByT5 stage breakdown ---
  checkpoint_load :    0.0s
  to_device+eval  :    0.0s
  generate        :    3.3s

--- Stage timing breakdown ---
  video_read          :    0.0s
  mediapipe_landmarks :    0.0s
  mediapipe_overlapped:    4.8s  (overlapped with capture, not on the critical path)
  hand_crop           :    0.0s
  dinov2_hands        :    0.0s
  face_crop           :    0.0s
  dinov2_face         :    0.0s
  dinov2_overlapped   :    2.2s  (overlapped with capture, not on the critical path)
  pose_features       :    0.0s
  byt5_inference      :    3.3s
  total               :    3.3s
  enqueue     33 submitted ->  33 through MediaPipe ->  33 kept  (  9.8s wall,   4.8s perception)
             'Thank you for watching Sign1News.'

eval_set_openasl/clips/sP6B4dlSOoc_01.mp4: 182 frames at stride 2, head padded with 15
W0000 00:00:1787363237.701094   34604 face_landmarker_graph.cc:174] Sets FaceBlendshapesGraph acceleration to xnnpack by default.
W0000 00:00:1787363237.752472   34611 face_landmarker_graph.cc:174] Sets FaceBlendshapesGraph acceleration to xnnpack by default.

--- ByT5 stage breakdown ---
  checkpoint_load :    0.0s
  to_device+eval  :    0.0s
  generate        :    7.3s

--- Stage timing breakdown ---
  video_read          :    0.0s
  mediapipe_landmarks :    0.0s
  mediapipe_overlapped:   21.0s  (overlapped with capture, not on the critical path)
  hand_crop           :    0.0s
  dinov2_hands        :    0.0s
  face_crop           :    0.0s
  dinov2_face         :    0.0s
  dinov2_overlapped   :   16.1s  (overlapped with capture, not on the critical path)
  pose_features       :    0.0s
  byt5_inference      :    7.4s
  total               :    7.4s
  submitted  197 submitted -> 197 through MediaPipe -> 182 kept  ( 26.7s wall,  21.0s perception)
             'Consumer theories include all mabatories, international terminals and higher values.'
W0000 00:00:1787363264.535218   34659 face_landmarker_graph.cc:174] Sets FaceBlendshapesGraph acceleration to xnnpack by default.
W0000 00:00:1787363264.569304   34666 face_landmarker_graph.cc:174] Sets FaceBlendshapesGraph acceleration to xnnpack by default.

--- ByT5 stage breakdown ---
  checkpoint_load :    0.0s
  to_device+eval  :    0.0s
  generate        :   10.1s

--- Stage timing breakdown ---
  video_read          :    0.0s
  mediapipe_landmarks :    0.0s
  mediapipe_overlapped:   19.5s  (overlapped with capture, not on the critical path)
  hand_crop           :    0.0s
  dinov2_hands        :    0.0s
  face_crop           :    0.0s
  dinov2_face         :    0.0s
  dinov2_overlapped   :   13.5s  (overlapped with capture, not on the critical path)
  pose_features       :    0.0s
  byt5_inference      :   10.1s
  total               :   10.2s
  enqueue    182 submitted -> 182 through MediaPipe -> 182 kept  ( 26.9s wall,  19.5s perception)
             'Consumeracy theories include all mabatories ranging from international terminals and higher to valuable.'

eval_set_openasl/clips/sP6B4dlSOoc_02.mp4: 117 frames at stride 2, head padded with 15
W0000 00:00:1787363291.854921   34716 face_landmarker_graph.cc:174] Sets FaceBlendshapesGraph acceleration to xnnpack by default.
W0000 00:00:1787363291.919543   34723 face_landmarker_graph.cc:174] Sets FaceBlendshapesGraph acceleration to xnnpack by default.

--- ByT5 stage breakdown ---
  checkpoint_load :    0.0s
  to_device+eval  :    0.0s
  generate        :    5.7s

--- Stage timing breakdown ---
  video_read          :    0.0s
  mediapipe_landmarks :    0.0s
  mediapipe_overlapped:   13.6s  (overlapped with capture, not on the critical path)
  hand_crop           :    0.0s
  dinov2_hands        :    0.0s
  face_crop           :    0.0s
  dinov2_face         :    0.0s
  dinov2_overlapped   :    9.7s  (overlapped with capture, not on the critical path)
  pose_features       :    0.0s
  byt5_inference      :    5.8s
  total               :    5.8s
  submitted  132 submitted -> 132 through MediaPipe -> 117 kept  ( 18.6s wall,  13.6s perception)
             'But these activities can harm your dog if you take it together.'
W0000 00:00:1787363310.618440   34766 face_landmarker_graph.cc:174] Sets FaceBlendshapesGraph acceleration to xnnpack by default.
W0000 00:00:1787363310.694449   34773 face_landmarker_graph.cc:174] Sets FaceBlendshapesGraph acceleration to xnnpack by default.

--- ByT5 stage breakdown ---
  checkpoint_load :    0.0s
  to_device+eval  :    0.0s
  generate        :    5.7s

--- Stage timing breakdown ---
  video_read          :    0.0s
  mediapipe_landmarks :    0.0s
  mediapipe_overlapped:   13.0s  (overlapped with capture, not on the critical path)
  hand_crop           :    0.0s
  dinov2_hands        :    0.0s
  face_crop           :    0.0s
  dinov2_face         :    0.0s
  dinov2_overlapped   :    8.3s  (overlapped with capture, not on the critical path)
  pose_features       :    0.0s
  byt5_inference      :    5.7s
  total               :    5.7s
  enqueue    117 submitted -> 117 through MediaPipe -> 117 kept  ( 17.7s wall,  13.0s perception)
             'But these activities can hurt your dog if you leave together.'

eval_set_openasl/clips/sP6B4dlSOoc_03.mp4: 47 frames at stride 2, head padded with 15
W0000 00:00:1787363328.688570   34822 face_landmarker_graph.cc:174] Sets FaceBlendshapesGraph acceleration to xnnpack by default.
W0000 00:00:1787363328.760725   34829 face_landmarker_graph.cc:174] Sets FaceBlendshapesGraph acceleration to xnnpack by default.

--- ByT5 stage breakdown ---
  checkpoint_load :    0.0s
  to_device+eval  :    0.0s
  generate        :    2.0s

--- Stage timing breakdown ---
  video_read          :    0.0s
  mediapipe_landmarks :    0.0s
  mediapipe_overlapped:    6.2s  (overlapped with capture, not on the critical path)
  hand_crop           :    0.0s
  dinov2_hands        :    0.0s
  face_crop           :    0.0s
  dinov2_face         :    0.0s
  dinov2_overlapped   :    4.1s  (overlapped with capture, not on the critical path)
  pose_features       :    0.0s
  byt5_inference      :    2.0s
  total               :    2.1s
  submitted   62 submitted ->  62 through MediaPipe ->  47 kept  (  9.2s wall,   6.2s perception)
             'Similar to your dogs.'
W0000 00:00:1787363338.091618   34872 face_landmarker_graph.cc:174] Sets FaceBlendshapesGraph acceleration to xnnpack by default.
W0000 00:00:1787363338.154075   34879 face_landmarker_graph.cc:174] Sets FaceBlendshapesGraph acceleration to xnnpack by default.

--- ByT5 stage breakdown ---
  checkpoint_load :    0.0s
  to_device+eval  :    0.0s
  generate        :    3.3s

--- Stage timing breakdown ---
  video_read          :    0.0s
  mediapipe_landmarks :    0.0s
  mediapipe_overlapped:    5.2s  (overlapped with capture, not on the critical path)
  hand_crop           :    0.0s
  dinov2_hands        :    0.0s
  face_crop           :    0.0s
  dinov2_face         :    0.0s
  dinov2_overlapped   :    3.1s  (overlapped with capture, not on the critical path)
  pose_features       :    0.0s
  byt5_inference      :    3.4s
  total               :    3.4s
  enqueue     47 submitted ->  47 through MediaPipe ->  47 kept  ( 10.0s wall,   5.2s perception)
             "It's just as important as your dog can."

eval_set_openasl/clips/sP6B4dlSOoc_04.mp4: 84 frames at stride 2, head padded with 15
W0000 00:00:1787363348.481171   34928 face_landmarker_graph.cc:174] Sets FaceBlendshapesGraph acceleration to xnnpack by default.
W0000 00:00:1787363348.544646   34935 face_landmarker_graph.cc:174] Sets FaceBlendshapesGraph acceleration to xnnpack by default.

--- ByT5 stage breakdown ---
  checkpoint_load :    0.0s
  to_device+eval  :    0.0s
  generate        :    4.5s

--- Stage timing breakdown ---
  video_read          :    0.0s
  mediapipe_landmarks :    0.0s
  mediapipe_overlapped:   10.6s  (overlapped with capture, not on the critical path)
  hand_crop           :    0.0s
  dinov2_hands        :    0.0s
  face_crop           :    0.0s
  dinov2_face         :    0.0s
  dinov2_overlapped   :    6.9s  (overlapped with capture, not on the critical path)
  pose_features       :    0.0s
  byt5_inference      :    4.5s
  total               :    4.5s
  submitted   99 submitted ->  99 through MediaPipe ->  84 kept  ( 14.9s wall,  10.6s perception)
             'Sometimes simple and other sidewalks can be dangerous.'
W0000 00:00:1787363363.504076   34978 face_landmarker_graph.cc:174] Sets FaceBlendshapesGraph acceleration to xnnpack by default.
W0000 00:00:1787363363.572883   34985 face_landmarker_graph.cc:174] Sets FaceBlendshapesGraph acceleration to xnnpack by default.

--- ByT5 stage breakdown ---
  checkpoint_load :    0.0s
  to_device+eval  :    0.0s
  generate        :    4.8s

--- Stage timing breakdown ---
  video_read          :    0.0s
  mediapipe_landmarks :    0.0s
  mediapipe_overlapped:    8.2s  (overlapped with capture, not on the critical path)
  hand_crop           :    0.0s
  dinov2_hands        :    0.0s
  face_crop           :    0.0s
  dinov2_face         :    0.0s
  dinov2_overlapped   :    5.8s  (overlapped with capture, not on the critical path)
  pose_features       :    0.0s
  byt5_inference      :    4.9s
  total               :    4.9s
  enqueue     84 submitted ->  84 through MediaPipe ->  84 kept  ( 13.8s wall,   8.2s perception)
             'Sometimes simple sidewalks can be dangerous.'

eval_set_openasl/clips/sP6B4dlSOoc_05.mp4: 165 frames at stride 2, head padded with 15
W0000 00:00:1787363377.836656   35034 face_landmarker_graph.cc:174] Sets FaceBlendshapesGraph acceleration to xnnpack by default.
W0000 00:00:1787363377.899807   35041 face_landmarker_graph.cc:174] Sets FaceBlendshapesGraph acceleration to xnnpack by default.

--- ByT5 stage breakdown ---
  checkpoint_load :    0.0s
  to_device+eval  :    0.0s
  generate        :    8.1s

--- Stage timing breakdown ---
  video_read          :    0.0s
  mediapipe_landmarks :    0.0s
  mediapipe_overlapped:   19.5s  (overlapped with capture, not on the critical path)
  hand_crop           :    0.0s
  dinov2_hands        :    0.0s
  face_crop           :    0.0s
  dinov2_face         :    0.0s
  dinov2_overlapped   :   13.0s  (overlapped with capture, not on the critical path)
  pose_features       :    0.0s
  byt5_inference      :    8.1s
  total               :    8.2s
  submitted  180 submitted -> 180 through MediaPipe -> 165 kept  ( 24.6s wall,  19.5s perception)
             'On Wednesday President Trump signed an executive order about trade reform and life kidney care.'
W0000 00:00:1787363402.591109   35084 face_landmarker_graph.cc:174] Sets FaceBlendshapesGraph acceleration to xnnpack by default.
W0000 00:00:1787363402.663307   35091 face_landmarker_graph.cc:174] Sets FaceBlendshapesGraph acceleration to xnnpack by default.

--- ByT5 stage breakdown ---
  checkpoint_load :    0.0s
  to_device+eval  :    0.0s
  generate        :    8.6s

--- Stage timing breakdown ---
  video_read          :    0.0s
  mediapipe_landmarks :    0.0s
  mediapipe_overlapped:   18.4s  (overlapped with capture, not on the critical path)
  hand_crop           :    0.0s
  dinov2_hands        :    0.0s
  face_crop           :    0.0s
  dinov2_face         :    0.0s
  dinov2_overlapped   :   11.7s  (overlapped with capture, not on the critical path)
  pose_features       :    0.0s
  byt5_inference      :    8.6s
  total               :    8.7s
  enqueue    165 submitted -> 165 through MediaPipe -> 165 kept  ( 24.3s wall,  18.4s perception)
             'On Wednesday President Trump signed an executive order about trade reform and high kidney care.'

eval_set_openasl/clips/PYbUwpYMx0A_01.mp4: 44 frames at stride 2, head padded with 15
W0000 00:00:1787363427.206574   35140 face_landmarker_graph.cc:174] Sets FaceBlendshapesGraph acceleration to xnnpack by default.
W0000 00:00:1787363427.272959   35147 face_landmarker_graph.cc:174] Sets FaceBlendshapesGraph acceleration to xnnpack by default.

--- ByT5 stage breakdown ---
  checkpoint_load :    0.0s
  to_device+eval  :    0.0s
  generate        :    2.9s

--- Stage timing breakdown ---
  video_read          :    0.0s
  mediapipe_landmarks :    0.0s
  mediapipe_overlapped:    7.8s  (overlapped with capture, not on the critical path)
  hand_crop           :    0.0s
  dinov2_hands        :    0.0s
  face_crop           :    0.0s
  dinov2_face         :    0.0s
  dinov2_overlapped   :    4.1s  (overlapped with capture, not on the critical path)
  pose_features       :    0.0s
  byt5_inference      :    2.9s
  total               :    2.9s
  submitted   59 submitted ->  59 through MediaPipe ->  44 kept  ( 11.5s wall,   7.8s perception)
             'Here are your top stories for today.'
W0000 00:00:1787363438.827198   35190 face_landmarker_graph.cc:174] Sets FaceBlendshapesGraph acceleration to xnnpack by default.
W0000 00:00:1787363438.898432   35197 face_landmarker_graph.cc:174] Sets FaceBlendshapesGraph acceleration to xnnpack by default.

--- ByT5 stage breakdown ---
  checkpoint_load :    0.0s
  to_device+eval  :    0.0s
  generate        :    3.2s

--- Stage timing breakdown ---
  video_read          :    0.0s
  mediapipe_landmarks :    0.0s
  mediapipe_overlapped:    5.0s  (overlapped with capture, not on the critical path)
  hand_crop           :    0.0s
  dinov2_hands        :    0.0s
  face_crop           :    0.0s
  dinov2_face         :    0.0s
  dinov2_overlapped   :    3.3s  (overlapped with capture, not on the critical path)
  pose_features       :    0.0s
  byt5_inference      :    3.2s
  total               :    3.2s
  enqueue     44 submitted ->  44 through MediaPipe ->  44 kept  ( 10.0s wall,   5.0s perception)
             'Here are your top stories for today.'

eval_set_openasl/clips/PYbUwpYMx0A_02.mp4: 146 frames at stride 2, head padded with 15
W0000 00:00:1787363449.292947   35246 face_landmarker_graph.cc:174] Sets FaceBlendshapesGraph acceleration to xnnpack by default.
W0000 00:00:1787363449.360553   35253 face_landmarker_graph.cc:174] Sets FaceBlendshapesGraph acceleration to xnnpack by default.

--- ByT5 stage breakdown ---
  checkpoint_load :    0.0s
  to_device+eval  :    0.0s
  generate        :    7.9s

--- Stage timing breakdown ---
  video_read          :    0.0s
  mediapipe_landmarks :    0.0s
  mediapipe_overlapped:   16.9s  (overlapped with capture, not on the critical path)
  hand_crop           :    0.0s
  dinov2_hands        :    0.0s
  face_crop           :    0.0s
  dinov2_face         :    0.0s
  dinov2_overlapped   :   12.0s  (overlapped with capture, not on the critical path)
  pose_features       :    0.0s
  byt5_inference      :    8.0s
  total               :    8.0s
  submitted  161 submitted -> 161 through MediaPipe -> 146 kept  ( 23.2s wall,  16.9s perception)
             'Thousands of people from around the world attended the US capital to honor the George H.W. bush.'
W0000 00:00:1787363472.642497   35296 face_landmarker_graph.cc:174] Sets FaceBlendshapesGraph acceleration to xnnpack by default.
W0000 00:00:1787363472.713049   35303 face_landmarker_graph.cc:174] Sets FaceBlendshapesGraph acceleration to xnnpack by default.

--- ByT5 stage breakdown ---
  checkpoint_load :    0.0s
  to_device+eval  :    0.0s
  generate        :    7.0s

--- Stage timing breakdown ---
  video_read          :    0.0s
  mediapipe_landmarks :    0.0s
  mediapipe_overlapped:   14.8s  (overlapped with capture, not on the critical path)
  hand_crop           :    0.0s
  dinov2_hands        :    0.0s
  face_crop           :    0.0s
  dinov2_face         :    0.0s
  dinov2_overlapped   :   10.3s  (overlapped with capture, not on the critical path)
  pose_features       :    0.0s
  byt5_inference      :    7.1s
  total               :    7.1s
  enqueue    146 submitted -> 146 through MediaPipe -> 146 kept  ( 20.8s wall,  14.8s perception)
             'Thousands of people from around the world attended the US capital to honor George H.W.'

eval_set_openasl/clips/PYbUwpYMx0A_03.mp4: 66 frames at stride 2, head padded with 15
W0000 00:00:1787363493.837352   35352 face_landmarker_graph.cc:174] Sets FaceBlendshapesGraph acceleration to xnnpack by default.
W0000 00:00:1787363493.905506   35359 face_landmarker_graph.cc:174] Sets FaceBlendshapesGraph acceleration to xnnpack by default.

--- ByT5 stage breakdown ---
  checkpoint_load :    0.0s
  to_device+eval  :    0.0s
  generate        :    3.7s

--- Stage timing breakdown ---
  video_read          :    0.0s
  mediapipe_landmarks :    0.0s
  mediapipe_overlapped:    9.1s  (overlapped with capture, not on the critical path)
  hand_crop           :    0.0s
  dinov2_hands        :    0.0s
  face_crop           :    0.0s
  dinov2_face         :    0.0s
  dinov2_overlapped   :    5.7s  (overlapped with capture, not on the critical path)
  pose_features       :    0.0s
  byt5_inference      :    3.8s
  total               :    3.8s
  submitted   81 submitted ->  81 through MediaPipe ->  66 kept  ( 12.7s wall,   9.1s perception)
             'They forced the girl to the SUV.'
W0000 00:00:1787363506.767800   35402 face_landmarker_graph.cc:174] Sets FaceBlendshapesGraph acceleration to xnnpack by default.
W0000 00:00:1787363506.835158   35409 face_landmarker_graph.cc:174] Sets FaceBlendshapesGraph acceleration to xnnpack by default.

--- ByT5 stage breakdown ---
  checkpoint_load :    0.0s
  to_device+eval  :    0.0s
  generate        :    3.2s

--- Stage timing breakdown ---
  video_read          :    0.0s
  mediapipe_landmarks :    0.0s
  mediapipe_overlapped:    7.4s  (overlapped with capture, not on the critical path)
  hand_crop           :    0.0s
  dinov2_hands        :    0.0s
  face_crop           :    0.0s
  dinov2_face         :    0.0s
  dinov2_overlapped   :    4.4s  (overlapped with capture, not on the critical path)
  pose_features       :    0.0s
  byt5_inference      :    3.2s
  total               :    3.2s
  enqueue     66 submitted ->  66 through MediaPipe ->  66 kept  ( 11.4s wall,   7.4s perception)
             'They forced the girl into a SUV.'

eval_set_openasl/clips/PYbUwpYMx0A_04.mp4: 76 frames at stride 2, head padded with 15
W0000 00:00:1787363518.521128   35458 face_landmarker_graph.cc:174] Sets FaceBlendshapesGraph acceleration to xnnpack by default.
W0000 00:00:1787363518.580341   35465 face_landmarker_graph.cc:174] Sets FaceBlendshapesGraph acceleration to xnnpack by default.

--- ByT5 stage breakdown ---
  checkpoint_load :    0.0s
  to_device+eval  :    0.0s
  generate        :    5.2s

--- Stage timing breakdown ---
  video_read          :    0.0s
  mediapipe_landmarks :    0.0s
  mediapipe_overlapped:    9.8s  (overlapped with capture, not on the critical path)
  hand_crop           :    0.0s
  dinov2_hands        :    0.0s
  face_crop           :    0.0s
  dinov2_face         :    0.0s
  dinov2_overlapped   :    5.6s  (overlapped with capture, not on the critical path)
  pose_features       :    0.0s
  byt5_inference      :    5.2s
  total               :    5.2s
  submitted   91 submitted ->  91 through MediaPipe ->  76 kept  ( 14.6s wall,   9.8s perception)
             'And one of the most important things to mentor and friend.'
W0000 00:00:1787363533.243107   35508 face_landmarker_graph.cc:174] Sets FaceBlendshapesGraph acceleration to xnnpack by default.
W0000 00:00:1787363533.300510   35515 face_landmarker_graph.cc:174] Sets FaceBlendshapesGraph acceleration to xnnpack by default.

--- ByT5 stage breakdown ---
  checkpoint_load :    0.0s
  to_device+eval  :    0.0s
  generate        :    5.9s

--- Stage timing breakdown ---
  video_read          :    0.0s
  mediapipe_landmarks :    0.0s
  mediapipe_overlapped:    8.5s  (overlapped with capture, not on the critical path)
  hand_crop           :    0.0s
  dinov2_hands        :    0.0s
  face_crop           :    0.0s
  dinov2_face         :    0.0s
  dinov2_overlapped   :    5.0s  (overlapped with capture, not on the critical path)
  pose_features       :    0.0s
  byt5_inference      :    5.9s
  total               :    6.0s
  enqueue     76 submitted ->  76 through MediaPipe ->  76 kept  ( 14.7s wall,   8.5s perception)
             'And one of the most important things that I want to mentor with my friends.'

eval_set_openasl/clips/PYbUwpYMx0A_05.mp4: 60 frames at stride 2, head padded with 15
W0000 00:00:1787363548.221009   35569 face_landmarker_graph.cc:174] Sets FaceBlendshapesGraph acceleration to xnnpack by default.
W0000 00:00:1787363548.280005   35576 face_landmarker_graph.cc:174] Sets FaceBlendshapesGraph acceleration to xnnpack by default.

--- ByT5 stage breakdown ---
  checkpoint_load :    0.0s
  to_device+eval  :    0.0s
  generate        :    2.4s

--- Stage timing breakdown ---
  video_read          :    0.0s
  mediapipe_landmarks :    0.0s
  mediapipe_overlapped:    8.5s  (overlapped with capture, not on the critical path)
  hand_crop           :    0.0s
  dinov2_hands        :    0.0s
  face_crop           :    0.0s
  dinov2_face         :    0.0s
  dinov2_overlapped   :    5.7s  (overlapped with capture, not on the critical path)
  pose_features       :    0.0s
  byt5_inference      :    2.4s
  total               :    2.5s
  submitted   75 submitted ->  75 through MediaPipe ->  60 kept  ( 12.1s wall,   8.5s perception)
             'Thank you for liking Beyonce!'
W0000 00:00:1787363560.515415   35619 face_landmarker_graph.cc:174] Sets FaceBlendshapesGraph acceleration to xnnpack by default.
W0000 00:00:1787363560.545068   35626 face_landmarker_graph.cc:174] Sets FaceBlendshapesGraph acceleration to xnnpack by default.

--- ByT5 stage breakdown ---
  checkpoint_load :    0.0s
  to_device+eval  :    0.0s
  generate        :    1.9s

--- Stage timing breakdown ---
  video_read          :    0.0s
  mediapipe_landmarks :    0.0s
  mediapipe_overlapped:    6.1s  (overlapped with capture, not on the critical path)
  hand_crop           :    0.0s
  dinov2_hands        :    0.0s
  face_crop           :    0.0s
  dinov2_face         :    0.0s
  dinov2_overlapped   :    4.0s  (overlapped with capture, not on the critical path)
  pose_features       :    0.0s
  byt5_inference      :    1.9s
  total               :    1.9s
  enqueue     60 submitted ->  60 through MediaPipe ->  60 kept  (  9.0s wall,   6.1s perception)
             "I'm Candace Jones."

eval_set_openasl/clips/5iRIeHAK9b0_01.mp4: 18 frames at stride 2, head padded with 15
W0000 00:00:1787363569.772751   35676 face_landmarker_graph.cc:174] Sets FaceBlendshapesGraph acceleration to xnnpack by default.
W0000 00:00:1787363569.837748   35683 face_landmarker_graph.cc:174] Sets FaceBlendshapesGraph acceleration to xnnpack by default.

--- ByT5 stage breakdown ---
  checkpoint_load :    0.0s
  to_device+eval  :    0.0s
  generate        :    1.0s

--- Stage timing breakdown ---
  video_read          :    0.0s
  mediapipe_landmarks :    0.0s
  mediapipe_overlapped:    3.9s  (overlapped with capture, not on the critical path)
  hand_crop           :    0.0s
  dinov2_hands        :    0.0s
  face_crop           :    0.0s
  dinov2_face         :    0.0s
  dinov2_overlapped   :    2.3s  (overlapped with capture, not on the critical path)
  pose_features       :    0.0s
  byt5_inference      :    1.0s
  total               :    1.0s
  submitted   33 submitted ->  33 through MediaPipe ->  18 kept  (  6.8s wall,   3.9s perception)
             'WOW!'
W0000 00:00:1787363576.760014   35726 face_landmarker_graph.cc:174] Sets FaceBlendshapesGraph acceleration to xnnpack by default.
W0000 00:00:1787363576.823580   35733 face_landmarker_graph.cc:174] Sets FaceBlendshapesGraph acceleration to xnnpack by default.

--- ByT5 stage breakdown ---
  checkpoint_load :    0.0s
  to_device+eval  :    0.0s
  generate        :    1.5s

--- Stage timing breakdown ---
  video_read          :    0.0s
  mediapipe_landmarks :    0.0s
  mediapipe_overlapped:    2.2s  (overlapped with capture, not on the critical path)
  hand_crop           :    0.0s
  dinov2_hands        :    0.0s
  face_crop           :    0.0s
  dinov2_face         :    0.0s
  dinov2_overlapped   :    1.2s  (overlapped with capture, not on the critical path)
  pose_features       :    0.0s
  byt5_inference      :    1.5s
  total               :    1.5s
  enqueue     18 submitted ->  18 through MediaPipe ->  18 kept  (  4.9s wall,   2.2s perception)
             'It s phenomenal.'

eval_set_openasl/clips/5iRIeHAK9b0_02.mp4: 156 frames at stride 2, head padded with 15
W0000 00:00:1787363582.164907   35779 face_landmarker_graph.cc:174] Sets FaceBlendshapesGraph acceleration to xnnpack by default.
W0000 00:00:1787363582.217060   35786 face_landmarker_graph.cc:174] Sets FaceBlendshapesGraph acceleration to xnnpack by default.

--- ByT5 stage breakdown ---
  checkpoint_load :    0.0s
  to_device+eval  :    0.0s
  generate        :    8.4s

--- Stage timing breakdown ---
  video_read          :    0.0s
  mediapipe_landmarks :    0.0s
  mediapipe_overlapped:   18.5s  (overlapped with capture, not on the critical path)
  hand_crop           :    0.0s
  dinov2_hands        :    0.0s
  face_crop           :    0.0s
  dinov2_face         :    0.0s
  dinov2_overlapped   :   13.3s  (overlapped with capture, not on the critical path)
  pose_features       :    0.0s
  byt5_inference      :    8.5s
  total               :    8.5s
  submitted  171 submitted -> 171 through MediaPipe -> 156 kept  ( 26.1s wall,  18.5s perception)
             'A California male couple pleaded guilty to child abuse Friday in a court in California.'
W0000 00:00:1787363608.394799   35829 face_landmarker_graph.cc:174] Sets FaceBlendshapesGraph acceleration to xnnpack by default.
W0000 00:00:1787363608.475367   35836 face_landmarker_graph.cc:174] Sets FaceBlendshapesGraph acceleration to xnnpack by default.

--- ByT5 stage breakdown ---
  checkpoint_load :    0.0s
  to_device+eval  :    0.0s
  generate        :    8.0s

--- Stage timing breakdown ---
  video_read          :    0.0s
  mediapipe_landmarks :    0.0s
  mediapipe_overlapped:   16.4s  (overlapped with capture, not on the critical path)
  hand_crop           :    0.0s
  dinov2_hands        :    0.0s
  face_crop           :    0.0s
  dinov2_face         :    0.0s
  dinov2_overlapped   :   13.7s  (overlapped with capture, not on the critical path)
  pose_features       :    0.0s
  byt5_inference      :    8.1s
  total               :    8.1s
  enqueue    156 submitted -> 156 through MediaPipe -> 156 kept  ( 25.5s wall,  16.4s perception)
             'On Friday two men in California warned of child abuse in court for confession today (Friday).'

eval_set_openasl/clips/5iRIeHAK9b0_03.mp4: 71 frames at stride 2, head padded with 15
W0000 00:00:1787363634.321258   35885 face_landmarker_graph.cc:174] Sets FaceBlendshapesGraph acceleration to xnnpack by default.
W0000 00:00:1787363634.389461   35892 face_landmarker_graph.cc:174] Sets FaceBlendshapesGraph acceleration to xnnpack by default.

--- ByT5 stage breakdown ---
  checkpoint_load :    0.0s
  to_device+eval  :    0.0s
  generate        :    3.6s

--- Stage timing breakdown ---
  video_read          :    0.0s
  mediapipe_landmarks :    0.0s
  mediapipe_overlapped:    9.2s  (overlapped with capture, not on the critical path)
  hand_crop           :    0.0s
  dinov2_hands        :    0.0s
  face_crop           :    0.0s
  dinov2_face         :    0.0s
  dinov2_overlapped   :    5.2s  (overlapped with capture, not on the critical path)
  pose_features       :    0.0s
  byt5_inference      :    3.7s
  total               :    3.7s
  submitted   86 submitted ->  86 through MediaPipe ->  71 kept  ( 12.4s wall,   9.2s perception)
             'Children ranging in age from 3 to 29 years old.'
W0000 00:00:1787363646.861823   35935 face_landmarker_graph.cc:174] Sets FaceBlendshapesGraph acceleration to xnnpack by default.
W0000 00:00:1787363646.916634   35942 face_landmarker_graph.cc:174] Sets FaceBlendshapesGraph acceleration to xnnpack by default.

--- ByT5 stage breakdown ---
  checkpoint_load :    0.0s
  to_device+eval  :    0.0s
  generate        :    3.6s

--- Stage timing breakdown ---
  video_read          :    0.0s
  mediapipe_landmarks :    0.0s
  mediapipe_overlapped:    7.5s  (overlapped with capture, not on the critical path)
  hand_crop           :    0.0s
  dinov2_hands        :    0.0s
  face_crop           :    0.0s
  dinov2_face         :    0.0s
  dinov2_overlapped   :    5.6s  (overlapped with capture, not on the critical path)
  pose_features       :    0.0s
  byt5_inference      :    3.6s
  total               :    3.6s
  enqueue     71 submitted ->  71 through MediaPipe ->  71 kept  ( 12.7s wall,   7.5s perception)
             'Children ranging in age from 3 to 29 years old.'

eval_set_openasl/clips/5iRIeHAK9b0_04.mp4: 73 frames at stride 2, head padded with 15
W0000 00:00:1787363659.878899   35991 face_landmarker_graph.cc:174] Sets FaceBlendshapesGraph acceleration to xnnpack by default.
W0000 00:00:1787363659.944107   35998 face_landmarker_graph.cc:174] Sets FaceBlendshapesGraph acceleration to xnnpack by default.

--- ByT5 stage breakdown ---
  checkpoint_load :    0.0s
  to_device+eval  :    0.0s
  generate        :    7.1s

--- Stage timing breakdown ---
  video_read          :    0.0s
  mediapipe_landmarks :    0.0s
  mediapipe_overlapped:    9.2s  (overlapped with capture, not on the critical path)
  hand_crop           :    0.0s
  dinov2_hands        :    0.0s
  face_crop           :    0.0s
  dinov2_face         :    0.0s
  dinov2_overlapped   :    6.6s  (overlapped with capture, not on the critical path)
  pose_features       :    0.0s
  byt5_inference      :    7.1s
  total               :    7.1s
  submitted   88 submitted ->  88 through MediaPipe ->  73 kept  ( 16.9s wall,   9.2s perception)
             "The deal would also provide testimony for children who don't show up to testify."
W0000 00:00:1787363676.912772   36042 face_landmarker_graph.cc:174] Sets FaceBlendshapesGraph acceleration to xnnpack by default.
W0000 00:00:1787363676.981760   36049 face_landmarker_graph.cc:174] Sets FaceBlendshapesGraph acceleration to xnnpack by default.

--- ByT5 stage breakdown ---
  checkpoint_load :    0.0s
  to_device+eval  :    0.0s
  generate        :    7.5s

--- Stage timing breakdown ---
  video_read          :    0.0s
  mediapipe_landmarks :    0.0s
  mediapipe_overlapped:    7.6s  (overlapped with capture, not on the critical path)
  hand_crop           :    0.0s
  dinov2_hands        :    0.0s
  face_crop           :    0.0s
  dinov2_face         :    0.0s
  dinov2_overlapped   :    5.4s  (overlapped with capture, not on the critical path)
  pose_features       :    0.0s
  byt5_inference      :    7.5s
  total               :    7.5s
  enqueue     73 submitted ->  73 through MediaPipe ->  73 kept  ( 16.4s wall,   7.6s perception)
             'The agreement would include facilitating children who did not show up to face the shooting.'

eval_set_openasl/clips/5iRIeHAK9b0_05.mp4: 17 frames at stride 2, head padded with 15
W0000 00:00:1787363693.564844   36098 face_landmarker_graph.cc:174] Sets FaceBlendshapesGraph acceleration to xnnpack by default.
W0000 00:00:1787363693.594827   36105 face_landmarker_graph.cc:174] Sets FaceBlendshapesGraph acceleration to xnnpack by default.

--- ByT5 stage breakdown ---
  checkpoint_load :    0.0s
  to_device+eval  :    0.0s
  generate        :    1.9s

--- Stage timing breakdown ---
  video_read          :    0.0s
  mediapipe_landmarks :    0.0s
  mediapipe_overlapped:    3.8s  (overlapped with capture, not on the critical path)
  hand_crop           :    0.0s
  dinov2_hands        :    0.0s
  face_crop           :    0.0s
  dinov2_face         :    0.0s
  dinov2_overlapped   :    2.0s  (overlapped with capture, not on the critical path)
  pose_features       :    0.0s
  byt5_inference      :    1.9s
  total               :    1.9s
  submitted   32 submitted ->  32 through MediaPipe ->  17 kept  (  7.3s wall,   3.8s perception)
             "I'm Jethro Wooddall."
W0000 00:00:1787363701.068487   36148 face_landmarker_graph.cc:174] Sets FaceBlendshapesGraph acceleration to xnnpack by default.
W0000 00:00:1787363701.137509   36155 face_landmarker_graph.cc:174] Sets FaceBlendshapesGraph acceleration to xnnpack by default.

--- ByT5 stage breakdown ---
  checkpoint_load :    0.0s
  to_device+eval  :    0.0s
  generate        :    1.2s

--- Stage timing breakdown ---
  video_read          :    0.0s
  mediapipe_landmarks :    0.0s
  mediapipe_overlapped:    2.0s  (overlapped with capture, not on the critical path)
  hand_crop           :    0.0s
  dinov2_hands        :    0.0s
  face_crop           :    0.0s
  dinov2_face         :    0.0s
  dinov2_overlapped   :    1.2s  (overlapped with capture, not on the critical path)
  pose_features       :    0.0s
  byt5_inference      :    1.2s
  total               :    1.2s
  enqueue     17 submitted ->  17 through MediaPipe ->  17 kept  (  4.4s wall,   2.0s perception)
             'Your life.'

eval_set_openasl/clips/f75G_hZMSHs_01.mp4: 121 frames at stride 2, head padded with 15
W0000 00:00:1787363705.942978   36201 face_landmarker_graph.cc:174] Sets FaceBlendshapesGraph acceleration to xnnpack by default.
W0000 00:00:1787363705.997995   36208 face_landmarker_graph.cc:174] Sets FaceBlendshapesGraph acceleration to xnnpack by default.

--- ByT5 stage breakdown ---
  checkpoint_load :    0.0s
  to_device+eval  :    0.0s
  generate        :    7.4s

--- Stage timing breakdown ---
  video_read          :    0.0s
  mediapipe_landmarks :    0.0s
  mediapipe_overlapped:   15.2s  (overlapped with capture, not on the critical path)
  hand_crop           :    0.0s
  dinov2_hands        :    0.0s
  face_crop           :    0.0s
  dinov2_face         :    0.0s
  dinov2_overlapped   :   10.5s  (overlapped with capture, not on the critical path)
  pose_features       :    0.0s
  byt5_inference      :    7.5s
  total               :    7.5s
  submitted  136 submitted -> 136 through MediaPipe -> 121 kept  ( 21.2s wall,  15.2s perception)
             'He says his wife has been struggling for decades with depression, anxiety and seeking help.'
W0000 00:00:1787363727.291000   36251 face_landmarker_graph.cc:174] Sets FaceBlendshapesGraph acceleration to xnnpack by default.
W0000 00:00:1787363727.367320   36258 face_landmarker_graph.cc:174] Sets FaceBlendshapesGraph acceleration to xnnpack by default.

--- ByT5 stage breakdown ---
  checkpoint_load :    0.0s
  to_device+eval  :    0.0s
  generate        :    6.4s

--- Stage timing breakdown ---
  video_read          :    0.0s
  mediapipe_landmarks :    0.0s
  mediapipe_overlapped:   12.9s  (overlapped with capture, not on the critical path)
  hand_crop           :    0.0s
  dinov2_hands        :    0.0s
  face_crop           :    0.0s
  dinov2_face         :    0.0s
  dinov2_overlapped   :    9.3s  (overlapped with capture, not on the critical path)
  pose_features       :    0.0s
  byt5_inference      :    6.4s
  total               :    6.4s
  enqueue    121 submitted -> 121 through MediaPipe -> 121 kept  ( 19.1s wall,  12.9s perception)
             'He says his wife has struggled with depression, anxiety and seeking help for decades.'

eval_set_openasl/clips/f75G_hZMSHs_02.mp4: 117 frames at stride 2, head padded with 15
W0000 00:00:1787363746.801729   36307 face_landmarker_graph.cc:174] Sets FaceBlendshapesGraph acceleration to xnnpack by default.
W0000 00:00:1787363746.858031   36314 face_landmarker_graph.cc:174] Sets FaceBlendshapesGraph acceleration to xnnpack by default.

--- ByT5 stage breakdown ---
  checkpoint_load :    0.0s
  to_device+eval  :    0.0s
  generate        :    8.9s

--- Stage timing breakdown ---
  video_read          :    0.0s
  mediapipe_landmarks :    0.0s
  mediapipe_overlapped:   13.9s  (overlapped with capture, not on the critical path)
  hand_crop           :    0.0s
  dinov2_hands        :    0.0s
  face_crop           :    0.0s
  dinov2_face         :    0.0s
  dinov2_overlapped   :   11.1s  (overlapped with capture, not on the critical path)
  pose_features       :    0.0s
  byt5_inference      :    8.9s
  total               :    9.0s
  submitted  132 submitted -> 132 through MediaPipe -> 117 kept  ( 23.4s wall,  13.9s perception)
             'The couple say the same thing happened with the former police officer and his hometown.'
W0000 00:00:1787363770.324461   36357 face_landmarker_graph.cc:174] Sets FaceBlendshapesGraph acceleration to xnnpack by default.
W0000 00:00:1787363770.388214   36364 face_landmarker_graph.cc:174] Sets FaceBlendshapesGraph acceleration to xnnpack by default.

--- ByT5 stage breakdown ---
  checkpoint_load :    0.0s
  to_device+eval  :    0.0s
  generate        :    9.9s

--- Stage timing breakdown ---
  video_read          :    0.0s
  mediapipe_landmarks :    0.0s
  mediapipe_overlapped:   12.4s  (overlapped with capture, not on the critical path)
  hand_crop           :    0.0s
  dinov2_hands        :    0.0s
  face_crop           :    0.0s
  dinov2_face         :    0.0s
  dinov2_overlapped   :    8.6s  (overlapped with capture, not on the critical path)
  pose_features       :    0.0s
  byt5_inference      :    9.9s
  total               :    9.9s
  enqueue    117 submitted -> 117 through MediaPipe -> 117 kept  ( 21.8s wall,  12.4s perception)
             'The similar conversation between the police officers and his hometown includes the former police officer and his hometown.'

eval_set_openasl/clips/f75G_hZMSHs_03.mp4: 104 frames at stride 2, head padded with 15
W0000 00:00:1787363792.554684   36413 face_landmarker_graph.cc:174] Sets FaceBlendshapesGraph acceleration to xnnpack by default.
W0000 00:00:1787363792.621954   36420 face_landmarker_graph.cc:174] Sets FaceBlendshapesGraph acceleration to xnnpack by default.

--- ByT5 stage breakdown ---
  checkpoint_load :    0.0s
  to_device+eval  :    0.0s
  generate        :    3.5s

--- Stage timing breakdown ---
  video_read          :    0.0s
  mediapipe_landmarks :    0.0s
  mediapipe_overlapped:   12.3s  (overlapped with capture, not on the critical path)
  hand_crop           :    0.0s
  dinov2_hands        :    0.0s
  face_crop           :    0.0s
  dinov2_face         :    0.0s
  dinov2_overlapped   :    9.4s  (overlapped with capture, not on the critical path)
  pose_features       :    0.0s
  byt5_inference      :    3.5s
  total               :    3.5s
  submitted  119 submitted -> 119 through MediaPipe -> 104 kept  ( 16.0s wall,  12.3s perception)
             'He said "My name is Michael Patterson.'
W0000 00:00:1787363808.740204   36463 face_landmarker_graph.cc:174] Sets FaceBlendshapesGraph acceleration to xnnpack by default.
W0000 00:00:1787363808.815513   36470 face_landmarker_graph.cc:174] Sets FaceBlendshapesGraph acceleration to xnnpack by default.

--- ByT5 stage breakdown ---
  checkpoint_load :    0.0s
  to_device+eval  :    0.0s
  generate        :    3.1s

--- Stage timing breakdown ---
  video_read          :    0.0s
  mediapipe_landmarks :    0.0s
  mediapipe_overlapped:   10.1s  (overlapped with capture, not on the critical path)
  hand_crop           :    0.0s
  dinov2_hands        :    0.0s
  face_crop           :    0.0s
  dinov2_face         :    0.0s
  dinov2_overlapped   :    9.1s  (overlapped with capture, not on the critical path)
  pose_features       :    0.0s
  byt5_inference      :    3.1s
  total               :    3.1s
  enqueue    104 submitted -> 104 through MediaPipe -> 104 kept  ( 15.3s wall,  10.1s perception)
             'He said "My name is Michael Patterson.'

eval_set_openasl/clips/f75G_hZMSHs_04.mp4: 36 frames at stride 2, head padded with 15
W0000 00:00:1787363824.326008   36519 face_landmarker_graph.cc:174] Sets FaceBlendshapesGraph acceleration to xnnpack by default.
W0000 00:00:1787363824.392164   36526 face_landmarker_graph.cc:174] Sets FaceBlendshapesGraph acceleration to xnnpack by default.

--- ByT5 stage breakdown ---
  checkpoint_load :    0.0s
  to_device+eval  :    0.0s
  generate        :    6.1s

--- Stage timing breakdown ---
  video_read          :    0.0s
  mediapipe_landmarks :    0.0s
  mediapipe_overlapped:    5.4s  (overlapped with capture, not on the critical path)
  hand_crop           :    0.0s
  dinov2_hands        :    0.0s
  face_crop           :    0.0s
  dinov2_face         :    0.0s
  dinov2_overlapped   :    3.4s  (overlapped with capture, not on the critical path)
  pose_features       :    0.0s
  byt5_inference      :    6.1s
  total               :    6.1s
  submitted   51 submitted ->  51 through MediaPipe ->  36 kept  ( 12.7s wall,   5.4s perception)
             'The company will likely return to their weddings this weekend.'
W0000 00:00:1787363837.223254   36569 face_landmarker_graph.cc:174] Sets FaceBlendshapesGraph acceleration to xnnpack by default.
W0000 00:00:1787363837.292963   36576 face_landmarker_graph.cc:174] Sets FaceBlendshapesGraph acceleration to xnnpack by default.

--- ByT5 stage breakdown ---
  checkpoint_load :    0.0s
  to_device+eval  :    0.0s
  generate        :    5.4s

--- Stage timing breakdown ---
  video_read          :    0.0s
  mediapipe_landmarks :    0.0s
  mediapipe_overlapped:    4.9s  (overlapped with capture, not on the critical path)
  hand_crop           :    0.0s
  dinov2_hands        :    0.0s
  face_crop           :    0.0s
  dinov2_face         :    0.0s
  dinov2_overlapped   :    2.3s  (overlapped with capture, not on the critical path)
  pose_features       :    0.0s
  byt5_inference      :    5.4s
  total               :    5.4s
  enqueue     36 submitted ->  36 through MediaPipe ->  36 kept  ( 11.8s wall,   4.9s perception)
             'The company will likely start their wedding this weekend.'

eval_set_openasl/clips/f75G_hZMSHs_05.mp4: 127 frames at stride 2, head padded with 15
W0000 00:00:1787363849.461210   36629 face_landmarker_graph.cc:174] Sets FaceBlendshapesGraph acceleration to xnnpack by default.
W0000 00:00:1787363849.515997   36636 face_landmarker_graph.cc:174] Sets FaceBlendshapesGraph acceleration to xnnpack by default.

--- ByT5 stage breakdown ---
  checkpoint_load :    0.0s
  to_device+eval  :    0.0s
  generate        :    6.5s

--- Stage timing breakdown ---
  video_read          :    0.0s
  mediapipe_landmarks :    0.0s
  mediapipe_overlapped:   14.6s  (overlapped with capture, not on the critical path)
  hand_crop           :    0.0s
  dinov2_hands        :    0.0s
  face_crop           :    0.0s
  dinov2_face         :    0.0s
  dinov2_overlapped   :   11.5s  (overlapped with capture, not on the critical path)
  pose_features       :    0.0s
  byt5_inference      :    6.5s
  total               :    6.6s
  submitted  142 submitted -> 142 through MediaPipe -> 127 kept  ( 21.1s wall,  14.6s perception)
             'Today we announced the holiday movie will be released in theaters.'
W0000 00:00:1787363870.747697   36679 face_landmarker_graph.cc:174] Sets FaceBlendshapesGraph acceleration to xnnpack by default.
W0000 00:00:1787363870.783193   36686 face_landmarker_graph.cc:174] Sets FaceBlendshapesGraph acceleration to xnnpack by default.

--- ByT5 stage breakdown ---
  checkpoint_load :    0.0s
  to_device+eval  :    0.0s
  generate        :    6.7s

--- Stage timing breakdown ---
  video_read          :    0.0s
  mediapipe_landmarks :    0.0s
  mediapipe_overlapped:   14.0s  (overlapped with capture, not on the critical path)
  hand_crop           :    0.0s
  dinov2_hands        :    0.0s
  face_crop           :    0.0s
  dinov2_face         :    0.0s
  dinov2_overlapped   :    9.4s  (overlapped with capture, not on the critical path)
  pose_features       :    0.0s
  byt5_inference      :    6.7s
  total               :    6.7s
  enqueue    127 submitted -> 127 through MediaPipe -> 127 kept  ( 19.6s wall,  14.0s perception)
             'We are telling you about the holiday movie theaters in the coming days.'

eval_set_openasl/clips/oP2WdYlaflE_01.mp4: 61 frames at stride 2, head padded with 15
W0000 00:00:1787363890.712921   36736 face_landmarker_graph.cc:174] Sets FaceBlendshapesGraph acceleration to xnnpack by default.
W0000 00:00:1787363890.775157   36743 face_landmarker_graph.cc:174] Sets FaceBlendshapesGraph acceleration to xnnpack by default.

--- ByT5 stage breakdown ---
  checkpoint_load :    0.0s
  to_device+eval  :    0.0s
  generate        :    3.1s

--- Stage timing breakdown ---
  video_read          :    0.0s
  mediapipe_landmarks :    0.0s
  mediapipe_overlapped:    8.2s  (overlapped with capture, not on the critical path)
  hand_crop           :    0.0s
  dinov2_hands        :    0.0s
  face_crop           :    0.0s
  dinov2_face         :    0.0s
  dinov2_overlapped   :    5.3s  (overlapped with capture, not on the critical path)
  pose_features       :    0.0s
  byt5_inference      :    3.1s
  total               :    3.1s
  submitted   76 submitted ->  76 through MediaPipe ->  61 kept  ( 11.9s wall,   8.2s perception)
             'Here are your top stories for today.'
W0000 00:00:1787363902.755649   36786 face_landmarker_graph.cc:174] Sets FaceBlendshapesGraph acceleration to xnnpack by default.
W0000 00:00:1787363902.793577   36793 face_landmarker_graph.cc:174] Sets FaceBlendshapesGraph acceleration to xnnpack by default.

--- ByT5 stage breakdown ---
  checkpoint_load :    0.0s
  to_device+eval  :    0.0s
  generate        :    2.9s

--- Stage timing breakdown ---
  video_read          :    0.0s
  mediapipe_landmarks :    0.0s
  mediapipe_overlapped:    7.1s  (overlapped with capture, not on the critical path)
  hand_crop           :    0.0s
  dinov2_hands        :    0.0s
  face_crop           :    0.0s
  dinov2_face         :    0.0s
  dinov2_overlapped   :    3.6s  (overlapped with capture, not on the critical path)
  pose_features       :    0.0s
  byt5_inference      :    2.9s
  total               :    2.9s
  enqueue     61 submitted ->  61 through MediaPipe ->  61 kept  ( 10.3s wall,   7.1s perception)
             'Here are your top stories for today.'

eval_set_openasl/clips/oP2WdYlaflE_02.mp4: 137 frames at stride 2, head padded with 15
W0000 00:00:1787363913.558322   36842 face_landmarker_graph.cc:174] Sets FaceBlendshapesGraph acceleration to xnnpack by default.
W0000 00:00:1787363913.636158   36849 face_landmarker_graph.cc:174] Sets FaceBlendshapesGraph acceleration to xnnpack by default.

--- ByT5 stage breakdown ---
  checkpoint_load :    0.0s
  to_device+eval  :    0.0s
  generate        :   10.1s

--- Stage timing breakdown ---
  video_read          :    0.0s
  mediapipe_landmarks :    0.0s
  mediapipe_overlapped:   16.8s  (overlapped with capture, not on the critical path)
  hand_crop           :    0.0s
  dinov2_hands        :    0.0s
  face_crop           :    0.0s
  dinov2_face         :    0.0s
  dinov2_overlapped   :   12.0s  (overlapped with capture, not on the critical path)
  pose_features       :    0.0s
  byt5_inference      :   10.1s
  total               :   10.1s
  submitted  152 submitted -> 152 through MediaPipe -> 137 kept  ( 25.7s wall,  16.8s perception)
             'It is expected that a person from the Institute for Health is more experimenting at the University of Washington.'
W0000 00:00:1787363939.447422   36892 face_landmarker_graph.cc:174] Sets FaceBlendshapesGraph acceleration to xnnpack by default.
W0000 00:00:1787363939.487291   36899 face_landmarker_graph.cc:174] Sets FaceBlendshapesGraph acceleration to xnnpack by default.

--- ByT5 stage breakdown ---
  checkpoint_load :    0.0s
  to_device+eval  :    0.0s
  generate        :    9.3s

--- Stage timing breakdown ---
  video_read          :    0.0s
  mediapipe_landmarks :    0.0s
  mediapipe_overlapped:   16.0s  (overlapped with capture, not on the critical path)
  hand_crop           :    0.0s
  dinov2_hands        :    0.0s
  face_crop           :    0.0s
  dinov2_face         :    0.0s
  dinov2_overlapped   :    9.9s  (overlapped with capture, not on the critical path)
  pose_features       :    0.0s
  byt5_inference      :    9.3s
  total               :    9.3s
  enqueue    137 submitted -> 137 through MediaPipe -> 137 kept  ( 23.2s wall,  16.0s perception)
             'The expected percentage of a person from the Institute for Health is experimenting at the University of Washington.'

eval_set_openasl/clips/oP2WdYlaflE_03.mp4: 209 frames at stride 2, head padded with 15
W0000 00:00:1787363963.241910   36948 face_landmarker_graph.cc:174] Sets FaceBlendshapesGraph acceleration to xnnpack by default.
W0000 00:00:1787363963.301683   36955 face_landmarker_graph.cc:174] Sets FaceBlendshapesGraph acceleration to xnnpack by default.

--- ByT5 stage breakdown ---
  checkpoint_load :    0.0s
  to_device+eval  :    0.0s
  generate        :   13.9s

--- Stage timing breakdown ---
  video_read          :    0.0s
  mediapipe_landmarks :    0.0s
  mediapipe_overlapped:   25.8s  (overlapped with capture, not on the critical path)
  hand_crop           :    0.0s
  dinov2_hands        :    0.0s
  face_crop           :    0.0s
  dinov2_face         :    0.0s
  dinov2_overlapped   :   16.6s  (overlapped with capture, not on the critical path)
  pose_features       :    0.0s
  byt5_inference      :   13.9s
  total               :   14.0s
  submitted  224 submitted -> 224 through MediaPipe -> 209 kept  ( 34.0s wall,  25.8s perception)
             'According to the report, a limited number of witnesses can be recommended in primary reports such as the Department of Health and People and Human Services.'
W0000 00:00:1787363997.430904   36998 face_landmarker_graph.cc:174] Sets FaceBlendshapesGraph acceleration to xnnpack by default.
W0000 00:00:1787363997.503226   37005 face_landmarker_graph.cc:174] Sets FaceBlendshapesGraph acceleration to xnnpack by default.

--- ByT5 stage breakdown ---
  checkpoint_load :    0.0s
  to_device+eval  :    0.0s
  generate        :   13.7s

--- Stage timing breakdown ---
  video_read          :    0.0s
  mediapipe_landmarks :    0.0s
  mediapipe_overlapped:   22.8s  (overlapped with capture, not on the critical path)
  hand_crop           :    0.0s
  dinov2_hands        :    0.0s
  face_crop           :    0.0s
  dinov2_face         :    0.0s
  dinov2_overlapped   :   15.4s  (overlapped with capture, not on the critical path)
  pose_features       :    0.0s
  byt5_inference      :   13.8s
  total               :   13.8s
  enqueue    209 submitted -> 209 through MediaPipe -> 209 kept  ( 32.5s wall,  22.8s perception)
             'And a limited number of Deaf and hard of hearing students can be recommended in primary reports such as the Department of Health and Human Services.'

eval_set_openasl/clips/oP2WdYlaflE_04.mp4: 324 frames at stride 2, head padded with 15
W0000 00:00:1787364030.784337   37054 face_landmarker_graph.cc:174] Sets FaceBlendshapesGraph acceleration to xnnpack by default.
W0000 00:00:1787364030.850166   37061 face_landmarker_graph.cc:174] Sets FaceBlendshapesGraph acceleration to xnnpack by default.

--- ByT5 stage breakdown ---
  checkpoint_load :    0.0s
  to_device+eval  :    0.0s
  generate        :   20.8s

--- Stage timing breakdown ---
  video_read          :    0.0s
  mediapipe_landmarks :    0.0s
  mediapipe_overlapped:   39.9s  (overlapped with capture, not on the critical path)
  hand_crop           :    0.0s
  dinov2_hands        :    0.0s
  face_crop           :    0.0s
  dinov2_face         :    0.0s
  dinov2_overlapped   :   25.4s  (overlapped with capture, not on the critical path)
  pose_features       :    0.1s
  byt5_inference      :   20.9s
  total               :   20.9s
  submitted  339 submitted -> 339 through MediaPipe -> 324 kept  ( 50.3s wall,  39.9s perception)
             'They say that council members are responsible for discussing the skillings and writing to help the coronavirus impact they have the right to understand every budget that will help determine the rights of the pandemic.'
W0000 00:00:1787364081.299713   37104 face_landmarker_graph.cc:174] Sets FaceBlendshapesGraph acceleration to xnnpack by default.
W0000 00:00:1787364081.370848   37111 face_landmarker_graph.cc:174] Sets FaceBlendshapesGraph acceleration to xnnpack by default.

--- ByT5 stage breakdown ---
  checkpoint_load :    0.0s
  to_device+eval  :    0.0s
  generate        :   22.6s

--- Stage timing breakdown ---
  video_read          :    0.0s
  mediapipe_landmarks :    0.0s
  mediapipe_overlapped:   38.1s  (overlapped with capture, not on the critical path)
  hand_crop           :    0.0s
  dinov2_hands        :    0.0s
  face_crop           :    0.0s
  dinov2_face         :    0.0s
  dinov2_overlapped   :   24.4s  (overlapped with capture, not on the critical path)
  pose_features       :    0.1s
  byt5_inference      :   22.7s
  total               :   22.8s
  enqueue    324 submitted -> 324 through MediaPipe -> 324 kept  ( 50.7s wall,  38.1s perception)
             'They say that congressional members are responsible for determining the trillions and writing to help the coronavirus pandemic have the right to understand everything through the project and will help determine someone who rehabilitates the services.'

eval_set_openasl/clips/oP2WdYlaflE_05.mp4: 34 frames at stride 2, head padded with 15
W0000 00:00:1787364132.312787   37161 face_landmarker_graph.cc:174] Sets FaceBlendshapesGraph acceleration to xnnpack by default.
W0000 00:00:1787364132.377328   37168 face_landmarker_graph.cc:174] Sets FaceBlendshapesGraph acceleration to xnnpack by default.

--- ByT5 stage breakdown ---
  checkpoint_load :    0.0s
  to_device+eval  :    0.0s
  generate        :    3.1s

--- Stage timing breakdown ---
  video_read          :    0.0s
  mediapipe_landmarks :    0.0s
  mediapipe_overlapped:    6.0s  (overlapped with capture, not on the critical path)
  hand_crop           :    0.0s
  dinov2_hands        :    0.0s
  face_crop           :    0.0s
  dinov2_face         :    0.0s
  dinov2_overlapped   :    3.2s  (overlapped with capture, not on the critical path)
  pose_features       :    0.0s
  byt5_inference      :    3.1s
  total               :    3.1s
  submitted   49 submitted ->  49 through MediaPipe ->  34 kept  (  9.9s wall,   6.0s perception)
             'Thank you for watching my major video.'
W0000 00:00:1787364142.340297   37211 face_landmarker_graph.cc:174] Sets FaceBlendshapesGraph acceleration to xnnpack by default.
W0000 00:00:1787364142.401715   37218 face_landmarker_graph.cc:174] Sets FaceBlendshapesGraph acceleration to xnnpack by default.

--- ByT5 stage breakdown ---
  checkpoint_load :    0.0s
  to_device+eval  :    0.0s
  generate        :    3.1s

--- Stage timing breakdown ---
  video_read          :    0.0s
  mediapipe_landmarks :    0.0s
  mediapipe_overlapped:    4.7s  (overlapped with capture, not on the critical path)
  hand_crop           :    0.0s
  dinov2_hands        :    0.0s
  face_crop           :    0.0s
  dinov2_face         :    0.0s
  dinov2_overlapped   :    2.4s  (overlapped with capture, not on the critical path)
  pose_features       :    0.0s
  byt5_inference      :    3.1s
  total               :    3.1s
  enqueue     34 submitted ->  34 through MediaPipe ->  34 kept  (  9.7s wall,   4.7s perception)
             'Thank you for watching my video.'

eval_set_openasl/clips/TUH4q-QBV7k_01.mp4: 45 frames at stride 2, head padded with 15
W0000 00:00:1787364152.239398   37272 face_landmarker_graph.cc:174] Sets FaceBlendshapesGraph acceleration to xnnpack by default.
W0000 00:00:1787364152.306719   37279 face_landmarker_graph.cc:174] Sets FaceBlendshapesGraph acceleration to xnnpack by default.

--- ByT5 stage breakdown ---
  checkpoint_load :    0.0s
  to_device+eval  :    0.0s
  generate        :    2.5s

--- Stage timing breakdown ---
  video_read          :    0.0s
  mediapipe_landmarks :    0.0s
  mediapipe_overlapped:    6.3s  (overlapped with capture, not on the critical path)
  hand_crop           :    0.0s
  dinov2_hands        :    0.0s
  face_crop           :    0.0s
  dinov2_face         :    0.0s
  dinov2_overlapped   :    3.8s  (overlapped with capture, not on the critical path)
  pose_features       :    0.0s
  byt5_inference      :    2.5s
  total               :    2.5s
  submitted   60 submitted ->  60 through MediaPipe ->  45 kept  (  9.2s wall,   6.3s perception)
             'It s the first day of winter.'
W0000 00:00:1787364161.585014   37322 face_landmarker_graph.cc:174] Sets FaceBlendshapesGraph acceleration to xnnpack by default.
W0000 00:00:1787364161.647041   37329 face_landmarker_graph.cc:174] Sets FaceBlendshapesGraph acceleration to xnnpack by default.

--- ByT5 stage breakdown ---
  checkpoint_load :    0.0s
  to_device+eval  :    0.0s
  generate        :    2.6s

--- Stage timing breakdown ---
  video_read          :    0.0s
  mediapipe_landmarks :    0.0s
  mediapipe_overlapped:    5.8s  (overlapped with capture, not on the critical path)
  hand_crop           :    0.0s
  dinov2_hands        :    0.0s
  face_crop           :    0.0s
  dinov2_face         :    0.0s
  dinov2_overlapped   :    3.2s  (overlapped with capture, not on the critical path)
  pose_features       :    0.0s
  byt5_inference      :    2.6s
  total               :    2.6s
  enqueue     45 submitted ->  45 through MediaPipe ->  45 kept  (  9.7s wall,   5.8s perception)
             'It s the first day of winter.'

eval_set_openasl/clips/TUH4q-QBV7k_02.mp4: 260 frames at stride 2, head padded with 15
W0000 00:00:1787364171.909930   37378 face_landmarker_graph.cc:174] Sets FaceBlendshapesGraph acceleration to xnnpack by default.
W0000 00:00:1787364171.969256   37385 face_landmarker_graph.cc:174] Sets FaceBlendshapesGraph acceleration to xnnpack by default.

--- ByT5 stage breakdown ---
  checkpoint_load :    0.0s
  to_device+eval  :    0.0s
  generate        :   11.2s

--- Stage timing breakdown ---
  video_read          :    0.0s
  mediapipe_landmarks :    0.0s
  mediapipe_overlapped:   29.7s  (overlapped with capture, not on the critical path)
  hand_crop           :    0.0s
  dinov2_hands        :    0.0s
  face_crop           :    0.0s
  dinov2_face         :    0.0s
  dinov2_overlapped   :   20.8s  (overlapped with capture, not on the critical path)
  pose_features       :    0.0s
  byt5_inference      :   11.2s
  total               :   11.3s
  submitted  275 submitted -> 275 through MediaPipe -> 260 kept  ( 35.4s wall,  29.7s perception)
             "That is more than two-thirds of the country's highest travel records according to the marked holiday schedule than 17 years."
W0000 00:00:1787364207.470029   37428 face_landmarker_graph.cc:174] Sets FaceBlendshapesGraph acceleration to xnnpack by default.
W0000 00:00:1787364207.541177   37435 face_landmarker_graph.cc:174] Sets FaceBlendshapesGraph acceleration to xnnpack by default.

--- ByT5 stage breakdown ---
  checkpoint_load :    0.0s
  to_device+eval  :    0.0s
  generate        :   12.8s

--- Stage timing breakdown ---
  video_read          :    0.0s
  mediapipe_landmarks :    0.0s
  mediapipe_overlapped:   28.3s  (overlapped with capture, not on the critical path)
  hand_crop           :    0.0s
  dinov2_hands        :    0.0s
  face_crop           :    0.0s
  dinov2_face         :    0.0s
  dinov2_overlapped   :   19.7s  (overlapped with capture, not on the critical path)
  pose_features       :    0.0s
  byt5_inference      :   12.8s
  total               :   12.9s
  enqueue    260 submitted -> 260 through MediaPipe -> 260 kept  ( 36.0s wall,  28.3s perception)
             "More than two-thirds of the country's travel records according to the marked holiday schedule have been the highest in 17 years."

eval_set_openasl/clips/TUH4q-QBV7k_03.mp4: 157 frames at stride 2, head padded with 15
W0000 00:00:1787364244.050774   37485 face_landmarker_graph.cc:174] Sets FaceBlendshapesGraph acceleration to xnnpack by default.
W0000 00:00:1787364244.109854   37492 face_landmarker_graph.cc:174] Sets FaceBlendshapesGraph acceleration to xnnpack by default.

--- ByT5 stage breakdown ---
  checkpoint_load :    0.0s
  to_device+eval  :    0.0s
  generate        :    9.7s

--- Stage timing breakdown ---
  video_read          :    0.0s
  mediapipe_landmarks :    0.0s
  mediapipe_overlapped:   18.8s  (overlapped with capture, not on the critical path)
  hand_crop           :    0.0s
  dinov2_hands        :    0.0s
  face_crop           :    0.0s
  dinov2_face         :    0.0s
  dinov2_overlapped   :   13.3s  (overlapped with capture, not on the critical path)
  pose_features       :    0.0s
  byt5_inference      :    9.7s
  total               :    9.8s
  submitted  172 submitted -> 172 through MediaPipe -> 157 kept  ( 26.8s wall,  18.8s perception)
             "I know there aren't millions of lights in the area but it still beautiful."
W0000 00:00:1787364271.053848   37535 face_landmarker_graph.cc:174] Sets FaceBlendshapesGraph acceleration to xnnpack by default.
W0000 00:00:1787364271.125763   37542 face_landmarker_graph.cc:174] Sets FaceBlendshapesGraph acceleration to xnnpack by default.

--- ByT5 stage breakdown ---
  checkpoint_load :    0.0s
  to_device+eval  :    0.0s
  generate        :    8.2s

--- Stage timing breakdown ---
  video_read          :    0.0s
  mediapipe_landmarks :    0.0s
  mediapipe_overlapped:   16.6s  (overlapped with capture, not on the critical path)
  hand_crop           :    0.0s
  dinov2_hands        :    0.0s
  face_crop           :    0.0s
  dinov2_face         :    0.0s
  dinov2_overlapped   :   11.7s  (overlapped with capture, not on the critical path)
  pose_features       :    0.0s
  byt5_inference      :    8.2s
  total               :    8.3s
  enqueue    157 submitted -> 157 through MediaPipe -> 157 kept  ( 23.2s wall,  16.6s perception)
             "I know there aren't millions of lights on the scene but it still gets so beautiful."

eval_set_openasl/clips/TUH4q-QBV7k_04.mp4: 19 frames at stride 2, head padded with 15
W0000 00:00:1787364294.583440   37591 face_landmarker_graph.cc:174] Sets FaceBlendshapesGraph acceleration to xnnpack by default.
W0000 00:00:1787364294.618414   37592 face_landmarker_graph.cc:174] Sets FaceBlendshapesGraph acceleration to xnnpack by default.

--- ByT5 stage breakdown ---
  checkpoint_load :    0.0s
  to_device+eval  :    0.0s
  generate        :    1.5s

--- Stage timing breakdown ---
  video_read          :    0.0s
  mediapipe_landmarks :    0.0s
  mediapipe_overlapped:    4.0s  (overlapped with capture, not on the critical path)
  hand_crop           :    0.0s
  dinov2_hands        :    0.0s
  face_crop           :    0.0s
  dinov2_face         :    0.0s
  dinov2_overlapped   :    2.3s  (overlapped with capture, not on the critical path)
  pose_features       :    0.0s
  byt5_inference      :    1.5s
  total               :    1.5s
  submitted   34 submitted ->  34 through MediaPipe ->  19 kept  (  7.3s wall,   4.0s perception)
             'Your next story.'
W0000 00:00:1787364302.082174   37641 face_landmarker_graph.cc:174] Sets FaceBlendshapesGraph acceleration to xnnpack by default.
W0000 00:00:1787364302.151574   37648 face_landmarker_graph.cc:174] Sets FaceBlendshapesGraph acceleration to xnnpack by default.

--- ByT5 stage breakdown ---
  checkpoint_load :    0.0s
  to_device+eval  :    0.0s
  generate        :    1.3s

--- Stage timing breakdown ---
  video_read          :    0.0s
  mediapipe_landmarks :    0.0s
  mediapipe_overlapped:    2.7s  (overlapped with capture, not on the critical path)
  hand_crop           :    0.0s
  dinov2_hands        :    0.0s
  face_crop           :    0.0s
  dinov2_face         :    0.0s
  dinov2_overlapped   :    1.4s  (overlapped with capture, not on the critical path)
  pose_features       :    0.0s
  byt5_inference      :    1.4s
  total               :    1.4s
  enqueue     19 submitted ->  19 through MediaPipe ->  19 kept  (  5.6s wall,   2.7s perception)
             'Your turn!'

eval_set_openasl/clips/TUH4q-QBV7k_05.mp4: 17 frames at stride 2, head padded with 15
W0000 00:00:1787364307.877873   37694 face_landmarker_graph.cc:174] Sets FaceBlendshapesGraph acceleration to xnnpack by default.
W0000 00:00:1787364307.945689   37701 face_landmarker_graph.cc:174] Sets FaceBlendshapesGraph acceleration to xnnpack by default.

--- ByT5 stage breakdown ---
  checkpoint_load :    0.0s
  to_device+eval  :    0.0s
  generate        :    1.8s

--- Stage timing breakdown ---
  video_read          :    0.0s
  mediapipe_landmarks :    0.0s
  mediapipe_overlapped:    4.0s  (overlapped with capture, not on the critical path)
  hand_crop           :    0.0s
  dinov2_hands        :    0.0s
  face_crop           :    0.0s
  dinov2_face         :    0.0s
  dinov2_overlapped   :    2.2s  (overlapped with capture, not on the critical path)
  pose_features       :    0.0s
  byt5_inference      :    1.8s
  total               :    1.8s
  submitted   32 submitted ->  32 through MediaPipe ->  17 kept  (  7.8s wall,   4.0s perception)
             "I'm Candace Jones."
W0000 00:00:1787364315.813772   37744 face_landmarker_graph.cc:174] Sets FaceBlendshapesGraph acceleration to xnnpack by default.
W0000 00:00:1787364315.840508   37751 face_landmarker_graph.cc:174] Sets FaceBlendshapesGraph acceleration to xnnpack by default.

--- ByT5 stage breakdown ---
  checkpoint_load :    0.0s
  to_device+eval  :    0.0s
  generate        :    1.7s

--- Stage timing breakdown ---
  video_read          :    0.0s
  mediapipe_landmarks :    0.0s
  mediapipe_overlapped:    2.2s  (overlapped with capture, not on the critical path)
  hand_crop           :    0.0s
  dinov2_hands        :    0.0s
  face_crop           :    0.0s
  dinov2_face         :    0.0s
  dinov2_overlapped   :    1.3s  (overlapped with capture, not on the critical path)
  pose_features       :    0.0s
  byt5_inference      :    1.7s
  total               :    1.7s
  enqueue     17 submitted ->  17 through MediaPipe ->  17 kept  (  5.2s wall,   2.2s perception)
             "I'm Candace Jones."

eval_set_openasl/clips/JtPw-DVL4Rk_01.mp4: 218 frames at stride 2, head padded with 15
W0000 00:00:1787364321.616123   37797 face_landmarker_graph.cc:174] Sets FaceBlendshapesGraph acceleration to xnnpack by default.
W0000 00:00:1787364321.668738   37804 face_landmarker_graph.cc:174] Sets FaceBlendshapesGraph acceleration to xnnpack by default.

--- ByT5 stage breakdown ---
  checkpoint_load :    0.0s
  to_device+eval  :    0.0s
  generate        :    9.8s

--- Stage timing breakdown ---
  video_read          :    0.0s
  mediapipe_landmarks :    0.0s
  mediapipe_overlapped:   25.3s  (overlapped with capture, not on the critical path)
  hand_crop           :    0.0s
  dinov2_hands        :    0.0s
  face_crop           :    0.0s
  dinov2_face         :    0.0s
  dinov2_overlapped   :   18.6s  (overlapped with capture, not on the critical path)
  pose_features       :    0.0s
  byt5_inference      :    9.9s
  total               :    9.9s
  submitted  233 submitted -> 233 through MediaPipe -> 218 kept  ( 32.1s wall,  25.3s perception)
             'Today in Pittsburgh, the mourning mass shooting took place Saturday in Synagogue, killing 11 people.'
W0000 00:00:1787364353.867330   37847 face_landmarker_graph.cc:174] Sets FaceBlendshapesGraph acceleration to xnnpack by default.
W0000 00:00:1787364353.938524   37854 face_landmarker_graph.cc:174] Sets FaceBlendshapesGraph acceleration to xnnpack by default.

--- ByT5 stage breakdown ---
  checkpoint_load :    0.0s
  to_device+eval  :    0.0s
  generate        :   11.5s

--- Stage timing breakdown ---
  video_read          :    0.0s
  mediapipe_landmarks :    0.0s
  mediapipe_overlapped:   22.6s  (overlapped with capture, not on the critical path)
  hand_crop           :    0.0s
  dinov2_hands        :    0.0s
  face_crop           :    0.0s
  dinov2_face         :    0.0s
  dinov2_overlapped   :   16.3s  (overlapped with capture, not on the critical path)
  pose_features       :    0.0s
  byt5_inference      :   11.5s
  total               :   11.6s
  enqueue    218 submitted -> 218 through MediaPipe -> 218 kept  ( 31.4s wall,  22.6s perception)
             'Today in Pittsburgh, three funerals for the deadly shooting killed 11 people in the deadly synagogue killed Saturday.'

==============================================================================
uZwKNtHx9FE_01.mp4 identical: True   perception  22.2s ->  19.9s (+2.3s)  wall  31.1s ->  28.5s (+2.7s)
uZwKNtHx9FE_02.mp4 identical: False  perception  30.6s ->  28.8s (+1.8s)  wall  42.8s ->  42.1s (+0.7s)
    submitted 'He said about Mueller yesterday that he couldn t indict Trump with obstruction and couldn t do anything about the indictment because the Department of Justice s policy does not impeach a sitting president.'
    enqueue   'He said about Mueller yesterday that he couldn t indict Trump with obstruction and couldn t do anything about the indictment because the Department of Justice s policies do not impeach a seat of the president.'
uZwKNtHx9FE_03.mp4 identical: False  perception   8.4s ->   6.1s (+2.3s)  wall  13.8s ->  11.4s (+2.4s)
    submitted 'He has reached the highest peak but gone down.'
    enqueue   'He has reached the highest rate but gone down.'
uZwKNtHx9FE_04.mp4 identical: False  perception  33.3s ->  31.0s (+2.3s)  wall  46.5s ->  44.0s (+2.5s)
    submitted 'There are many news reports about many traffic on the mountains that could cause increased deaths since people have had to be longer extended in high altitudes that could potentially damage and exhaust human bodies.'
    enqueue   'There are many news reports about many traffic on the mountains that could cause increased deaths since people have had to burn longer extensions in high altitudes that could potentially damage and exhaust human bodies.'
uZwKNtHx9FE_05.mp4 identical: False  perception   5.6s ->   3.2s (+2.4s)  wall   8.4s ->   6.1s (+2.3s)
    submitted "Don't do it!"
    enqueue   '"Don\'t be afraid!"'
uZwKNtHx9FE_06.mp4 identical: False  perception  15.3s ->  14.5s (+0.8s)  wall  22.8s ->  23.0s (-0.2s)
    submitted 'For Deaf Canadian activists, this is a huge achievement that is something that you have been fighting for a long time.'
    enqueue   'For Deaf Canadian activists, this is a huge achievement that has been something you have been fighting for a long time.'
uZwKNtHx9FE_07.mp4 identical: False  perception  18.6s ->  17.1s (+1.5s)  wall  26.3s ->  25.3s (+1.0s)
    submitted 'They said the words were added without delays, were immediately added into the legislature to make sure that the work began.'
    enqueue   'They said the words were added without delay, were immediately introduced into the legislation to make sure that the work began.'
uZwKNtHx9FE_08.mp4 identical: False  perception  39.1s ->  38.9s (+0.1s)  wall  50.5s ->  54.7s (-4.2s)
    submitted 'Charlton LaChase, a DeafBlind man from Florida, was jailed for a year for pleading guilty of threatening texts to his life, said he would do ISIS inspirational attacks and was released a few hours later in jail.'
    enqueue   'Charlton LaChase, a DeafBlind man from Florida, was jailed for a year and three months for pleading guilty of threatening texts to his age, said he would do ISIS inspirational attacks, but was released a few hours later in prison.'
uZwKNtHx9FE_09.mp4 identical: True   perception   7.1s ->   6.7s (+0.5s)  wall  11.6s ->  11.7s (-0.1s)
uZwKNtHx9FE_10.mp4 identical: False  perception   4.0s ->   1.4s (+2.6s)  wall   7.7s ->   3.6s (+4.1s)
    submitted 'What do you think?'
    enqueue   'Hello.'
j2iRHiIYtTg_01.mp4 identical: True   perception   5.9s ->   5.1s (+0.8s)  wall  10.9s ->  10.6s (+0.3s)
j2iRHiIYtTg_02.mp4 identical: False  perception   6.7s ->   6.0s (+0.6s)  wall  12.3s ->  11.1s (+1.2s)
    submitted 'So this person wants them to rather than how the students resulted.'
    enqueue   "So that's what the students have resulted in."
j2iRHiIYtTg_03.mp4 identical: False  perception   6.5s ->   5.8s (+0.7s)  wall  11.4s ->  12.1s (-0.7s)
    submitted 'When will the next day prevent that interpreter?'
    enqueue   'What would the great day be to reduce that interpreter?'
j2iRHiIYtTg_04.mp4 identical: False  perception   7.4s ->   6.2s (+1.1s)  wall  11.4s ->  11.1s (+0.3s)
    submitted 'President of RID confirmed that four years.'
    enqueue   'RID has confirmed with that five-year purpose.'
j2iRHiIYtTg_05.mp4 identical: True   perception   6.4s ->   4.0s (+2.4s)  wall  10.2s ->   8.1s (+2.1s)
j2iRHiIYtTg_06.mp4 identical: False  perception  33.9s ->  32.2s (+1.6s)  wall  32.2s ->  33.2s (-1.0s)
    submitted 'The first thing I know is it will take when we risk our students of color, BIPOC, and persons of color.'
    enqueue   'The first thing I know is it takes time to risk for our students of color, BIPOC, and persons of color.'
j2iRHiIYtTg_07.mp4 identical: False  perception  11.4s ->   9.6s (+1.8s)  wall  16.8s ->  14.9s (+1.8s)
    submitted 'When we have to have our own opportunities, we don t have to be frustrated.'
    enqueue   "When we have to invite ourselves and others, we don't have to be frustrated."
j2iRHiIYtTg_08.mp4 identical: True   perception  21.9s ->  19.4s (+2.5s)  wall  25.1s ->  23.3s (+1.8s)
j2iRHiIYtTg_09.mp4 identical: False  perception  10.0s ->   8.7s (+1.3s)  wall  14.9s ->  14.8s (+0.1s)
    submitted 'If you feel like you have to stop yourself from being racist.'
    enqueue   'If you struggle with that, you have to express yourself by saying to them and stop it.'
j2iRHiIYtTg_10.mp4 identical: False  perception  14.7s ->  13.7s (+1.0s)  wall  13.8s ->  12.3s (+1.5s)
    submitted 'Dr. Glenn Anger.'
    enqueue   'Dr. Glenn Anderson.'
wH3lJm0Typ0_01.mp4 identical: False  perception  23.7s ->  22.2s (+1.5s)  wall  32.7s ->  31.3s (+1.4s)
    submitted 'His second friend, along with a team facilitator from Washburn University, Dwane Simons, was with Corei and was killed from the shooting.'
    enqueue   'His two friends and a teammate at Washburn University, Dwane Simons, was with Corei and was killed from the shooting.'
wH3lJm0Typ0_02.mp4 identical: False  perception  11.0s ->  10.3s (+0.7s)  wall  15.3s ->  14.7s (+0.6s)
    submitted 'Which country has the highest gathering originally opened in their country?'
    enqueue   'Which country has the most granted from the opening?'
wH3lJm0Typ0_03.mp4 identical: False  perception  16.7s ->  14.5s (+2.2s)  wall  22.2s ->  22.0s (+0.1s)
    submitted 'At the end of the game, there were also fans who cheered and critics who criticized her as well.'
    enqueue   'At the end of the game, there were also fans who cheered their fans and critics who criticized them.'
wH3lJm0Typ0_04.mp4 identical: False  perception   8.5s ->   5.9s (+2.6s)  wall  12.8s ->  11.2s (+1.6s)
    submitted 'Would that cocktail beat any of the four movies?'
    enqueue   'Will this workshop beat any of the four movies?'
wH3lJm0Typ0_05.mp4 identical: True   perception  10.8s ->  10.0s (+0.8s)  wall  16.1s ->  14.4s (+1.8s)
wH3lJm0Typ0_06.mp4 identical: False  perception  37.9s ->  36.1s (+1.8s)  wall  49.3s ->  47.3s (+2.0s)
    submitted 'The person also told me that Hicks was in a boyfriend and girlfriend relationship with the former President of ISD, Marybeth Lauderdale, and is currently the Director of the West Pennsylvania School for the Deaf.'
    enqueue   'The person also told me that Hicks was in a boyfriend and girlfriend s relationship with the former President of ISD, Marybeth Lauderdale, and is currently the Director of the West Pennsylvania School for the Deaf.'
wH3lJm0Typ0_07.mp4 identical: False  perception   5.6s ->   4.7s (+0.9s)  wall   8.3s ->   9.5s (-1.1s)
    submitted 'Do you do this month?'
    enqueue   '&gt;&gt; What does this moment mean to you?'
wH3lJm0Typ0_08.mp4 identical: True   perception   7.4s ->   5.3s (+2.1s)  wall  10.5s ->   8.9s (+1.6s)
wH3lJm0Typ0_09.mp4 identical: True   perception  17.1s ->  15.9s (+1.2s)  wall  21.8s ->  18.6s (+3.2s)
fNT8a6e1gx8_02.mp4 identical: False  perception   5.6s ->   2.7s (+2.9s)  wall  10.4s ->   6.7s (+3.7s)
    submitted 'This is the first one.'
    enqueue   'David: Will you see that?'
fNT8a6e1gx8_03.mp4 identical: False  perception   6.1s ->   4.3s (+1.8s)  wall  11.7s ->   9.7s (+2.0s)
    submitted 'Those who make mistakes learn from mistakes.'
    enqueue   'When you make mistakes, you learn from mistakes.'
fNT8a6e1gx8_05.mp4 identical: True   perception   5.7s ->   3.3s (+2.4s)  wall  11.1s ->   9.3s (+1.7s)
fNT8a6e1gx8_06.mp4 identical: False  perception   7.1s ->   5.5s (+1.6s)  wall  15.9s ->  10.3s (+5.6s)
    submitted "I feel that 10,000 students have asked me if I can go to the school for the deaf's four times."
    enqueue   'Tend to ask your students to graduate.'
fNT8a6e1gx8_07.mp4 identical: False  perception   4.3s ->   2.8s (+1.5s)  wall   8.5s ->   6.7s (+1.7s)
    submitted 'My name is Marine Lewis.'
    enqueue   'My name is Andrew Marindy.'
fNT8a6e1gx8_08.mp4 identical: False  perception   6.8s ->   5.7s (+1.1s)  wall  12.4s ->  12.0s (+0.4s)
    submitted "It's just about our problems with expressing ourselves."
    enqueue   "It's just that we have problems with expressing ourselves."
jsOSzFyx8RA_01.mp4 identical: False  perception  12.1s ->   9.5s (+2.6s)  wall  15.4s ->  14.0s (+1.4s)
    submitted 'Many of us, including myself, are all episodes.'
    enqueue   'Many of us, including ourselves, range from all episodes.'
jsOSzFyx8RA_02.mp4 identical: False  perception  20.5s ->  18.0s (+2.5s)  wall  26.6s ->  26.9s (-0.3s)
    submitted 'I feel that this is a really good way to show the broader mainstream community that Deaf people are really as normal.'
    enqueue   'I feel that this is a really good way to show the broader mainstreaming that Deaf people are really as normal.'
jsOSzFyx8RA_03.mp4 identical: False  perception  22.4s ->  21.0s (+1.4s)  wall  34.8s ->  33.1s (+1.7s)
    submitted "Or the show isn't much about the audiological experience, but about who you are as a person and how you through savingstories throughout life, photography, as a Deaf person, as well."
    enqueue   "Or the show isn't a lot about the experience, but it's about who you are as a person and how you through surveillance through life, the photography, too."
jsOSzFyx8RA_04.mp4 identical: False  perception   7.7s ->   6.0s (+1.7s)  wall  10.6s ->  13.0s (-2.3s)
    submitted "You're honestly growing."
    enqueue   'Honestly, we have a lot of honesty and authenticity and our remaining.'
jsOSzFyx8RA_05.mp4 identical: False  perception  13.0s ->  10.6s (+2.4s)  wall  19.1s ->  17.8s (+1.4s)
    submitted 'When I was three years old, student athletes for the Information Center were helping me.'
    enqueue   'When I was 10 years old, student athletes for the same team were helping me.'
jsOSzFyx8RA_06.mp4 identical: False  perception   6.2s ->   4.8s (+1.4s)  wall  11.7s ->  11.8s (-0.0s)
    submitted 'We will show that this human experience is possible.'
    enqueue   "I'm going to show that this human experience is possible."
jsOSzFyx8RA_07.mp4 identical: False  perception   9.0s ->   8.2s (+0.8s)  wall  16.9s ->  15.6s (+1.3s)
    submitted "I might suggest some that you don't enjoy it, some don't enjoy it, but I'm thankful for it!"
    enqueue   "I might suggest some that you don't enjoy it, some would enjoy it, but I'm thankful for that."
jsOSzFyx8RA_08.mp4 identical: False  perception   5.9s ->   3.1s (+2.8s)  wall   9.6s ->   6.7s (+2.9s)
    submitted "It's a funny history."
    enqueue   "It's a funny setting."
u919vf-yghQ_01.mp4 identical: False  perception  28.3s ->  27.4s (+0.8s)  wall  48.0s ->  47.1s (+0.9s)
    submitted "Trump himself has tweeted a response to that article and told him that he has great news for the Republican Party and told Amazon that he wouldn't make nominations again in Michigan because he doesn't want to have a challenger for himself as a House Representative."
    enqueue   "Trump himself has tweeted a response to that article and told him that this is great news for the Democratic Party and that Amash knows that he won't get the right to go back in Michigan because he wants to be a man or a challenger for his role as a House Representative."
u919vf-yghQ_02.mp4 identical: False  perception  34.7s ->  33.7s (+1.0s)  wall  68.6s ->  86.1s (-17.5s)
    submitted 'Amash said growing up in the past few years that he has always been a Republican, but he has noticed that he became more disappointed and fearful by those who tend to be a party radiologist, Democrat, Democrat, and mentioned that most Americans have never been a professional, but also mentioned that Deaf Americans have never been a professional in the past few years, that Deaf Americans have been in the party system.'
    enqueue   'Amash said growing up always been a Republican, but he has noticed that in the past few years, he has been more disappointed and he became more disappointed by being a party or a politician and a Democrat, he said that most Americans were not a professional, and also mentioned that most Americans were not a professional, but he also mentioned that Americans were not a professional, but that he also mentioned that Americans were not a professional, and that he went to two parties that were not a party system.'
u919vf-yghQ_03.mp4 identical: False  perception  17.7s ->  16.1s (+1.5s)  wall  25.3s ->  26.8s (-1.5s)
    submitted 'This is an update on the White House currently promoting the citizenship question that we want to add on the 2020 census.'
    enqueue   'Currently, the current plate is on its own White House and is promoting that we want to add a citizenship question to the 2020 Census medical form.'
u919vf-yghQ_04.mp4 identical: True   perception   6.6s ->   5.5s (+1.1s)  wall  12.7s ->  11.9s (+0.8s)
u919vf-yghQ_05.mp4 identical: False  perception   5.4s ->   3.2s (+2.2s)  wall   9.0s ->   8.0s (+1.0s)
    submitted 'We look forward to it.'
    enqueue   'We look forward to staying here.'
u919vf-yghQ_06.mp4 identical: False  perception   7.1s ->   6.5s (+0.7s)  wall  12.4s ->  12.0s (+0.4s)
    submitted "How does this bill impact deaf people's lives if it passes?"
    enqueue   "How will this bill impact deaf people's lives if it passes?"
u919vf-yghQ_07.mp4 identical: False  perception  10.4s ->   8.2s (+2.2s)  wall  14.3s ->  13.7s (+0.6s)
    submitted "That's why the economy has been related to Hong Kong."
    enqueue   'And that s why we need evidence to connect here to Hong Kong.'
D9HR4q0vbwE_01.mp4 identical: False  perception   9.7s ->   7.4s (+2.3s)  wall  19.7s ->  17.5s (+2.2s)
    submitted 'The Presidential Schools Program is a program that provides Secretary of Schools for the Deaf (USA).'
    enqueue   'The Presidential Scholars Program (PSA) is a program that invites Secretary of School for the Deaf (WSA).'
D9HR4q0vbwE_02.mp4 identical: True   perception   5.3s ->   2.5s (+2.8s)  wall   8.4s ->   5.7s (+2.7s)
D9HR4q0vbwE_03.mp4 identical: False  perception   8.0s ->   5.9s (+2.0s)  wall  11.5s ->  14.5s (-3.0s)
    submitted "I'm going to show you how to do it."
    enqueue   'I would think what can I do to direct, how can I improve as an artist. How would I direct?'
D9HR4q0vbwE_05.mp4 identical: False  perception   4.9s ->   3.6s (+1.4s)  wall   8.4s ->   7.1s (+1.3s)
    submitted 'Thank you!'
    enqueue   'How are you doing?'
D9HR4q0vbwE_06.mp4 identical: False  perception   9.3s ->   7.3s (+2.0s)  wall  12.7s ->  13.3s (-0.6s)
    submitted 'I wanted to say no, no, no, no, no, no, no, no, no.'
    enqueue   "I'm going to show you how to do it and now I'm going to show you how to do it, yes."
D9HR4q0vbwE_07.mp4 identical: False  perception   8.8s ->   7.4s (+1.5s)  wall  14.5s ->  12.7s (+1.8s)
    submitted 'This is the first time you see the video of the music video of the music video.'
    enqueue   'Thank you for watching Sign1News live.'
I976oI3s1jQ_01.mp4 identical: False  perception  10.9s ->   9.5s (+1.4s)  wall  16.6s ->  16.5s (+0.2s)
    submitted "It's kind of a cold chill, I have to be patient, I think it's possible."
    enqueue   'My strategy on the chill was a little bit patient and I thought it would be perfect.'
I976oI3s1jQ_02.mp4 identical: False  perception  17.9s ->  16.7s (+1.2s)  wall  26.9s ->  24.3s (+2.6s)
    submitted 'She said she was still working for two days after she had high fever and chills, but decided to stay home and recover.'
    enqueue   'She said she was still working for two days, but she had a high fever and chills and decided to stay home recovering.'
I976oI3s1jQ_03.mp4 identical: False  perception  11.7s ->   9.6s (+2.1s)  wall  15.6s ->  16.6s (-1.1s)
    submitted 'I typically realized I needed to use my text message.'
    enqueue   'You know hearing people who wrote early calls and realized that I had to use my texts.'
I976oI3s1jQ_04.mp4 identical: False  perception   5.1s ->   2.9s (+2.3s)  wall   8.7s ->   6.1s (+2.6s)
    submitted "I don't understand."
    enqueue   'I understand.'
I976oI3s1jQ_05.mp4 identical: False  perception   6.8s ->   5.0s (+1.8s)  wall  12.7s ->  11.1s (+1.6s)
    submitted "I'm trying to make sure that everyone understands me."
    enqueue   'I want to make sure that everyone understands me.'
I976oI3s1jQ_06.mp4 identical: False  perception  15.8s ->  14.1s (+1.7s)  wall  21.2s ->  19.0s (+2.2s)
    submitted 'His nose was very small and he resisted very deeply in the recent time and coughed.'
    enqueue   'His nose was very small and that he resisted very deeply in the air and coughed.'
I976oI3s1jQ_07.mp4 identical: False  perception  32.2s ->  30.3s (+1.9s)  wall  44.6s ->  48.7s (-4.0s)
    submitted 'He encourages deaf people if you think you might have a virus and be sick to work with healthcare physicians to make sure they are willing to sit down and be patient with your communication needs and delay surgery.'
    enqueue   'He encouraged deaf people if you think you might have the virus and be sure to work with healthcare providers to make sure they are willing to sit down and be patient with your communication needs and delay communication.'
wPJ_InXF_I8_01.mp4 identical: True   perception   5.8s ->   4.5s (+1.2s)  wall   9.6s ->   8.8s (+0.8s)
wPJ_InXF_I8_02.mp4 identical: False  perception  24.1s ->  22.5s (+1.6s)  wall  32.7s ->  28.0s (+4.8s)
    submitted 'The article also said Barack Obama would forgive the declaration of support for him, but Biden said he asked Obama to not endorse him.'
    enqueue   'AP also said Barack Obama has declared to endorse him, but Biden said he asked Obama to not endorse him.'
wPJ_InXF_I8_03.mp4 identical: False  perception   8.1s ->   7.3s (+0.8s)  wall  13.5s ->  12.5s (+1.0s)
    submitted 'The filter is now unknown, but for how long it will take.'
    enqueue   'The filter is now unknown for how long it will take.'
wPJ_InXF_I8_04.mp4 identical: False  perception   6.6s ->   4.6s (+2.0s)  wall  10.2s ->  10.0s (+0.2s)
    submitted 'Hello, I m my supporter.'
    enqueue   'Hello, I m supporting all of you.'
wPJ_InXF_I8_05.mp4 identical: False  perception  22.7s ->  21.0s (+1.7s)  wall  30.1s ->  30.1s (+0.0s)
    submitted 'Here is an interview with Marlee Matlin about Mark Medocff, who wrote the "Children of a Lower God" about his death at the age of 79.'
    enqueue   'Here is an interview with Marlee Matlin about Marlee Medocff who wrote about the "Children of a Loss God" that has passed away at the age of 79.'
wPJ_InXF_I8_06.mp4 identical: False  perception  11.5s ->  10.3s (+1.1s)  wall  13.6s ->  13.6s (+0.0s)
    submitted 'the app storytelling comprehension abilities.'
    enqueue   'the students storytelling comprehension abilities.'
wPJ_InXF_I8_07.mp4 identical: False  perception  10.1s ->   8.1s (+2.0s)  wall  13.9s ->  16.0s (-2.1s)
    submitted 'I want to share a little bit of my sign language with you.'
    enqueue   'I want to share a little bit of information with you about the interpreter being involved in the community.'
z3jAMn3xpoM_01.mp4 identical: False  perception  31.7s ->  29.7s (+2.1s)  wall  39.5s ->  37.6s (+1.9s)
    submitted 'The second news - an author, E. Jean Carroll, accused Donald Trump of raping him in a dress room in New York City in the 1990s.'
    enqueue   'The second news - an author, E. Jean Carroll, accused Donald Trump of raping him in a breathing room in the New York City in the 1990s.'
z3jAMn3xpoM_02.mp4 identical: True   perception  14.7s ->  13.4s (+1.4s)  wall  20.4s ->  19.4s (+0.9s)
z3jAMn3xpoM_03.mp4 identical: False  perception  14.9s ->  14.6s (+0.2s)  wall  26.8s ->  25.3s (+1.5s)
    submitted "I feel that music is never really important but I feel that deaf people can pick up that music in the hearing world, but until there's a big problem, it's really transformational."
    enqueue   'I feel that music is never really important but I feel that deaf people can sign that music is the hearing world, but until the Black problem is really translated.'
z3jAMn3xpoM_04.mp4 identical: False  perception   7.7s ->   6.4s (+1.3s)  wall  13.0s ->  12.9s (+0.1s)
    submitted 'Growing up, I trusted that I thought I was deaf.'
    enqueue   'Growing up, I was able to acknowledge that I was deaf and because I was deaf.'
z3jAMn3xpoM_05.mp4 identical: False  perception   7.8s ->   5.6s (+2.2s)  wall  12.5s ->  10.2s (+2.3s)
    submitted 'Thank you, Otalora, for sending in the video.'
    enqueue   'Thank you, Otalora, for sending in this video.'
z3jAMn3xpoM_06.mp4 identical: False  perception   9.4s ->   7.7s (+1.8s)  wall  16.4s ->  15.5s (+1.0s)
    submitted 'THE RESTAURANT IS THE NATIVE TO HIS CHILDREN, AND THE FUTURE IS THE NATIVE TO HIS CAMPUS.'
    enqueue   'THE REST OF THE CLASSROOM WAS A PINK FOR THE CHILDREN, AND THE FUTURE WAS A LITTLE BIT OF A CLASSROOM.'
z3jAMn3xpoM_07.mp4 identical: False  perception   4.5s ->   2.7s (+1.8s)  wall   8.0s ->  79.0s (-71.0s)
    submitted 'English: Your...'
    enqueue   'English: Your gesture.'
mNF1kg9azQw_01.mp4 identical: False  perception  22.3s ->  21.0s (+1.4s)  wall  33.4s ->  31.4s (+1.9s)
    submitted 'Lauricella responded by saying that you previously saw one incident when Silvay took over the top of Ramirez and that the next day saw a small bruise on her lip.'
    enqueue   'Lauricella responded by saying that you previously saw something that happened on the top of Ramirez and that the next day you saw a small bruise on her lip.'
mNF1kg9azQw_02.mp4 identical: True   perception   9.5s ->   8.5s (+1.0s)  wall  14.6s ->  13.8s (+0.8s)
mNF1kg9azQw_03.mp4 identical: False  perception  19.1s ->  17.5s (+1.6s)  wall  20.6s ->  20.7s (-0.1s)
    submitted 'There was a woman who said she was emergency instructions to block the viral video.'
    enqueue   'Jennifer shared her experience with a woman who was currently in the photography of Floyd.'
mNF1kg9azQw_04.mp4 identical: False  perception  16.3s ->  14.8s (+1.6s)  wall  18.5s ->  17.0s (+1.5s)
    submitted 'Did you mention that there are amounts of people who have seen it?'
    enqueue   'Last year, I was involved with YATA.'
mNF1kg9azQw_05.mp4 identical: False  perception  16.3s ->  14.7s (+1.6s)  wall  21.3s ->  18.0s (+3.4s)
    submitted 'I recommend that people respond to other owners who have opened up their experience.'
    enqueue   "I'm wondering how to send it to another person who sent it to me."
mNF1kg9azQw_06.mp4 identical: False  perception   7.5s ->   6.5s (+1.0s)  wall  11.5s ->   9.9s (+1.6s)
    submitted "There's something that's raining there."
    enqueue   "It's raining there."
mNF1kg9azQw_07.mp4 identical: True   perception  13.0s ->  12.7s (+0.4s)  wall  22.5s ->  20.7s (+1.8s)
rSiciLyYOyI_01.mp4 identical: False  perception  11.0s ->  10.1s (+0.8s)  wall  18.6s ->  18.1s (+0.5s)
    submitted 'One of the caregivers of bees said they are heartbroken to see the loss of all of these groups.'
    enqueue   'One of the people who treat bees says they are heartbroken to see the loss of all these groups.'
rSiciLyYOyI_02.mp4 identical: True   perception   9.6s ->   8.8s (+0.8s)  wall  15.4s ->  13.9s (+1.5s)
rSiciLyYOyI_03.mp4 identical: True   perception   4.2s ->   2.3s (+1.9s)  wall   9.3s ->   7.9s (+1.4s)
rSiciLyYOyI_04.mp4 identical: False  perception   5.8s ->   3.1s (+2.8s)  wall  10.3s ->   8.1s (+2.2s)
    submitted 'We share with each other.'
    enqueue   'There are a variety of differences.'
rSiciLyYOyI_05.mp4 identical: False  perception  12.9s ->  10.8s (+2.0s)  wall  16.5s ->  14.6s (+2.0s)
    submitted 'When we looked at the door, we started to feel quiet and quiet.'
    enqueue   'We chatted and started to feel somewhat solitary and chatted.'
rSiciLyYOyI_06.mp4 identical: False  perception   5.8s ->   3.3s (+2.6s)  wall   9.5s ->   7.5s (+2.1s)
    submitted 'It was very positive.'
    enqueue   'When it comes to communication...'
rSiciLyYOyI_07.mp4 identical: False  perception   6.3s ->   4.9s (+1.4s)  wall  10.3s ->   8.4s (+1.9s)
    submitted 'That was amazing and never experienced!'
    enqueue   'That was amazing.'
wdmj6E_faOo_01.mp4 identical: False  perception   9.6s ->   8.4s (+1.2s)  wall  15.0s ->  13.5s (+1.6s)
    submitted 'This is the first day of the year.'
    enqueue   'You will notice that you have the right to vote on the phone.'
wdmj6E_faOo_02.mp4 identical: False  perception   8.2s ->   5.5s (+2.6s)  wall  11.1s ->   9.3s (+1.8s)
    submitted 'I would like to see you there.'
    enqueue   'The world is quiet.'
wdmj6E_faOo_03.mp4 identical: False  perception   7.8s ->   6.4s (+1.4s)  wall  15.0s ->  13.4s (+1.6s)
    submitted 'In this video, I will show you how to use an intelligence system.'
    enqueue   'It is close to me and I understand what is happening in the community.'
wdmj6E_faOo_04.mp4 identical: False  perception   9.9s ->   8.6s (+1.4s)  wall  24.8s ->  25.6s (-0.8s)
    submitted 'The first thing you need to do is you want to know is you will need to be able to see the first thing you need to do in your life.'
    enqueue   'The first thing you need to do is you want to know is you will need to be able to see the first thing you need to know is you will need to be able to see the first thing you need to do in your life.'
wdmj6E_faOo_05.mp4 identical: False  perception   4.8s ->   2.5s (+2.3s)  wall   9.0s ->   5.3s (+3.7s)
    submitted 'Hello my name is Rosenblum'
    enqueue   "I'm so good."
wdmj6E_faOo_06.mp4 identical: False  perception   5.0s ->   3.7s (+1.3s)  wall  10.2s ->   8.6s (+1.7s)
    submitted 'When we visit hearing people, we will see them.'
    enqueue   'This is my first time editing.'
LT0-h4P_xBY_01.mp4 identical: True   perception   6.3s ->   4.3s (+2.0s)  wall   9.4s ->   8.0s (+1.5s)
LT0-h4P_xBY_02.mp4 identical: False  perception  16.6s ->  15.2s (+1.5s)  wall  22.6s ->  21.7s (+0.9s)
    submitted 'Do you need to minimize the effects you need and demand for things like checks or allergies?'
    enqueue   'You will also need to lessen your time percentage as well as demands for things like blood pressure.'
LT0-h4P_xBY_03.mp4 identical: False  perception  21.5s ->  19.9s (+1.6s)  wall  35.4s ->  32.2s (+3.2s)
    submitted 'However, if you have been quitting smoking for several months, do you have to clean up a little bit of your survival a little bit on Sunday but that decision to quit your smoking?'
    enqueue   'However, if you have been watering for several months you have been working hard to eliminate your cleanup, then you have decided to quit it and you will be happy and closed.'
LT0-h4P_xBY_04.mp4 identical: False  perception  15.0s ->  13.5s (+1.5s)  wall  22.4s ->  22.9s (-0.4s)
    submitted 'Of course, I want to clearly remember that I just shared with the people that I was self-esteeming.'
    enqueue   'Of course, I want to make sure that the police officers and the police officers are shared with the people and the clients.'
LT0-h4P_xBY_05.mp4 identical: False  perception  11.0s ->  10.1s (+0.9s)  wall  17.4s ->  18.2s (-0.8s)
    submitted 'The police is the third biggest person to email them about their personal complaint.'
    enqueue   'Has you been the third biggest person in your classroom and the best person in your classroom?'
LT0-h4P_xBY_06.mp4 identical: False  perception  17.5s ->  14.8s (+2.7s)  wall  19.3s ->  18.3s (+1.0s)
    submitted 'Have you been racing on a business owner of the Ionizer Knox?'
    enqueue   'Do you have a race on the owner of the Ioniar Knox?'
YR7BS6l_95E_01.mp4 identical: True   perception  10.7s ->   8.2s (+2.5s)  wall  13.7s ->  11.8s (+1.9s)
YR7BS6l_95E_02.mp4 identical: False  perception  10.5s ->   9.6s (+0.9s)  wall  16.0s ->  15.8s (+0.2s)
    submitted "There are so many variations, but I can't feel that they've been filming."
    enqueue   "I've met so many different people, but I can't feel it's a lot of people filming."
YR7BS6l_95E_03.mp4 identical: False  perception   8.9s ->   7.1s (+1.8s)  wall  15.2s ->  11.6s (+3.7s)
    submitted 'I feel so blessed that I am very grateful for the community and the staff.'
    enqueue   'I feel so blessed that it feels so much to me.'
YR7BS6l_95E_04.mp4 identical: False  perception  25.5s ->  24.3s (+1.2s)  wall  31.1s ->  30.2s (+0.9s)
    submitted "Last week a royal viewer noticed her dress during a wedding in Prince Eugenie's wedding."
    enqueue   'Last week a royal watcher noticed Brown dressed up at a wedding in Prince Eugenie.'
YR7BS6l_95E_05.mp4 identical: False  perception  19.8s ->  18.9s (+0.9s)  wall  25.4s ->  25.1s (+0.3s)
    submitted 'The helicopter then travels to a shelter to help provide supplies with supplies.'
    enqueue   'The helicopter travels to the area and flies to a shelter to help provide supplies with supplies.'
YR7BS6l_95E_06.mp4 identical: False  perception  23.1s ->  20.5s (+2.6s)  wall  31.1s ->  28.8s (+2.3s)
    submitted 'The new trailer features a male-field bullying company, including putting a stone on it, managing its truck and tall boil.'
    enqueue   'The new trailer features a male-field belly guttering company, including chocolate, trump management and clock boil.'
k5Gxbifw8s8_01.mp4 identical: True   perception   4.0s ->   2.2s (+1.7s)  wall   7.8s ->   5.1s (+2.7s)
k5Gxbifw8s8_02.mp4 identical: False  perception  33.4s ->  32.2s (+1.2s)  wall  42.5s ->  42.9s (-0.5s)
    submitted 'We decided to reject the top three important information and decided to provide the students with the importance of professional information I wanted to present to the Deaf community.'
    enqueue   'We rejected the top three students that decided to decide what was the importance of the information I wanted to document and present to the Deaf community and professionals in their area.'
k5Gxbifw8s8_03.mp4 identical: False  perception   8.4s ->   7.2s (+1.2s)  wall  13.0s ->  12.6s (+0.3s)
    submitted 'The CRI job opportunities for Deaf people are growing.'
    enqueue   'This job opportunity for Deaf people is growing.'
k5Gxbifw8s8_04.mp4 identical: False  perception  28.3s ->  25.9s (+2.4s)  wall  38.2s ->  37.0s (+1.2s)
    submitted "The Trump administration has argued that the House's conduct of impeachment inquiry is not patent because Congress has not officially voted to proceed with the impeachment inquiry."
    enqueue   "The Trump administration has argued that the House's conduct of impeachment inquiry is not valid because Congress has not officially voted to proceed with the House."
k5Gxbifw8s8_05.mp4 identical: False  perception   7.9s ->   6.8s (+1.1s)  wall  12.0s ->  10.6s (+1.5s)
    submitted 'And more young people use rabbit.'
    enqueue   'And more young people wear rabbits.'
k5Gxbifw8s8_06.mp4 identical: False  perception   9.9s ->   7.7s (+2.1s)  wall  14.5s ->  13.3s (+1.2s)
    submitted 'And Snyders still provides free despite its fees.'
    enqueue   'And Snyders still provides free candy.'
FND2JfzngVY_01.mp4 identical: True   perception   4.2s ->   2.0s (+2.2s)  wall   8.0s ->   5.2s (+2.8s)
FND2JfzngVY_02.mp4 identical: True   perception   7.5s ->   6.2s (+1.3s)  wall  13.5s ->  12.0s (+1.6s)
FND2JfzngVY_03.mp4 identical: False  perception   6.6s ->   4.9s (+1.7s)  wall  10.4s ->  10.5s (-0.1s)
    submitted 'The service is $20 for adults $15.'
    enqueue   'The school is $20 for adults and $15 for students.'
FND2JfzngVY_04.mp4 identical: False  perception  27.3s ->  25.9s (+1.4s)  wall  33.9s ->  32.3s (+1.6s)
    submitted 'The returning toys include Beanie Babies, the Gamburgolar and Power Rangers, which have been renrolled in the past.'
    enqueue   'The returning toys include Benie Babies, The Hamburgolar and Power Rangers, which are the retro ages.'
FND2JfzngVY_05.mp4 identical: True   perception   6.9s ->   5.8s (+1.1s)  wall  10.9s ->  10.8s (+0.1s)
FND2JfzngVY_06.mp4 identical: True   perception  14.8s ->  12.6s (+2.2s)  wall  18.9s ->  16.8s (+2.2s)
MJijm9kbdHA_01.mp4 identical: True   perception  19.7s ->  17.6s (+2.1s)  wall  26.5s ->  25.0s (+1.4s)
MJijm9kbdHA_02.mp4 identical: True   perception   6.6s ->   5.0s (+1.6s)  wall  12.0s ->  11.0s (+1.0s)
MJijm9kbdHA_03.mp4 identical: False  perception  21.1s ->  19.8s (+1.3s)  wall  26.8s ->  25.3s (+1.6s)
    submitted 'Johnson was the one who calculated mathematics and helped a man reach on the moon in 1969.'
    enqueue   'Johnson was a measurement of mathematics that helped a man reach on the moon in 1969.'
MJijm9kbdHA_04.mp4 identical: False  perception   5.8s ->   5.6s (+0.2s)  wall  11.3s ->  13.8s (-2.5s)
    submitted 'If they check it out, then they will keep it tight.'
    enqueue   'Then they check to see what is going on and when they keep it confidential.'
MJijm9kbdHA_05.mp4 identical: False  perception   4.0s ->   2.1s (+1.9s)  wall   6.8s ->   4.1s (+2.7s)
    submitted 'I am back.'
    enqueue   "I'm back."
WMoeSSvCyTU_01.mp4 identical: False  perception   8.4s ->   6.1s (+2.3s)  wall  12.6s ->  10.4s (+2.2s)
    submitted 'Growing up, I love you all on purpose.'
    enqueue   'Growing up, I tend to love you on purpose.'
WMoeSSvCyTU_02.mp4 identical: False  perception   9.6s ->   8.4s (+1.2s)  wall  13.1s ->  11.3s (+1.8s)
    submitted "&gt;&gt; I'm shining because I'm so sad."
    enqueue   "&gt;&gt; I'm shocked because it's so small."
WMoeSSvCyTU_03.mp4 identical: False  perception  15.5s ->  14.8s (+0.7s)  wall  19.2s ->  18.2s (+1.0s)
    submitted 'The drug hydrogen is still in controversy.'
    enqueue   'The drug hydrogen is still going on and it is controversial.'
WMoeSSvCyTU_04.mp4 identical: False  perception  35.2s ->  34.7s (+0.4s)  wall  45.3s ->  46.1s (-0.9s)
    submitted 'In an interview with a Yale University professor who is a supporter of the drug, there was a study in Detroit that helped patients who were taken to a hospital with less likely to die.'
    enqueue   'In Fox News, she did an interview with a Yale University professor who supports the drug and said there was a study in Detroit that helped patients who were hospitalized with less likely to die.'
WMoeSSvCyTU_05.mp4 identical: False  perception  22.2s ->  20.6s (+1.6s)  wall  30.4s ->  29.5s (+0.9s)
    submitted 'The pastor said the church services stopped closing last week after leaders found out that one of the members tested positive for the coronavirus.'
    enqueue   'The pastor said the church services were closed last week after leaders found out that one of the members tested positive for the coronavirus.'
WMoeSSvCyTU_06.mp4 identical: False  perception  21.0s ->  18.4s (+2.6s)  wall  26.0s ->  23.8s (+2.2s)
    submitted 'The pastor admitted that he could gather together and know what was possible, but what happened.'
    enqueue   'The pastor admitted that he was able to gather and know what was possible, but what happened.'
ZgvLTS2zJdo_01.mp4 identical: False  perception   6.6s ->   5.6s (+1.0s)  wall  15.0s ->  15.2s (-0.1s)
    submitted 'The first priority is to open a motion for people who are deaf, hard of hearing, or hard of hearing.'
    enqueue   'The first thing we want to do is to open and ensure that some students have access to sign language interpreters.'
ZgvLTS2zJdo_02.mp4 identical: False  perception  20.9s ->  18.1s (+2.8s)  wall  25.9s ->  22.3s (+3.6s)
    submitted 'I want to share a little bit of a story with you about one of the most important things I want to share.'
    enqueue   'I want to share a little bit of an opportunity with you.'
ZgvLTS2zJdo_03.mp4 identical: False  perception   6.3s ->   5.5s (+0.8s)  wall  12.0s ->  11.7s (+0.3s)
    submitted 'There are many different auctions with different auctions.'
    enqueue   'There are many different auctioneers here.'
ZgvLTS2zJdo_04.mp4 identical: False  perception   5.6s ->   4.8s (+0.8s)  wall  19.5s ->  15.8s (+3.8s)
    submitted 'AND THE SAME GOES FOR THE HEARING PERSON, AND THE SAME GOES FOR THE HEARINg PERSON, AND THE SAME GOES FOR THE HEARINg PERSON, AND THE SAME GOES FOr ThE HEARINg PERSON.'
    enqueue   "I'M GOING TO TALK TO YOU ABOUT THE SAME THING ON THE OTHER SIDE OF THE CLASSROOM, AND THEN I'M GOING TO TALK TO YOU."
ZgvLTS2zJdo_05.mp4 identical: False  perception   9.7s ->   8.0s (+1.6s)  wall  16.7s ->  15.1s (+1.5s)
    submitted 'This is the first time you have your children who are deaf or hard of hearing.'
    enqueue   'The first storm will be available for those who have been diagnosed with the virus.'
ZgvLTS2zJdo_06.mp4 identical: False  perception  27.1s ->  25.9s (+1.2s)  wall  40.5s ->  38.4s (+2.1s)
    submitted 'The third person allegedly took the valuable object from a dead body, but it would not include the movement because it was unclear if Mavrick was intentionally taking a car for his car.'
    enqueue   'The third alleged that he took the valuable object from a  dead body, would not include the movement because it was unclear if Mavrick was intentionally taking a  car for his  car.'
L68SkmewDnI_01.mp4 identical: True   perception   6.9s ->   4.9s (+2.0s)  wall  11.2s ->   9.5s (+1.7s)
L68SkmewDnI_02.mp4 identical: False  perception  28.9s ->  27.0s (+1.9s)  wall  38.8s ->  36.2s (+2.6s)
    submitted 'Johns Hopkins has a different sign that says 99,800 people died this afternoon, but it s likely that it will pass 100,000 by the time you watch this video tonight.'
    enqueue   'Johns Hopkins counted a sign that said 99,800 people died this afternoon, but it was likely that it would pass 100,000 by the time you watched this video.'
L68SkmewDnI_03.mp4 identical: False  perception  23.8s ->  22.0s (+1.8s)  wall  30.2s ->  29.8s (+0.4s)
    submitted 'Dr. Fauci did not say that he should ban the drug in the U.S. but said data was clear that this tablet could cause heart issues.'
    enqueue   'Dr. Fauci did not say that he should ban the drug in the U.S. but said data was clear that this tablet could cause heart  issues.'
L68SkmewDnI_04.mp4 identical: False  perception  38.9s ->  36.4s (+2.5s)  wall  41.5s ->  40.3s (+1.2s)
    submitted 'Trump tweeted that mail-in ballots would be seriously fraudulent and weak and that he was concerned that mail-in ballots would be weak.'
    enqueue   'Trump tweeted that he was concerned that mail-in ballots would be seriously fraudulent and weak and that mail-in ballots would be quickly withheld.'
L68SkmewDnI_05.mp4 identical: True   perception   8.9s ->   6.9s (+2.0s)  wall  12.6s ->  11.2s (+1.4s)
L68SkmewDnI_06.mp4 identical: False  perception  15.2s ->  13.0s (+2.2s)  wall  23.4s ->  20.8s (+2.6s)
    submitted 'She and three other officers were involved in Folino s arrest and death, and four others have been fired.'
    enqueue   'She and three other officers were involved in Floyd s arrest and death, and four were fired.'
NBpYolVo5WQ_01.mp4 identical: True   perception  23.9s ->  22.5s (+1.5s)  wall  27.8s ->  27.3s (+0.5s)
NBpYolVo5WQ_02.mp4 identical: False  perception  26.7s ->  23.7s (+3.0s)  wall  35.7s ->  32.1s (+3.6s)
    submitted 'They did get guilty of paying a citing a citing, stopping a cease and desisting mail seriously stopping, and resting over their business.'
    enqueue   'They did get guilty of paying a citing a citizenship, cease and desist mail seriously stopping, and resting over, but they still continued to open their business.'
NBpYolVo5WQ_03.mp4 identical: True   perception  27.0s ->  25.4s (+1.6s)  wall  35.8s ->  34.9s (+0.8s)
NBpYolVo5WQ_04.mp4 identical: True   perception  14.3s ->  13.7s (+0.6s)  wall  20.3s ->  19.5s (+0.8s)
NBpYolVo5WQ_05.mp4 identical: True   perception  13.2s ->  11.4s (+1.9s)  wall  17.8s ->  18.3s (-0.5s)
NBpYolVo5WQ_06.mp4 identical: True   perception   7.0s ->   5.4s (+1.6s)  wall  11.6s ->  10.8s (+0.8s)
iMJ9CjBX7eo_01.mp4 identical: False  perception   7.0s ->   4.9s (+2.0s)  wall  10.1s ->   9.1s (+1.0s)
    submitted 'This is my arm at the age of 8.'
    enqueue   'My arm is maximized.'
iMJ9CjBX7eo_02.mp4 identical: False  perception   8.9s ->   8.1s (+0.8s)  wall  15.9s ->  14.8s (+1.1s)
    submitted 'Thank you for joining us at the Community Forum and we will be hosting it together.'
    enqueue   'Thank you for joining us at the Community Forum and we will host it together.'
iMJ9CjBX7eo_03.mp4 identical: False  perception  10.0s ->   8.7s (+1.3s)  wall  21.0s ->  17.5s (+3.6s)
    submitted 'The goal of this program is to have a span of Deaf classes and interpreting workshops for all three years.'
    enqueue   'The goal of this event is to have Deaf classes and interpreting classes split into night-time classes.'
iMJ9CjBX7eo_04.mp4 identical: False  perception  15.2s ->  14.4s (+0.8s)  wall  21.8s ->  20.6s (+1.2s)
    submitted 'I am thrilled to be involved in men and women with diversity and LGBTQ diversity.'
    enqueue   'I am thrilled to be involved with men and women and LGBTQ diversity as a host as the OC.'
iMJ9CjBX7eo_05.mp4 identical: False  perception  12.2s ->  10.8s (+1.4s)  wall  20.6s ->  16.3s (+4.3s)
    submitted 'We want to see you bringing your weekends, credit cards, or checks to see if you have any questions.'
    enqueue   'We want to see you bringing your weekends, credit cards, or checks!'
TXyNxVRRPt8_01.mp4 identical: False  perception  12.7s ->   9.8s (+2.9s)  wall  18.5s ->  16.8s (+1.7s)
    submitted 'Those who have arrived at the community forum will bring their concerns to South Carolina.'
    enqueue   'We brought them to the Deaf Community Forum to bring their concerns to South Carolina.'
TXyNxVRRPt8_03.mp4 identical: False  perception   9.1s ->   8.0s (+1.1s)  wall  14.6s ->  11.5s (+3.0s)
    submitted 'Most people use the SSD program.'
    enqueue   "Most people don't know about it."
TXyNxVRRPt8_04.mp4 identical: False  perception  10.2s ->   8.6s (+1.6s)  wall  15.8s ->  14.7s (+1.1s)
    submitted 'We will look forward to having the next Board meeting every month.'
    enqueue   'I have been involved in the monthly meetings.'
TXyNxVRRPt8_05.mp4 identical: True   perception   4.0s ->   2.3s (+1.7s)  wall   8.3s ->   5.5s (+2.8s)
J-0KHhPS_m4_01.mp4 identical: False  perception  23.0s ->  21.3s (+1.8s)  wall  31.8s ->  25.7s (+6.1s)
    submitted 'And some are also recalling other customers involved in the scamming scammers to receive dickbacks.'
    enqueue   'And some retirees are also raising money for other involved in the scammers.'
J-0KHhPS_m4_02.mp4 identical: False  perception  15.1s ->  12.6s (+2.5s)  wall  20.8s ->  18.1s (+2.7s)
    submitted 'Google showed 2019 is the 10th top health question of people across the country.'
    enqueue   'Google showed 2019 is the tenth most healthy one in the country.'
J-0KHhPS_m4_03.mp4 identical: False  perception   9.3s ->   7.9s (+1.4s)  wall  13.6s ->  12.0s (+1.6s)
    submitted "Here's a question from the question: How did it stop?"
    enqueue   "Here's a quick question: How can I help?"
J-0KHhPS_m4_04.mp4 identical: False  perception  19.6s ->  18.6s (+1.0s)  wall  28.8s ->  28.4s (+0.4s)
    submitted "But if you are trying to participate in a positive change to see what happens in your lifetime today, we'll see what happens."
    enqueue   "Here's a quick recap of this Monday: Don't be afraid to try to participate in a positive way to see what happens in your life."
J-0KHhPS_m4_05.mp4 identical: True   perception   4.6s ->   3.4s (+1.2s)  wall   8.9s ->   7.4s (+1.5s)
2_PWeBb41qM_01.mp4 identical: False  perception  28.3s ->  27.4s (+0.9s)  wall  45.4s ->  40.2s (+5.2s)
    submitted 'There are several different groups that have interpreters available for the government, like for interpreter departments, that have the choice of getting the state emergency running for the position and setting up an interpreter.'
    enqueue   "The school has interpreters for the disability skills because they are the first interpreting group to determine who is the state's emergency running group to become the state's emergency runner."
2_PWeBb41qM_02.mp4 identical: False  perception  17.1s ->  14.8s (+2.3s)  wall  21.0s ->  20.3s (+0.7s)
    submitted 'As of Saturday morning, the number of coronavirus deaths in the United States has over 7,000.'
    enqueue   'As of Saturday morning, the U.S. has 7,000 coronavirus deaths.'
2_PWeBb41qM_03.mp4 identical: False  perception  26.7s ->  25.5s (+1.3s)  wall  35.8s ->  39.4s (-3.6s)
    submitted 'On Saturday, in Florida, there was an arrest in an independent audience at a church that brought deaf people together to socialize and ignore rallies.'
    enqueue   'On Saturday, in Florida, they were arrested due to independent audiences attending churches, bringing passengers and passengers to socialize and ignore the audience.'
2_PWeBb41qM_04.mp4 identical: False  perception  10.1s ->   9.4s (+0.7s)  wall  13.5s ->  13.1s (+0.4s)
    submitted 'Tomorrow she picked Smollett, who was both Smollett.'
    enqueue   'She was picked South Dakota tomorrow.'
2_PWeBb41qM_05.mp4 identical: True   perception   5.9s ->   4.8s (+1.1s)  wall   9.4s ->   9.8s (-0.5s)
sP6B4dlSOoc_01.mp4 identical: False  perception  21.0s ->  19.5s (+1.5s)  wall  26.7s ->  26.9s (-0.2s)
    submitted 'Consumer theories include all mabatories, international terminals and higher values.'
    enqueue   'Consumeracy theories include all mabatories ranging from international terminals and higher to valuable.'
sP6B4dlSOoc_02.mp4 identical: False  perception  13.6s ->  13.0s (+0.6s)  wall  18.6s ->  17.7s (+0.8s)
    submitted 'But these activities can harm your dog if you take it together.'
    enqueue   'But these activities can hurt your dog if you leave together.'
sP6B4dlSOoc_03.mp4 identical: False  perception   6.2s ->   5.2s (+1.0s)  wall   9.2s ->  10.0s (-0.8s)
    submitted 'Similar to your dogs.'
    enqueue   "It's just as important as your dog can."
sP6B4dlSOoc_04.mp4 identical: False  perception  10.6s ->   8.2s (+2.4s)  wall  14.9s ->  13.8s (+1.1s)
    submitted 'Sometimes simple and other sidewalks can be dangerous.'
    enqueue   'Sometimes simple sidewalks can be dangerous.'
sP6B4dlSOoc_05.mp4 identical: False  perception  19.5s ->  18.4s (+1.1s)  wall  24.6s ->  24.3s (+0.3s)
    submitted 'On Wednesday President Trump signed an executive order about trade reform and life kidney care.'
    enqueue   'On Wednesday President Trump signed an executive order about trade reform and high kidney care.'
PYbUwpYMx0A_01.mp4 identical: True   perception   7.8s ->   5.0s (+2.7s)  wall  11.5s ->  10.0s (+1.5s)
PYbUwpYMx0A_02.mp4 identical: False  perception  16.9s ->  14.8s (+2.1s)  wall  23.2s ->  20.8s (+2.3s)
    submitted 'Thousands of people from around the world attended the US capital to honor the George H.W. bush.'
    enqueue   'Thousands of people from around the world attended the US capital to honor George H.W.'
PYbUwpYMx0A_03.mp4 identical: False  perception   9.1s ->   7.4s (+1.7s)  wall  12.7s ->  11.4s (+1.3s)
    submitted 'They forced the girl to the SUV.'
    enqueue   'They forced the girl into a SUV.'
PYbUwpYMx0A_04.mp4 identical: False  perception   9.8s ->   8.5s (+1.3s)  wall  14.6s ->  14.7s (-0.1s)
    submitted 'And one of the most important things to mentor and friend.'
    enqueue   'And one of the most important things that I want to mentor with my friends.'
PYbUwpYMx0A_05.mp4 identical: False  perception   8.5s ->   6.1s (+2.4s)  wall  12.1s ->   9.0s (+3.1s)
    submitted 'Thank you for liking Beyonce!'
    enqueue   "I'm Candace Jones."
5iRIeHAK9b0_01.mp4 identical: False  perception   3.9s ->   2.2s (+1.7s)  wall   6.8s ->   4.9s (+1.9s)
    submitted 'WOW!'
    enqueue   'It s phenomenal.'
5iRIeHAK9b0_02.mp4 identical: False  perception  18.5s ->  16.4s (+2.1s)  wall  26.1s ->  25.5s (+0.5s)
    submitted 'A California male couple pleaded guilty to child abuse Friday in a court in California.'
    enqueue   'On Friday two men in California warned of child abuse in court for confession today (Friday).'
5iRIeHAK9b0_03.mp4 identical: True   perception   9.2s ->   7.5s (+1.7s)  wall  12.4s ->  12.7s (-0.3s)
5iRIeHAK9b0_04.mp4 identical: False  perception   9.2s ->   7.6s (+1.6s)  wall  16.9s ->  16.4s (+0.5s)
    submitted "The deal would also provide testimony for children who don't show up to testify."
    enqueue   'The agreement would include facilitating children who did not show up to face the shooting.'
5iRIeHAK9b0_05.mp4 identical: False  perception   3.8s ->   2.0s (+1.8s)  wall   7.3s ->   4.4s (+2.9s)
    submitted "I'm Jethro Wooddall."
    enqueue   'Your life.'
f75G_hZMSHs_01.mp4 identical: False  perception  15.2s ->  12.9s (+2.2s)  wall  21.2s ->  19.1s (+2.1s)
    submitted 'He says his wife has been struggling for decades with depression, anxiety and seeking help.'
    enqueue   'He says his wife has struggled with depression, anxiety and seeking help for decades.'
f75G_hZMSHs_02.mp4 identical: False  perception  13.9s ->  12.4s (+1.5s)  wall  23.4s ->  21.8s (+1.5s)
    submitted 'The couple say the same thing happened with the former police officer and his hometown.'
    enqueue   'The similar conversation between the police officers and his hometown includes the former police officer and his hometown.'
f75G_hZMSHs_03.mp4 identical: True   perception  12.3s ->  10.1s (+2.3s)  wall  16.0s ->  15.3s (+0.7s)
f75G_hZMSHs_04.mp4 identical: False  perception   5.4s ->   4.9s (+0.6s)  wall  12.7s ->  11.8s (+0.9s)
    submitted 'The company will likely return to their weddings this weekend.'
    enqueue   'The company will likely start their wedding this weekend.'
f75G_hZMSHs_05.mp4 identical: False  perception  14.6s ->  14.0s (+0.6s)  wall  21.1s ->  19.6s (+1.5s)
    submitted 'Today we announced the holiday movie will be released in theaters.'
    enqueue   'We are telling you about the holiday movie theaters in the coming days.'
oP2WdYlaflE_01.mp4 identical: True   perception   8.2s ->   7.1s (+1.0s)  wall  11.9s ->  10.3s (+1.6s)
oP2WdYlaflE_02.mp4 identical: False  perception  16.8s ->  16.0s (+0.8s)  wall  25.7s ->  23.2s (+2.6s)
    submitted 'It is expected that a person from the Institute for Health is more experimenting at the University of Washington.'
    enqueue   'The expected percentage of a person from the Institute for Health is experimenting at the University of Washington.'
oP2WdYlaflE_03.mp4 identical: False  perception  25.8s ->  22.8s (+2.9s)  wall  34.0s ->  32.5s (+1.5s)
    submitted 'According to the report, a limited number of witnesses can be recommended in primary reports such as the Department of Health and People and Human Services.'
    enqueue   'And a limited number of Deaf and hard of hearing students can be recommended in primary reports such as the Department of Health and Human Services.'
oP2WdYlaflE_04.mp4 identical: False  perception  39.9s ->  38.1s (+1.8s)  wall  50.3s ->  50.7s (-0.4s)
    submitted 'They say that council members are responsible for discussing the skillings and writing to help the coronavirus impact they have the right to understand every budget that will help determine the rights of the pandemic.'
    enqueue   'They say that congressional members are responsible for determining the trillions and writing to help the coronavirus pandemic have the right to understand everything through the project and will help determine someone who rehabilitates the services.'
oP2WdYlaflE_05.mp4 identical: False  perception   6.0s ->   4.7s (+1.3s)  wall   9.9s ->   9.7s (+0.2s)
    submitted 'Thank you for watching my major video.'
    enqueue   'Thank you for watching my video.'
TUH4q-QBV7k_01.mp4 identical: True   perception   6.3s ->   5.8s (+0.5s)  wall   9.2s ->   9.7s (-0.5s)
TUH4q-QBV7k_02.mp4 identical: False  perception  29.7s ->  28.3s (+1.4s)  wall  35.4s ->  36.0s (-0.6s)
    submitted "That is more than two-thirds of the country's highest travel records according to the marked holiday schedule than 17 years."
    enqueue   "More than two-thirds of the country's travel records according to the marked holiday schedule have been the highest in 17 years."
TUH4q-QBV7k_03.mp4 identical: False  perception  18.8s ->  16.6s (+2.2s)  wall  26.8s ->  23.2s (+3.7s)
    submitted "I know there aren't millions of lights in the area but it still beautiful."
    enqueue   "I know there aren't millions of lights on the scene but it still gets so beautiful."
TUH4q-QBV7k_04.mp4 identical: False  perception   4.0s ->   2.7s (+1.3s)  wall   7.3s ->   5.6s (+1.7s)
    submitted 'Your next story.'
    enqueue   'Your turn!'
TUH4q-QBV7k_05.mp4 identical: True   perception   4.0s ->   2.2s (+1.9s)  wall   7.8s ->   5.2s (+2.6s)
JtPw-DVL4Rk_01.mp4 identical: False  perception  25.3s ->  22.6s (+2.7s)  wall  32.1s ->  31.4s (+0.7s)
    submitted 'Today in Pittsburgh, the mourning mass shooting took place Saturday in Synagogue, killing 11 people.'
    enqueue   'Today in Pittsburgh, three funerals for the deadly shooting killed 11 people in the deadly synagogue killed Saturday.'

42/200 identical
wrote enqueue_trim_ab_eval_set_openasl.json
  submitted (ships today)  BLEU 19.35  chrF 43.63
  enqueue (proposed)       BLEU 19.56  chrF 43.48
mean perception 13.5s -> 11.9s (12% less work for a 1.0s head)
